{
  "ride_temp_mean": 0.0,
  "ride_precip_sum": 0.2,
  "ride_wind_speed": 7.397366378853624,
  "ride_wind_dir": 325.9416547503401,
  "tent_precip_sum": 20.5,
  "tent_temp_mean": -0.355
}