{
  "ride_temp_mean": 0.975,
  "ride_precip_sum": 0.0,
  "ride_wind_speed": 2.7034193322771665,
  "ride_wind_dir": 176.2382363596572,
  "tent_precip_sum": 0.0,
  "tent_temp_mean": -1.6800000000000002
}