{
  "samples_local": {
    "10": {
      "temp": 8.6,
      "precip": 0.0,
      "wind": 11.8,
      "wind_dir_deg": 246.0
    },
    "12": {
      "temp": 10.4,
      "precip": 0.0,
      "wind": 13.8,
      "wind_dir_deg": 250.0
    },
    "14": {
      "temp": 11.6,
      "precip": 0.0,
      "wind": 12.6,
      "wind_dir_deg": 229.0
    },
    "16": {
      "temp": 10.4,
      "precip": 0.0,
      "wind": 11.9,
      "wind_dir_deg": 215.0
    }
  },
  "ride_temp_mean": 10.25,
  "ride_wind_mean": 12.525,
  "ride_wind_dir_deg": 235.5138972610817,
  "ride_rain_flag": 0.0,
  "tent_rain_flag": 0.0,
  "daily_precip_sum": 0.0,
  "daily_temp_mean": 8.120833333333334,
  "daily_wind_mean": 8.216666666666667,
  "daily_wind_dir_deg": 237.90523693773352
}