{
  "samples_local": {
    "10": {
      "temp": 6.6,
      "precip": 0.0,
      "wind": 16.0,
      "wind_dir_deg": 180.0
    },
    "12": {
      "temp": 10.8,
      "precip": 0.0,
      "wind": 21.4,
      "wind_dir_deg": 196.0
    },
    "14": {
      "temp": 12.6,
      "precip": 0.0,
      "wind": 19.6,
      "wind_dir_deg": 202.0
    },
    "16": {
      "temp": 11.8,
      "precip": 0.0,
      "wind": 19.6,
      "wind_dir_deg": 202.0
    }
  },
  "ride_temp_mean": 10.45,
  "ride_wind_mean": 19.15,
  "ride_wind_dir_deg": 195.7635432184498,
  "ride_rain_flag": 0.0,
  "tent_rain_flag": 0.0,
  "daily_precip_sum": 0.0,
  "daily_temp_mean": 8.075000000000001,
  "daily_wind_mean": 14.283333333333333,
  "daily_wind_dir_deg": 190.81511885681405
}