{
  "samples_local": {
    "10": {
      "temp": 15.4,
      "precip": 0.0,
      "wind": 8.0,
      "wind_dir_deg": 290.0
    },
    "12": {
      "temp": 16.1,
      "precip": 0.0,
      "wind": 6.0,
      "wind_dir_deg": 205.0
    },
    "14": {
      "temp": 17.3,
      "precip": 0.0,
      "wind": 9.9,
      "wind_dir_deg": 177.0
    },
    "16": {
      "temp": 18.8,
      "precip": 0.0,
      "wind": 16.0,
      "wind_dir_deg": 181.0
    }
  },
  "ride_temp_mean": 16.900000000000002,
  "ride_wind_mean": 9.975,
  "ride_wind_dir_deg": 198.9489576769844,
  "ride_rain_flag": 0.0,
  "tent_rain_flag": 0.0,
  "daily_precip_sum": 0.0,
  "daily_temp_mean": 17.991666666666667,
  "daily_wind_mean": 11.845833333333333,
  "daily_wind_dir_deg": 216.77889702035523
}