{
  "samples_local": {
    "10": {
      "temp": 12.1,
      "precip": 0.0,
      "wind": 8.1,
      "wind_dir_deg": 197.0
    },
    "12": {
      "temp": 15.8,
      "precip": 0.0,
      "wind": 11.2,
      "wind_dir_deg": 204.0
    },
    "14": {
      "temp": 17.4,
      "precip": 0.0,
      "wind": 13.7,
      "wind_dir_deg": 203.0
    },
    "16": {
      "temp": 16.9,
      "precip": 0.0,
      "wind": 14.2,
      "wind_dir_deg": 198.0
    }
  },
  "ride_temp_mean": 15.549999999999999,
  "ride_wind_mean": 11.799999999999999,
  "ride_wind_dir_deg": 200.70352416623382,
  "ride_rain_flag": 0.0,
  "tent_rain_flag": 0.0,
  "daily_precip_sum": 0.0,
  "daily_temp_mean": 11.200000000000001,
  "daily_wind_mean": 9.508333333333333,
  "daily_wind_dir_deg": 198.29082324148507
}