{
  "samples_local": {
    "10": {
      "temp": 10.4,
      "precip": 0.0,
      "wind": 12.2,
      "wind_dir_deg": 248.0
    },
    "12": {
      "temp": 13.4,
      "precip": 0.0,
      "wind": 11.7,
      "wind_dir_deg": 238.0
    },
    "14": {
      "temp": 14.9,
      "precip": 0.0,
      "wind": 12.6,
      "wind_dir_deg": 234.0
    },
    "16": {
      "temp": 14.3,
      "precip": 0.0,
      "wind": 13.2,
      "wind_dir_deg": 230.0
    }
  },
  "ride_temp_mean": 13.25,
  "ride_wind_mean": 12.424999999999999,
  "ride_wind_dir_deg": 237.3063983493455,
  "ride_rain_flag": 0.0,
  "tent_rain_flag": 0.0,
  "daily_precip_sum": 0.0,
  "daily_temp_mean": 9.6625,
  "daily_wind_mean": 9.733333333333333,
  "daily_wind_dir_deg": 236.36524205901023
}