{
  "samples_local": {
    "10": {
      "temp": 16.6,
      "precip": 0.0,
      "wind": 7.8,
      "wind_dir_deg": 136.0
    },
    "12": {
      "temp": 18.5,
      "precip": 0.0,
      "wind": 10.5,
      "wind_dir_deg": 143.0
    },
    "14": {
      "temp": 19.0,
      "precip": 0.0,
      "wind": 13.7,
      "wind_dir_deg": 153.0
    },
    "16": {
      "temp": 17.9,
      "precip": 0.0,
      "wind": 14.1,
      "wind_dir_deg": 176.0
    }
  },
  "ride_temp_mean": 18.0,
  "ride_wind_mean": 11.525,
  "ride_wind_dir_deg": 154.80991140056835,
  "ride_rain_flag": 0.0,
  "tent_rain_flag": 0.0,
  "daily_precip_sum": 0.0,
  "daily_temp_mean": 14.091666666666667,
  "daily_wind_mean": 9.504166666666666,
  "daily_wind_dir_deg": 211.2006290918538
}