{
  "samples_local": {
    "10": {
      "temp": 6.7,
      "precip": 0.0,
      "wind": 9.4,
      "wind_dir_deg": 42.0
    },
    "12": {
      "temp": 7.7,
      "precip": 0.0,
      "wind": 11.3,
      "wind_dir_deg": 353.0
    },
    "14": {
      "temp": 8.2,
      "precip": 0.0,
      "wind": 12.3,
      "wind_dir_deg": 328.0
    },
    "16": {
      "temp": 7.2,
      "precip": 0.0,
      "wind": 17.8,
      "wind_dir_deg": 334.0
    }
  },
  "ride_temp_mean": 7.45,
  "ride_wind_mean": 12.700000000000001,
  "ride_wind_dir_deg": 348.096174589467,
  "ride_rain_flag": 0.0,
  "tent_rain_flag": 1.0,
  "daily_precip_sum": 3.3,
  "daily_temp_mean": 6.708333333333333,
  "daily_wind_mean": 15.270833333333334,
  "daily_wind_dir_deg": 7.550211061174593
}