{
  "samples_local": {
    "10": {
      "temp": 6.5,
      "precip": 0.0,
      "wind": 12.9,
      "wind_dir_deg": 335.0
    },
    "12": {
      "temp": 8.9,
      "precip": 0.0,
      "wind": 15.7,
      "wind_dir_deg": 359.0
    },
    "14": {
      "temp": 10.6,
      "precip": 0.0,
      "wind": 15.7,
      "wind_dir_deg": 347.0
    },
    "16": {
      "temp": 10.3,
      "precip": 0.0,
      "wind": 19.6,
      "wind_dir_deg": 358.0
    }
  },
  "ride_temp_mean": 9.075,
  "ride_wind_mean": 15.975,
  "ride_wind_dir_deg": 350.92982237236833,
  "ride_rain_flag": 0.0,
  "tent_rain_flag": 1.0,
  "daily_precip_sum": 5.7,
  "daily_temp_mean": 7.395833333333333,
  "daily_wind_mean": 14.716666666666667,
  "daily_wind_dir_deg": 3.6914127282379354
}