{
  "samples_local": {
    "10": {
      "temp": 5.1,
      "precip": 0.0,
      "wind": 10.8,
      "wind_dir_deg": 339.0
    },
    "12": {
      "temp": 7.6,
      "precip": 0.0,
      "wind": 10.6,
      "wind_dir_deg": 350.0
    },
    "14": {
      "temp": 8.1,
      "precip": 0.0,
      "wind": 14.0,
      "wind_dir_deg": 347.0
    },
    "16": {
      "temp": 8.1,
      "precip": 0.0,
      "wind": 17.1,
      "wind_dir_deg": 334.0
    }
  },
  "ride_temp_mean": 7.225,
  "ride_wind_mean": 13.125,
  "ride_wind_dir_deg": 341.7257580471968,
  "ride_rain_flag": 0.0,
  "tent_rain_flag": 1.0,
  "daily_precip_sum": 7.699999999999999,
  "daily_temp_mean": 6.4875,
  "daily_wind_mean": 13.766666666666666,
  "daily_wind_dir_deg": 3.4135517533906636
}