{
  "ride_temp_mean": 3.975,
  "ride_precip_sum": 0.2,
  "ride_wind_speed": 4.3707033622986415,
  "ride_wind_dir": 199.4224141230475,
  "tent_precip_sum": 2.4,
  "tent_temp_mean": 1.925
}