{
  "samples_local": {
    "10": {
      "temp": 19.2,
      "precip": 0.0,
      "wind": 15.2,
      "wind_dir_deg": 292.0
    },
    "12": {
      "temp": 21.6,
      "precip": 0.0,
      "wind": 15.5,
      "wind_dir_deg": 288.0
    },
    "14": {
      "temp": 22.6,
      "precip": 0.0,
      "wind": 14.6,
      "wind_dir_deg": 286.0
    },
    "16": {
      "temp": 23.2,
      "precip": 0.0,
      "wind": 14.0,
      "wind_dir_deg": 293.0
    }
  },
  "ride_temp_mean": 21.65,
  "ride_wind_mean": 14.825,
  "ride_wind_dir_deg": 289.71344779909657,
  "ride_rain_flag": 0.0,
  "tent_rain_flag": 0.0,
  "daily_precip_sum": 0.0,
  "daily_temp_mean": 17.212500000000002,
  "daily_wind_mean": 16.970833333333335,
  "daily_wind_dir_deg": 285.4339085408041
}