{
  "samples_local": {
    "10": {
      "temp": 14.4,
      "precip": 2.0,
      "wind": 7.8,
      "wind_dir_deg": 77.0
    },
    "12": {
      "temp": 15.4,
      "precip": 0.7,
      "wind": 5.9,
      "wind_dir_deg": 104.0
    },
    "14": {
      "temp": 16.1,
      "precip": 0.7,
      "wind": 2.0,
      "wind_dir_deg": 135.0
    },
    "16": {
      "temp": 16.0,
      "precip": 0.1,
      "wind": 6.9,
      "wind_dir_deg": 133.0
    }
  },
  "ride_temp_mean": 15.475000000000001,
  "ride_wind_mean": 5.65,
  "ride_wind_dir_deg": 106.31886348634691,
  "ride_rain_flag": 1.0,
  "tent_rain_flag": 1.0,
  "daily_precip_sum": 12.3,
  "daily_temp_mean": 14.520833333333334,
  "daily_wind_mean": 8.158333333333333,
  "daily_wind_dir_deg": 85.69411475706585
}