{
  "samples_local": {
    "10": {
      "temp": 19.2,
      "precip": 0.0,
      "wind": 7.9,
      "wind_dir_deg": 254.0
    },
    "12": {
      "temp": 21.5,
      "precip": 0.0,
      "wind": 9.1,
      "wind_dir_deg": 261.0
    },
    "14": {
      "temp": 22.7,
      "precip": 0.0,
      "wind": 11.2,
      "wind_dir_deg": 268.0
    },
    "16": {
      "temp": 22.7,
      "precip": 0.0,
      "wind": 11.6,
      "wind_dir_deg": 263.0
    }
  },
  "ride_temp_mean": 21.525,
  "ride_wind_mean": 9.95,
  "ride_wind_dir_deg": 262.16597285894164,
  "ride_rain_flag": 0.0,
  "tent_rain_flag": 0.0,
  "daily_precip_sum": 0.0,
  "daily_temp_mean": 15.887500000000001,
  "daily_wind_mean": 9.549999999999999,
  "daily_wind_dir_deg": 283.24235112810084
}