{
  "samples_local": {
    "10": {
      "temp": 15.4,
      "precip": 0.0,
      "wind": 4.1,
      "wind_dir_deg": 285.0
    },
    "12": {
      "temp": 15.9,
      "precip": 0.3,
      "wind": 6.6,
      "wind_dir_deg": 248.0
    },
    "14": {
      "temp": 15.2,
      "precip": 0.1,
      "wind": 12.2,
      "wind_dir_deg": 223.0
    },
    "16": {
      "temp": 15.8,
      "precip": 0.1,
      "wind": 10.1,
      "wind_dir_deg": 235.0
    }
  },
  "ride_temp_mean": 15.575,
  "ride_wind_mean": 8.25,
  "ride_wind_dir_deg": 238.84273297374676,
  "ride_rain_flag": 1.0,
  "tent_rain_flag": 1.0,
  "daily_precip_sum": 5.3,
  "daily_temp_mean": 13.987499999999999,
  "daily_wind_mean": 5.783333333333334,
  "daily_wind_dir_deg": 207.33110985031522
}