{
  "samples_local": {
    "10": {
      "temp": 18.5,
      "precip": 0.0,
      "wind": 15.6,
      "wind_dir_deg": 296.0
    },
    "12": {
      "temp": 20.8,
      "precip": 0.0,
      "wind": 15.6,
      "wind_dir_deg": 304.0
    },
    "14": {
      "temp": 22.1,
      "precip": 0.0,
      "wind": 14.8,
      "wind_dir_deg": 304.0
    },
    "16": {
      "temp": 21.6,
      "precip": 0.0,
      "wind": 15.9,
      "wind_dir_deg": 298.0
    }
  },
  "ride_temp_mean": 20.75,
  "ride_wind_mean": 15.475,
  "ride_wind_dir_deg": 300.4428392009868,
  "ride_rain_flag": 0.0,
  "tent_rain_flag": 0.0,
  "daily_precip_sum": 0.0,
  "daily_temp_mean": 17.037499999999998,
  "daily_wind_mean": 11.754166666666668,
  "daily_wind_dir_deg": 288.91335687092493
}