{
  "samples_local": {
    "10": {
      "temp": 18.9,
      "precip": 0.0,
      "wind": 16.1,
      "wind_dir_deg": 286.0
    },
    "12": {
      "temp": 21.5,
      "precip": 0.0,
      "wind": 17.3,
      "wind_dir_deg": 282.0
    },
    "14": {
      "temp": 23.5,
      "precip": 0.0,
      "wind": 19.0,
      "wind_dir_deg": 289.0
    },
    "16": {
      "temp": 23.1,
      "precip": 0.0,
      "wind": 16.3,
      "wind_dir_deg": 288.0
    }
  },
  "ride_temp_mean": 21.75,
  "ride_wind_mean": 17.175,
  "ride_wind_dir_deg": 286.2976215548057,
  "ride_rain_flag": 0.0,
  "tent_rain_flag": 0.0,
  "daily_precip_sum": 0.0,
  "daily_temp_mean": 17.154166666666665,
  "daily_wind_mean": 13.870833333333332,
  "daily_wind_dir_deg": 283.71545363670526
}