{
  "samples_local": {
    "10": {
      "temp": 20.2,
      "precip": 0.0,
      "wind": 18.1,
      "wind_dir_deg": 291.0
    },
    "12": {
      "temp": 22.6,
      "precip": 0.0,
      "wind": 18.8,
      "wind_dir_deg": 296.0
    },
    "14": {
      "temp": 24.0,
      "precip": 0.0,
      "wind": 21.3,
      "wind_dir_deg": 292.0
    },
    "16": {
      "temp": 24.0,
      "precip": 0.0,
      "wind": 21.4,
      "wind_dir_deg": 295.0
    }
  },
  "ride_temp_mean": 22.7,
  "ride_wind_mean": 19.9,
  "ride_wind_dir_deg": 293.52387707875926,
  "ride_rain_flag": 0.0,
  "tent_rain_flag": 0.0,
  "daily_precip_sum": 0.0,
  "daily_temp_mean": 18.141666666666666,
  "daily_wind_mean": 16.479166666666668,
  "daily_wind_dir_deg": 286.9291473627467
}