{
  "samples_local": {
    "10": {
      "temp": 21.0,
      "precip": 0.0,
      "wind": 20.2,
      "wind_dir_deg": 292.0
    },
    "12": {
      "temp": 23.5,
      "precip": 0.0,
      "wind": 21.5,
      "wind_dir_deg": 291.0
    },
    "14": {
      "temp": 24.8,
      "precip": 0.0,
      "wind": 22.5,
      "wind_dir_deg": 292.0
    },
    "16": {
      "temp": 24.8,
      "precip": 0.0,
      "wind": 20.9,
      "wind_dir_deg": 302.0
    }
  },
  "ride_temp_mean": 23.525,
  "ride_wind_mean": 21.275,
  "ride_wind_dir_deg": 294.1980642844107,
  "ride_rain_flag": 0.0,
  "tent_rain_flag": 0.0,
  "daily_precip_sum": 0.0,
  "daily_temp_mean": 19.233333333333334,
  "daily_wind_mean": 15.762500000000001,
  "daily_wind_dir_deg": 286.2466715983352
}