{
  "samples_local": {
    "10": {
      "temp": 21.3,
      "precip": 0.0,
      "wind": 20.5,
      "wind_dir_deg": 285.0
    },
    "12": {
      "temp": 23.3,
      "precip": 0.0,
      "wind": 23.8,
      "wind_dir_deg": 288.0
    },
    "14": {
      "temp": 24.5,
      "precip": 0.0,
      "wind": 23.9,
      "wind_dir_deg": 286.0
    },
    "16": {
      "temp": 25.5,
      "precip": 0.0,
      "wind": 23.2,
      "wind_dir_deg": 300.0
    }
  },
  "ride_temp_mean": 23.65,
  "ride_wind_mean": 22.85,
  "ride_wind_dir_deg": 289.8387328399665,
  "ride_rain_flag": 0.0,
  "tent_rain_flag": 0.0,
  "daily_precip_sum": 0.0,
  "daily_temp_mean": 19.462500000000002,
  "daily_wind_mean": 18.849999999999998,
  "daily_wind_dir_deg": 284.422447736114
}