{
  "samples_local": {
    "10": {
      "temp": 17.1,
      "precip": 0.0,
      "wind": 13.6,
      "wind_dir_deg": 302.0
    },
    "12": {
      "temp": 18.9,
      "precip": 0.0,
      "wind": 13.3,
      "wind_dir_deg": 303.0
    },
    "14": {
      "temp": 20.6,
      "precip": 0.0,
      "wind": 12.7,
      "wind_dir_deg": 313.0
    },
    "16": {
      "temp": 21.0,
      "precip": 0.0,
      "wind": 11.8,
      "wind_dir_deg": 310.0
    }
  },
  "ride_temp_mean": 19.4,
  "ride_wind_mean": 12.85,
  "ride_wind_dir_deg": 306.8121055381396,
  "ride_rain_flag": 0.0,
  "tent_rain_flag": 0.0,
  "daily_precip_sum": 0.0,
  "daily_temp_mean": 16.354166666666668,
  "daily_wind_mean": 11.470833333333333,
  "daily_wind_dir_deg": 289.5706535631394
}