{
  "samples_local": {
    "10": {
      "temp": 21.2,
      "precip": 0.0,
      "wind": 26.9,
      "wind_dir_deg": 286.0
    },
    "12": {
      "temp": 23.5,
      "precip": 0.0,
      "wind": 26.8,
      "wind_dir_deg": 294.0
    },
    "14": {
      "temp": 24.6,
      "precip": 0.0,
      "wind": 26.0,
      "wind_dir_deg": 294.0
    },
    "16": {
      "temp": 25.6,
      "precip": 0.0,
      "wind": 27.1,
      "wind_dir_deg": 300.0
    }
  },
  "ride_temp_mean": 23.725,
  "ride_wind_mean": 26.7,
  "ride_wind_dir_deg": 293.50937767953906,
  "ride_rain_flag": 0.0,
  "tent_rain_flag": 0.0,
  "daily_precip_sum": 0.0,
  "daily_temp_mean": 19.895833333333332,
  "daily_wind_mean": 22.52916666666667,
  "daily_wind_dir_deg": 286.5418450483207
}