{
  "samples_local": {
    "10": {
      "temp": 22.2,
      "precip": 0.0,
      "wind": 21.7,
      "wind_dir_deg": 289.0
    },
    "12": {
      "temp": 24.5,
      "precip": 0.0,
      "wind": 25.0,
      "wind_dir_deg": 293.0
    },
    "14": {
      "temp": 25.6,
      "precip": 0.0,
      "wind": 24.3,
      "wind_dir_deg": 291.0
    },
    "16": {
      "temp": 25.9,
      "precip": 0.0,
      "wind": 23.4,
      "wind_dir_deg": 304.0
    }
  },
  "ride_temp_mean": 24.55,
  "ride_wind_mean": 23.6,
  "ride_wind_dir_deg": 294.28305425032744,
  "ride_rain_flag": 0.0,
  "tent_rain_flag": 0.0,
  "daily_precip_sum": 0.0,
  "daily_temp_mean": 20.354166666666668,
  "daily_wind_mean": 18.466666666666665,
  "daily_wind_dir_deg": 292.11752863462436
}