{
  "samples_local": {
    "10": {
      "temp": 22.5,
      "precip": 0.0,
      "wind": 20.7,
      "wind_dir_deg": 290.0
    },
    "12": {
      "temp": 24.6,
      "precip": 0.0,
      "wind": 24.6,
      "wind_dir_deg": 305.0
    },
    "14": {
      "temp": 26.1,
      "precip": 0.0,
      "wind": 25.1,
      "wind_dir_deg": 302.0
    },
    "16": {
      "temp": 25.8,
      "precip": 0.0,
      "wind": 28.2,
      "wind_dir_deg": 305.0
    }
  },
  "ride_temp_mean": 24.75,
  "ride_wind_mean": 24.65,
  "ride_wind_dir_deg": 301.10014971516364,
  "ride_rain_flag": 0.0,
  "tent_rain_flag": 0.0,
  "daily_precip_sum": 0.0,
  "daily_temp_mean": 19.724999999999998,
  "daily_wind_mean": 18.733333333333334,
  "daily_wind_dir_deg": 292.9094150850822
}