{
  "samples_local": {
    "10": {
      "temp": 19.7,
      "precip": 0.0,
      "wind": 18.7,
      "wind_dir_deg": 269.0
    },
    "12": {
      "temp": 21.5,
      "precip": 0.0,
      "wind": 20.9,
      "wind_dir_deg": 268.0
    },
    "14": {
      "temp": 22.5,
      "precip": 0.0,
      "wind": 28.1,
      "wind_dir_deg": 279.0
    },
    "16": {
      "temp": 21.6,
      "precip": 0.0,
      "wind": 31.2,
      "wind_dir_deg": 277.0
    }
  },
  "ride_temp_mean": 21.325,
  "ride_wind_mean": 24.725,
  "ride_wind_dir_deg": 274.15549829697125,
  "ride_rain_flag": 0.0,
  "tent_rain_flag": 0.0,
  "daily_precip_sum": 0.0,
  "daily_temp_mean": 17.358333333333334,
  "daily_wind_mean": 21.65833333333333,
  "daily_wind_dir_deg": 273.22536230704264
}