{
  "samples_local": {
    "10": {
      "temp": 20.1,
      "precip": 0.0,
      "wind": 20.5,
      "wind_dir_deg": 294.0
    },
    "12": {
      "temp": 21.5,
      "precip": 0.0,
      "wind": 25.4,
      "wind_dir_deg": 295.0
    },
    "14": {
      "temp": 22.1,
      "precip": 0.0,
      "wind": 24.7,
      "wind_dir_deg": 293.0
    },
    "16": {
      "temp": 22.0,
      "precip": 0.0,
      "wind": 25.0,
      "wind_dir_deg": 293.0
    }
  },
  "ride_temp_mean": 21.425,
  "ride_wind_mean": 23.9,
  "ride_wind_dir_deg": 293.74580005804046,
  "ride_rain_flag": 0.0,
  "tent_rain_flag": 0.0,
  "daily_precip_sum": 0.0,
  "daily_temp_mean": 18.016666666666666,
  "daily_wind_mean": 20.804166666666667,
  "daily_wind_dir_deg": 291.5453864926635
}