{
  "samples_local": {
    "10": {
      "temp": 20.1,
      "precip": 0.0,
      "wind": 17.8,
      "wind_dir_deg": 288.0
    },
    "12": {
      "temp": 21.5,
      "precip": 0.0,
      "wind": 23.7,
      "wind_dir_deg": 296.0
    },
    "14": {
      "temp": 22.1,
      "precip": 0.0,
      "wind": 25.0,
      "wind_dir_deg": 288.0
    },
    "16": {
      "temp": 21.6,
      "precip": 0.0,
      "wind": 24.7,
      "wind_dir_deg": 283.0
    }
  },
  "ride_temp_mean": 21.325000000000003,
  "ride_wind_mean": 22.8,
  "ride_wind_dir_deg": 288.72228329547835,
  "ride_rain_flag": 0.0,
  "tent_rain_flag": 0.0,
  "daily_precip_sum": 0.0,
  "daily_temp_mean": 17.345833333333335,
  "daily_wind_mean": 19.275000000000002,
  "daily_wind_dir_deg": 285.08160742331484
}