{
  "samples_local": {
    "10": {
      "temp": 21.4,
      "precip": 0.0,
      "wind": 23.1,
      "wind_dir_deg": 285.0
    },
    "12": {
      "temp": 23.6,
      "precip": 0.0,
      "wind": 26.4,
      "wind_dir_deg": 287.0
    },
    "14": {
      "temp": 24.9,
      "precip": 0.0,
      "wind": 26.9,
      "wind_dir_deg": 293.0
    },
    "16": {
      "temp": 25.0,
      "precip": 0.0,
      "wind": 26.0,
      "wind_dir_deg": 294.0
    }
  },
  "ride_temp_mean": 23.725,
  "ride_wind_mean": 25.6,
  "ride_wind_dir_deg": 289.9027303679222,
  "ride_rain_flag": 0.0,
  "tent_rain_flag": 0.0,
  "daily_precip_sum": 0.0,
  "daily_temp_mean": 19.204166666666666,
  "daily_wind_mean": 19.454166666666666,
  "daily_wind_dir_deg": 284.915820080767
}