{
  "samples_local": {
    "10": {
      "temp": 21.0,
      "precip": 0.0,
      "wind": 19.6,
      "wind_dir_deg": 283.0
    },
    "12": {
      "temp": 23.6,
      "precip": 0.0,
      "wind": 21.5,
      "wind_dir_deg": 291.0
    },
    "14": {
      "temp": 25.7,
      "precip": 0.0,
      "wind": 20.2,
      "wind_dir_deg": 301.0
    },
    "16": {
      "temp": 25.0,
      "precip": 0.0,
      "wind": 22.8,
      "wind_dir_deg": 301.0
    }
  },
  "ride_temp_mean": 23.825,
  "ride_wind_mean": 21.025,
  "ride_wind_dir_deg": 294.2578621041498,
  "ride_rain_flag": 0.0,
  "tent_rain_flag": 0.0,
  "daily_precip_sum": 0.0,
  "daily_temp_mean": 19.366666666666667,
  "daily_wind_mean": 17.991666666666667,
  "daily_wind_dir_deg": 290.4747231637397
}