{
  "samples_local": {
    "10": {
      "temp": 21.0,
      "precip": 0.0,
      "wind": 22.1,
      "wind_dir_deg": 286.0
    },
    "12": {
      "temp": 23.5,
      "precip": 0.0,
      "wind": 20.6,
      "wind_dir_deg": 295.0
    },
    "14": {
      "temp": 24.5,
      "precip": 0.0,
      "wind": 21.7,
      "wind_dir_deg": 302.0
    },
    "16": {
      "temp": 24.0,
      "precip": 0.0,
      "wind": 20.9,
      "wind_dir_deg": 306.0
    }
  },
  "ride_temp_mean": 23.25,
  "ride_wind_mean": 21.325,
  "ride_wind_dir_deg": 297.1524545698547,
  "ride_rain_flag": 0.0,
  "tent_rain_flag": 0.0,
  "daily_precip_sum": 0.0,
  "daily_temp_mean": 19.474999999999998,
  "daily_wind_mean": 18.691666666666666,
  "daily_wind_dir_deg": 292.6091705005766
}