{
  "samples_local": {
    "10": {
      "temp": 20.9,
      "precip": 0.0,
      "wind": 21.3,
      "wind_dir_deg": 289.0
    },
    "12": {
      "temp": 23.4,
      "precip": 0.0,
      "wind": 24.7,
      "wind_dir_deg": 293.0
    },
    "14": {
      "temp": 25.0,
      "precip": 0.0,
      "wind": 25.4,
      "wind_dir_deg": 297.0
    },
    "16": {
      "temp": 25.0,
      "precip": 0.0,
      "wind": 22.1,
      "wind_dir_deg": 298.0
    }
  },
  "ride_temp_mean": 23.575,
  "ride_wind_mean": 23.375,
  "ride_wind_dir_deg": 294.3581975363435,
  "ride_rain_flag": 0.0,
  "tent_rain_flag": 0.0,
  "daily_precip_sum": 0.0,
  "daily_temp_mean": 20.233333333333334,
  "daily_wind_mean": 18.775000000000002,
  "daily_wind_dir_deg": 286.0552915094512
}