{
  "samples_local": {
    "10": {
      "temp": 21.4,
      "precip": 0.0,
      "wind": 19.6,
      "wind_dir_deg": 277.0
    },
    "12": {
      "temp": 23.6,
      "precip": 0.0,
      "wind": 26.0,
      "wind_dir_deg": 289.0
    },
    "14": {
      "temp": 24.9,
      "precip": 0.0,
      "wind": 24.6,
      "wind_dir_deg": 285.0
    },
    "16": {
      "temp": 24.5,
      "precip": 0.0,
      "wind": 23.5,
      "wind_dir_deg": 281.0
    }
  },
  "ride_temp_mean": 23.6,
  "ride_wind_mean": 23.425,
  "ride_wind_dir_deg": 283.4338283462239,
  "ride_rain_flag": 0.0,
  "tent_rain_flag": 0.0,
  "daily_precip_sum": 0.0,
  "daily_temp_mean": 19.833333333333332,
  "daily_wind_mean": 19.216666666666665,
  "daily_wind_dir_deg": 279.06560849830976
}