{
  "samples_local": {
    "10": {
      "temp": 20.9,
      "precip": 0.0,
      "wind": 20.3,
      "wind_dir_deg": 277.0
    },
    "12": {
      "temp": 23.4,
      "precip": 0.0,
      "wind": 24.8,
      "wind_dir_deg": 283.0
    },
    "14": {
      "temp": 24.1,
      "precip": 0.0,
      "wind": 27.2,
      "wind_dir_deg": 285.0
    },
    "16": {
      "temp": 23.4,
      "precip": 0.0,
      "wind": 29.0,
      "wind_dir_deg": 277.0
    }
  },
  "ride_temp_mean": 22.95,
  "ride_wind_mean": 25.325,
  "ride_wind_dir_deg": 280.61683222445396,
  "ride_rain_flag": 0.0,
  "tent_rain_flag": 0.0,
  "daily_precip_sum": 0.0,
  "daily_temp_mean": 19.041666666666668,
  "daily_wind_mean": 23.15416666666667,
  "daily_wind_dir_deg": 277.29494089249476
}