{
  "ride_temp_mean": 2.0,
  "ride_precip_sum": 0.0,
  "ride_wind_speed": 7.656340492230591,
  "ride_wind_dir": 358.631561954682,
  "tent_precip_sum": 1.8,
  "tent_temp_mean": 0.43
}