{
  "ride_temp_mean": 3.575,
  "ride_precip_sum": 0.0,
  "ride_wind_speed": 24.01670428077991,
  "ride_wind_dir": 223.06637612877634,
  "tent_precip_sum": 0.0,
  "tent_temp_mean": 3.19
}