{
  "ride_temp_mean": -7.025,
  "ride_precip_sum": 0.0,
  "ride_wind_speed": 2.9646487403069957,
  "ride_wind_dir": 274.9612094806339,
  "tent_precip_sum": 0.6000000000000001,
  "tent_temp_mean": -9.285
}