{
  "ride_temp_mean": -6.0,
  "ride_precip_sum": 1.3,
  "ride_wind_speed": 6.029561422907888,
  "ride_wind_dir": 308.8711335889436,
  "tent_precip_sum": 26.1,
  "tent_temp_mean": -5.9399999999999995
}