{
  "ride_temp_mean": 1.4999999999999998,
  "ride_precip_sum": 0.0,
  "ride_wind_speed": 8.54014627236545,
  "ride_wind_dir": 212.78508553008473,
  "tent_precip_sum": 0.0,
  "tent_temp_mean": -4.404999999999999
}