{
  "ride_temp_mean": 6.85,
  "ride_precip_sum": 0.2,
  "ride_wind_speed": 28.03694838724381,
  "ride_wind_dir": 209.8496033048034,
  "tent_precip_sum": 2.1,
  "tent_temp_mean": 6.0649999999999995
}