{
  "ride_temp_mean": 5.6,
  "ride_precip_sum": 0.0,
  "ride_wind_speed": 22.294662755611384,
  "ride_wind_dir": 199.67153373207475,
  "tent_precip_sum": 0.0,
  "tent_temp_mean": 2.6100000000000003
}