{
  "ride_temp_mean": 1.875,
  "ride_precip_sum": 0.0,
  "ride_wind_speed": 23.051338329497202,
  "ride_wind_dir": 269.57110282105145,
  "tent_precip_sum": 2.1,
  "tent_temp_mean": 2.435
}