{
  "ride_temp_mean": 3.375,
  "ride_precip_sum": 0.0,
  "ride_wind_speed": 21.124462398335528,
  "ride_wind_dir": 218.8603326626126,
  "tent_precip_sum": 0.0,
  "tent_temp_mean": 2.58
}