{
  "ride_temp_mean": 9.4,
  "ride_precip_sum": 0.0,
  "ride_wind_speed": 24.618759616250216,
  "ride_wind_dir": 197.52645347620322,
  "tent_precip_sum": 0.5,
  "tent_temp_mean": 7.49
}