{
  "ride_temp_mean": 10.525,
  "ride_precip_sum": 0.8,
  "ride_wind_speed": 31.089131310805737,
  "ride_wind_dir": 219.60393682124513,
  "tent_precip_sum": 3.6,
  "tent_temp_mean": 10.0
}