{
  "ride_temp_mean": 6.425,
  "ride_precip_sum": 0.0,
  "ride_wind_speed": 22.277055659677938,
  "ride_wind_dir": 170.73410445558102,
  "tent_precip_sum": 0.0,
  "tent_temp_mean": 1.97
}