{
  "ride_temp_mean": 25.985714285714288,
  "ride_wind_mean": 9.557142857142859,
  "ride_rain_flag": 0.0,
  "tent_rain_flag": 1.0
}