{
  "ride_temp_mean": 8.485714285714286,
  "ride_wind_mean": 11.342857142857143,
  "ride_rain_flag": 0.0,
  "tent_rain_flag": 0.0
}