{
  "ride_temp_mean": 14.685714285714285,
  "ride_wind_mean": 21.314285714285713,
  "ride_rain_flag": 0.0,
  "tent_rain_flag": 0.0
}