{
  "ride_temp_mean": 8.685714285714285,
  "ride_wind_mean": 16.257142857142856,
  "ride_rain_flag": 0.0,
  "tent_rain_flag": 0.0
}