{
  "ride_temp_mean": 16.271428571428572,
  "ride_wind_mean": 11.657142857142857,
  "ride_rain_flag": 0.0,
  "tent_rain_flag": 0.0
}