{
  "ride_temp_mean": 12.857142857142858,
  "ride_wind_mean": 16.842857142857145,
  "ride_rain_flag": 0.0,
  "tent_rain_flag": 1.0
}