{
  "ride_temp_mean": 12.12857142857143,
  "ride_wind_mean": 18.485714285714288,
  "ride_rain_flag": 0.0,
  "tent_rain_flag": 1.0
}