{
  "samples_local": {
    "10": {
      "temp": 13.6,
      "precip": 0.0,
      "wind": 28.6,
      "wind_dir_deg": 289.0
    },
    "12": {
      "temp": 13.6,
      "precip": 0.0,
      "wind": 30.0,
      "wind_dir_deg": 282.0
    },
    "14": {
      "temp": 13.4,
      "precip": 0.0,
      "wind": 28.5,
      "wind_dir_deg": 284.0
    },
    "16": {
      "temp": 13.4,
      "precip": 0.0,
      "wind": 29.0,
      "wind_dir_deg": 283.0
    }
  },
  "ride_temp_mean": 13.5,
  "ride_wind_mean": 29.025,
  "ride_wind_dir_deg": 284.46418688990275,
  "ride_rain_flag": 0.0,
  "tent_rain_flag": 1.0,
  "daily_precip_sum": 0.4,
  "daily_temp_mean": 13.450000000000001,
  "daily_wind_mean": 26.412499999999998,
  "daily_wind_dir_deg": 296.66832324260264
}