{
  "ride_temp_mean": 8.028571428571428,
  "ride_wind_mean": 5.6571428571428575,
  "ride_rain_flag": 0.0,
  "tent_rain_flag": 0.0
}