{
  "samples_local": {
    "10": {
      "temp": -3.3,
      "precip": 0.0,
      "wind": 1.6,
      "wind_dir_deg": 174.0
    },
    "12": {
      "temp": -0.1,
      "precip": 0.0,
      "wind": 1.6,
      "wind_dir_deg": 174.0
    },
    "14": {
      "temp": 1.0,
      "precip": 0.0,
      "wind": 0.2,
      "wind_dir_deg": 90.0
    },
    "16": {
      "temp": 1.7,
      "precip": 0.0,
      "wind": 0.4,
      "wind_dir_deg": 243.0
    }
  },
  "ride_temp_mean": -0.17499999999999996,
  "ride_wind_mean": 0.9500000000000001,
  "ride_wind_dir_deg": 176.9696786099263,
  "ride_rain_flag": 0.0,
  "tent_rain_flag": 0.0,
  "daily_precip_sum": 0.0,
  "daily_temp_mean": -3.6958333333333333,
  "daily_wind_mean": 2.154166666666667,
  "daily_wind_dir_deg": 255.3674040269304
}