{
  "ride_temp_mean": 13.385714285714286,
  "ride_wind_mean": 8.142857142857142,
  "ride_rain_flag": 0.0,
  "tent_rain_flag": 0.0
}