{
  "samples_local": {
    "10": {
      "temp": 8.1,
      "precip": 0.0,
      "wind": 2.2,
      "wind_dir_deg": 35.0
    },
    "12": {
      "temp": 10.8,
      "precip": 0.0,
      "wind": 0.5,
      "wind_dir_deg": 180.0
    },
    "14": {
      "temp": 13.9,
      "precip": 0.0,
      "wind": 2.4,
      "wind_dir_deg": 216.0
    },
    "16": {
      "temp": 15.4,
      "precip": 0.0,
      "wind": 2.7,
      "wind_dir_deg": 222.0
    }
  },
  "ride_temp_mean": 12.05,
  "ride_wind_mean": 1.9500000000000002,
  "ride_wind_dir_deg": 216.46548036471756,
  "ride_rain_flag": 0.0,
  "tent_rain_flag": 0.0,
  "daily_precip_sum": 0.0,
  "daily_temp_mean": 10.354166666666666,
  "daily_wind_mean": 3.8874999999999997,
  "daily_wind_dir_deg": 310.88620849510073
}