{
  "ride_temp_mean": 6.757142857142857,
  "ride_wind_mean": 15.171428571428573,
  "ride_rain_flag": 0.0,
  "tent_rain_flag": 0.0
}