{
  "ride_temp_mean": 16.52857142857143,
  "ride_wind_mean": 4.3428571428571425,
  "ride_rain_flag": 0.0,
  "tent_rain_flag": 0.0
}