{
  "ride_temp_mean": 3.9857142857142853,
  "ride_wind_mean": 6.685714285714285,
  "ride_rain_flag": 0.0,
  "tent_rain_flag": 0.0
}