{
  "samples_local": {
    "10": {
      "temp": -1.1,
      "precip": 0.0,
      "wind": 13.6,
      "wind_dir_deg": 314.0
    },
    "12": {
      "temp": 2.3,
      "precip": 0.0,
      "wind": 16.1,
      "wind_dir_deg": 323.0
    },
    "14": {
      "temp": 3.3,
      "precip": 0.0,
      "wind": 17.9,
      "wind_dir_deg": 304.0
    },
    "16": {
      "temp": 1.9,
      "precip": 0.0,
      "wind": 20.3,
      "wind_dir_deg": 290.0
    }
  },
  "ride_temp_mean": 1.5999999999999999,
  "ride_wind_mean": 16.975,
  "ride_wind_dir_deg": 306.32837920489646,
  "ride_rain_flag": 0.0,
  "tent_rain_flag": 0.0,
  "daily_precip_sum": 0.0,
  "daily_temp_mean": -1.8083333333333333,
  "daily_wind_mean": 15.041666666666666,
  "daily_wind_dir_deg": 310.5617226434546
}