{
  "samples_local": {
    "10": {
      "temp": -5.5,
      "precip": 0.0,
      "wind": 10.2,
      "wind_dir_deg": 324.0
    },
    "12": {
      "temp": -3.0,
      "precip": 0.0,
      "wind": 11.0,
      "wind_dir_deg": 326.0
    },
    "14": {
      "temp": -1.9,
      "precip": 0.0,
      "wind": 10.2,
      "wind_dir_deg": 318.0
    },
    "16": {
      "temp": -2.1,
      "precip": 0.0,
      "wind": 9.7,
      "wind_dir_deg": 312.0
    }
  },
  "ride_temp_mean": -3.125,
  "ride_wind_mean": 10.274999999999999,
  "ride_wind_dir_deg": 320.217584159194,
  "ride_rain_flag": 0.0,
  "tent_rain_flag": 0.0,
  "daily_precip_sum": 0.0,
  "daily_temp_mean": -6.929166666666667,
  "daily_wind_mean": 10.120833333333334,
  "daily_wind_dir_deg": 313.6369993752714
}