{
  "ride_temp_mean": 24.97142857142857,
  "ride_wind_mean": 13.414285714285715,
  "ride_rain_flag": 1.0,
  "tent_rain_flag": 1.0
}