{
  "ride_temp_mean": -3.9,
  "ride_precip_sum": 0.9,
  "ride_wind_speed": 9.367001303388069,
  "ride_wind_dir": 289.75678622997907,
  "tent_precip_sum": 3.4,
  "tent_temp_mean": -4.37
}