{
  "ride_temp_mean": -3.625,
  "ride_precip_sum": 0.0,
  "ride_wind_speed": 21.903155274923403,
  "ride_wind_dir": 286.00520927452396,
  "tent_precip_sum": 10.0,
  "tent_temp_mean": -2.45
}