{
  "ride_temp_mean": 4.2749999999999995,
  "ride_precip_sum": 0.5,
  "ride_wind_speed": 23.66983771498604,
  "ride_wind_dir": 250.09549969793517,
  "tent_precip_sum": 2.4,
  "tent_temp_mean": 3.195
}