{
  "ride_temp_mean": 4.975,
  "ride_precip_sum": 0.0,
  "ride_wind_speed": 22.29209761126492,
  "ride_wind_dir": 250.4714381209697,
  "tent_precip_sum": 0.0,
  "tent_temp_mean": 2.92
}