{
  "samples_local": {
    "10": {
      "temp": 24.2,
      "precip": 0.0,
      "wind": 1.1,
      "wind_dir_deg": 198.0
    },
    "12": {
      "temp": 24.5,
      "precip": 0.0,
      "wind": 4.6,
      "wind_dir_deg": 129.0
    },
    "14": {
      "temp": 25.1,
      "precip": 0.0,
      "wind": 6.9,
      "wind_dir_deg": 96.0
    },
    "16": {
      "temp": 25.4,
      "precip": 0.0,
      "wind": 7.2,
      "wind_dir_deg": 183.0
    }
  },
  "ride_temp_mean": 24.8,
  "ride_wind_mean": 4.95,
  "ride_wind_dir_deg": 140.64433206649596,
  "ride_rain_flag": 0.0,
  "tent_rain_flag": 1.0,
  "daily_precip_sum": 8.600000000000001,
  "daily_temp_mean": 21.974999999999998,
  "daily_wind_mean": 6.833333333333333,
  "daily_wind_dir_deg": 239.00618546587086
}