{
  "samples_local": {
    "10": {
      "temp": 23.9,
      "precip": 0.0,
      "wind": 7.8,
      "wind_dir_deg": 347.0
    },
    "12": {
      "temp": 25.2,
      "precip": 0.0,
      "wind": 2.6,
      "wind_dir_deg": 326.0
    },
    "14": {
      "temp": 25.1,
      "precip": 0.0,
      "wind": 1.1,
      "wind_dir_deg": 270.0
    },
    "16": {
      "temp": 24.3,
      "precip": 0.2,
      "wind": 6.2,
      "wind_dir_deg": 324.0
    }
  },
  "ride_temp_mean": 24.625,
  "ride_wind_mean": 4.425,
  "ride_wind_dir_deg": 331.702523901556,
  "ride_rain_flag": 1.0,
  "tent_rain_flag": 0.0,
  "daily_precip_sum": 0.30000000000000004,
  "daily_temp_mean": 21.383333333333336,
  "daily_wind_mean": 6.633333333333333,
  "daily_wind_dir_deg": 313.24255818243466
}