{
  "samples_local": {
    "10": {
      "temp": 18.2,
      "precip": 2.2,
      "wind": 7.0,
      "wind_dir_deg": 78.0
    },
    "12": {
      "temp": 21.5,
      "precip": 0.0,
      "wind": 6.0,
      "wind_dir_deg": 73.0
    },
    "14": {
      "temp": 21.6,
      "precip": 0.2,
      "wind": 10.0,
      "wind_dir_deg": 41.0
    },
    "16": {
      "temp": 20.5,
      "precip": 0.1,
      "wind": 6.1,
      "wind_dir_deg": 62.0
    }
  },
  "ride_temp_mean": 20.45,
  "ride_wind_mean": 7.275,
  "ride_wind_dir_deg": 60.95983504075315,
  "ride_rain_flag": 1.0,
  "tent_rain_flag": 1.0,
  "daily_precip_sum": 3.4000000000000004,
  "daily_temp_mean": 18.008333333333333,
  "daily_wind_mean": 9.316666666666666,
  "daily_wind_dir_deg": 49.804301608606636
}