{
  "samples_local": {
    "10": {
      "temp": 19.8,
      "precip": 0.1,
      "wind": 2.1,
      "wind_dir_deg": 329.0
    },
    "12": {
      "temp": 21.0,
      "precip": 0.3,
      "wind": 4.2,
      "wind_dir_deg": 70.0
    },
    "14": {
      "temp": 22.2,
      "precip": 0.2,
      "wind": 5.1,
      "wind_dir_deg": 4.0
    },
    "16": {
      "temp": 19.5,
      "precip": 0.9,
      "wind": 9.4,
      "wind_dir_deg": 58.0
    }
  },
  "ride_temp_mean": 20.625,
  "ride_wind_mean": 5.2,
  "ride_wind_dir_deg": 40.0707375411406,
  "ride_rain_flag": 1.0,
  "tent_rain_flag": 1.0,
  "daily_precip_sum": 5.8999999999999995,
  "daily_temp_mean": 17.683333333333334,
  "daily_wind_mean": 5.2749999999999995,
  "daily_wind_dir_deg": 76.57903481685389
}