{
  "samples_local": {
    "10": {
      "temp": 23.4,
      "precip": 0.0,
      "wind": 12.3,
      "wind_dir_deg": 285.0
    },
    "12": {
      "temp": 25.3,
      "precip": 0.0,
      "wind": 12.2,
      "wind_dir_deg": 298.0
    },
    "14": {
      "temp": 23.9,
      "precip": 0.1,
      "wind": 11.8,
      "wind_dir_deg": 282.0
    },
    "16": {
      "temp": 24.2,
      "precip": 0.0,
      "wind": 8.0,
      "wind_dir_deg": 280.0
    }
  },
  "ride_temp_mean": 24.2,
  "ride_wind_mean": 11.075,
  "ride_wind_dir_deg": 286.86343733264977,
  "ride_rain_flag": 0.0,
  "tent_rain_flag": 1.0,
  "daily_precip_sum": 1.3,
  "daily_temp_mean": 20.820833333333333,
  "daily_wind_mean": 8.825000000000001,
  "daily_wind_dir_deg": 272.3176032024429
}