{
  "samples_local": {
    "10": {
      "temp": 23.5,
      "precip": 0.0,
      "wind": 13.3,
      "wind_dir_deg": 272.0
    },
    "12": {
      "temp": 26.0,
      "precip": 0.0,
      "wind": 16.4,
      "wind_dir_deg": 285.0
    },
    "14": {
      "temp": 27.3,
      "precip": 0.0,
      "wind": 15.9,
      "wind_dir_deg": 295.0
    },
    "16": {
      "temp": 27.2,
      "precip": 0.0,
      "wind": 15.5,
      "wind_dir_deg": 273.0
    }
  },
  "ride_temp_mean": 26.0,
  "ride_wind_mean": 15.275,
  "ride_wind_dir_deg": 281.71557858034805,
  "ride_rain_flag": 0.0,
  "tent_rain_flag": 0.0,
  "daily_precip_sum": 0.0,
  "daily_temp_mean": 21.90833333333333,
  "daily_wind_mean": 13.079166666666666,
  "daily_wind_dir_deg": 268.62363741968363
}