{
  "samples_local": {
    "10": {
      "temp": 24.2,
      "precip": 0.0,
      "wind": 13.8,
      "wind_dir_deg": 311.0
    },
    "12": {
      "temp": 26.5,
      "precip": 0.0,
      "wind": 12.6,
      "wind_dir_deg": 307.0
    },
    "14": {
      "temp": 26.1,
      "precip": 0.4,
      "wind": 13.1,
      "wind_dir_deg": 279.0
    },
    "16": {
      "temp": 24.8,
      "precip": 0.0,
      "wind": 13.6,
      "wind_dir_deg": 287.0
    }
  },
  "ride_temp_mean": 25.4,
  "ride_wind_mean": 13.275,
  "ride_wind_dir_deg": 296.02031711309445,
  "ride_rain_flag": 1.0,
  "tent_rain_flag": 1.0,
  "daily_precip_sum": 1.2,
  "daily_temp_mean": 21.59583333333333,
  "daily_wind_mean": 11.933333333333332,
  "daily_wind_dir_deg": 300.5097776450383
}