{
  "samples_local": {
    "10": {
      "temp": 25.7,
      "precip": 0.0,
      "wind": 14.9,
      "wind_dir_deg": 278.0
    },
    "12": {
      "temp": 28.1,
      "precip": 0.0,
      "wind": 13.6,
      "wind_dir_deg": 281.0
    },
    "14": {
      "temp": 29.3,
      "precip": 0.0,
      "wind": 11.5,
      "wind_dir_deg": 274.0
    },
    "16": {
      "temp": 29.5,
      "precip": 0.0,
      "wind": 11.9,
      "wind_dir_deg": 272.0
    }
  },
  "ride_temp_mean": 28.15,
  "ride_wind_mean": 12.975,
  "ride_wind_dir_deg": 276.52410381430315,
  "ride_rain_flag": 0.0,
  "tent_rain_flag": 1.0,
  "daily_precip_sum": 0.3,
  "daily_temp_mean": 23.679166666666664,
  "daily_wind_mean": 11.762500000000001,
  "daily_wind_dir_deg": 278.25296962393963
}