{
  "samples_local": {
    "10": {
      "temp": 22.8,
      "precip": 0.0,
      "wind": 13.8,
      "wind_dir_deg": 276.0
    },
    "12": {
      "temp": 24.9,
      "precip": 0.0,
      "wind": 13.4,
      "wind_dir_deg": 284.0
    },
    "14": {
      "temp": 24.3,
      "precip": 0.6,
      "wind": 13.4,
      "wind_dir_deg": 276.0
    },
    "16": {
      "temp": 20.0,
      "precip": 0.1,
      "wind": 6.3,
      "wind_dir_deg": 257.0
    }
  },
  "ride_temp_mean": 23.0,
  "ride_wind_mean": 11.725,
  "ride_wind_dir_deg": 275.7702573485256,
  "ride_rain_flag": 1.0,
  "tent_rain_flag": 1.0,
  "daily_precip_sum": 2.3,
  "daily_temp_mean": 19.520833333333332,
  "daily_wind_mean": 10.454166666666667,
  "daily_wind_dir_deg": 260.72769748855956
}