{
  "samples_local": {
    "10": {
      "temp": 24.1,
      "precip": 0.0,
      "wind": 10.6,
      "wind_dir_deg": 252.0
    },
    "12": {
      "temp": 26.8,
      "precip": 0.0,
      "wind": 11.9,
      "wind_dir_deg": 265.0
    },
    "14": {
      "temp": 28.4,
      "precip": 0.1,
      "wind": 10.7,
      "wind_dir_deg": 284.0
    },
    "16": {
      "temp": 28.7,
      "precip": 0.0,
      "wind": 10.1,
      "wind_dir_deg": 274.0
    }
  },
  "ride_temp_mean": 27.0,
  "ride_wind_mean": 10.825,
  "ride_wind_dir_deg": 268.6222133586559,
  "ride_rain_flag": 0.0,
  "tent_rain_flag": 0.0,
  "daily_precip_sum": 0.1,
  "daily_temp_mean": 22.895833333333332,
  "daily_wind_mean": 9.445833333333335,
  "daily_wind_dir_deg": 262.16896911669323
}