{
  "samples_local": {
    "10": {
      "temp": 23.4,
      "precip": 0.0,
      "wind": 13.7,
      "wind_dir_deg": 240.0
    },
    "12": {
      "temp": 25.7,
      "precip": 0.0,
      "wind": 12.7,
      "wind_dir_deg": 262.0
    },
    "14": {
      "temp": 27.2,
      "precip": 0.0,
      "wind": 12.7,
      "wind_dir_deg": 263.0
    },
    "16": {
      "temp": 28.4,
      "precip": 0.0,
      "wind": 11.4,
      "wind_dir_deg": 252.0
    }
  },
  "ride_temp_mean": 26.174999999999997,
  "ride_wind_mean": 12.625,
  "ride_wind_dir_deg": 254.04835240684815,
  "ride_rain_flag": 0.0,
  "tent_rain_flag": 1.0,
  "daily_precip_sum": 0.4,
  "daily_temp_mean": 22.020833333333332,
  "daily_wind_mean": 10.154166666666667,
  "daily_wind_dir_deg": 254.76753891904994
}