{
  "samples_local": {
    "10": {
      "temp": 24.0,
      "precip": 0.0,
      "wind": 12.7,
      "wind_dir_deg": 278.0
    },
    "12": {
      "temp": 26.0,
      "precip": 0.0,
      "wind": 13.0,
      "wind_dir_deg": 289.0
    },
    "14": {
      "temp": 27.1,
      "precip": 0.0,
      "wind": 11.1,
      "wind_dir_deg": 295.0
    },
    "16": {
      "temp": 27.1,
      "precip": 0.0,
      "wind": 9.5,
      "wind_dir_deg": 281.0
    }
  },
  "ride_temp_mean": 26.05,
  "ride_wind_mean": 11.575,
  "ride_wind_dir_deg": 285.77736565769834,
  "ride_rain_flag": 0.0,
  "tent_rain_flag": 0.0,
  "daily_precip_sum": 0.0,
  "daily_temp_mean": 21.34166666666667,
  "daily_wind_mean": 10.604166666666666,
  "daily_wind_dir_deg": 265.7089293274101
}