{
  "samples_local": {
    "10": {
      "temp": 24.3,
      "precip": 0.0,
      "wind": 10.0,
      "wind_dir_deg": 283.0
    },
    "12": {
      "temp": 25.9,
      "precip": 0.1,
      "wind": 9.0,
      "wind_dir_deg": 293.0
    },
    "14": {
      "temp": 26.8,
      "precip": 0.1,
      "wind": 4.9,
      "wind_dir_deg": 287.0
    },
    "16": {
      "temp": 26.7,
      "precip": 0.0,
      "wind": 2.1,
      "wind_dir_deg": 239.0
    }
  },
  "ride_temp_mean": 25.925,
  "ride_wind_mean": 6.5,
  "ride_wind_dir_deg": 284.01113008761183,
  "ride_rain_flag": 0.0,
  "tent_rain_flag": 0.0,
  "daily_precip_sum": 0.30000000000000004,
  "daily_temp_mean": 21.59583333333333,
  "daily_wind_mean": 8.241666666666667,
  "daily_wind_dir_deg": 272.88611255934677
}