{
  "samples_local": {
    "10": {
      "temp": 23.8,
      "precip": 0.0,
      "wind": 11.6,
      "wind_dir_deg": 265.0
    },
    "12": {
      "temp": 25.1,
      "precip": 0.0,
      "wind": 13.4,
      "wind_dir_deg": 278.0
    },
    "14": {
      "temp": 26.0,
      "precip": 0.0,
      "wind": 13.1,
      "wind_dir_deg": 278.0
    },
    "16": {
      "temp": 26.1,
      "precip": 0.0,
      "wind": 11.6,
      "wind_dir_deg": 277.0
    }
  },
  "ride_temp_mean": 25.25,
  "ride_wind_mean": 12.425,
  "ride_wind_dir_deg": 274.7422632266617,
  "ride_rain_flag": 0.0,
  "tent_rain_flag": 0.0,
  "daily_precip_sum": 0.0,
  "daily_temp_mean": 21.379166666666666,
  "daily_wind_mean": 11.070833333333333,
  "daily_wind_dir_deg": 271.08948315418934
}