{
  "samples_local": {
    "10": {
      "temp": 23.4,
      "precip": 0.0,
      "wind": 7.9,
      "wind_dir_deg": 273.0
    },
    "12": {
      "temp": 26.4,
      "precip": 0.0,
      "wind": 10.4,
      "wind_dir_deg": 268.0
    },
    "14": {
      "temp": 28.9,
      "precip": 0.0,
      "wind": 12.4,
      "wind_dir_deg": 292.0
    },
    "16": {
      "temp": 29.4,
      "precip": 0.0,
      "wind": 11.5,
      "wind_dir_deg": 284.0
    }
  },
  "ride_temp_mean": 27.025,
  "ride_wind_mean": 10.55,
  "ride_wind_dir_deg": 280.3514333456698,
  "ride_rain_flag": 0.0,
  "tent_rain_flag": 0.0,
  "daily_precip_sum": 0.0,
  "daily_temp_mean": 22.179166666666664,
  "daily_wind_mean": 8.241666666666667,
  "daily_wind_dir_deg": 284.41262937324797
}