{
  "samples_local": {
    "10": {
      "temp": 27.5,
      "precip": 0.0,
      "wind": 12.5,
      "wind_dir_deg": 288.0
    },
    "12": {
      "temp": 29.5,
      "precip": 0.0,
      "wind": 12.1,
      "wind_dir_deg": 287.0
    },
    "14": {
      "temp": 30.7,
      "precip": 0.0,
      "wind": 15.3,
      "wind_dir_deg": 279.0
    },
    "16": {
      "temp": 28.4,
      "precip": 0.0,
      "wind": 13.4,
      "wind_dir_deg": 294.0
    }
  },
  "ride_temp_mean": 29.025,
  "ride_wind_mean": 13.325,
  "ride_wind_dir_deg": 286.6995938541405,
  "ride_rain_flag": 0.0,
  "tent_rain_flag": 0.0,
  "daily_precip_sum": 0.0,
  "daily_temp_mean": 24.34166666666667,
  "daily_wind_mean": 11.354166666666666,
  "daily_wind_dir_deg": 279.1300723435331
}