{
  "samples_local": {
    "10": {
      "temp": 26.1,
      "precip": 0.0,
      "wind": 12.3,
      "wind_dir_deg": 285.0
    },
    "12": {
      "temp": 28.4,
      "precip": 0.0,
      "wind": 13.2,
      "wind_dir_deg": 287.0
    },
    "14": {
      "temp": 29.6,
      "precip": 0.0,
      "wind": 12.6,
      "wind_dir_deg": 290.0
    },
    "16": {
      "temp": 29.7,
      "precip": 0.0,
      "wind": 12.4,
      "wind_dir_deg": 278.0
    }
  },
  "ride_temp_mean": 28.45,
  "ride_wind_mean": 12.625,
  "ride_wind_dir_deg": 285.05422825687253,
  "ride_rain_flag": 0.0,
  "tent_rain_flag": 0.0,
  "daily_precip_sum": 0.0,
  "daily_temp_mean": 23.724999999999998,
  "daily_wind_mean": 10.795833333333334,
  "daily_wind_dir_deg": 279.9041339914222
}