{
  "samples_local": {
    "10": {
      "temp": 23.9,
      "precip": 0.0,
      "wind": 12.7,
      "wind_dir_deg": 255.0
    },
    "12": {
      "temp": 26.0,
      "precip": 0.0,
      "wind": 11.0,
      "wind_dir_deg": 259.0
    },
    "14": {
      "temp": 27.9,
      "precip": 0.0,
      "wind": 9.8,
      "wind_dir_deg": 298.0
    },
    "16": {
      "temp": 27.9,
      "precip": 0.0,
      "wind": 7.3,
      "wind_dir_deg": 279.0
    }
  },
  "ride_temp_mean": 26.424999999999997,
  "ride_wind_mean": 10.2,
  "ride_wind_dir_deg": 270.525270990215,
  "ride_rain_flag": 0.0,
  "tent_rain_flag": 0.0,
  "daily_precip_sum": 0.0,
  "daily_temp_mean": 22.608333333333334,
  "daily_wind_mean": 9.079166666666667,
  "daily_wind_dir_deg": 266.0269435476905
}