{
  "samples_local": {
    "10": {
      "temp": 2.2,
      "precip": 0.2,
      "wind": 19.5,
      "wind_dir_deg": 109.0
    },
    "12": {
      "temp": 4.7,
      "precip": 0.1,
      "wind": 21.5,
      "wind_dir_deg": 113.0
    },
    "14": {
      "temp": 4.5,
      "precip": 0.7,
      "wind": 20.6,
      "wind_dir_deg": 109.0
    },
    "16": {
      "temp": 3.7,
      "precip": 0.2,
      "wind": 19.3,
      "wind_dir_deg": 114.0
    }
  },
  "ride_temp_mean": 3.7750000000000004,
  "ride_wind_mean": 20.225,
  "ride_wind_dir_deg": 111.25583846083202,
  "ride_rain_flag": 1.0,
  "tent_rain_flag": 1.0,
  "daily_precip_sum": 4.0,
  "daily_temp_mean": 2.4375,
  "daily_wind_mean": 17.445833333333333,
  "daily_wind_dir_deg": 108.4248103861932
}