{
  "samples_local": {
    "10": {
      "temp": 4.7,
      "precip": 0.2,
      "wind": 18.0,
      "wind_dir_deg": 88.0
    },
    "12": {
      "temp": 6.8,
      "precip": 0.0,
      "wind": 20.1,
      "wind_dir_deg": 81.0
    },
    "14": {
      "temp": 6.8,
      "precip": 0.1,
      "wind": 19.5,
      "wind_dir_deg": 85.0
    },
    "16": {
      "temp": 5.7,
      "precip": 0.4,
      "wind": 18.7,
      "wind_dir_deg": 88.0
    }
  },
  "ride_temp_mean": 6.0,
  "ride_wind_mean": 19.075,
  "ride_wind_dir_deg": 85.38995072832597,
  "ride_rain_flag": 1.0,
  "tent_rain_flag": 1.0,
  "daily_precip_sum": 5.6000000000000005,
  "daily_temp_mean": 3.3666666666666667,
  "daily_wind_mean": 16.245833333333334,
  "daily_wind_dir_deg": 77.81711452625234
}