{
  "samples_local": {
    "10": {
      "temp": 5.1,
      "precip": 0.1,
      "wind": 14.7,
      "wind_dir_deg": 59.0
    },
    "12": {
      "temp": 5.7,
      "precip": 0.1,
      "wind": 15.3,
      "wind_dir_deg": 66.0
    },
    "14": {
      "temp": 7.4,
      "precip": 0.1,
      "wind": 15.6,
      "wind_dir_deg": 71.0
    },
    "16": {
      "temp": 7.0,
      "precip": 0.1,
      "wind": 15.7,
      "wind_dir_deg": 58.0
    }
  },
  "ride_temp_mean": 6.3,
  "ride_wind_mean": 15.325,
  "ride_wind_dir_deg": 63.542673696515294,
  "ride_rain_flag": 0.0,
  "tent_rain_flag": 1.0,
  "daily_precip_sum": 4.6000000000000005,
  "daily_temp_mean": 4.304166666666666,
  "daily_wind_mean": 13.279166666666667,
  "daily_wind_dir_deg": 59.83682356180333
}