{
  "samples_local": {
    "10": {
      "temp": 7.2,
      "precip": 0.1,
      "wind": 20.4,
      "wind_dir_deg": 104.0
    },
    "12": {
      "temp": 8.9,
      "precip": 0.2,
      "wind": 19.4,
      "wind_dir_deg": 108.0
    },
    "14": {
      "temp": 7.5,
      "precip": 0.9,
      "wind": 14.6,
      "wind_dir_deg": 110.0
    },
    "16": {
      "temp": 8.1,
      "precip": 0.1,
      "wind": 22.0,
      "wind_dir_deg": 140.0
    }
  },
  "ride_temp_mean": 7.925,
  "ride_wind_mean": 19.099999999999998,
  "ride_wind_dir_deg": 116.37330380497099,
  "ride_rain_flag": 1.0,
  "tent_rain_flag": 1.0,
  "daily_precip_sum": 4.8,
  "daily_temp_mean": 5.491666666666667,
  "daily_wind_mean": 17.587500000000002,
  "daily_wind_dir_deg": 114.13471826348155
}