{
  "samples_local": {
    "10": {
      "temp": 5.9,
      "precip": 0.1,
      "wind": 9.5,
      "wind_dir_deg": 307.0
    },
    "12": {
      "temp": 7.2,
      "precip": 0.1,
      "wind": 9.7,
      "wind_dir_deg": 285.0
    },
    "14": {
      "temp": 6.4,
      "precip": 0.1,
      "wind": 12.0,
      "wind_dir_deg": 261.0
    },
    "16": {
      "temp": 7.4,
      "precip": 0.0,
      "wind": 11.2,
      "wind_dir_deg": 268.0
    }
  },
  "ride_temp_mean": 6.7250000000000005,
  "ride_wind_mean": 10.6,
  "ride_wind_dir_deg": 278.47389315525004,
  "ride_rain_flag": 0.0,
  "tent_rain_flag": 1.0,
  "daily_precip_sum": 1.0,
  "daily_temp_mean": 4.229166666666667,
  "daily_wind_mean": 9.920833333333333,
  "daily_wind_dir_deg": 304.5139498252403
}