{
  "samples_local": {
    "10": {
      "temp": 4.4,
      "precip": 0.1,
      "wind": 13.2,
      "wind_dir_deg": 79.0
    },
    "12": {
      "temp": 7.3,
      "precip": 0.1,
      "wind": 13.4,
      "wind_dir_deg": 85.0
    },
    "14": {
      "temp": 5.3,
      "precip": 2.1,
      "wind": 18.5,
      "wind_dir_deg": 103.0
    },
    "16": {
      "temp": 6.2,
      "precip": 0.1,
      "wind": 12.1,
      "wind_dir_deg": 73.0
    }
  },
  "ride_temp_mean": 5.8,
  "ride_wind_mean": 14.3,
  "ride_wind_dir_deg": 86.86419681995835,
  "ride_rain_flag": 1.0,
  "tent_rain_flag": 1.0,
  "daily_precip_sum": 6.1000000000000005,
  "daily_temp_mean": 3.9458333333333333,
  "daily_wind_mean": 11.645833333333334,
  "daily_wind_dir_deg": 71.42474398286413
}