{
  "samples_local": {
    "10": {
      "temp": 6.8,
      "precip": 0.1,
      "wind": 13.7,
      "wind_dir_deg": 92.0
    },
    "12": {
      "temp": 6.4,
      "precip": 1.5,
      "wind": 13.5,
      "wind_dir_deg": 119.0
    },
    "14": {
      "temp": 7.4,
      "precip": 0.2,
      "wind": 8.7,
      "wind_dir_deg": 138.0
    },
    "16": {
      "temp": 7.9,
      "precip": 0.1,
      "wind": 13.7,
      "wind_dir_deg": 166.0
    }
  },
  "ride_temp_mean": 7.125,
  "ride_wind_mean": 12.399999999999999,
  "ride_wind_dir_deg": 127.71310815247062,
  "ride_rain_flag": 1.0,
  "tent_rain_flag": 1.0,
  "daily_precip_sum": 3.5,
  "daily_temp_mean": 5.358333333333333,
  "daily_wind_mean": 12.691666666666668,
  "daily_wind_dir_deg": 112.20443711857769
}