{
  "samples_local": {
    "10": {
      "temp": 3.4,
      "precip": 0.1,
      "wind": 18.5,
      "wind_dir_deg": 119.0
    },
    "12": {
      "temp": 4.6,
      "precip": 0.1,
      "wind": 17.3,
      "wind_dir_deg": 113.0
    },
    "14": {
      "temp": 5.8,
      "precip": 0.1,
      "wind": 19.3,
      "wind_dir_deg": 119.0
    },
    "16": {
      "temp": 5.2,
      "precip": 0.4,
      "wind": 20.1,
      "wind_dir_deg": 119.0
    }
  },
  "ride_temp_mean": 4.75,
  "ride_wind_mean": 18.8,
  "ride_wind_dir_deg": 117.62073020612104,
  "ride_rain_flag": 1.0,
  "tent_rain_flag": 1.0,
  "daily_precip_sum": 2.9000000000000004,
  "daily_temp_mean": 3.345833333333333,
  "daily_wind_mean": 17.620833333333334,
  "daily_wind_dir_deg": 113.71276485993235
}