{
  "samples_local": {
    "10": {
      "temp": 6.4,
      "precip": 0.1,
      "wind": 27.2,
      "wind_dir_deg": 72.0
    },
    "12": {
      "temp": 6.5,
      "precip": 0.1,
      "wind": 25.7,
      "wind_dir_deg": 85.0
    },
    "14": {
      "temp": 6.1,
      "precip": 0.1,
      "wind": 21.3,
      "wind_dir_deg": 88.0
    },
    "16": {
      "temp": 5.8,
      "precip": 0.3,
      "wind": 20.4,
      "wind_dir_deg": 82.0
    }
  },
  "ride_temp_mean": 6.2,
  "ride_wind_mean": 23.65,
  "ride_wind_dir_deg": 81.2982757425558,
  "ride_rain_flag": 1.0,
  "tent_rain_flag": 1.0,
  "daily_precip_sum": 4.8999999999999995,
  "daily_temp_mean": 6.054166666666667,
  "daily_wind_mean": 22.491666666666664,
  "daily_wind_dir_deg": 72.79698166786483
}