{
  "samples_local": {
    "10": {
      "temp": 5.7,
      "precip": 0.0,
      "wind": 26.6,
      "wind_dir_deg": 67.0
    },
    "12": {
      "temp": 5.8,
      "precip": 1.1,
      "wind": 27.2,
      "wind_dir_deg": 75.0
    },
    "14": {
      "temp": 5.6,
      "precip": 0.3,
      "wind": 27.0,
      "wind_dir_deg": 88.0
    },
    "16": {
      "temp": 4.8,
      "precip": 0.0,
      "wind": 20.8,
      "wind_dir_deg": 81.0
    }
  },
  "ride_temp_mean": 5.475,
  "ride_wind_mean": 25.4,
  "ride_wind_dir_deg": 77.58896093190617,
  "ride_rain_flag": 1.0,
  "tent_rain_flag": 1.0,
  "daily_precip_sum": 5.6000000000000005,
  "daily_temp_mean": 5.541666666666667,
  "daily_wind_mean": 21.587500000000002,
  "daily_wind_dir_deg": 75.18976472973247
}