{
  "samples_local": {
    "10": {
      "temp": 5.6,
      "precip": 0.1,
      "wind": 22.5,
      "wind_dir_deg": 74.0
    },
    "12": {
      "temp": 6.1,
      "precip": 0.0,
      "wind": 26.1,
      "wind_dir_deg": 79.0
    },
    "14": {
      "temp": 6.2,
      "precip": 0.0,
      "wind": 29.4,
      "wind_dir_deg": 75.0
    },
    "16": {
      "temp": 5.8,
      "precip": 0.0,
      "wind": 30.1,
      "wind_dir_deg": 73.0
    }
  },
  "ride_temp_mean": 5.925,
  "ride_wind_mean": 27.025,
  "ride_wind_dir_deg": 75.20023665525764,
  "ride_rain_flag": 0.0,
  "tent_rain_flag": 1.0,
  "daily_precip_sum": 7.1000000000000005,
  "daily_temp_mean": 5.383333333333333,
  "daily_wind_mean": 22.866666666666664,
  "daily_wind_dir_deg": 77.56915251785
}