{
  "ride_temp_mean": -0.2,
  "ride_precip_sum": 0.0,
  "ride_wind_speed": 3.2713400868397216,
  "ride_wind_dir": 140.59479833151852,
  "tent_precip_sum": 0.2,
  "tent_temp_mean": -1.825
}