{
  "ride_temp_mean": 6.15,
  "ride_precip_sum": 0.0,
  "ride_wind_speed": 1.327938376514149,
  "ride_wind_dir": 152.01561501079607,
  "tent_precip_sum": 0.1,
  "tent_temp_mean": 2.475
}