{
  "ride_temp_mean": 8.1,
  "ride_precip_sum": 0.0,
  "ride_wind_speed": 1.264800252970901,
  "ride_wind_dir": 171.27435519921187,
  "tent_precip_sum": 0.0,
  "tent_temp_mean": 4.165
}