{
  "ride_temp_mean": 6.125,
  "ride_precip_sum": 0.2,
  "ride_wind_speed": 23.387992849438312,
  "ride_wind_dir": 225.23465976602225,
  "tent_precip_sum": 2.4,
  "tent_temp_mean": 4.65
}