{
  "ride_temp_mean": 4.475,
  "ride_precip_sum": 0.2,
  "ride_wind_speed": 8.420177196773121,
  "ride_wind_dir": 241.27071331539037,
  "tent_precip_sum": 3.8,
  "tent_temp_mean": 3.16
}