{
  "ride_temp_mean": 5.55,
  "ride_precip_sum": 0.0,
  "ride_wind_speed": 11.020421424096588,
  "ride_wind_dir": 222.3308656199591,
  "tent_precip_sum": 0.0,
  "tent_temp_mean": -0.45
}