{
  "ride_temp_mean": -0.8500000000000001,
  "ride_precip_sum": 0.8,
  "ride_wind_speed": 5.614546972263238,
  "ride_wind_dir": 313.76445306417764,
  "tent_precip_sum": 2.3000000000000003,
  "tent_temp_mean": -1.3599999999999999
}