{
  "ride_temp_mean": 5.0,
  "ride_precip_sum": 0.0,
  "ride_wind_speed": 16.237490747391863,
  "ride_wind_dir": 214.5898157103557,
  "tent_precip_sum": 0.0,
  "tent_temp_mean": 1.42
}