{
  "ride_temp_mean": -0.6,
  "ride_precip_sum": 0.8,
  "ride_wind_speed": 7.516312391408307,
  "ride_wind_dir": 224.09876724918664,
  "tent_precip_sum": 3.4,
  "tent_temp_mean": -1.425
}