{
  "ride_temp_mean": 1.075,
  "ride_precip_sum": 0.0,
  "ride_wind_speed": 11.970183915262552,
  "ride_wind_dir": 276.1850588706294,
  "tent_precip_sum": 9.3,
  "tent_temp_mean": 0.45
}