{
  "ride_temp_mean": 6.1,
  "ride_precip_sum": 0.0,
  "ride_wind_speed": 15.359988489466602,
  "ride_wind_dir": 221.09015309110725,
  "tent_precip_sum": 0.6,
  "tent_temp_mean": 4.82
}