{
  "ride_temp_mean": 5.525,
  "ride_precip_sum": 0.2,
  "ride_wind_speed": 19.011934178926836,
  "ride_wind_dir": 212.66706273160136,
  "tent_precip_sum": 7.1,
  "tent_temp_mean": 3.675
}