{
  "ride_temp_mean": 7.574999999999999,
  "ride_precip_sum": 0.0,
  "ride_wind_speed": 8.912995350905819,
  "ride_wind_dir": 191.81826622173907,
  "tent_precip_sum": 0.6,
  "tent_temp_mean": 6.375
}