{
  "samples_local": {
    "10": {
      "temp": -0.2,
      "precip": 0.1,
      "wind": 20.9,
      "wind_dir_deg": 227.0
    },
    "12": {
      "temp": 0.4,
      "precip": 0.0,
      "wind": 31.2,
      "wind_dir_deg": 242.0
    },
    "14": {
      "temp": 0.2,
      "precip": 0.0,
      "wind": 31.6,
      "wind_dir_deg": 242.0
    },
    "16": {
      "temp": 0.0,
      "precip": 0.0,
      "wind": 28.5,
      "wind_dir_deg": 241.0
    }
  },
  "ride_temp_mean": 0.1,
  "ride_wind_mean": 28.05,
  "ride_wind_dir_deg": 238.9671433522193,
  "ride_rain_flag": 0.0,
  "tent_rain_flag": 0.0,
  "daily_precip_sum": 0.30000000000000004,
  "daily_temp_mean": 0.016666666666666653,
  "daily_wind_mean": 25.583333333333332,
  "daily_wind_dir_deg": 237.78782232401383
}