{
  "samples_local": {
    "10": {
      "temp": -0.6,
      "precip": 0.1,
      "wind": 17.6,
      "wind_dir_deg": 227.0
    },
    "12": {
      "temp": -0.3,
      "precip": 0.1,
      "wind": 22.7,
      "wind_dir_deg": 228.0
    },
    "14": {
      "temp": -0.1,
      "precip": 0.0,
      "wind": 24.1,
      "wind_dir_deg": 232.0
    },
    "16": {
      "temp": -0.4,
      "precip": 0.1,
      "wind": 24.4,
      "wind_dir_deg": 242.0
    }
  },
  "ride_temp_mean": -0.35,
  "ride_wind_mean": 22.2,
  "ride_wind_dir_deg": 232.72638672724094,
  "ride_rain_flag": 0.0,
  "tent_rain_flag": 1.0,
  "daily_precip_sum": 1.2000000000000002,
  "daily_temp_mean": -0.19999999999999998,
  "daily_wind_mean": 22.724999999999998,
  "daily_wind_dir_deg": 240.37191456106743
}