{
  "samples_local": {
    "10": {
      "temp": -3.2,
      "precip": 0.1,
      "wind": 27.6,
      "wind_dir_deg": 223.0
    },
    "12": {
      "temp": -3.0,
      "precip": 0.1,
      "wind": 28.9,
      "wind_dir_deg": 230.0
    },
    "14": {
      "temp": -2.9,
      "precip": 0.0,
      "wind": 27.0,
      "wind_dir_deg": 231.0
    },
    "16": {
      "temp": -4.7,
      "precip": 0.0,
      "wind": 27.5,
      "wind_dir_deg": 228.0
    }
  },
  "ride_temp_mean": -3.45,
  "ride_wind_mean": 27.75,
  "ride_wind_dir_deg": 228.00835747127385,
  "ride_rain_flag": 0.0,
  "tent_rain_flag": 0.0,
  "daily_precip_sum": 0.30000000000000004,
  "daily_temp_mean": -3.6791666666666667,
  "daily_wind_mean": 26.1125,
  "daily_wind_dir_deg": 228.4745801072765
}