{
  "samples_local": {
    "10": {
      "temp": -0.3,
      "precip": 0.0,
      "wind": 15.5,
      "wind_dir_deg": 242.0
    },
    "12": {
      "temp": 0.6,
      "precip": 0.0,
      "wind": 19.8,
      "wind_dir_deg": 244.0
    },
    "14": {
      "temp": 0.5,
      "precip": 0.0,
      "wind": 16.5,
      "wind_dir_deg": 241.0
    },
    "16": {
      "temp": -1.1,
      "precip": 0.0,
      "wind": 14.9,
      "wind_dir_deg": 242.0
    }
  },
  "ride_temp_mean": -0.07500000000000002,
  "ride_wind_mean": 16.675,
  "ride_wind_dir_deg": 242.34629028713545,
  "ride_rain_flag": 0.0,
  "tent_rain_flag": 0.0,
  "daily_precip_sum": 0.0,
  "daily_temp_mean": -1.4875,
  "daily_wind_mean": 16.083333333333332,
  "daily_wind_dir_deg": 244.96005640399056
}