{
  "samples_local": {
    "10": {
      "temp": 1.5,
      "precip": 0.0,
      "wind": 13.0,
      "wind_dir_deg": 245.0
    },
    "12": {
      "temp": 2.5,
      "precip": 0.0,
      "wind": 13.6,
      "wind_dir_deg": 244.0
    },
    "14": {
      "temp": 2.3,
      "precip": 0.0,
      "wind": 19.4,
      "wind_dir_deg": 248.0
    },
    "16": {
      "temp": 1.0,
      "precip": 0.0,
      "wind": 15.7,
      "wind_dir_deg": 240.0
    }
  },
  "ride_temp_mean": 1.825,
  "ride_wind_mean": 15.424999999999999,
  "ride_wind_dir_deg": 244.45099190285237,
  "ride_rain_flag": 0.0,
  "tent_rain_flag": 0.0,
  "daily_precip_sum": 0.0,
  "daily_temp_mean": 0.5166666666666667,
  "daily_wind_mean": 15.066666666666668,
  "daily_wind_dir_deg": 247.35322675770925
}