{
  "samples_local": {
    "10": {
      "temp": -0.6,
      "precip": 0.0,
      "wind": 24.1,
      "wind_dir_deg": 239.0
    },
    "12": {
      "temp": 0.4,
      "precip": 0.0,
      "wind": 28.6,
      "wind_dir_deg": 243.0
    },
    "14": {
      "temp": 0.6,
      "precip": 0.0,
      "wind": 26.1,
      "wind_dir_deg": 233.0
    },
    "16": {
      "temp": -0.4,
      "precip": 0.0,
      "wind": 22.8,
      "wind_dir_deg": 233.0
    }
  },
  "ride_temp_mean": 0.0,
  "ride_wind_mean": 25.400000000000002,
  "ride_wind_dir_deg": 237.2372477996617,
  "ride_rain_flag": 0.0,
  "tent_rain_flag": 0.0,
  "daily_precip_sum": 0.0,
  "daily_temp_mean": -0.8833333333333333,
  "daily_wind_mean": 24.545833333333334,
  "daily_wind_dir_deg": 240.1248616339065
}