{
  "samples_local": {
    "10": {
      "temp": 1.6,
      "precip": 0.0,
      "wind": 21.0,
      "wind_dir_deg": 238.0
    },
    "12": {
      "temp": 1.8,
      "precip": 0.0,
      "wind": 20.5,
      "wind_dir_deg": 241.0
    },
    "14": {
      "temp": 2.0,
      "precip": 0.0,
      "wind": 21.1,
      "wind_dir_deg": 250.0
    },
    "16": {
      "temp": 2.2,
      "precip": 0.0,
      "wind": 19.6,
      "wind_dir_deg": 241.0
    }
  },
  "ride_temp_mean": 1.9000000000000001,
  "ride_wind_mean": 20.55,
  "ride_wind_dir_deg": 242.53969261279167,
  "ride_rain_flag": 0.0,
  "tent_rain_flag": 0.0,
  "daily_precip_sum": 0.0,
  "daily_temp_mean": 2.2125,
  "daily_wind_mean": 21.004166666666666,
  "daily_wind_dir_deg": 246.70959657096873
}