{
  "ride_temp_mean": 3.55,
  "ride_precip_sum": 0.1,
  "ride_wind_speed": 4.068508961387611,
  "ride_wind_dir": 172.16264233959964,
  "tent_precip_sum": 2.4,
  "tent_temp_mean": 1.4
}