{
  "ride_temp_mean": 9.5,
  "ride_precip_sum": 0.0,
  "ride_wind_speed": 2.035322538202627,
  "ride_wind_dir": 224.4670060326756,
  "tent_precip_sum": 0.0,
  "tent_temp_mean": 7.3
}