{
  "ride_temp_mean": 6.4750000000000005,
  "ride_precip_sum": 0.0,
  "ride_wind_speed": 3.1880507858423455,
  "ride_wind_dir": 214.42516130430164,
  "tent_precip_sum": 0.0,
  "tent_temp_mean": 2.035
}