{
  "samples_local": {
    "10": {
      "temp": 7.2,
      "precip": 0.0,
      "wind": 13.3,
      "wind_dir_deg": 71.0
    },
    "12": {
      "temp": 8.2,
      "precip": 0.0,
      "wind": 10.7,
      "wind_dir_deg": 50.0
    },
    "14": {
      "temp": 9.3,
      "precip": 0.0,
      "wind": 11.3,
      "wind_dir_deg": 83.0
    },
    "16": {
      "temp": 10.0,
      "precip": 0.0,
      "wind": 9.3,
      "wind_dir_deg": 103.0
    }
  },
  "ride_temp_mean": 8.675,
  "ride_wind_mean": 11.15,
  "ride_wind_dir_deg": 75.66123863826681,
  "ride_rain_flag": 0.0,
  "tent_rain_flag": 1.0,
  "daily_precip_sum": 0.6000000000000001,
  "daily_temp_mean": 7.245833333333334,
  "daily_wind_mean": 8.429166666666667,
  "daily_wind_dir_deg": 70.70628794238968
}