{
  "samples_local": {
    "10": {
      "temp": 7.3,
      "precip": 0.0,
      "wind": 14.5,
      "wind_dir_deg": 346.0
    },
    "12": {
      "temp": 8.9,
      "precip": 0.0,
      "wind": 18.4,
      "wind_dir_deg": 11.0
    },
    "14": {
      "temp": 9.6,
      "precip": 0.0,
      "wind": 19.3,
      "wind_dir_deg": 21.0
    },
    "16": {
      "temp": 9.3,
      "precip": 0.1,
      "wind": 18.9,
      "wind_dir_deg": 24.0
    }
  },
  "ride_temp_mean": 8.775,
  "ride_wind_mean": 17.775,
  "ride_wind_dir_deg": 12.225272935586077,
  "ride_rain_flag": 0.0,
  "tent_rain_flag": 1.0,
  "daily_precip_sum": 0.6000000000000001,
  "daily_temp_mean": 6.970833333333334,
  "daily_wind_mean": 14.329166666666666,
  "daily_wind_dir_deg": 12.15823121561175
}