{
  "samples_local": {
    "10": {
      "temp": 7.6,
      "precip": 0.0,
      "wind": 12.3,
      "wind_dir_deg": 355.0
    },
    "12": {
      "temp": 10.1,
      "precip": 0.0,
      "wind": 16.6,
      "wind_dir_deg": 27.0
    },
    "14": {
      "temp": 10.6,
      "precip": 0.0,
      "wind": 15.0,
      "wind_dir_deg": 24.0
    },
    "16": {
      "temp": 10.1,
      "precip": 0.0,
      "wind": 13.2,
      "wind_dir_deg": 22.0
    }
  },
  "ride_temp_mean": 9.6,
  "ride_wind_mean": 14.275,
  "ride_wind_dir_deg": 18.28700433609356,
  "ride_rain_flag": 0.0,
  "tent_rain_flag": 0.0,
  "daily_precip_sum": 0.30000000000000004,
  "daily_temp_mean": 7.1875,
  "daily_wind_mean": 11.504166666666668,
  "daily_wind_dir_deg": 12.712333418066862
}