{
  "samples_local": {
    "10": {
      "temp": 2.0,
      "precip": 0.0,
      "wind": 5.7,
      "wind_dir_deg": 193.0
    },
    "12": {
      "temp": 2.7,
      "precip": 0.0,
      "wind": 5.7,
      "wind_dir_deg": 139.0
    },
    "14": {
      "temp": 3.2,
      "precip": 0.0,
      "wind": 2.9,
      "wind_dir_deg": 150.0
    },
    "16": {
      "temp": 2.7,
      "precip": 0.0,
      "wind": 3.5,
      "wind_dir_deg": 55.0
    }
  },
  "ride_temp_mean": 2.6500000000000004,
  "ride_wind_mean": 4.45,
  "ride_wind_dir_deg": 146.81881129954752,
  "ride_rain_flag": 0.0,
  "tent_rain_flag": 0.0,
  "daily_precip_sum": 0.0,
  "daily_temp_mean": 2.1125000000000003,
  "daily_wind_mean": 6.7875000000000005,
  "daily_wind_dir_deg": 204.0298351364551
}