{
  "samples_local": {
    "10": {
      "temp": -1.5,
      "precip": 0.0,
      "wind": 18.8,
      "wind_dir_deg": 176.0
    },
    "12": {
      "temp": -2.0,
      "precip": 0.0,
      "wind": 16.6,
      "wind_dir_deg": 179.0
    },
    "14": {
      "temp": -1.8,
      "precip": 0.1,
      "wind": 13.9,
      "wind_dir_deg": 180.0
    },
    "16": {
      "temp": -1.8,
      "precip": 0.0,
      "wind": 13.0,
      "wind_dir_deg": 166.0
    }
  },
  "ride_temp_mean": -1.775,
  "ride_wind_mean": 15.575000000000001,
  "ride_wind_dir_deg": 175.613051888403,
  "ride_rain_flag": 0.0,
  "tent_rain_flag": 0.0,
  "daily_precip_sum": 0.6000000000000001,
  "daily_temp_mean": -1.0791666666666666,
  "daily_wind_mean": 13.720833333333333,
  "daily_wind_dir_deg": 170.45737757669906
}