{
  "samples_local": {
    "10": {
      "temp": 2.8,
      "precip": 0.0,
      "wind": 8.5,
      "wind_dir_deg": 193.0
    },
    "12": {
      "temp": 3.6,
      "precip": 0.0,
      "wind": 4.5,
      "wind_dir_deg": 151.0
    },
    "14": {
      "temp": 4.1,
      "precip": 0.0,
      "wind": 7.1,
      "wind_dir_deg": 139.0
    },
    "16": {
      "temp": 3.8,
      "precip": 0.0,
      "wind": 4.1,
      "wind_dir_deg": 119.0
    }
  },
  "ride_temp_mean": 3.5749999999999997,
  "ride_wind_mean": 6.05,
  "ride_wind_dir_deg": 156.48322918452266,
  "ride_rain_flag": 0.0,
  "tent_rain_flag": 1.0,
  "daily_precip_sum": 0.4,
  "daily_temp_mean": 2.9291666666666667,
  "daily_wind_mean": 5.766666666666667,
  "daily_wind_dir_deg": 164.64774527390045
}