{
  "samples_local": {
    "10": {
      "temp": 3.0,
      "precip": 0.0,
      "wind": 7.2,
      "wind_dir_deg": 192.0
    },
    "12": {
      "temp": 4.2,
      "precip": 0.0,
      "wind": 7.3,
      "wind_dir_deg": 147.0
    },
    "14": {
      "temp": 4.2,
      "precip": 0.0,
      "wind": 9.9,
      "wind_dir_deg": 136.0
    },
    "16": {
      "temp": 3.7,
      "precip": 0.0,
      "wind": 4.9,
      "wind_dir_deg": 129.0
    }
  },
  "ride_temp_mean": 3.7750000000000004,
  "ride_wind_mean": 7.325,
  "ride_wind_dir_deg": 150.60806950581048,
  "ride_rain_flag": 0.0,
  "tent_rain_flag": 0.0,
  "daily_precip_sum": 0.0,
  "daily_temp_mean": 2.9416666666666664,
  "daily_wind_mean": 8.304166666666667,
  "daily_wind_dir_deg": 162.1197847628615
}