{
  "samples_local": {
    "10": {
      "temp": 1.2,
      "precip": 0.0,
      "wind": 9.0,
      "wind_dir_deg": 165.0
    },
    "12": {
      "temp": 1.6,
      "precip": 0.2,
      "wind": 8.3,
      "wind_dir_deg": 166.0
    },
    "14": {
      "temp": 2.4,
      "precip": 0.0,
      "wind": 8.3,
      "wind_dir_deg": 147.0
    },
    "16": {
      "temp": 1.7,
      "precip": 0.0,
      "wind": 3.3,
      "wind_dir_deg": 144.0
    }
  },
  "ride_temp_mean": 1.725,
  "ride_wind_mean": 7.2250000000000005,
  "ride_wind_dir_deg": 157.73847435514278,
  "ride_rain_flag": 1.0,
  "tent_rain_flag": 0.0,
  "daily_precip_sum": 0.5,
  "daily_temp_mean": 1.5875000000000001,
  "daily_wind_mean": 7.170833333333333,
  "daily_wind_dir_deg": 164.70269874736653
}