{
  "samples_local": {
    "10": {
      "temp": 3.0,
      "precip": 0.0,
      "wind": 8.0,
      "wind_dir_deg": 164.0
    },
    "12": {
      "temp": 4.8,
      "precip": 0.0,
      "wind": 7.1,
      "wind_dir_deg": 165.0
    },
    "14": {
      "temp": 5.2,
      "precip": 0.1,
      "wind": 6.6,
      "wind_dir_deg": 154.0
    },
    "16": {
      "temp": 3.2,
      "precip": 0.0,
      "wind": 4.4,
      "wind_dir_deg": 128.0
    }
  },
  "ride_temp_mean": 4.05,
  "ride_wind_mean": 6.525,
  "ride_wind_dir_deg": 155.83781805413992,
  "ride_rain_flag": 0.0,
  "tent_rain_flag": 1.0,
  "daily_precip_sum": 0.30000000000000004,
  "daily_temp_mean": 2.8333333333333335,
  "daily_wind_mean": 7.208333333333333,
  "daily_wind_dir_deg": 161.2138646169658
}