{
  "samples_local": {
    "10": {
      "temp": 0.6,
      "precip": 0.0,
      "wind": 10.1,
      "wind_dir_deg": 183.0
    },
    "12": {
      "temp": 2.2,
      "precip": 0.0,
      "wind": 8.2,
      "wind_dir_deg": 189.0
    },
    "14": {
      "temp": 3.2,
      "precip": 0.0,
      "wind": 9.3,
      "wind_dir_deg": 195.0
    },
    "16": {
      "temp": 0.6,
      "precip": 0.0,
      "wind": 3.1,
      "wind_dir_deg": 126.0
    }
  },
  "ride_temp_mean": 1.6500000000000001,
  "ride_wind_mean": 7.675,
  "ride_wind_dir_deg": 183.37650485815269,
  "ride_rain_flag": 0.0,
  "tent_rain_flag": 0.0,
  "daily_precip_sum": 0.1,
  "daily_temp_mean": 0.9666666666666667,
  "daily_wind_mean": 7.658333333333334,
  "daily_wind_dir_deg": 142.33200306800018
}