{
  "ride_temp_mean": -0.47500000000000003,
  "ride_precip_sum": 0.0,
  "ride_wind_speed": 15.26221983627515,
  "ride_wind_dir": 283.416037009899,
  "tent_precip_sum": 7.1,
  "tent_temp_mean": -0.515
}