{
  "ride_temp_mean": -0.775,
  "ride_precip_sum": 0.0,
  "ride_wind_speed": 7.932351231886198,
  "ride_wind_dir": 43.66078547688494,
  "tent_precip_sum": 0.0,
  "tent_temp_mean": -1.56
}