{
  "ride_temp_mean": 1.8,
  "ride_precip_sum": 0.0,
  "ride_wind_speed": 12.639046082820471,
  "ride_wind_dir": 298.86823333562546,
  "tent_precip_sum": 0.0,
  "tent_temp_mean": -0.27
}