{
  "ride_temp_mean": 5.225,
  "ride_precip_sum": 0.5,
  "ride_wind_speed": 14.558568341001207,
  "ride_wind_dir": 264.21076476736494,
  "tent_precip_sum": 2.2,
  "tent_temp_mean": 5.21
}