{
  "ride_temp_mean": 3.5,
  "ride_precip_sum": 0.9,
  "ride_wind_speed": 23.666636221238743,
  "ride_wind_dir": 261.1580756710174,
  "tent_precip_sum": 19.9,
  "tent_temp_mean": 4.36
}