{
  "ride_temp_mean": 8.1,
  "ride_precip_sum": 1.5,
  "ride_wind_speed": 29.400063338172114,
  "ride_wind_dir": 238.4292461051931,
  "tent_precip_sum": 7.6,
  "tent_temp_mean": 7.505
}