{
  "ride_temp_mean": -4.2,
  "ride_precip_sum": 0.2,
  "ride_wind_speed": 6.147282268793764,
  "ride_wind_dir": 244.85462244120708,
  "tent_precip_sum": 2.7,
  "tent_temp_mean": -5.3
}