{
  "ride_temp_mean": 5.625,
  "ride_precip_sum": 0.0,
  "ride_wind_speed": 13.688544219490485,
  "ride_wind_dir": 225.76642168427412,
  "tent_precip_sum": 0.2,
  "tent_temp_mean": 3.75
}