{
  "ride_temp_mean": -0.8,
  "ride_precip_sum": 1.7999999999999998,
  "ride_wind_speed": 4.133917526007891,
  "ride_wind_dir": 359.9306077081737,
  "tent_precip_sum": 7.6,
  "tent_temp_mean": -3.35
}