{
  "ride_temp_mean": 1.75,
  "ride_precip_sum": 0.2,
  "ride_wind_speed": 2.48838418405857,
  "ride_wind_dir": 139.62799824034653,
  "tent_precip_sum": 12.2,
  "tent_temp_mean": -0.33
}