{
  "ride_temp_mean": 9.075,
  "ride_precip_sum": 0.0,
  "ride_wind_speed": 21.072411787082597,
  "ride_wind_dir": 225.57978320248793,
  "tent_precip_sum": 2.2,
  "tent_temp_mean": 7.25
}