{
  "ride_temp_mean": 5.7,
  "ride_precip_sum": 0.0,
  "ride_wind_speed": 8.88192849202511,
  "ride_wind_dir": 207.08554396895312,
  "tent_precip_sum": 0.0,
  "tent_temp_mean": 2.69
}