{
  "ride_temp_mean": 8.95,
  "ride_precip_sum": 0.0,
  "ride_wind_speed": 12.350927610043192,
  "ride_wind_dir": 39.37635231151421,
  "tent_precip_sum": 0.5,
  "tent_temp_mean": 9.305
}