{
  "ride_temp_mean": 14.25,
  "ride_precip_sum": 0.0,
  "ride_wind_speed": 35.35872952203077,
  "ride_wind_dir": 251.6331970683916,
  "tent_precip_sum": 1.0,
  "tent_temp_mean": 14.325
}