{
  "ride_temp_mean": 12.7,
  "ride_precip_sum": 0.0,
  "ride_wind_speed": 31.784382873828026,
  "ride_wind_dir": 219.1933570531759,
  "tent_precip_sum": 0.0,
  "tent_temp_mean": 12.4
}