{
  "ride_temp_mean": 3.7750000000000004,
  "ride_precip_sum": 0.30000000000000004,
  "ride_wind_speed": 3.3771377735955315,
  "ride_wind_dir": 195.16832458100876,
  "tent_precip_sum": 2.3000000000000003,
  "tent_temp_mean": 2.575
}