{
  "ride_temp_mean": 7.725,
  "ride_precip_sum": 0.0,
  "ride_wind_speed": 10.54836585502712,
  "ride_wind_dir": 336.0492769064256,
  "tent_precip_sum": 1.8,
  "tent_temp_mean": 6.11
}