{
  "ride_temp_mean": 8.75,
  "ride_precip_sum": 0.0,
  "ride_wind_speed": 4.616790418997073,
  "ride_wind_dir": 257.3452378024368,
  "tent_precip_sum": 0.0,
  "tent_temp_mean": 6.9799999999999995
}