{
  "ride_temp_mean": 27.114285714285717,
  "ride_wind_mean": 10.957142857142857,
  "ride_rain_flag": 1.0,
  "tent_rain_flag": 0.0
}