{
  "samples_local": {
    "10": {
      "temp": 11.8,
      "precip": 0.0,
      "wind": 45.0,
      "wind_dir_deg": 48.0
    },
    "12": {
      "temp": 11.4,
      "precip": 0.4,
      "wind": 42.6,
      "wind_dir_deg": 64.0
    },
    "14": {
      "temp": 11.4,
      "precip": 0.0,
      "wind": 35.1,
      "wind_dir_deg": 89.0
    },
    "16": {
      "temp": 10.8,
      "precip": 0.0,
      "wind": 36.9,
      "wind_dir_deg": 123.0
    }
  },
  "ride_temp_mean": 11.350000000000001,
  "ride_wind_mean": 39.9,
  "ride_wind_dir_deg": 77.99339525000926,
  "ride_rain_flag": 1.0,
  "tent_rain_flag": 1.0,
  "daily_precip_sum": 1.3,
  "daily_temp_mean": 10.933333333333332,
  "daily_wind_mean": 33.237500000000004,
  "daily_wind_dir_deg": 88.5630574795399
}