{
  "ride_temp_mean": 8.885714285714286,
  "ride_wind_mean": 21.842857142857145,
  "ride_rain_flag": 1.0,
  "tent_rain_flag": 1.0
}