{
  "ride_temp_mean": 7.871428571428572,
  "ride_wind_mean": 25.528571428571432,
  "ride_rain_flag": 1.0,
  "tent_rain_flag": 1.0
}