{
  "ride_temp_mean": 12.299999999999999,
  "ride_wind_mean": 15.714285714285714,
  "ride_rain_flag": 0.0,
  "tent_rain_flag": 0.0
}