{
  "ride_temp_mean": 11.828571428571427,
  "ride_wind_mean": 13.299999999999999,
  "ride_rain_flag": 0.0,
  "tent_rain_flag": 1.0
}