{
  "ride_temp_mean": 8.385714285714286,
  "ride_wind_mean": 14.814285714285715,
  "ride_rain_flag": 0.0,
  "tent_rain_flag": 1.0
}