{
  "samples_local": {
    "10": {
      "temp": 12.0,
      "precip": 0.0,
      "wind": 25.8,
      "wind_dir_deg": 74.0
    },
    "12": {
      "temp": 12.3,
      "precip": 0.1,
      "wind": 27.4,
      "wind_dir_deg": 78.0
    },
    "14": {
      "temp": 12.4,
      "precip": 0.0,
      "wind": 33.4,
      "wind_dir_deg": 72.0
    },
    "16": {
      "temp": 12.6,
      "precip": 0.0,
      "wind": 32.6,
      "wind_dir_deg": 76.0
    }
  },
  "ride_temp_mean": 12.325,
  "ride_wind_mean": 29.8,
  "ride_wind_dir_deg": 74.90603374904526,
  "ride_rain_flag": 0.0,
  "tent_rain_flag": 1.0,
  "daily_precip_sum": 0.7000000000000001,
  "daily_temp_mean": 12.145833333333334,
  "daily_wind_mean": 27.054166666666664,
  "daily_wind_dir_deg": 89.33500795474532
}