{
  "ride_temp_mean": 8.82857142857143,
  "ride_wind_mean": 11.271428571428572,
  "ride_rain_flag": 0.0,
  "tent_rain_flag": 1.0
}