{
  "ride_temp_mean": 7.728571428571429,
  "ride_wind_mean": 9.014285714285714,
  "ride_rain_flag": 0.0,
  "tent_rain_flag": 1.0
}