{
  "ride_temp_mean": 12.200000000000001,
  "ride_wind_mean": 26.942857142857143,
  "ride_rain_flag": 0.0,
  "tent_rain_flag": 0.0
}