{
  "ride_temp_mean": 8.985714285714286,
  "ride_wind_mean": 7.428571428571429,
  "ride_rain_flag": 0.0,
  "tent_rain_flag": 1.0
}