{
  "ride_temp_mean": 7.814285714285714,
  "ride_wind_mean": 18.157142857142855,
  "ride_rain_flag": 0.0,
  "tent_rain_flag": 1.0
}