{
  "ride_temp_mean": 8.171428571428573,
  "ride_wind_mean": 28.099999999999998,
  "ride_rain_flag": 1.0,
  "tent_rain_flag": 1.0
}