{
  "ride_temp_mean": 26.985714285714288,
  "ride_wind_mean": 12.585714285714285,
  "ride_rain_flag": 1.0,
  "tent_rain_flag": 0.0
}