{
  "ride_temp_mean": 1.3250000000000002,
  "ride_precip_sum": 1.1,
  "ride_wind_speed": 5.526828468695177,
  "ride_wind_dir": 316.99570663581017,
  "tent_precip_sum": 4.1,
  "tent_temp_mean": 1.215
}