{
  "ride_temp_mean": 2.85,
  "ride_precip_sum": 0.0,
  "ride_wind_speed": 23.482977975087906,
  "ride_wind_dir": 260.10117610308635,
  "tent_precip_sum": 2.1,
  "tent_temp_mean": 4.1
}