{
  "ride_temp_mean": 9.95,
  "ride_precip_sum": 3.5,
  "ride_wind_speed": 28.569207983766717,
  "ride_wind_dir": 232.49383941870389,
  "tent_precip_sum": 12.5,
  "tent_temp_mean": 9.315000000000001
}