{
  "ride_temp_mean": -0.6,
  "ride_precip_sum": 0.2,
  "ride_wind_speed": 7.046736867158717,
  "ride_wind_dir": 243.34681958245045,
  "tent_precip_sum": 0.8,
  "tent_temp_mean": -1.405
}