{
  "samples_local": {
    "10": {
      "temp": 18.4,
      "precip": 0.0,
      "wind": 25.1,
      "wind_dir_deg": 235.0
    },
    "12": {
      "temp": 20.5,
      "precip": 0.0,
      "wind": 27.5,
      "wind_dir_deg": 244.0
    },
    "14": {
      "temp": 21.8,
      "precip": 0.0,
      "wind": 29.8,
      "wind_dir_deg": 247.0
    },
    "16": {
      "temp": 21.9,
      "precip": 0.0,
      "wind": 26.8,
      "wind_dir_deg": 253.0
    }
  },
  "ride_temp_mean": 20.65,
  "ride_wind_mean": 27.3,
  "ride_wind_dir_deg": 244.96375112565505,
  "ride_rain_flag": 0.0,
  "tent_rain_flag": 0.0,
  "daily_precip_sum": 0.0,
  "daily_temp_mean": 17.629166666666666,
  "daily_wind_mean": 23.795833333333334,
  "daily_wind_dir_deg": 241.40031637969025
}