{
  "samples_local": {
    "10": {
      "temp": 15.2,
      "precip": 0.0,
      "wind": 16.9,
      "wind_dir_deg": 258.0
    },
    "12": {
      "temp": 18.5,
      "precip": 0.0,
      "wind": 21.3,
      "wind_dir_deg": 267.0
    },
    "14": {
      "temp": 19.0,
      "precip": 0.1,
      "wind": 22.3,
      "wind_dir_deg": 268.0
    },
    "16": {
      "temp": 17.9,
      "precip": 0.0,
      "wind": 19.8,
      "wind_dir_deg": 254.0
    }
  },
  "ride_temp_mean": 17.65,
  "ride_wind_mean": 20.075,
  "ride_wind_dir_deg": 262.1814295588848,
  "ride_rain_flag": 0.0,
  "tent_rain_flag": 0.0,
  "daily_precip_sum": 0.2,
  "daily_temp_mean": 13.424999999999999,
  "daily_wind_mean": 15.616666666666667,
  "daily_wind_dir_deg": 260.98813230102525
}