{
  "samples_local": {
    "10": {
      "temp": 13.8,
      "precip": 0.0,
      "wind": 25.6,
      "wind_dir_deg": 269.0
    },
    "12": {
      "temp": 15.4,
      "precip": 0.0,
      "wind": 24.9,
      "wind_dir_deg": 268.0
    },
    "14": {
      "temp": 17.0,
      "precip": 0.0,
      "wind": 25.6,
      "wind_dir_deg": 271.0
    },
    "16": {
      "temp": 16.6,
      "precip": 0.0,
      "wind": 22.0,
      "wind_dir_deg": 270.0
    }
  },
  "ride_temp_mean": 15.700000000000001,
  "ride_wind_mean": 24.525,
  "ride_wind_dir_deg": 269.4923522599961,
  "ride_rain_flag": 0.0,
  "tent_rain_flag": 0.0,
  "daily_precip_sum": 0.0,
  "daily_temp_mean": 12.9375,
  "daily_wind_mean": 23.483333333333334,
  "daily_wind_dir_deg": 270.9754880333115
}