{
  "samples_local": {
    "10": {
      "temp": 17.1,
      "precip": 0.0,
      "wind": 17.6,
      "wind_dir_deg": 259.0
    },
    "12": {
      "temp": 20.2,
      "precip": 0.0,
      "wind": 26.1,
      "wind_dir_deg": 263.0
    },
    "14": {
      "temp": 20.9,
      "precip": 0.1,
      "wind": 28.1,
      "wind_dir_deg": 267.0
    },
    "16": {
      "temp": 20.6,
      "precip": 0.0,
      "wind": 25.5,
      "wind_dir_deg": 261.0
    }
  },
  "ride_temp_mean": 19.7,
  "ride_wind_mean": 24.325000000000003,
  "ride_wind_dir_deg": 262.90713746330186,
  "ride_rain_flag": 0.0,
  "tent_rain_flag": 0.0,
  "daily_precip_sum": 0.1,
  "daily_temp_mean": 15.758333333333333,
  "daily_wind_mean": 18.849999999999998,
  "daily_wind_dir_deg": 255.62336813520733
}