{
  "samples_local": {
    "10": {
      "temp": 18.4,
      "precip": 0.0,
      "wind": 24.3,
      "wind_dir_deg": 238.0
    },
    "12": {
      "temp": 21.0,
      "precip": 0.0,
      "wind": 27.0,
      "wind_dir_deg": 243.0
    },
    "14": {
      "temp": 21.2,
      "precip": 0.1,
      "wind": 27.3,
      "wind_dir_deg": 254.0
    },
    "16": {
      "temp": 22.1,
      "precip": 0.0,
      "wind": 26.4,
      "wind_dir_deg": 242.0
    }
  },
  "ride_temp_mean": 20.675,
  "ride_wind_mean": 26.25,
  "ride_wind_dir_deg": 244.44328969361578,
  "ride_rain_flag": 0.0,
  "tent_rain_flag": 0.0,
  "daily_precip_sum": 0.1,
  "daily_temp_mean": 17.841666666666665,
  "daily_wind_mean": 22.129166666666666,
  "daily_wind_dir_deg": 238.0654027194238
}