{
  "samples_local": {
    "10": {
      "temp": 18.2,
      "precip": 0.0,
      "wind": 19.4,
      "wind_dir_deg": 248.0
    },
    "12": {
      "temp": 20.6,
      "precip": 0.0,
      "wind": 24.0,
      "wind_dir_deg": 262.0
    },
    "14": {
      "temp": 20.9,
      "precip": 0.0,
      "wind": 27.8,
      "wind_dir_deg": 267.0
    },
    "16": {
      "temp": 20.7,
      "precip": 0.0,
      "wind": 24.6,
      "wind_dir_deg": 263.0
    }
  },
  "ride_temp_mean": 20.1,
  "ride_wind_mean": 23.95,
  "ride_wind_dir_deg": 260.89112412124217,
  "ride_rain_flag": 0.0,
  "tent_rain_flag": 0.0,
  "daily_precip_sum": 0.0,
  "daily_temp_mean": 16.729166666666668,
  "daily_wind_mean": 19.808333333333334,
  "daily_wind_dir_deg": 252.7033624518006
}