{
  "samples_local": {
    "10": {
      "temp": 18.2,
      "precip": 0.0,
      "wind": 12.3,
      "wind_dir_deg": 230.0
    },
    "12": {
      "temp": 21.6,
      "precip": 0.0,
      "wind": 15.1,
      "wind_dir_deg": 232.0
    },
    "14": {
      "temp": 20.5,
      "precip": 0.1,
      "wind": 18.3,
      "wind_dir_deg": 238.0
    },
    "16": {
      "temp": 21.2,
      "precip": 0.0,
      "wind": 18.0,
      "wind_dir_deg": 237.0
    }
  },
  "ride_temp_mean": 20.375,
  "ride_wind_mean": 15.925,
  "ride_wind_dir_deg": 234.7510306537322,
  "ride_rain_flag": 0.0,
  "tent_rain_flag": 1.0,
  "daily_precip_sum": 0.5,
  "daily_temp_mean": 16.775000000000002,
  "daily_wind_mean": 13.075000000000001,
  "daily_wind_dir_deg": 236.16431720077884
}