{
  "samples_local": {
    "10": {
      "temp": 16.4,
      "precip": 0.0,
      "wind": 10.3,
      "wind_dir_deg": 241.0
    },
    "12": {
      "temp": 19.5,
      "precip": 0.0,
      "wind": 11.0,
      "wind_dir_deg": 232.0
    },
    "14": {
      "temp": 20.5,
      "precip": 0.0,
      "wind": 12.4,
      "wind_dir_deg": 240.0
    },
    "16": {
      "temp": 21.2,
      "precip": 0.0,
      "wind": 12.6,
      "wind_dir_deg": 239.0
    }
  },
  "ride_temp_mean": 19.4,
  "ride_wind_mean": 11.575,
  "ride_wind_dir_deg": 238.0519465337174,
  "ride_rain_flag": 0.0,
  "tent_rain_flag": 0.0,
  "daily_precip_sum": 0.0,
  "daily_temp_mean": 16.254166666666666,
  "daily_wind_mean": 11.924999999999999,
  "daily_wind_dir_deg": 236.63053860832014
}