{
  "samples_local": {
    "10": {
      "temp": 19.0,
      "precip": 0.0,
      "wind": 20.7,
      "wind_dir_deg": 250.0
    },
    "12": {
      "temp": 21.0,
      "precip": 0.0,
      "wind": 21.7,
      "wind_dir_deg": 251.0
    },
    "14": {
      "temp": 21.4,
      "precip": 0.0,
      "wind": 24.4,
      "wind_dir_deg": 256.0
    },
    "16": {
      "temp": 21.1,
      "precip": 0.0,
      "wind": 21.9,
      "wind_dir_deg": 253.0
    }
  },
  "ride_temp_mean": 20.625,
  "ride_wind_mean": 22.174999999999997,
  "ride_wind_dir_deg": 252.63559004234014,
  "ride_rain_flag": 0.0,
  "tent_rain_flag": 0.0,
  "daily_precip_sum": 0.0,
  "daily_temp_mean": 17.520833333333332,
  "daily_wind_mean": 19.954166666666666,
  "daily_wind_dir_deg": 249.83672868062433
}