{
  "samples_local": {
    "10": {
      "temp": 20.2,
      "precip": 0.0,
      "wind": 10.2,
      "wind_dir_deg": 225.0
    },
    "12": {
      "temp": 23.2,
      "precip": 0.0,
      "wind": 13.0,
      "wind_dir_deg": 224.0
    },
    "14": {
      "temp": 23.0,
      "precip": 0.0,
      "wind": 10.9,
      "wind_dir_deg": 224.0
    },
    "16": {
      "temp": 22.7,
      "precip": 0.0,
      "wind": 15.0,
      "wind_dir_deg": 215.0
    }
  },
  "ride_temp_mean": 22.275,
  "ride_wind_mean": 12.275,
  "ride_wind_dir_deg": 221.46155878103616,
  "ride_rain_flag": 0.0,
  "tent_rain_flag": 0.0,
  "daily_precip_sum": 0.0,
  "daily_temp_mean": 17.641666666666666,
  "daily_wind_mean": 13.208333333333334,
  "daily_wind_dir_deg": 220.61823328426232
}