{
  "samples_local": {
    "10": {
      "temp": 18.2,
      "precip": 0.0,
      "wind": 14.4,
      "wind_dir_deg": 248.0
    },
    "12": {
      "temp": 21.3,
      "precip": 0.0,
      "wind": 16.1,
      "wind_dir_deg": 246.0
    },
    "14": {
      "temp": 21.0,
      "precip": 0.0,
      "wind": 17.2,
      "wind_dir_deg": 233.0
    },
    "16": {
      "temp": 21.0,
      "precip": 0.2,
      "wind": 20.1,
      "wind_dir_deg": 241.0
    }
  },
  "ride_temp_mean": 20.375,
  "ride_wind_mean": 16.95,
  "ride_wind_dir_deg": 241.64911764044928,
  "ride_rain_flag": 1.0,
  "tent_rain_flag": 0.0,
  "daily_precip_sum": 0.4,
  "daily_temp_mean": 17.158333333333335,
  "daily_wind_mean": 12.408333333333333,
  "daily_wind_dir_deg": 238.26875853254975
}