{
  "samples_local": {
    "10": {
      "temp": 20.0,
      "precip": 0.0,
      "wind": 11.3,
      "wind_dir_deg": 243.0
    },
    "12": {
      "temp": 23.5,
      "precip": 0.0,
      "wind": 13.5,
      "wind_dir_deg": 241.0
    },
    "14": {
      "temp": 23.5,
      "precip": 0.0,
      "wind": 15.9,
      "wind_dir_deg": 232.0
    },
    "16": {
      "temp": 23.4,
      "precip": 0.0,
      "wind": 17.4,
      "wind_dir_deg": 230.0
    }
  },
  "ride_temp_mean": 22.6,
  "ride_wind_mean": 14.525,
  "ride_wind_dir_deg": 235.62926707577992,
  "ride_rain_flag": 0.0,
  "tent_rain_flag": 0.0,
  "daily_precip_sum": 0.0,
  "daily_temp_mean": 18.566666666666666,
  "daily_wind_mean": 14.608333333333334,
  "daily_wind_dir_deg": 227.97354788170293
}