{
  "samples_local": {
    "10": {
      "temp": 18.9,
      "precip": 0.0,
      "wind": 11.5,
      "wind_dir_deg": 219.0
    },
    "12": {
      "temp": 22.7,
      "precip": 0.0,
      "wind": 14.3,
      "wind_dir_deg": 229.0
    },
    "14": {
      "temp": 22.9,
      "precip": 0.0,
      "wind": 18.1,
      "wind_dir_deg": 223.0
    },
    "16": {
      "temp": 23.5,
      "precip": 0.0,
      "wind": 18.5,
      "wind_dir_deg": 246.0
    }
  },
  "ride_temp_mean": 22.0,
  "ride_wind_mean": 15.600000000000001,
  "ride_wind_dir_deg": 230.41996852594767,
  "ride_rain_flag": 0.0,
  "tent_rain_flag": 0.0,
  "daily_precip_sum": 0.0,
  "daily_temp_mean": 18.241666666666667,
  "daily_wind_mean": 13.6875,
  "daily_wind_dir_deg": 222.16915746099073
}