{
  "samples_local": {
    "10": {
      "temp": 17.8,
      "precip": 0.0,
      "wind": 10.8,
      "wind_dir_deg": 249.0
    },
    "12": {
      "temp": 20.0,
      "precip": 0.0,
      "wind": 12.4,
      "wind_dir_deg": 234.0
    },
    "14": {
      "temp": 19.6,
      "precip": 0.0,
      "wind": 13.5,
      "wind_dir_deg": 245.0
    },
    "16": {
      "temp": 18.6,
      "precip": 0.0,
      "wind": 16.6,
      "wind_dir_deg": 240.0
    }
  },
  "ride_temp_mean": 19.0,
  "ride_wind_mean": 13.325000000000001,
  "ride_wind_dir_deg": 241.69516744790147,
  "ride_rain_flag": 0.0,
  "tent_rain_flag": 0.0,
  "daily_precip_sum": 0.0,
  "daily_temp_mean": 15.6875,
  "daily_wind_mean": 12.033333333333333,
  "daily_wind_dir_deg": 241.59895320657307
}