{
  "samples_local": {
    "10": {
      "temp": 16.9,
      "precip": 0.0,
      "wind": 10.3,
      "wind_dir_deg": 241.0
    },
    "12": {
      "temp": 20.3,
      "precip": 0.0,
      "wind": 10.7,
      "wind_dir_deg": 230.0
    },
    "14": {
      "temp": 20.4,
      "precip": 0.0,
      "wind": 11.6,
      "wind_dir_deg": 244.0
    },
    "16": {
      "temp": 20.8,
      "precip": 0.0,
      "wind": 12.1,
      "wind_dir_deg": 233.0
    }
  },
  "ride_temp_mean": 19.6,
  "ride_wind_mean": 11.175,
  "ride_wind_dir_deg": 236.97954519592753,
  "ride_rain_flag": 0.0,
  "tent_rain_flag": 0.0,
  "daily_precip_sum": 0.0,
  "daily_temp_mean": 16.016666666666666,
  "daily_wind_mean": 12.533333333333333,
  "daily_wind_dir_deg": 235.29160344989336
}