{
  "samples_local": {
    "10": {
      "temp": 17.4,
      "precip": 0.0,
      "wind": 14.0,
      "wind_dir_deg": 244.0
    },
    "12": {
      "temp": 20.2,
      "precip": 0.0,
      "wind": 14.7,
      "wind_dir_deg": 242.0
    },
    "14": {
      "temp": 19.5,
      "precip": 0.0,
      "wind": 16.5,
      "wind_dir_deg": 247.0
    },
    "16": {
      "temp": 19.7,
      "precip": 0.0,
      "wind": 16.1,
      "wind_dir_deg": 243.0
    }
  },
  "ride_temp_mean": 19.2,
  "ride_wind_mean": 15.325,
  "ride_wind_dir_deg": 244.06503072401733,
  "ride_rain_flag": 0.0,
  "tent_rain_flag": 0.0,
  "daily_precip_sum": 0.0,
  "daily_temp_mean": 16.370833333333334,
  "daily_wind_mean": 14.320833333333333,
  "daily_wind_dir_deg": 242.3809688682789
}