{
  "samples_local": {
    "10": {
      "temp": 17.7,
      "precip": 0.0,
      "wind": 9.7,
      "wind_dir_deg": 231.0
    },
    "12": {
      "temp": 21.0,
      "precip": 0.0,
      "wind": 11.0,
      "wind_dir_deg": 218.0
    },
    "14": {
      "temp": 21.2,
      "precip": 0.0,
      "wind": 10.5,
      "wind_dir_deg": 232.0
    },
    "16": {
      "temp": 22.0,
      "precip": 0.0,
      "wind": 13.0,
      "wind_dir_deg": 222.0
    }
  },
  "ride_temp_mean": 20.475,
  "ride_wind_mean": 11.05,
  "ride_wind_dir_deg": 225.35525208674778,
  "ride_rain_flag": 0.0,
  "tent_rain_flag": 0.0,
  "daily_precip_sum": 0.0,
  "daily_temp_mean": 16.704166666666666,
  "daily_wind_mean": 12.066666666666668,
  "daily_wind_dir_deg": 225.8895157895476
}