{
  "samples_local": {
    "10": {
      "temp": 18.0,
      "precip": 0.0,
      "wind": 14.6,
      "wind_dir_deg": 250.0
    },
    "12": {
      "temp": 19.1,
      "precip": 0.0,
      "wind": 15.2,
      "wind_dir_deg": 239.0
    },
    "14": {
      "temp": 17.5,
      "precip": 0.0,
      "wind": 16.5,
      "wind_dir_deg": 238.0
    },
    "16": {
      "temp": 17.1,
      "precip": 0.0,
      "wind": 17.2,
      "wind_dir_deg": 233.0
    }
  },
  "ride_temp_mean": 17.925,
  "ride_wind_mean": 15.875,
  "ride_wind_dir_deg": 239.6351933041774,
  "ride_rain_flag": 0.0,
  "tent_rain_flag": 0.0,
  "daily_precip_sum": 0.0,
  "daily_temp_mean": 15.683333333333332,
  "daily_wind_mean": 13.987499999999999,
  "daily_wind_dir_deg": 235.21366303951066
}