{
  "samples_local": {
    "10": {
      "temp": 20.4,
      "precip": 0.0,
      "wind": 10.2,
      "wind_dir_deg": 228.0
    },
    "12": {
      "temp": 23.3,
      "precip": 0.0,
      "wind": 13.2,
      "wind_dir_deg": 225.0
    },
    "14": {
      "temp": 23.3,
      "precip": 0.0,
      "wind": 11.7,
      "wind_dir_deg": 225.0
    },
    "16": {
      "temp": 22.8,
      "precip": 0.0,
      "wind": 16.0,
      "wind_dir_deg": 216.0
    }
  },
  "ride_temp_mean": 22.45,
  "ride_wind_mean": 12.774999999999999,
  "ride_wind_dir_deg": 222.78407515959438,
  "ride_rain_flag": 0.0,
  "tent_rain_flag": 0.0,
  "daily_precip_sum": 0.0,
  "daily_temp_mean": 17.837500000000002,
  "daily_wind_mean": 12.966666666666667,
  "daily_wind_dir_deg": 222.94033416455048
}