{
  "samples_local": {
    "10": {
      "temp": 19.6,
      "precip": 0.0,
      "wind": 9.4,
      "wind_dir_deg": 227.0
    },
    "12": {
      "temp": 22.2,
      "precip": 0.0,
      "wind": 10.6,
      "wind_dir_deg": 235.0
    },
    "14": {
      "temp": 22.4,
      "precip": 0.0,
      "wind": 11.7,
      "wind_dir_deg": 223.0
    },
    "16": {
      "temp": 21.4,
      "precip": 0.0,
      "wind": 16.4,
      "wind_dir_deg": 218.0
    }
  },
  "ride_temp_mean": 21.4,
  "ride_wind_mean": 12.024999999999999,
  "ride_wind_dir_deg": 224.71443909041784,
  "ride_rain_flag": 0.0,
  "tent_rain_flag": 0.0,
  "daily_precip_sum": 0.0,
  "daily_temp_mean": 17.070833333333333,
  "daily_wind_mean": 11.920833333333334,
  "daily_wind_dir_deg": 222.80196313989725
}