{
  "samples_local": {
    "10": {
      "temp": 19.7,
      "precip": 0.0,
      "wind": 8.8,
      "wind_dir_deg": 215.0
    },
    "12": {
      "temp": 23.5,
      "precip": 0.0,
      "wind": 11.2,
      "wind_dir_deg": 222.0
    },
    "14": {
      "temp": 23.1,
      "precip": 0.0,
      "wind": 10.4,
      "wind_dir_deg": 226.0
    },
    "16": {
      "temp": 23.4,
      "precip": 0.0,
      "wind": 13.3,
      "wind_dir_deg": 221.0
    }
  },
  "ride_temp_mean": 22.425,
  "ride_wind_mean": 10.925,
  "ride_wind_dir_deg": 221.23915897766616,
  "ride_rain_flag": 0.0,
  "tent_rain_flag": 0.0,
  "daily_precip_sum": 0.0,
  "daily_temp_mean": 17.958333333333332,
  "daily_wind_mean": 11.558333333333332,
  "daily_wind_dir_deg": 222.22266083789614
}