{
  "samples_local": {
    "10": {
      "temp": 18.5,
      "precip": 0.0,
      "wind": 19.1,
      "wind_dir_deg": 234.0
    },
    "12": {
      "temp": 21.4,
      "precip": 0.0,
      "wind": 22.6,
      "wind_dir_deg": 239.0
    },
    "14": {
      "temp": 21.4,
      "precip": 0.0,
      "wind": 23.7,
      "wind_dir_deg": 244.0
    },
    "16": {
      "temp": 21.4,
      "precip": 0.0,
      "wind": 23.2,
      "wind_dir_deg": 237.0
    }
  },
  "ride_temp_mean": 20.674999999999997,
  "ride_wind_mean": 22.15,
  "ride_wind_dir_deg": 238.73514139712498,
  "ride_rain_flag": 0.0,
  "tent_rain_flag": 0.0,
  "daily_precip_sum": 0.0,
  "daily_temp_mean": 17.545833333333334,
  "daily_wind_mean": 19.195833333333333,
  "daily_wind_dir_deg": 232.75995498602913
}