{
  "samples_local": {
    "10": {
      "temp": 19.5,
      "precip": 0.0,
      "wind": 12.9,
      "wind_dir_deg": 243.0
    },
    "12": {
      "temp": 22.8,
      "precip": 0.0,
      "wind": 14.2,
      "wind_dir_deg": 243.0
    },
    "14": {
      "temp": 23.6,
      "precip": 0.0,
      "wind": 17.2,
      "wind_dir_deg": 237.0
    },
    "16": {
      "temp": 23.5,
      "precip": 0.0,
      "wind": 16.9,
      "wind_dir_deg": 250.0
    }
  },
  "ride_temp_mean": 22.35,
  "ride_wind_mean": 15.299999999999999,
  "ride_wind_dir_deg": 243.24589037082958,
  "ride_rain_flag": 0.0,
  "tent_rain_flag": 0.0,
  "daily_precip_sum": 0.1,
  "daily_temp_mean": 18.316666666666666,
  "daily_wind_mean": 12.941666666666668,
  "daily_wind_dir_deg": 240.2252281468821
}