{
  "samples_local": {
    "10": {
      "temp": 16.7,
      "precip": 0.0,
      "wind": 16.8,
      "wind_dir_deg": 247.0
    },
    "12": {
      "temp": 20.3,
      "precip": 0.0,
      "wind": 15.9,
      "wind_dir_deg": 232.0
    },
    "14": {
      "temp": 20.9,
      "precip": 0.0,
      "wind": 19.6,
      "wind_dir_deg": 234.0
    },
    "16": {
      "temp": 20.7,
      "precip": 0.0,
      "wind": 22.1,
      "wind_dir_deg": 246.0
    }
  },
  "ride_temp_mean": 19.65,
  "ride_wind_mean": 18.6,
  "ride_wind_dir_deg": 240.07434082141688,
  "ride_rain_flag": 0.0,
  "tent_rain_flag": 1.0,
  "daily_precip_sum": 0.3,
  "daily_temp_mean": 16.304166666666667,
  "daily_wind_mean": 12.804166666666667,
  "daily_wind_dir_deg": 239.38919902728293
}