{
  "samples_local": {
    "10": {
      "temp": 17.4,
      "precip": 0.0,
      "wind": 16.9,
      "wind_dir_deg": 232.0
    },
    "12": {
      "temp": 20.0,
      "precip": 0.0,
      "wind": 20.0,
      "wind_dir_deg": 232.0
    },
    "14": {
      "temp": 21.5,
      "precip": 0.0,
      "wind": 20.0,
      "wind_dir_deg": 232.0
    },
    "16": {
      "temp": 21.9,
      "precip": 0.0,
      "wind": 20.2,
      "wind_dir_deg": 230.0
    }
  },
  "ride_temp_mean": 20.2,
  "ride_wind_mean": 19.275,
  "ride_wind_dir_deg": 231.47604257285963,
  "ride_rain_flag": 0.0,
  "tent_rain_flag": 0.0,
  "daily_precip_sum": 0.0,
  "daily_temp_mean": 17.349999999999998,
  "daily_wind_mean": 18.016666666666666,
  "daily_wind_dir_deg": 233.98088212104548
}