{
  "samples_local": {
    "10": {
      "temp": 10.1,
      "precip": 0.0,
      "wind": 11.7,
      "wind_dir_deg": 316.0
    },
    "12": {
      "temp": 13.1,
      "precip": 0.0,
      "wind": 12.4,
      "wind_dir_deg": 313.0
    },
    "14": {
      "temp": 14.0,
      "precip": 0.0,
      "wind": 12.7,
      "wind_dir_deg": 316.0
    },
    "16": {
      "temp": 12.9,
      "precip": 0.0,
      "wind": 14.9,
      "wind_dir_deg": 341.0
    }
  },
  "ride_temp_mean": 12.525,
  "ride_wind_mean": 12.925,
  "ride_wind_dir_deg": 322.40838982893587,
  "ride_rain_flag": 0.0,
  "tent_rain_flag": 0.0,
  "daily_precip_sum": 0.0,
  "daily_temp_mean": 10.329166666666667,
  "daily_wind_mean": 13.466666666666667,
  "daily_wind_dir_deg": 321.41613568266496
}