{
  "samples_local": {
    "10": {
      "temp": 8.2,
      "precip": 0.0,
      "wind": 14.9,
      "wind_dir_deg": 345.0
    },
    "12": {
      "temp": 11.6,
      "precip": 0.0,
      "wind": 12.5,
      "wind_dir_deg": 345.0
    },
    "14": {
      "temp": 12.8,
      "precip": 0.0,
      "wind": 14.2,
      "wind_dir_deg": 351.0
    },
    "16": {
      "temp": 11.5,
      "precip": 0.0,
      "wind": 14.8,
      "wind_dir_deg": 14.0
    }
  },
  "ride_temp_mean": 11.025,
  "ride_wind_mean": 14.1,
  "ride_wind_dir_deg": 354.0336843229781,
  "ride_rain_flag": 0.0,
  "tent_rain_flag": 0.0,
  "daily_precip_sum": 0.0,
  "daily_temp_mean": 8.520833333333334,
  "daily_wind_mean": 12.783333333333333,
  "daily_wind_dir_deg": 0.33650396413275985
}