{
  "samples_local": {
    "10": {
      "temp": 7.7,
      "precip": 0.0,
      "wind": 13.8,
      "wind_dir_deg": 348.0
    },
    "12": {
      "temp": 11.1,
      "precip": 0.0,
      "wind": 14.4,
      "wind_dir_deg": 359.0
    },
    "14": {
      "temp": 12.2,
      "precip": 0.0,
      "wind": 12.3,
      "wind_dir_deg": 342.0
    },
    "16": {
      "temp": 10.7,
      "precip": 0.0,
      "wind": 12.6,
      "wind_dir_deg": 2.0
    }
  },
  "ride_temp_mean": 10.424999999999999,
  "ride_wind_mean": 13.275,
  "ride_wind_dir_deg": 352.9200111919863,
  "ride_rain_flag": 0.0,
  "tent_rain_flag": 0.0,
  "daily_precip_sum": 0.0,
  "daily_temp_mean": 7.908333333333334,
  "daily_wind_mean": 12.516666666666666,
  "daily_wind_dir_deg": 1.6143964673556184
}