{
  "samples_local": {
    "10": {
      "temp": -1.8,
      "precip": 0.0,
      "wind": 2.3,
      "wind_dir_deg": 288.0
    },
    "12": {
      "temp": 2.1,
      "precip": 0.0,
      "wind": 1.4,
      "wind_dir_deg": 180.0
    },
    "14": {
      "temp": 1.6,
      "precip": 0.0,
      "wind": 2.8,
      "wind_dir_deg": 230.0
    },
    "16": {
      "temp": -0.2,
      "precip": 0.0,
      "wind": 5.4,
      "wind_dir_deg": 250.0
    }
  },
  "ride_temp_mean": 0.42500000000000004,
  "ride_wind_mean": 2.975,
  "ride_wind_dir_deg": 245.25286642230225,
  "ride_rain_flag": 0.0,
  "tent_rain_flag": 1.0,
  "daily_precip_sum": 1.2,
  "daily_temp_mean": -2.8208333333333333,
  "daily_wind_mean": 5.066666666666666,
  "daily_wind_dir_deg": 285.077993404401
}