{
  "samples_local": {
    "10": {
      "temp": -4.2,
      "precip": 0.0,
      "wind": 6.8,
      "wind_dir_deg": 238.0
    },
    "12": {
      "temp": -0.3,
      "precip": 0.0,
      "wind": 6.9,
      "wind_dir_deg": 242.0
    },
    "14": {
      "temp": 1.6,
      "precip": 0.0,
      "wind": 5.0,
      "wind_dir_deg": 240.0
    },
    "16": {
      "temp": -0.7,
      "precip": 0.0,
      "wind": 6.8,
      "wind_dir_deg": 270.0
    }
  },
  "ride_temp_mean": -0.9,
  "ride_wind_mean": 6.375,
  "ride_wind_dir_deg": 247.88318164699746,
  "ride_rain_flag": 0.0,
  "tent_rain_flag": 0.0,
  "daily_precip_sum": 0.30000000000000004,
  "daily_temp_mean": -3.704166666666666,
  "daily_wind_mean": 8.575000000000001,
  "daily_wind_dir_deg": 230.94396637007577
}