{
  "samples_local": {
    "10": {
      "temp": -4.5,
      "precip": 0.0,
      "wind": 10.1,
      "wind_dir_deg": 270.0
    },
    "12": {
      "temp": -1.5,
      "precip": 0.0,
      "wind": 12.2,
      "wind_dir_deg": 268.0
    },
    "14": {
      "temp": -2.0,
      "precip": 0.0,
      "wind": 13.7,
      "wind_dir_deg": 273.0
    },
    "16": {
      "temp": -2.0,
      "precip": 0.0,
      "wind": 13.7,
      "wind_dir_deg": 273.0
    }
  },
  "ride_temp_mean": -2.5,
  "ride_wind_mean": 12.424999999999999,
  "ride_wind_dir_deg": 271.1632150559735,
  "ride_rain_flag": 0.0,
  "tent_rain_flag": 0.0,
  "daily_precip_sum": 0.0,
  "daily_temp_mean": -4.645833333333333,
  "daily_wind_mean": 10.854166666666666,
  "daily_wind_dir_deg": 273.51548513132246
}