{
  "samples_local": {
    "10": {
      "temp": -2.7,
      "precip": 0.0,
      "wind": 11.5,
      "wind_dir_deg": 290.0
    },
    "12": {
      "temp": -0.3,
      "precip": 0.0,
      "wind": 10.4,
      "wind_dir_deg": 284.0
    },
    "14": {
      "temp": 0.4,
      "precip": 0.0,
      "wind": 9.1,
      "wind_dir_deg": 279.0
    },
    "16": {
      "temp": -0.8,
      "precip": 0.0,
      "wind": 7.6,
      "wind_dir_deg": 275.0
    }
  },
  "ride_temp_mean": -0.8500000000000001,
  "ride_wind_mean": 9.65,
  "ride_wind_dir_deg": 282.8366928747829,
  "ride_rain_flag": 0.0,
  "tent_rain_flag": 0.0,
  "daily_precip_sum": 0.0,
  "daily_temp_mean": -3.1333333333333333,
  "daily_wind_mean": 11.049999999999999,
  "daily_wind_dir_deg": 271.3299503495774
}