{
  "samples_local": {
    "10": {
      "temp": 9.1,
      "precip": 0.0,
      "wind": 3.7,
      "wind_dir_deg": 67.0
    },
    "12": {
      "temp": 11.2,
      "precip": 0.0,
      "wind": 3.5,
      "wind_dir_deg": 171.0
    },
    "14": {
      "temp": 13.2,
      "precip": 0.0,
      "wind": 4.2,
      "wind_dir_deg": 220.0
    },
    "16": {
      "temp": 13.1,
      "precip": 0.0,
      "wind": 3.8,
      "wind_dir_deg": 245.0
    }
  },
  "ride_temp_mean": 11.649999999999999,
  "ride_wind_mean": 3.8,
  "ride_wind_dir_deg": 197.76927768641372,
  "ride_rain_flag": 0.0,
  "tent_rain_flag": 0.0,
  "daily_precip_sum": 0.0,
  "daily_temp_mean": 9.695833333333333,
  "daily_wind_mean": 4.533333333333333,
  "daily_wind_dir_deg": 16.13519577337354
}