{
  "samples_local": {
    "10": {
      "temp": 12.8,
      "precip": 0.0,
      "wind": 14.3,
      "wind_dir_deg": 113.0
    },
    "12": {
      "temp": 13.6,
      "precip": 0.1,
      "wind": 20.8,
      "wind_dir_deg": 112.0
    },
    "14": {
      "temp": 13.5,
      "precip": 0.0,
      "wind": 22.7,
      "wind_dir_deg": 115.0
    },
    "16": {
      "temp": 12.0,
      "precip": 0.0,
      "wind": 17.6,
      "wind_dir_deg": 118.0
    }
  },
  "ride_temp_mean": 12.975,
  "ride_wind_mean": 18.85,
  "ride_wind_dir_deg": 114.49310475449329,
  "ride_rain_flag": 0.0,
  "tent_rain_flag": 0.0,
  "daily_precip_sum": 0.2,
  "daily_temp_mean": 11.954166666666666,
  "daily_wind_mean": 13.179166666666667,
  "daily_wind_dir_deg": 107.27218017077303
}