{
  "samples_local": {
    "10": {
      "temp": 13.0,
      "precip": 0.0,
      "wind": 12.5,
      "wind_dir_deg": 102.0
    },
    "12": {
      "temp": 14.1,
      "precip": 0.0,
      "wind": 13.1,
      "wind_dir_deg": 108.0
    },
    "14": {
      "temp": 15.1,
      "precip": 0.0,
      "wind": 13.2,
      "wind_dir_deg": 112.0
    },
    "16": {
      "temp": 14.6,
      "precip": 0.0,
      "wind": 10.2,
      "wind_dir_deg": 107.0
    }
  },
  "ride_temp_mean": 14.2,
  "ride_wind_mean": 12.25,
  "ride_wind_dir_deg": 107.33935847555307,
  "ride_rain_flag": 0.0,
  "tent_rain_flag": 0.0,
  "daily_precip_sum": 0.0,
  "daily_temp_mean": 12.862499999999999,
  "daily_wind_mean": 11.820833333333333,
  "daily_wind_dir_deg": 104.82145003198536
}