{
  "samples_local": {
    "10": {
      "temp": 12.7,
      "precip": 0.0,
      "wind": 12.4,
      "wind_dir_deg": 104.0
    },
    "12": {
      "temp": 14.4,
      "precip": 0.1,
      "wind": 13.2,
      "wind_dir_deg": 110.0
    },
    "14": {
      "temp": 14.8,
      "precip": 0.0,
      "wind": 13.2,
      "wind_dir_deg": 107.0
    },
    "16": {
      "temp": 13.8,
      "precip": 0.1,
      "wind": 11.8,
      "wind_dir_deg": 103.0
    }
  },
  "ride_temp_mean": 13.925,
  "ride_wind_mean": 12.65,
  "ride_wind_dir_deg": 106.11431361944591,
  "ride_rain_flag": 0.0,
  "tent_rain_flag": 0.0,
  "daily_precip_sum": 0.2,
  "daily_temp_mean": 12.658333333333333,
  "daily_wind_mean": 10.883333333333333,
  "daily_wind_dir_deg": 100.533971502991
}