{
  "samples_local": {
    "10": {
      "temp": 12.7,
      "precip": 0.0,
      "wind": 16.8,
      "wind_dir_deg": 105.0
    },
    "12": {
      "temp": 13.3,
      "precip": 0.0,
      "wind": 22.4,
      "wind_dir_deg": 112.0
    },
    "14": {
      "temp": 12.6,
      "precip": 0.0,
      "wind": 24.2,
      "wind_dir_deg": 116.0
    },
    "16": {
      "temp": 11.7,
      "precip": 0.0,
      "wind": 20.4,
      "wind_dir_deg": 120.0
    }
  },
  "ride_temp_mean": 12.575,
  "ride_wind_mean": 20.95,
  "ride_wind_dir_deg": 113.7027899343899,
  "ride_rain_flag": 0.0,
  "tent_rain_flag": 0.0,
  "daily_precip_sum": 0.0,
  "daily_temp_mean": 11.483333333333334,
  "daily_wind_mean": 16.212500000000002,
  "daily_wind_dir_deg": 107.07882809819068
}