{
  "samples_local": {
    "10": {
      "temp": 12.4,
      "precip": 0.0,
      "wind": 21.2,
      "wind_dir_deg": 102.0
    },
    "12": {
      "temp": 12.9,
      "precip": 0.0,
      "wind": 25.8,
      "wind_dir_deg": 106.0
    },
    "14": {
      "temp": 12.9,
      "precip": 0.0,
      "wind": 25.7,
      "wind_dir_deg": 105.0
    },
    "16": {
      "temp": 11.9,
      "precip": 0.0,
      "wind": 20.1,
      "wind_dir_deg": 111.0
    }
  },
  "ride_temp_mean": 12.525,
  "ride_wind_mean": 23.2,
  "ride_wind_dir_deg": 105.89146921819867,
  "ride_rain_flag": 0.0,
  "tent_rain_flag": 0.0,
  "daily_precip_sum": 0.4,
  "daily_temp_mean": 11.795833333333334,
  "daily_wind_mean": 18.308333333333334,
  "daily_wind_dir_deg": 104.23982252126365
}