{
  "samples_local": {
    "10": {
      "temp": 12.9,
      "precip": 0.1,
      "wind": 11.6,
      "wind_dir_deg": 109.0
    },
    "12": {
      "temp": 14.2,
      "precip": 0.0,
      "wind": 11.5,
      "wind_dir_deg": 112.0
    },
    "14": {
      "temp": 14.1,
      "precip": 0.0,
      "wind": 12.8,
      "wind_dir_deg": 110.0
    },
    "16": {
      "temp": 13.7,
      "precip": 0.0,
      "wind": 10.0,
      "wind_dir_deg": 113.0
    }
  },
  "ride_temp_mean": 13.725,
  "ride_wind_mean": 11.475,
  "ride_wind_dir_deg": 110.90194045758915,
  "ride_rain_flag": 0.0,
  "tent_rain_flag": 0.0,
  "daily_precip_sum": 0.2,
  "daily_temp_mean": 12.516666666666666,
  "daily_wind_mean": 8.929166666666667,
  "daily_wind_dir_deg": 103.03858333015484
}