{
  "samples_local": {
    "10": {
      "temp": 12.6,
      "precip": 0.0,
      "wind": 16.3,
      "wind_dir_deg": 106.0
    },
    "12": {
      "temp": 13.4,
      "precip": 0.0,
      "wind": 20.9,
      "wind_dir_deg": 109.0
    },
    "14": {
      "temp": 13.6,
      "precip": 0.0,
      "wind": 23.4,
      "wind_dir_deg": 106.0
    },
    "16": {
      "temp": 12.1,
      "precip": 0.0,
      "wind": 17.7,
      "wind_dir_deg": 117.0
    }
  },
  "ride_temp_mean": 12.925,
  "ride_wind_mean": 19.575,
  "ride_wind_dir_deg": 109.28299785365186,
  "ride_rain_flag": 0.0,
  "tent_rain_flag": 0.0,
  "daily_precip_sum": 0.0,
  "daily_temp_mean": 11.820833333333333,
  "daily_wind_mean": 15.641666666666666,
  "daily_wind_dir_deg": 105.47487309046244
}