{
  "samples_local": {
    "10": {
      "temp": 12.5,
      "precip": 0.0,
      "wind": 11.0,
      "wind_dir_deg": 75.0
    },
    "12": {
      "temp": 13.6,
      "precip": 0.2,
      "wind": 10.8,
      "wind_dir_deg": 128.0
    },
    "14": {
      "temp": 13.8,
      "precip": 0.0,
      "wind": 10.8,
      "wind_dir_deg": 132.0
    },
    "16": {
      "temp": 13.0,
      "precip": 0.0,
      "wind": 8.7,
      "wind_dir_deg": 130.0
    }
  },
  "ride_temp_mean": 13.225,
  "ride_wind_mean": 10.325,
  "ride_wind_dir_deg": 116.16783375570441,
  "ride_rain_flag": 1.0,
  "tent_rain_flag": 1.0,
  "daily_precip_sum": 0.5,
  "daily_temp_mean": 12.179166666666667,
  "daily_wind_mean": 8.795833333333333,
  "daily_wind_dir_deg": 97.58854556782029
}