{
  "samples_local": {
    "10": {
      "temp": 12.7,
      "precip": 0.1,
      "wind": 6.7,
      "wind_dir_deg": 98.0
    },
    "12": {
      "temp": 14.2,
      "precip": 0.0,
      "wind": 6.2,
      "wind_dir_deg": 126.0
    },
    "14": {
      "temp": 13.6,
      "precip": 0.1,
      "wind": 4.1,
      "wind_dir_deg": 135.0
    },
    "16": {
      "temp": 13.6,
      "precip": 0.0,
      "wind": 4.4,
      "wind_dir_deg": 148.0
    }
  },
  "ride_temp_mean": 13.524999999999999,
  "ride_wind_mean": 5.35,
  "ride_wind_dir_deg": 123.57938423214307,
  "ride_rain_flag": 0.0,
  "tent_rain_flag": 0.0,
  "daily_precip_sum": 0.5,
  "daily_temp_mean": 12.683333333333332,
  "daily_wind_mean": 5.554166666666667,
  "daily_wind_dir_deg": 96.80619531582897
}