{
  "samples_local": {
    "10": {
      "temp": 13.1,
      "precip": 0.2,
      "wind": 16.4,
      "wind_dir_deg": 102.0
    },
    "12": {
      "temp": 13.1,
      "precip": 0.1,
      "wind": 15.8,
      "wind_dir_deg": 102.0
    },
    "14": {
      "temp": 13.4,
      "precip": 0.1,
      "wind": 18.7,
      "wind_dir_deg": 101.0
    },
    "16": {
      "temp": 12.6,
      "precip": 0.0,
      "wind": 15.4,
      "wind_dir_deg": 109.0
    }
  },
  "ride_temp_mean": 13.05,
  "ride_wind_mean": 16.575,
  "ride_wind_dir_deg": 103.34199997639553,
  "ride_rain_flag": 1.0,
  "tent_rain_flag": 0.0,
  "daily_precip_sum": 0.8,
  "daily_temp_mean": 11.929166666666667,
  "daily_wind_mean": 14.666666666666666,
  "daily_wind_dir_deg": 92.32776312811654
}