{
  "samples_local": {
    "10": {
      "temp": 13.2,
      "precip": 0.1,
      "wind": 10.4,
      "wind_dir_deg": 143.0
    },
    "12": {
      "temp": 14.5,
      "precip": 0.1,
      "wind": 10.6,
      "wind_dir_deg": 145.0
    },
    "14": {
      "temp": 14.0,
      "precip": 0.0,
      "wind": 7.1,
      "wind_dir_deg": 137.0
    },
    "16": {
      "temp": 13.7,
      "precip": 0.0,
      "wind": 5.0,
      "wind_dir_deg": 125.0
    }
  },
  "ride_temp_mean": 13.85,
  "ride_wind_mean": 8.275,
  "ride_wind_dir_deg": 139.6556300392457,
  "ride_rain_flag": 0.0,
  "tent_rain_flag": 0.0,
  "daily_precip_sum": 0.30000000000000004,
  "daily_temp_mean": 12.875,
  "daily_wind_mean": 7.491666666666667,
  "daily_wind_dir_deg": 106.62814763766238
}