{
  "samples_local": {
    "10": {
      "temp": 13.4,
      "precip": 0.1,
      "wind": 13.8,
      "wind_dir_deg": 96.0
    },
    "12": {
      "temp": 14.1,
      "precip": 0.1,
      "wind": 14.7,
      "wind_dir_deg": 114.0
    },
    "14": {
      "temp": 14.2,
      "precip": 0.1,
      "wind": 15.9,
      "wind_dir_deg": 110.0
    },
    "16": {
      "temp": 13.9,
      "precip": 0.0,
      "wind": 12.1,
      "wind_dir_deg": 107.0
    }
  },
  "ride_temp_mean": 13.9,
  "ride_wind_mean": 14.125,
  "ride_wind_dir_deg": 106.99025612551554,
  "ride_rain_flag": 0.0,
  "tent_rain_flag": 1.0,
  "daily_precip_sum": 2.4,
  "daily_temp_mean": 13.079166666666666,
  "daily_wind_mean": 12.083333333333334,
  "daily_wind_dir_deg": 103.36764320269242
}