{
  "samples_local": {
    "10": {
      "temp": 22.8,
      "precip": 0.0,
      "wind": 2.2,
      "wind_dir_deg": 95.0
    },
    "12": {
      "temp": 24.9,
      "precip": 0.0,
      "wind": 2.3,
      "wind_dir_deg": 0.0
    },
    "14": {
      "temp": 25.4,
      "precip": 0.0,
      "wind": 7.0,
      "wind_dir_deg": 302.0
    },
    "16": {
      "temp": 22.3,
      "precip": 1.0,
      "wind": 5.5,
      "wind_dir_deg": 171.0
    }
  },
  "ride_temp_mean": 23.85,
  "ride_wind_mean": 4.25,
  "ride_wind_dir_deg": 277.61085222177553,
  "ride_rain_flag": 1.0,
  "tent_rain_flag": 1.0,
  "daily_precip_sum": 9.700000000000001,
  "daily_temp_mean": 18.254166666666666,
  "daily_wind_mean": 7.433333333333334,
  "daily_wind_dir_deg": 4.582167634806808
}