{
  "samples_local": {
    "10": {
      "temp": 17.6,
      "precip": 1.0,
      "wind": 11.0,
      "wind_dir_deg": 25.0
    },
    "12": {
      "temp": 19.8,
      "precip": 0.1,
      "wind": 12.8,
      "wind_dir_deg": 359.0
    },
    "14": {
      "temp": 19.3,
      "precip": 0.1,
      "wind": 4.9,
      "wind_dir_deg": 336.0
    },
    "16": {
      "temp": 20.2,
      "precip": 0.0,
      "wind": 9.9,
      "wind_dir_deg": 53.0
    }
  },
  "ride_temp_mean": 19.225,
  "ride_wind_mean": 9.65,
  "ride_wind_dir_deg": 17.29636598471069,
  "ride_rain_flag": 1.0,
  "tent_rain_flag": 1.0,
  "daily_precip_sum": 3.3000000000000003,
  "daily_temp_mean": 16.904166666666665,
  "daily_wind_mean": 9.762500000000001,
  "daily_wind_dir_deg": 22.309395236583953
}