{
  "samples_local": {
    "10": {
      "temp": 21.6,
      "precip": 0.0,
      "wind": 20.2,
      "wind_dir_deg": 34.0
    },
    "12": {
      "temp": 22.8,
      "precip": 0.0,
      "wind": 21.5,
      "wind_dir_deg": 47.0
    },
    "14": {
      "temp": 22.8,
      "precip": 0.0,
      "wind": 22.7,
      "wind_dir_deg": 52.0
    },
    "16": {
      "temp": 19.6,
      "precip": 0.2,
      "wind": 14.8,
      "wind_dir_deg": 88.0
    }
  },
  "ride_temp_mean": 21.700000000000003,
  "ride_wind_mean": 19.8,
  "ride_wind_dir_deg": 52.44375333441923,
  "ride_rain_flag": 1.0,
  "tent_rain_flag": 0.0,
  "daily_precip_sum": 0.7000000000000001,
  "daily_temp_mean": 17.875,
  "daily_wind_mean": 13.333333333333334,
  "daily_wind_dir_deg": 50.159469111940666
}