{
  "samples_local": {
    "10": {
      "temp": 18.9,
      "precip": 0.0,
      "wind": 18.2,
      "wind_dir_deg": 26.0
    },
    "12": {
      "temp": 17.4,
      "precip": 0.2,
      "wind": 15.7,
      "wind_dir_deg": 16.0
    },
    "14": {
      "temp": 18.6,
      "precip": 0.0,
      "wind": 15.6,
      "wind_dir_deg": 24.0
    },
    "16": {
      "temp": 20.4,
      "precip": 0.0,
      "wind": 15.0,
      "wind_dir_deg": 38.0
    }
  },
  "ride_temp_mean": 18.825,
  "ride_wind_mean": 16.125,
  "ride_wind_dir_deg": 25.863731671402718,
  "ride_rain_flag": 1.0,
  "tent_rain_flag": 0.0,
  "daily_precip_sum": 0.5,
  "daily_temp_mean": 16.183333333333334,
  "daily_wind_mean": 13.708333333333334,
  "daily_wind_dir_deg": 35.139163530169924
}