{
  "samples_local": {
    "10": {
      "temp": 19.2,
      "precip": 0.2,
      "wind": 20.5,
      "wind_dir_deg": 39.0
    },
    "12": {
      "temp": 17.7,
      "precip": 0.1,
      "wind": 22.2,
      "wind_dir_deg": 59.0
    },
    "14": {
      "temp": 18.2,
      "precip": 0.0,
      "wind": 19.9,
      "wind_dir_deg": 70.0
    },
    "16": {
      "temp": 18.0,
      "precip": 0.0,
      "wind": 18.4,
      "wind_dir_deg": 69.0
    }
  },
  "ride_temp_mean": 18.275,
  "ride_wind_mean": 20.25,
  "ride_wind_dir_deg": 58.986104894158814,
  "ride_rain_flag": 1.0,
  "tent_rain_flag": 1.0,
  "daily_precip_sum": 0.6000000000000001,
  "daily_temp_mean": 16.2,
  "daily_wind_mean": 13.045833333333334,
  "daily_wind_dir_deg": 50.88868568791679
}