{
  "samples_local": {
    "10": {
      "temp": 19.4,
      "precip": 0.0,
      "wind": 15.1,
      "wind_dir_deg": 2.0
    },
    "12": {
      "temp": 21.8,
      "precip": 0.0,
      "wind": 13.7,
      "wind_dir_deg": 35.0
    },
    "14": {
      "temp": 22.9,
      "precip": 0.0,
      "wind": 16.2,
      "wind_dir_deg": 45.0
    },
    "16": {
      "temp": 21.0,
      "precip": 0.0,
      "wind": 18.7,
      "wind_dir_deg": 97.0
    }
  },
  "ride_temp_mean": 21.275,
  "ride_wind_mean": 15.924999999999999,
  "ride_wind_dir_deg": 47.256360753646675,
  "ride_rain_flag": 0.0,
  "tent_rain_flag": 1.0,
  "daily_precip_sum": 2.0,
  "daily_temp_mean": 17.912499999999998,
  "daily_wind_mean": 10.9125,
  "daily_wind_dir_deg": 39.82421796597919
}