{
  "samples_local": {
    "10": {
      "temp": 22.9,
      "precip": 0.0,
      "wind": 18.8,
      "wind_dir_deg": 24.0
    },
    "12": {
      "temp": 24.1,
      "precip": 0.0,
      "wind": 18.8,
      "wind_dir_deg": 29.0
    },
    "14": {
      "temp": 23.5,
      "precip": 0.0,
      "wind": 16.2,
      "wind_dir_deg": 50.0
    },
    "16": {
      "temp": 22.0,
      "precip": 0.2,
      "wind": 18.9,
      "wind_dir_deg": 30.0
    }
  },
  "ride_temp_mean": 23.125,
  "ride_wind_mean": 18.175,
  "ride_wind_dir_deg": 32.596302974865125,
  "ride_rain_flag": 1.0,
  "tent_rain_flag": 1.0,
  "daily_precip_sum": 1.0,
  "daily_temp_mean": 19.866666666666667,
  "daily_wind_mean": 14.970833333333333,
  "daily_wind_dir_deg": 28.575198336023675
}