{
  "samples_local": {
    "10": {
      "temp": 23.5,
      "precip": 0.0,
      "wind": 18.7,
      "wind_dir_deg": 45.0
    },
    "12": {
      "temp": 24.9,
      "precip": 0.0,
      "wind": 20.1,
      "wind_dir_deg": 53.0
    },
    "14": {
      "temp": 24.9,
      "precip": 0.0,
      "wind": 19.0,
      "wind_dir_deg": 48.0
    },
    "16": {
      "temp": 24.7,
      "precip": 0.0,
      "wind": 22.6,
      "wind_dir_deg": 80.0
    }
  },
  "ride_temp_mean": 24.5,
  "ride_wind_mean": 20.1,
  "ride_wind_dir_deg": 57.417853318807545,
  "ride_rain_flag": 0.0,
  "tent_rain_flag": 1.0,
  "daily_precip_sum": 1.2000000000000002,
  "daily_temp_mean": 19.858333333333334,
  "daily_wind_mean": 13.945833333333333,
  "daily_wind_dir_deg": 52.05714546191791
}