{
  "samples_local": {
    "10": {
      "temp": 16.6,
      "precip": 1.0,
      "wind": 13.5,
      "wind_dir_deg": 14.0
    },
    "12": {
      "temp": 18.6,
      "precip": 1.1,
      "wind": 12.8,
      "wind_dir_deg": 17.0
    },
    "14": {
      "temp": 18.2,
      "precip": 0.4,
      "wind": 11.8,
      "wind_dir_deg": 38.0
    },
    "16": {
      "temp": 17.5,
      "precip": 0.4,
      "wind": 11.8,
      "wind_dir_deg": 16.0
    }
  },
  "ride_temp_mean": 17.725,
  "ride_wind_mean": 12.475000000000001,
  "ride_wind_dir_deg": 20.864269300849458,
  "ride_rain_flag": 1.0,
  "tent_rain_flag": 1.0,
  "daily_precip_sum": 31.4,
  "daily_temp_mean": 16.383333333333333,
  "daily_wind_mean": 12.695833333333333,
  "daily_wind_dir_deg": 8.322544199769368
}