{
  "samples_local": {
    "10": {
      "temp": 7.6,
      "precip": 0.1,
      "wind": 14.9,
      "wind_dir_deg": 195.0
    },
    "12": {
      "temp": 6.5,
      "precip": 0.2,
      "wind": 14.5,
      "wind_dir_deg": 203.0
    },
    "14": {
      "temp": 9.8,
      "precip": 0.1,
      "wind": 14.2,
      "wind_dir_deg": 196.0
    },
    "16": {
      "temp": 10.3,
      "precip": 0.0,
      "wind": 20.5,
      "wind_dir_deg": 208.0
    }
  },
  "ride_temp_mean": 8.55,
  "ride_wind_mean": 16.025,
  "ride_wind_dir_deg": 201.1879346221387,
  "ride_rain_flag": 1.0,
  "tent_rain_flag": 0.0,
  "daily_precip_sum": 0.6000000000000001,
  "daily_temp_mean": 7.020833333333333,
  "daily_wind_mean": 13.012500000000001,
  "daily_wind_dir_deg": 204.60568386267474
}