{
  "samples_local": {
    "10": {
      "temp": 7.2,
      "precip": 0.0,
      "wind": 17.6,
      "wind_dir_deg": 206.0
    },
    "12": {
      "temp": 9.6,
      "precip": 0.0,
      "wind": 16.6,
      "wind_dir_deg": 210.0
    },
    "14": {
      "temp": 11.3,
      "precip": 0.0,
      "wind": 21.6,
      "wind_dir_deg": 206.0
    },
    "16": {
      "temp": 10.4,
      "precip": 0.0,
      "wind": 20.9,
      "wind_dir_deg": 212.0
    }
  },
  "ride_temp_mean": 9.625,
  "ride_wind_mean": 19.175,
  "ride_wind_dir_deg": 208.50042762322306,
  "ride_rain_flag": 0.0,
  "tent_rain_flag": 1.0,
  "daily_precip_sum": 0.30000000000000004,
  "daily_temp_mean": 7.0874999999999995,
  "daily_wind_mean": 13.333333333333334,
  "daily_wind_dir_deg": 202.53292307725482
}