{
  "samples_local": {
    "10": {
      "temp": 6.2,
      "precip": 1.1,
      "wind": 11.9,
      "wind_dir_deg": 194.0
    },
    "12": {
      "temp": 5.2,
      "precip": 0.5,
      "wind": 12.1,
      "wind_dir_deg": 203.0
    },
    "14": {
      "temp": 9.1,
      "precip": 0.2,
      "wind": 17.4,
      "wind_dir_deg": 207.0
    },
    "16": {
      "temp": 9.7,
      "precip": 0.1,
      "wind": 17.5,
      "wind_dir_deg": 217.0
    }
  },
  "ride_temp_mean": 7.55,
  "ride_wind_mean": 14.725,
  "ride_wind_dir_deg": 206.52618497982277,
  "ride_rain_flag": 1.0,
  "tent_rain_flag": 1.0,
  "daily_precip_sum": 3.9000000000000004,
  "daily_temp_mean": 6.291666666666667,
  "daily_wind_mean": 13.279166666666667,
  "daily_wind_dir_deg": 208.42336233872595
}