{
  "samples_local": {
    "10": {
      "temp": 9.2,
      "precip": 0.1,
      "wind": 18.4,
      "wind_dir_deg": 244.0
    },
    "12": {
      "temp": 10.2,
      "precip": 0.1,
      "wind": 17.9,
      "wind_dir_deg": 230.0
    },
    "14": {
      "temp": 11.4,
      "precip": 0.0,
      "wind": 17.4,
      "wind_dir_deg": 218.0
    },
    "16": {
      "temp": 11.5,
      "precip": 0.0,
      "wind": 19.1,
      "wind_dir_deg": 229.0
    }
  },
  "ride_temp_mean": 10.575,
  "ride_wind_mean": 18.2,
  "ride_wind_dir_deg": 230.3988847501159,
  "ride_rain_flag": 0.0,
  "tent_rain_flag": 1.0,
  "daily_precip_sum": 0.5,
  "daily_temp_mean": 7.616666666666667,
  "daily_wind_mean": 16.729166666666668,
  "daily_wind_dir_deg": 238.63291422745203
}