{
  "samples_local": {
    "10": {
      "temp": 11.0,
      "precip": 0.0,
      "wind": 20.8,
      "wind_dir_deg": 244.0
    },
    "12": {
      "temp": 12.4,
      "precip": 0.1,
      "wind": 17.2,
      "wind_dir_deg": 250.0
    },
    "14": {
      "temp": 12.9,
      "precip": 0.0,
      "wind": 20.9,
      "wind_dir_deg": 228.0
    },
    "16": {
      "temp": 13.3,
      "precip": 0.1,
      "wind": 19.4,
      "wind_dir_deg": 230.0
    }
  },
  "ride_temp_mean": 12.4,
  "ride_wind_mean": 19.575,
  "ride_wind_dir_deg": 237.57091754156926,
  "ride_rain_flag": 0.0,
  "tent_rain_flag": 1.0,
  "daily_precip_sum": 0.5,
  "daily_temp_mean": 9.091666666666667,
  "daily_wind_mean": 17.933333333333334,
  "daily_wind_dir_deg": 241.69444988183227
}