{
  "samples_local": {
    "10": {
      "temp": 8.9,
      "precip": 0.0,
      "wind": 26.4,
      "wind_dir_deg": 212.0
    },
    "12": {
      "temp": 9.8,
      "precip": 0.0,
      "wind": 29.1,
      "wind_dir_deg": 216.0
    },
    "14": {
      "temp": 9.9,
      "precip": 0.0,
      "wind": 30.1,
      "wind_dir_deg": 220.0
    },
    "16": {
      "temp": 9.1,
      "precip": 0.0,
      "wind": 29.5,
      "wind_dir_deg": 219.0
    }
  },
  "ride_temp_mean": 9.425,
  "ride_wind_mean": 28.775,
  "ride_wind_dir_deg": 216.8983409742397,
  "ride_rain_flag": 0.0,
  "tent_rain_flag": 1.0,
  "daily_precip_sum": 0.30000000000000004,
  "daily_temp_mean": 7.208333333333333,
  "daily_wind_mean": 23.349999999999998,
  "daily_wind_dir_deg": 217.2577577899249
}