{
  "samples_local": {
    "10": {
      "temp": 10.0,
      "precip": 0.0,
      "wind": 24.1,
      "wind_dir_deg": 219.0
    },
    "12": {
      "temp": 11.3,
      "precip": 0.0,
      "wind": 24.7,
      "wind_dir_deg": 224.0
    },
    "14": {
      "temp": 11.4,
      "precip": 0.0,
      "wind": 23.1,
      "wind_dir_deg": 236.0
    },
    "16": {
      "temp": 11.3,
      "precip": 0.0,
      "wind": 19.6,
      "wind_dir_deg": 226.0
    }
  },
  "ride_temp_mean": 11.0,
  "ride_wind_mean": 22.875,
  "ride_wind_dir_deg": 226.13367560057816,
  "ride_rain_flag": 0.0,
  "tent_rain_flag": 0.0,
  "daily_precip_sum": 0.0,
  "daily_temp_mean": 8.704166666666667,
  "daily_wind_mean": 20.533333333333335,
  "daily_wind_dir_deg": 223.5329905187352
}