{
  "samples_local": {
    "10": {
      "temp": 10.2,
      "precip": 0.0,
      "wind": 18.1,
      "wind_dir_deg": 227.0
    },
    "12": {
      "temp": 12.4,
      "precip": 0.0,
      "wind": 19.6,
      "wind_dir_deg": 227.0
    },
    "14": {
      "temp": 13.5,
      "precip": 0.0,
      "wind": 21.9,
      "wind_dir_deg": 224.0
    },
    "16": {
      "temp": 13.4,
      "precip": 0.0,
      "wind": 23.2,
      "wind_dir_deg": 237.0
    }
  },
  "ride_temp_mean": 12.375,
  "ride_wind_mean": 20.7,
  "ride_wind_dir_deg": 229.00305289961813,
  "ride_rain_flag": 0.0,
  "tent_rain_flag": 0.0,
  "daily_precip_sum": 0.0,
  "daily_temp_mean": 8.862499999999999,
  "daily_wind_mean": 17.391666666666666,
  "daily_wind_dir_deg": 232.45035841010616
}