{
  "samples_local": {
    "10": {
      "temp": 6.6,
      "precip": 0.0,
      "wind": 16.3,
      "wind_dir_deg": 215.0
    },
    "12": {
      "temp": 9.0,
      "precip": 0.0,
      "wind": 23.0,
      "wind_dir_deg": 221.0
    },
    "14": {
      "temp": 10.0,
      "precip": 0.0,
      "wind": 21.6,
      "wind_dir_deg": 210.0
    },
    "16": {
      "temp": 8.9,
      "precip": 0.1,
      "wind": 22.2,
      "wind_dir_deg": 212.0
    }
  },
  "ride_temp_mean": 8.625,
  "ride_wind_mean": 20.775,
  "ride_wind_dir_deg": 214.55728591500625,
  "ride_rain_flag": 0.0,
  "tent_rain_flag": 1.0,
  "daily_precip_sum": 1.0,
  "daily_temp_mean": 6.720833333333334,
  "daily_wind_mean": 15.679166666666667,
  "daily_wind_dir_deg": 211.33289844684754
}