{
  "samples_local": {
    "10": {
      "temp": 10.8,
      "precip": 0.0,
      "wind": 18.8,
      "wind_dir_deg": 223.0
    },
    "12": {
      "temp": 12.4,
      "precip": 0.0,
      "wind": 21.7,
      "wind_dir_deg": 227.0
    },
    "14": {
      "temp": 13.1,
      "precip": 0.0,
      "wind": 24.8,
      "wind_dir_deg": 230.0
    },
    "16": {
      "temp": 11.9,
      "precip": 0.0,
      "wind": 23.4,
      "wind_dir_deg": 245.0
    }
  },
  "ride_temp_mean": 12.05,
  "ride_wind_mean": 22.175,
  "ride_wind_dir_deg": 231.71675808443823,
  "ride_rain_flag": 0.0,
  "tent_rain_flag": 0.0,
  "daily_precip_sum": 0.0,
  "daily_temp_mean": 8.370833333333334,
  "daily_wind_mean": 17.204166666666666,
  "daily_wind_dir_deg": 229.74787660645612
}