{
  "samples_local": {
    "10": {
      "temp": 8.6,
      "precip": 0.0,
      "wind": 17.5,
      "wind_dir_deg": 194.0
    },
    "12": {
      "temp": 10.8,
      "precip": 0.0,
      "wind": 15.9,
      "wind_dir_deg": 176.0
    },
    "14": {
      "temp": 8.9,
      "precip": 0.1,
      "wind": 19.1,
      "wind_dir_deg": 212.0
    },
    "16": {
      "temp": 7.4,
      "precip": 1.2,
      "wind": 16.4,
      "wind_dir_deg": 206.0
    }
  },
  "ride_temp_mean": 8.925,
  "ride_wind_mean": 17.225,
  "ride_wind_dir_deg": 197.76573174379396,
  "ride_rain_flag": 1.0,
  "tent_rain_flag": 1.0,
  "daily_precip_sum": 6.9,
  "daily_temp_mean": 6.908333333333334,
  "daily_wind_mean": 13.299999999999999,
  "daily_wind_dir_deg": 194.21177168984372
}