{
  "samples_local": {
    "10": {
      "temp": 8.2,
      "precip": 0.0,
      "wind": 18.6,
      "wind_dir_deg": 189.0
    },
    "12": {
      "temp": 9.9,
      "precip": 0.2,
      "wind": 21.9,
      "wind_dir_deg": 203.0
    },
    "14": {
      "temp": 10.6,
      "precip": 0.0,
      "wind": 23.5,
      "wind_dir_deg": 201.0
    },
    "16": {
      "temp": 10.2,
      "precip": 0.0,
      "wind": 23.7,
      "wind_dir_deg": 204.0
    }
  },
  "ride_temp_mean": 9.725,
  "ride_wind_mean": 21.925,
  "ride_wind_dir_deg": 199.77708016959485,
  "ride_rain_flag": 1.0,
  "tent_rain_flag": 1.0,
  "daily_precip_sum": 2.6,
  "daily_temp_mean": 7.108333333333333,
  "daily_wind_mean": 18.116666666666667,
  "daily_wind_dir_deg": 195.08279603007753
}