{
  "samples_local": {
    "10": {
      "temp": 9.9,
      "precip": 0.0,
      "wind": 22.4,
      "wind_dir_deg": 233.0
    },
    "12": {
      "temp": 11.9,
      "precip": 0.0,
      "wind": 23.4,
      "wind_dir_deg": 241.0
    },
    "14": {
      "temp": 13.6,
      "precip": 0.0,
      "wind": 20.9,
      "wind_dir_deg": 234.0
    },
    "16": {
      "temp": 13.8,
      "precip": 0.0,
      "wind": 20.0,
      "wind_dir_deg": 240.0
    }
  },
  "ride_temp_mean": 12.3,
  "ride_wind_mean": 21.674999999999997,
  "ride_wind_dir_deg": 237.0149999921295,
  "ride_rain_flag": 0.0,
  "tent_rain_flag": 0.0,
  "daily_precip_sum": 0.0,
  "daily_temp_mean": 10.433333333333334,
  "daily_wind_mean": 19.608333333333334,
  "daily_wind_dir_deg": 236.95781354977305
}