{
  "samples_local": {
    "10": {
      "temp": 9.1,
      "precip": 0.0,
      "wind": 19.3,
      "wind_dir_deg": 237.0
    },
    "12": {
      "temp": 11.8,
      "precip": 0.0,
      "wind": 23.0,
      "wind_dir_deg": 238.0
    },
    "14": {
      "temp": 13.8,
      "precip": 0.0,
      "wind": 23.0,
      "wind_dir_deg": 229.0
    },
    "16": {
      "temp": 12.7,
      "precip": 0.0,
      "wind": 25.8,
      "wind_dir_deg": 229.0
    }
  },
  "ride_temp_mean": 11.85,
  "ride_wind_mean": 22.775,
  "ride_wind_dir_deg": 232.96642607049677,
  "ride_rain_flag": 0.0,
  "tent_rain_flag": 0.0,
  "daily_precip_sum": 0.0,
  "daily_temp_mean": 9.279166666666667,
  "daily_wind_mean": 19.083333333333332,
  "daily_wind_dir_deg": 232.20054067918517
}