{
  "samples_local": {
    "10": {
      "temp": 8.6,
      "precip": 0.0,
      "wind": 14.3,
      "wind_dir_deg": 208.0
    },
    "12": {
      "temp": 10.9,
      "precip": 0.2,
      "wind": 21.1,
      "wind_dir_deg": 213.0
    },
    "14": {
      "temp": 11.6,
      "precip": 0.1,
      "wind": 23.4,
      "wind_dir_deg": 217.0
    },
    "16": {
      "temp": 11.0,
      "precip": 0.0,
      "wind": 23.9,
      "wind_dir_deg": 214.0
    }
  },
  "ride_temp_mean": 10.525,
  "ride_wind_mean": 20.675,
  "ride_wind_dir_deg": 213.55714803189397,
  "ride_rain_flag": 1.0,
  "tent_rain_flag": 1.0,
  "daily_precip_sum": 1.4000000000000001,
  "daily_temp_mean": 7.425,
  "daily_wind_mean": 13.895833333333334,
  "daily_wind_dir_deg": 212.62143068578862
}