{
  "samples_local": {
    "10": {
      "temp": 11.2,
      "precip": 0.0,
      "wind": 14.6,
      "wind_dir_deg": 232.0
    },
    "12": {
      "temp": 13.3,
      "precip": 0.0,
      "wind": 17.6,
      "wind_dir_deg": 235.0
    },
    "14": {
      "temp": 13.8,
      "precip": 0.0,
      "wind": 22.2,
      "wind_dir_deg": 222.0
    },
    "16": {
      "temp": 13.2,
      "precip": 0.0,
      "wind": 23.2,
      "wind_dir_deg": 227.0
    }
  },
  "ride_temp_mean": 12.875,
  "ride_wind_mean": 19.4,
  "ride_wind_dir_deg": 228.32455255851676,
  "ride_rain_flag": 0.0,
  "tent_rain_flag": 0.0,
  "daily_precip_sum": 0.0,
  "daily_temp_mean": 10.558333333333334,
  "daily_wind_mean": 14.841666666666667,
  "daily_wind_dir_deg": 229.12074017915324
}