{
  "samples_local": {
    "10": {
      "temp": 10.0,
      "precip": 0.0,
      "wind": 20.8,
      "wind_dir_deg": 236.0
    },
    "12": {
      "temp": 12.0,
      "precip": 0.0,
      "wind": 19.5,
      "wind_dir_deg": 231.0
    },
    "14": {
      "temp": 13.8,
      "precip": 0.0,
      "wind": 20.6,
      "wind_dir_deg": 227.0
    },
    "16": {
      "temp": 12.6,
      "precip": 0.0,
      "wind": 24.2,
      "wind_dir_deg": 233.0
    }
  },
  "ride_temp_mean": 12.1,
  "ride_wind_mean": 21.275,
  "ride_wind_dir_deg": 231.82301885443357,
  "ride_rain_flag": 0.0,
  "tent_rain_flag": 0.0,
  "daily_precip_sum": 0.0,
  "daily_temp_mean": 8.854166666666666,
  "daily_wind_mean": 18.479166666666668,
  "daily_wind_dir_deg": 231.8430502393794
}