{
  "samples_local": {
    "10": {
      "temp": 9.1,
      "precip": 0.0,
      "wind": 16.1,
      "wind_dir_deg": 222.0
    },
    "12": {
      "temp": 11.1,
      "precip": 0.0,
      "wind": 18.9,
      "wind_dir_deg": 228.0
    },
    "14": {
      "temp": 12.6,
      "precip": 0.0,
      "wind": 19.1,
      "wind_dir_deg": 221.0
    },
    "16": {
      "temp": 12.1,
      "precip": 0.0,
      "wind": 21.4,
      "wind_dir_deg": 226.0
    }
  },
  "ride_temp_mean": 11.225,
  "ride_wind_mean": 18.875,
  "ride_wind_dir_deg": 224.3827627240921,
  "ride_rain_flag": 0.0,
  "tent_rain_flag": 0.0,
  "daily_precip_sum": 0.0,
  "daily_temp_mean": 8.758333333333333,
  "daily_wind_mean": 14.254166666666668,
  "daily_wind_dir_deg": 226.78175712362676
}