{
  "samples_local": {
    "10": {
      "temp": 8.8,
      "precip": 0.0,
      "wind": 21.9,
      "wind_dir_deg": 240.0
    },
    "12": {
      "temp": 11.1,
      "precip": 0.0,
      "wind": 21.6,
      "wind_dir_deg": 237.0
    },
    "14": {
      "temp": 12.9,
      "precip": 0.0,
      "wind": 23.4,
      "wind_dir_deg": 236.0
    },
    "16": {
      "temp": 12.6,
      "precip": 0.0,
      "wind": 24.1,
      "wind_dir_deg": 232.0
    }
  },
  "ride_temp_mean": 11.35,
  "ride_wind_mean": 22.75,
  "ride_wind_dir_deg": 236.14090413806363,
  "ride_rain_flag": 0.0,
  "tent_rain_flag": 0.0,
  "daily_precip_sum": 0.0,
  "daily_temp_mean": 9.245833333333334,
  "daily_wind_mean": 20.595833333333335,
  "daily_wind_dir_deg": 235.24672172351785
}