{
  "samples_local": {
    "10": {
      "temp": 10.4,
      "precip": 0.0,
      "wind": 17.1,
      "wind_dir_deg": 221.0
    },
    "12": {
      "temp": 12.6,
      "precip": 0.0,
      "wind": 23.3,
      "wind_dir_deg": 231.0
    },
    "14": {
      "temp": 12.9,
      "precip": 0.0,
      "wind": 24.6,
      "wind_dir_deg": 231.0
    },
    "16": {
      "temp": 11.8,
      "precip": 0.0,
      "wind": 25.5,
      "wind_dir_deg": 230.0
    }
  },
  "ride_temp_mean": 11.925,
  "ride_wind_mean": 22.625,
  "ride_wind_dir_deg": 228.83303926873128,
  "ride_rain_flag": 0.0,
  "tent_rain_flag": 0.0,
  "daily_precip_sum": 0.0,
  "daily_temp_mean": 8.558333333333334,
  "daily_wind_mean": 18.404166666666665,
  "daily_wind_dir_deg": 226.27321709369164
}