{
  "samples_local": {
    "10": {
      "temp": 10.4,
      "precip": 0.0,
      "wind": 21.2,
      "wind_dir_deg": 235.0
    },
    "12": {
      "temp": 12.2,
      "precip": 0.0,
      "wind": 24.1,
      "wind_dir_deg": 231.0
    },
    "14": {
      "temp": 13.0,
      "precip": 0.0,
      "wind": 25.2,
      "wind_dir_deg": 223.0
    },
    "16": {
      "temp": 12.6,
      "precip": 0.0,
      "wind": 26.2,
      "wind_dir_deg": 226.0
    }
  },
  "ride_temp_mean": 12.05,
  "ride_wind_mean": 24.175,
  "ride_wind_dir_deg": 228.4364006824046,
  "ride_rain_flag": 0.0,
  "tent_rain_flag": 0.0,
  "daily_precip_sum": 0.0,
  "daily_temp_mean": 8.841666666666667,
  "daily_wind_mean": 19.474999999999998,
  "daily_wind_dir_deg": 233.69232989307199
}