{
  "ride_temp_mean": 5.6,
  "ride_precip_sum": 0.0,
  "ride_wind_speed": 7.217612815897292,
  "ride_wind_dir": 316.41610686594174,
  "tent_precip_sum": 1.5,
  "tent_temp_mean": 3.9549999999999996
}