{
  "ride_temp_mean": 12.375,
  "ride_precip_sum": 0.5,
  "ride_wind_speed": 23.559351890292813,
  "ride_wind_dir": 236.3074778535992,
  "tent_precip_sum": 3.4000000000000004,
  "tent_temp_mean": 11.925
}