{
  "ride_temp_mean": 2.0,
  "ride_precip_sum": 0.0,
  "ride_wind_speed": 22.077283739342512,
  "ride_wind_dir": 273.5747115510343,
  "tent_precip_sum": 0.8,
  "tent_temp_mean": 2.785
}