{
  "ride_temp_mean": 0.975,
  "ride_precip_sum": 0.0,
  "ride_wind_speed": 9.470664680046609,
  "ride_wind_dir": 49.509719275852774,
  "tent_precip_sum": 0.0,
  "tent_temp_mean": -1.1102230246251566e-17
}