{
  "ride_temp_mean": 9.675,
  "ride_precip_sum": 0.4,
  "ride_wind_speed": 33.8479253690318,
  "ride_wind_dir": 242.1317191177801,
  "tent_precip_sum": 12.7,
  "tent_temp_mean": 9.85
}