{
  "ride_temp_mean": 7.6,
  "ride_precip_sum": 0.30000000000000004,
  "ride_wind_speed": 9.684468434100621,
  "ride_wind_dir": 228.64311491143064,
  "tent_precip_sum": 1.7000000000000002,
  "tent_temp_mean": 7.209999999999999
}