{
  "ride_temp_mean": 5.925000000000001,
  "ride_precip_sum": 0.9,
  "ride_wind_speed": 16.305703559469855,
  "ride_wind_dir": 315.16226469319633,
  "tent_precip_sum": 4.9,
  "tent_temp_mean": 5.595000000000001
}