{
  "ride_temp_mean": -2.0749999999999997,
  "ride_precip_sum": 0.0,
  "ride_wind_speed": 7.11185958381983,
  "ride_wind_dir": 308.2734214194558,
  "tent_precip_sum": 0.4,
  "tent_temp_mean": -1.9149999999999998
}