{
  "ride_temp_mean": 0.55,
  "ride_precip_sum": 0.0,
  "ride_wind_speed": 14.183264250856798,
  "ride_wind_dir": 294.12797675177944,
  "tent_precip_sum": 0.0,
  "tent_temp_mean": -0.485
}