{
  "ride_temp_mean": 3.45,
  "ride_precip_sum": 0.3,
  "ride_wind_speed": 12.075232675123381,
  "ride_wind_dir": 296.5173772117134,
  "tent_precip_sum": 4.2,
  "tent_temp_mean": 3.165
}