{
  "ride_temp_mean": 3.6,
  "ride_precip_sum": 1.0,
  "ride_wind_speed": 7.580778136905403,
  "ride_wind_dir": 98.77310366103609,
  "tent_precip_sum": 6.8,
  "tent_temp_mean": 3.4299999999999997
}