{
  "ride_temp_mean": -1.05,
  "ride_precip_sum": 0.8,
  "ride_wind_speed": 7.955489297725714,
  "ride_wind_dir": 296.0557811042093,
  "tent_precip_sum": 4.8,
  "tent_temp_mean": -1.46
}