{
  "ride_temp_mean": 7.55,
  "ride_precip_sum": 0.4,
  "ride_wind_speed": 28.738156016746167,
  "ride_wind_dir": 234.12005134729557,
  "tent_precip_sum": 5.9,
  "tent_temp_mean": 7.015000000000001
}