{
  "ride_temp_mean": 8.3,
  "ride_precip_sum": 0.0,
  "ride_wind_speed": 16.338379993194046,
  "ride_wind_dir": 229.17005560191765,
  "tent_precip_sum": 0.0,
  "tent_temp_mean": 4.0200000000000005
}