{
  "ride_temp_mean": 15.37142857142857,
  "ride_wind_mean": 18.02857142857143,
  "ride_rain_flag": 1.0,
  "tent_rain_flag": 0.0
}