{
  "ride_temp_mean": 17.12857142857143,
  "ride_wind_mean": 16.37142857142857,
  "ride_rain_flag": 0.0,
  "tent_rain_flag": 1.0
}