{
  "ride_temp_mean": 15.571428571428571,
  "ride_wind_mean": 18.571428571428573,
  "ride_rain_flag": 1.0,
  "tent_rain_flag": 1.0
}