{
  "ride_temp_mean": 16.72857142857143,
  "ride_wind_mean": 15.299999999999999,
  "ride_rain_flag": 0.0,
  "tent_rain_flag": 1.0
}