{
  "ride_temp_mean": 16.614285714285714,
  "ride_wind_mean": 8.871428571428572,
  "ride_rain_flag": 1.0,
  "tent_rain_flag": 1.0
}