{
  "samples_local": {
    "10": {
      "temp": 19.5,
      "precip": 0.0,
      "wind": 9.4,
      "wind_dir_deg": 203.0
    },
    "12": {
      "temp": 19.5,
      "precip": 0.0,
      "wind": 16.1,
      "wind_dir_deg": 252.0
    },
    "14": {
      "temp": 20.2,
      "precip": 0.0,
      "wind": 8.8,
      "wind_dir_deg": 227.0
    },
    "16": {
      "temp": 20.1,
      "precip": 0.0,
      "wind": 16.2,
      "wind_dir_deg": 280.0
    }
  },
  "ride_temp_mean": 19.825,
  "ride_wind_mean": 12.625,
  "ride_wind_dir_deg": 247.88111420279245,
  "ride_rain_flag": 0.0,
  "tent_rain_flag": 0.0,
  "daily_precip_sum": 0.1,
  "daily_temp_mean": 19.654166666666665,
  "daily_wind_mean": 12.254166666666668,
  "daily_wind_dir_deg": 204.16397977508456
}