{
  "ride_temp_mean": 18.400000000000002,
  "ride_wind_mean": 19.614285714285717,
  "ride_rain_flag": 0.0,
  "tent_rain_flag": 1.0
}