{
  "ride_temp_mean": 18.342857142857145,
  "ride_wind_mean": 10.842857142857143,
  "ride_rain_flag": 1.0,
  "tent_rain_flag": 1.0
}