{
  "ride_temp_mean": 18.37142857142857,
  "ride_wind_mean": 14.828571428571427,
  "ride_rain_flag": 1.0,
  "tent_rain_flag": 1.0
}