{
  "ride_temp_mean": 22.785714285714285,
  "ride_wind_mean": 14.700000000000001,
  "ride_rain_flag": 1.0,
  "tent_rain_flag": 1.0
}