{
  "ride_temp_mean": 25.928571428571427,
  "ride_wind_mean": 7.214285714285714,
  "ride_rain_flag": 1.0,
  "tent_rain_flag": 1.0
}