{
  "ride_temp_mean": 4.45,
  "ride_precip_sum": 0.4,
  "ride_wind_speed": 26.040990618415627,
  "ride_wind_dir": 236.93286584796084,
  "tent_precip_sum": 9.1,
  "tent_temp_mean": 3.8049999999999997
}