{
  "ride_temp_mean": 4.3,
  "ride_precip_sum": 6.6,
  "ride_wind_speed": 27.32203957201946,
  "ride_wind_dir": 235.7959622036248,
  "tent_precip_sum": 21.1,
  "tent_temp_mean": 4.13
}