{
  "samples_local": {
    "10": {
      "temp": 13.0,
      "precip": 0.0,
      "wind": 7.9,
      "wind_dir_deg": 309.0
    },
    "12": {
      "temp": 14.4,
      "precip": 0.0,
      "wind": 6.4,
      "wind_dir_deg": 297.0
    },
    "14": {
      "temp": 15.6,
      "precip": 0.0,
      "wind": 7.2,
      "wind_dir_deg": 267.0
    },
    "16": {
      "temp": 15.1,
      "precip": 0.0,
      "wind": 7.2,
      "wind_dir_deg": 264.0
    }
  },
  "ride_temp_mean": 14.525,
  "ride_wind_mean": 7.175000000000001,
  "ride_wind_dir_deg": 284.4464389021207,
  "ride_rain_flag": 0.0,
  "tent_rain_flag": 1.0,
  "daily_precip_sum": 0.30000000000000004,
  "daily_temp_mean": 11.65,
  "daily_wind_mean": 5.845833333333334,
  "daily_wind_dir_deg": 300.66346348658055
}