{
  "samples_local": {
    "10": {
      "temp": 11.5,
      "precip": 0.0,
      "wind": 10.2,
      "wind_dir_deg": 129.0
    },
    "12": {
      "temp": 12.6,
      "precip": 0.1,
      "wind": 10.5,
      "wind_dir_deg": 131.0
    },
    "14": {
      "temp": 12.0,
      "precip": 0.2,
      "wind": 9.6,
      "wind_dir_deg": 124.0
    },
    "16": {
      "temp": 12.5,
      "precip": 0.0,
      "wind": 12.0,
      "wind_dir_deg": 131.0
    }
  },
  "ride_temp_mean": 12.15,
  "ride_wind_mean": 10.575,
  "ride_wind_dir_deg": 128.93021886919962,
  "ride_rain_flag": 1.0,
  "tent_rain_flag": 0.0,
  "daily_precip_sum": 0.6000000000000001,
  "daily_temp_mean": 9.479166666666666,
  "daily_wind_mean": 10.5625,
  "daily_wind_dir_deg": 134.168385524138
}