{
  "samples_local": {
    "10": {
      "temp": 14.4,
      "precip": 0.0,
      "wind": 15.0,
      "wind_dir_deg": 73.0
    },
    "12": {
      "temp": 15.4,
      "precip": 0.0,
      "wind": 16.8,
      "wind_dir_deg": 75.0
    },
    "14": {
      "temp": 15.5,
      "precip": 0.1,
      "wind": 18.9,
      "wind_dir_deg": 76.0
    },
    "16": {
      "temp": 16.1,
      "precip": 0.1,
      "wind": 16.6,
      "wind_dir_deg": 86.0
    }
  },
  "ride_temp_mean": 15.350000000000001,
  "ride_wind_mean": 16.825,
  "ride_wind_dir_deg": 77.54204298046062,
  "ride_rain_flag": 0.0,
  "tent_rain_flag": 0.0,
  "daily_precip_sum": 0.6000000000000001,
  "daily_temp_mean": 12.470833333333333,
  "daily_wind_mean": 13.779166666666667,
  "daily_wind_dir_deg": 76.11067346048719
}