{
  "samples_local": {
    "10": {
      "temp": 13.1,
      "precip": 0.1,
      "wind": 12.8,
      "wind_dir_deg": 106.0
    },
    "12": {
      "temp": 14.2,
      "precip": 0.1,
      "wind": 13.8,
      "wind_dir_deg": 110.0
    },
    "14": {
      "temp": 13.9,
      "precip": 0.1,
      "wind": 18.2,
      "wind_dir_deg": 108.0
    },
    "16": {
      "temp": 13.9,
      "precip": 0.1,
      "wind": 16.9,
      "wind_dir_deg": 117.0
    }
  },
  "ride_temp_mean": 13.775,
  "ride_wind_mean": 15.425,
  "ride_wind_dir_deg": 110.49493361749637,
  "ride_rain_flag": 0.0,
  "tent_rain_flag": 1.0,
  "daily_precip_sum": 1.1,
  "daily_temp_mean": 10.908333333333333,
  "daily_wind_mean": 12.283333333333333,
  "daily_wind_dir_deg": 101.31114055213646
}