{
  "samples_local": {
    "10": {
      "temp": 13.5,
      "precip": 0.0,
      "wind": 15.3,
      "wind_dir_deg": 81.0
    },
    "12": {
      "temp": 14.1,
      "precip": 0.1,
      "wind": 16.3,
      "wind_dir_deg": 85.0
    },
    "14": {
      "temp": 15.6,
      "precip": 0.0,
      "wind": 19.2,
      "wind_dir_deg": 95.0
    },
    "16": {
      "temp": 15.1,
      "precip": 0.0,
      "wind": 17.2,
      "wind_dir_deg": 100.0
    }
  },
  "ride_temp_mean": 14.575,
  "ride_wind_mean": 17.0,
  "ride_wind_dir_deg": 90.71901729461274,
  "ride_rain_flag": 0.0,
  "tent_rain_flag": 0.0,
  "daily_precip_sum": 0.6000000000000001,
  "daily_temp_mean": 11.820833333333333,
  "daily_wind_mean": 13.504166666666668,
  "daily_wind_dir_deg": 91.41050095400641
}