{
  "samples_local": {
    "10": {
      "temp": 14.2,
      "precip": 0.0,
      "wind": 16.3,
      "wind_dir_deg": 84.0
    },
    "12": {
      "temp": 15.6,
      "precip": 0.0,
      "wind": 18.0,
      "wind_dir_deg": 78.0
    },
    "14": {
      "temp": 14.6,
      "precip": 0.1,
      "wind": 19.5,
      "wind_dir_deg": 87.0
    },
    "16": {
      "temp": 15.7,
      "precip": 0.0,
      "wind": 16.1,
      "wind_dir_deg": 74.0
    }
  },
  "ride_temp_mean": 15.024999999999999,
  "ride_wind_mean": 17.475,
  "ride_wind_dir_deg": 80.98949764667674,
  "ride_rain_flag": 0.0,
  "tent_rain_flag": 0.0,
  "daily_precip_sum": 0.6000000000000001,
  "daily_temp_mean": 11.975,
  "daily_wind_mean": 14.454166666666666,
  "daily_wind_dir_deg": 81.03805103172408
}