{
  "samples_local": {
    "10": {
      "temp": 16.5,
      "precip": 0.0,
      "wind": 16.0,
      "wind_dir_deg": 76.0
    },
    "12": {
      "temp": 17.6,
      "precip": 0.0,
      "wind": 18.5,
      "wind_dir_deg": 82.0
    },
    "14": {
      "temp": 18.0,
      "precip": 0.0,
      "wind": 17.6,
      "wind_dir_deg": 91.0
    },
    "16": {
      "temp": 18.4,
      "precip": 0.0,
      "wind": 15.0,
      "wind_dir_deg": 100.0
    }
  },
  "ride_temp_mean": 17.625,
  "ride_wind_mean": 16.775,
  "ride_wind_dir_deg": 86.94526442494526,
  "ride_rain_flag": 0.0,
  "tent_rain_flag": 0.0,
  "daily_precip_sum": 0.2,
  "daily_temp_mean": 13.983333333333334,
  "daily_wind_mean": 11.408333333333333,
  "daily_wind_dir_deg": 80.28112875402098
}