{
  "samples_local": {
    "10": {
      "temp": 13.1,
      "precip": 0.0,
      "wind": 10.6,
      "wind_dir_deg": 118.0
    },
    "12": {
      "temp": 14.6,
      "precip": 0.0,
      "wind": 13.2,
      "wind_dir_deg": 116.0
    },
    "14": {
      "temp": 14.6,
      "precip": 0.0,
      "wind": 15.4,
      "wind_dir_deg": 111.0
    },
    "16": {
      "temp": 14.5,
      "precip": 0.1,
      "wind": 14.6,
      "wind_dir_deg": 110.0
    }
  },
  "ride_temp_mean": 14.2,
  "ride_wind_mean": 13.45,
  "ride_wind_dir_deg": 113.33401594835493,
  "ride_rain_flag": 0.0,
  "tent_rain_flag": 0.0,
  "daily_precip_sum": 0.7000000000000001,
  "daily_temp_mean": 11.279166666666667,
  "daily_wind_mean": 10.670833333333334,
  "daily_wind_dir_deg": 114.86526341906972
}