{
  "samples_local": {
    "10": {
      "temp": 15.0,
      "precip": 0.0,
      "wind": 17.6,
      "wind_dir_deg": 79.0
    },
    "12": {
      "temp": 16.1,
      "precip": 0.0,
      "wind": 15.8,
      "wind_dir_deg": 90.0
    },
    "14": {
      "temp": 16.9,
      "precip": 0.1,
      "wind": 16.9,
      "wind_dir_deg": 91.0
    },
    "16": {
      "temp": 17.0,
      "precip": 0.0,
      "wind": 15.2,
      "wind_dir_deg": 94.0
    }
  },
  "ride_temp_mean": 16.25,
  "ride_wind_mean": 16.375,
  "ride_wind_dir_deg": 88.23868312381086,
  "ride_rain_flag": 0.0,
  "tent_rain_flag": 0.0,
  "daily_precip_sum": 0.30000000000000004,
  "daily_temp_mean": 12.829166666666666,
  "daily_wind_mean": 11.879166666666668,
  "daily_wind_dir_deg": 85.6025253634403
}