{
  "samples_local": {
    "10": {
      "temp": 15.6,
      "precip": 0.1,
      "wind": 18.4,
      "wind_dir_deg": 73.0
    },
    "12": {
      "temp": 14.7,
      "precip": 0.1,
      "wind": 20.0,
      "wind_dir_deg": 83.0
    },
    "14": {
      "temp": 16.6,
      "precip": 0.0,
      "wind": 18.6,
      "wind_dir_deg": 80.0
    },
    "16": {
      "temp": 16.6,
      "precip": 0.0,
      "wind": 17.7,
      "wind_dir_deg": 88.0
    }
  },
  "ride_temp_mean": 15.875,
  "ride_wind_mean": 18.675,
  "ride_wind_dir_deg": 80.97664033310548,
  "ride_rain_flag": 0.0,
  "tent_rain_flag": 0.0,
  "daily_precip_sum": 0.30000000000000004,
  "daily_temp_mean": 13.345833333333333,
  "daily_wind_mean": 13.766666666666666,
  "daily_wind_dir_deg": 76.28334205685616
}