{
  "ride_temp_mean": -12.55,
  "ride_precip_sum": 0.1,
  "ride_wind_speed": 3.2382451321876875,
  "ride_wind_dir": 293.16814683766336,
  "tent_precip_sum": 0.5,
  "tent_temp_mean": -14.469999999999999
}