{
  "ride_temp_mean": -7.475,
  "ride_precip_sum": 0.0,
  "ride_wind_speed": 2.4638490688833077,
  "ride_wind_dir": 325.19286722992024,
  "tent_precip_sum": 0.0,
  "tent_temp_mean": -8.620000000000001
}