{
  "samples_local": {
    "10": {
      "temp": 20.5,
      "precip": 0.0,
      "wind": 12.9,
      "wind_dir_deg": 108.0
    },
    "12": {
      "temp": 20.9,
      "precip": 0.0,
      "wind": 16.8,
      "wind_dir_deg": 113.0
    },
    "14": {
      "temp": 22.0,
      "precip": 0.0,
      "wind": 13.3,
      "wind_dir_deg": 109.0
    },
    "16": {
      "temp": 21.9,
      "precip": 0.0,
      "wind": 14.4,
      "wind_dir_deg": 103.0
    }
  },
  "ride_temp_mean": 21.325,
  "ride_wind_mean": 14.350000000000001,
  "ride_wind_dir_deg": 108.44140941005611,
  "ride_rain_flag": 0.0,
  "tent_rain_flag": 0.0,
  "daily_precip_sum": 0.0,
  "daily_temp_mean": 18.120833333333334,
  "daily_wind_mean": 9.120833333333334,
  "daily_wind_dir_deg": 95.90109580854516
}