{
  "samples_local": {
    "10": {
      "temp": 24.0,
      "precip": 0.0,
      "wind": 8.2,
      "wind_dir_deg": 52.0
    },
    "12": {
      "temp": 25.8,
      "precip": 0.0,
      "wind": 11.7,
      "wind_dir_deg": 72.0
    },
    "14": {
      "temp": 26.5,
      "precip": 0.0,
      "wind": 12.1,
      "wind_dir_deg": 73.0
    },
    "16": {
      "temp": 26.4,
      "precip": 0.0,
      "wind": 14.1,
      "wind_dir_deg": 87.0
    }
  },
  "ride_temp_mean": 25.675,
  "ride_wind_mean": 11.524999999999999,
  "ride_wind_dir_deg": 73.34057155783773,
  "ride_rain_flag": 0.0,
  "tent_rain_flag": 0.0,
  "daily_precip_sum": 0.0,
  "daily_temp_mean": 20.595833333333335,
  "daily_wind_mean": 8.483333333333333,
  "daily_wind_dir_deg": 73.41106645725131
}