{
  "samples_local": {
    "10": {
      "temp": 22.3,
      "precip": 0.0,
      "wind": 14.7,
      "wind_dir_deg": 101.0
    },
    "12": {
      "temp": 23.8,
      "precip": 0.0,
      "wind": 16.4,
      "wind_dir_deg": 109.0
    },
    "14": {
      "temp": 24.1,
      "precip": 0.0,
      "wind": 12.9,
      "wind_dir_deg": 108.0
    },
    "16": {
      "temp": 24.8,
      "precip": 0.0,
      "wind": 12.2,
      "wind_dir_deg": 104.0
    }
  },
  "ride_temp_mean": 23.75,
  "ride_wind_mean": 14.049999999999999,
  "ride_wind_dir_deg": 105.59310939817294,
  "ride_rain_flag": 0.0,
  "tent_rain_flag": 0.0,
  "daily_precip_sum": 0.0,
  "daily_temp_mean": 19.741666666666667,
  "daily_wind_mean": 9.137500000000001,
  "daily_wind_dir_deg": 99.23303946210376
}