{
  "samples_local": {
    "10": {
      "temp": 20.6,
      "precip": 0.0,
      "wind": 7.0,
      "wind_dir_deg": 102.0
    },
    "12": {
      "temp": 22.5,
      "precip": 0.0,
      "wind": 10.2,
      "wind_dir_deg": 100.0
    },
    "14": {
      "temp": 24.0,
      "precip": 0.0,
      "wind": 9.2,
      "wind_dir_deg": 111.0
    },
    "16": {
      "temp": 23.9,
      "precip": 0.0,
      "wind": 9.2,
      "wind_dir_deg": 121.0
    }
  },
  "ride_temp_mean": 22.75,
  "ride_wind_mean": 8.899999999999999,
  "ride_wind_dir_deg": 108.65043683055546,
  "ride_rain_flag": 0.0,
  "tent_rain_flag": 0.0,
  "daily_precip_sum": 0.1,
  "daily_temp_mean": 19.095833333333335,
  "daily_wind_mean": 7.395833333333333,
  "daily_wind_dir_deg": 85.99331906690293
}