{
  "samples_local": {
    "10": {
      "temp": 19.4,
      "precip": 0.1,
      "wind": 16.3,
      "wind_dir_deg": 76.0
    },
    "12": {
      "temp": 19.7,
      "precip": 0.8,
      "wind": 17.0,
      "wind_dir_deg": 58.0
    },
    "14": {
      "temp": 20.4,
      "precip": 0.1,
      "wind": 19.4,
      "wind_dir_deg": 108.0
    },
    "16": {
      "temp": 20.7,
      "precip": 0.0,
      "wind": 14.1,
      "wind_dir_deg": 96.0
    }
  },
  "ride_temp_mean": 20.049999999999997,
  "ride_wind_mean": 16.7,
  "ride_wind_dir_deg": 85.00261282599138,
  "ride_rain_flag": 1.0,
  "tent_rain_flag": 1.0,
  "daily_precip_sum": 1.6,
  "daily_temp_mean": 17.791666666666668,
  "daily_wind_mean": 11.358333333333334,
  "daily_wind_dir_deg": 77.57093193332958
}