{
  "samples_local": {
    "10": {
      "temp": 20.0,
      "precip": 0.0,
      "wind": 15.8,
      "wind_dir_deg": 49.0
    },
    "12": {
      "temp": 20.9,
      "precip": 0.1,
      "wind": 15.1,
      "wind_dir_deg": 78.0
    },
    "14": {
      "temp": 22.1,
      "precip": 0.1,
      "wind": 14.4,
      "wind_dir_deg": 94.0
    },
    "16": {
      "temp": 20.3,
      "precip": 0.1,
      "wind": 15.0,
      "wind_dir_deg": 136.0
    }
  },
  "ride_temp_mean": 20.825,
  "ride_wind_mean": 15.075,
  "ride_wind_dir_deg": 88.09681285114237,
  "ride_rain_flag": 0.0,
  "tent_rain_flag": 1.0,
  "daily_precip_sum": 0.9,
  "daily_temp_mean": 18.079166666666666,
  "daily_wind_mean": 11.654166666666667,
  "daily_wind_dir_deg": 82.46346196031016
}