{
  "samples_local": {
    "10": {
      "temp": 23.4,
      "precip": 0.0,
      "wind": 5.3,
      "wind_dir_deg": 118.0
    },
    "12": {
      "temp": 25.2,
      "precip": 0.0,
      "wind": 7.4,
      "wind_dir_deg": 119.0
    },
    "14": {
      "temp": 26.1,
      "precip": 0.0,
      "wind": 10.8,
      "wind_dir_deg": 120.0
    },
    "16": {
      "temp": 25.6,
      "precip": 0.0,
      "wind": 12.0,
      "wind_dir_deg": 147.0
    }
  },
  "ride_temp_mean": 25.075,
  "ride_wind_mean": 8.875,
  "ride_wind_dir_deg": 128.53996443279698,
  "ride_rain_flag": 0.0,
  "tent_rain_flag": 0.0,
  "daily_precip_sum": 0.0,
  "daily_temp_mean": 20.958333333333332,
  "daily_wind_mean": 6.2749999999999995,
  "daily_wind_dir_deg": 135.57776820513675
}