{
  "ride_temp_mean": 1.075,
  "ride_precip_sum": 0.0,
  "ride_wind_speed": 11.8830989278775,
  "ride_wind_dir": 305.13492712353354,
  "tent_precip_sum": 0.0,
  "tent_temp_mean": -0.02999999999999998
}