{
  "ride_temp_mean": 4.525,
  "ride_precip_sum": 0.1,
  "ride_wind_speed": 16.920236959915968,
  "ride_wind_dir": 297.0224865363372,
  "tent_precip_sum": 10.6,
  "tent_temp_mean": 3.775
}