{
  "samples_local": {
    "10": {
      "temp": 23.6,
      "precip": 0.2,
      "wind": 15.4,
      "wind_dir_deg": 74.0
    },
    "12": {
      "temp": 25.7,
      "precip": 0.1,
      "wind": 12.4,
      "wind_dir_deg": 68.0
    },
    "14": {
      "temp": 25.0,
      "precip": 0.0,
      "wind": 10.8,
      "wind_dir_deg": 60.0
    },
    "16": {
      "temp": 26.6,
      "precip": 0.0,
      "wind": 10.8,
      "wind_dir_deg": 90.0
    }
  },
  "ride_temp_mean": 25.225,
  "ride_wind_mean": 12.350000000000001,
  "ride_wind_dir_deg": 72.90118480577127,
  "ride_rain_flag": 1.0,
  "tent_rain_flag": 1.0,
  "daily_precip_sum": 0.9,
  "daily_temp_mean": 22.308333333333334,
  "daily_wind_mean": 10.987499999999999,
  "daily_wind_dir_deg": 78.361447702705
}