{
  "samples_local": {
    "10": {
      "temp": 24.8,
      "precip": 0.0,
      "wind": 13.4,
      "wind_dir_deg": 70.0
    },
    "12": {
      "temp": 26.6,
      "precip": 0.0,
      "wind": 11.3,
      "wind_dir_deg": 63.0
    },
    "14": {
      "temp": 26.4,
      "precip": 0.0,
      "wind": 11.3,
      "wind_dir_deg": 68.0
    },
    "16": {
      "temp": 26.2,
      "precip": 0.0,
      "wind": 9.8,
      "wind_dir_deg": 82.0
    }
  },
  "ride_temp_mean": 26.0,
  "ride_wind_mean": 11.450000000000001,
  "ride_wind_dir_deg": 70.33505367589305,
  "ride_rain_flag": 0.0,
  "tent_rain_flag": 0.0,
  "daily_precip_sum": 0.1,
  "daily_temp_mean": 22.445833333333336,
  "daily_wind_mean": 10.170833333333333,
  "daily_wind_dir_deg": 67.2168637112689
}