{
  "samples_local": {
    "10": {
      "temp": 23.0,
      "precip": 0.4,
      "wind": 14.7,
      "wind_dir_deg": 115.0
    },
    "12": {
      "temp": 26.0,
      "precip": 0.0,
      "wind": 14.2,
      "wind_dir_deg": 99.0
    },
    "14": {
      "temp": 27.0,
      "precip": 0.1,
      "wind": 18.0,
      "wind_dir_deg": 102.0
    },
    "16": {
      "temp": 27.2,
      "precip": 0.0,
      "wind": 17.3,
      "wind_dir_deg": 111.0
    }
  },
  "ride_temp_mean": 25.8,
  "ride_wind_mean": 16.05,
  "ride_wind_dir_deg": 106.73741774490475,
  "ride_rain_flag": 1.0,
  "tent_rain_flag": 1.0,
  "daily_precip_sum": 1.4000000000000001,
  "daily_temp_mean": 22.508333333333336,
  "daily_wind_mean": 11.379166666666668,
  "daily_wind_dir_deg": 110.48749748953162
}