{
  "samples_local": {
    "10": {
      "temp": 24.8,
      "precip": 0.1,
      "wind": 17.6,
      "wind_dir_deg": 113.0
    },
    "12": {
      "temp": 26.4,
      "precip": 0.1,
      "wind": 17.0,
      "wind_dir_deg": 96.0
    },
    "14": {
      "temp": 27.2,
      "precip": 0.0,
      "wind": 18.9,
      "wind_dir_deg": 98.0
    },
    "16": {
      "temp": 27.8,
      "precip": 0.0,
      "wind": 16.8,
      "wind_dir_deg": 113.0
    }
  },
  "ride_temp_mean": 26.55,
  "ride_wind_mean": 17.575,
  "ride_wind_dir_deg": 104.85583558953732,
  "ride_rain_flag": 0.0,
  "tent_rain_flag": 1.0,
  "daily_precip_sum": 3.3,
  "daily_temp_mean": 23.083333333333332,
  "daily_wind_mean": 12.762500000000001,
  "daily_wind_dir_deg": 101.98373529895991
}