{
  "samples_local": {
    "10": {
      "temp": 24.6,
      "precip": 0.0,
      "wind": 15.1,
      "wind_dir_deg": 93.0
    },
    "12": {
      "temp": 26.5,
      "precip": 0.0,
      "wind": 16.6,
      "wind_dir_deg": 88.0
    },
    "14": {
      "temp": 26.1,
      "precip": 0.1,
      "wind": 18.3,
      "wind_dir_deg": 100.0
    },
    "16": {
      "temp": 25.8,
      "precip": 0.0,
      "wind": 19.5,
      "wind_dir_deg": 118.0
    }
  },
  "ride_temp_mean": 25.75,
  "ride_wind_mean": 17.375,
  "ride_wind_dir_deg": 100.61802217004197,
  "ride_rain_flag": 0.0,
  "tent_rain_flag": 1.0,
  "daily_precip_sum": 1.2000000000000002,
  "daily_temp_mean": 22.104166666666668,
  "daily_wind_mean": 13.0875,
  "daily_wind_dir_deg": 95.99053761613936
}