{
  "samples_local": {
    "10": {
      "temp": 19.6,
      "precip": 0.0,
      "wind": 23.1,
      "wind_dir_deg": 67.0
    },
    "12": {
      "temp": 20.1,
      "precip": 0.0,
      "wind": 23.3,
      "wind_dir_deg": 73.0
    },
    "14": {
      "temp": 20.8,
      "precip": 0.0,
      "wind": 24.3,
      "wind_dir_deg": 83.0
    },
    "16": {
      "temp": 20.6,
      "precip": 0.0,
      "wind": 18.8,
      "wind_dir_deg": 86.0
    }
  },
  "ride_temp_mean": 20.275000000000002,
  "ride_wind_mean": 22.375,
  "ride_wind_dir_deg": 76.89952867476825,
  "ride_rain_flag": 0.0,
  "tent_rain_flag": 1.0,
  "daily_precip_sum": 2.2,
  "daily_temp_mean": 18.741666666666667,
  "daily_wind_mean": 15.725000000000001,
  "daily_wind_dir_deg": 64.0078168736921
}