{
  "samples_local": {
    "10": {
      "temp": 25.4,
      "precip": 0.0,
      "wind": 14.1,
      "wind_dir_deg": 103.0
    },
    "12": {
      "temp": 27.0,
      "precip": 0.0,
      "wind": 14.1,
      "wind_dir_deg": 86.0
    },
    "14": {
      "temp": 28.0,
      "precip": 0.1,
      "wind": 14.9,
      "wind_dir_deg": 97.0
    },
    "16": {
      "temp": 27.1,
      "precip": 0.3,
      "wind": 16.6,
      "wind_dir_deg": 108.0
    }
  },
  "ride_temp_mean": 26.875,
  "ride_wind_mean": 14.925,
  "ride_wind_dir_deg": 98.89195126440575,
  "ride_rain_flag": 1.0,
  "tent_rain_flag": 1.0,
  "daily_precip_sum": 2.9000000000000004,
  "daily_temp_mean": 23.45,
  "daily_wind_mean": 10.870833333333332,
  "daily_wind_dir_deg": 97.24233814382518
}