{
  "ride_temp_mean": 3.175,
  "ride_precip_sum": 0.1,
  "ride_wind_speed": 1.7134166486604967,
  "ride_wind_dir": 177.37942749009528,
  "tent_precip_sum": 3.5,
  "tent_temp_mean": 0.9400000000000001
}