{
  "ride_temp_mean": 10.175,
  "ride_precip_sum": 0.0,
  "ride_wind_speed": 0.5263735228823306,
  "ride_wind_dir": 189.73690182705494,
  "tent_precip_sum": 0.0,
  "tent_temp_mean": 8.055
}