{
  "ride_temp_mean": 6.7,
  "ride_precip_sum": 0.0,
  "ride_wind_speed": 7.326426448865745,
  "ride_wind_dir": 262.16872325203974,
  "tent_precip_sum": 0.0,
  "tent_temp_mean": 2.79
}