{
  "ride_temp_mean": -15.1,
  "ride_precip_sum": 0.0,
  "ride_wind_speed": 5.952792774668555,
  "ride_wind_dir": 337.0069641522128,
  "tent_precip_sum": 0.0,
  "tent_temp_mean": -17.195
}