<?xml version="1.0" encoding="UTF-8"?>
<gpx version="1.1" creator="OSRM realistic route generator" xmlns="http://www.topografix.com/GPX/1/1">
  <trk><name>Milano to Rome</name><trkseg>
    <trkpt lat="45.464909" lon="9.189254"></trkpt>
    <trkpt lat="45.465141" lon="9.189254"></trkpt>
    <trkpt lat="45.465141" lon="9.189201"></trkpt>
    <trkpt lat="45.465141" lon="9.189166"></trkpt>
    <trkpt lat="45.465142" lon="9.188899"></trkpt>
    <trkpt lat="45.465143" lon="9.188647"></trkpt>
    <trkpt lat="45.465143" lon="9.188632"></trkpt>
    <trkpt lat="45.465143" lon="9.188541"></trkpt>
    <trkpt lat="45.465557" lon="9.188545"></trkpt>
    <trkpt lat="45.465672" lon="9.188547"></trkpt>
    <trkpt lat="45.465849" lon="9.188548"></trkpt>
    <trkpt lat="45.466066" lon="9.188552"></trkpt>
    <trkpt lat="45.466087" lon="9.188552"></trkpt>
    <trkpt lat="45.466174" lon="9.188628"></trkpt>
    <trkpt lat="45.466222" lon="9.188669"></trkpt>
    <trkpt lat="45.466407" lon="9.188840"></trkpt>
    <trkpt lat="45.466497" lon="9.188923"></trkpt>
    <trkpt lat="45.466517" lon="9.188941"></trkpt>
    <trkpt lat="45.466590" lon="9.189007"></trkpt>
    <trkpt lat="45.466607" lon="9.189023"></trkpt>
    <trkpt lat="45.466873" lon="9.189295"></trkpt>
    <trkpt lat="45.466893" lon="9.189323"></trkpt>
    <trkpt lat="45.466918" lon="9.189356"></trkpt>
    <trkpt lat="45.466951" lon="9.189409"></trkpt>
    <trkpt lat="45.467000" lon="9.189493"></trkpt>
    <trkpt lat="45.467029" lon="9.189534"></trkpt>
    <trkpt lat="45.467084" lon="9.189609"></trkpt>
    <trkpt lat="45.467127" lon="9.189662"></trkpt>
    <trkpt lat="45.467267" lon="9.189841"></trkpt>
    <trkpt lat="45.467302" lon="9.189882"></trkpt>
    <trkpt lat="45.467328" lon="9.189906"></trkpt>
    <trkpt lat="45.467359" lon="9.189934"></trkpt>
    <trkpt lat="45.467392" lon="9.189961"></trkpt>
    <trkpt lat="45.467423" lon="9.189983"></trkpt>
    <trkpt lat="45.467447" lon="9.190008"></trkpt>
    <trkpt lat="45.467469" lon="9.190029"></trkpt>
    <trkpt lat="45.467493" lon="9.190053"></trkpt>
    <trkpt lat="45.467758" lon="9.190340"></trkpt>
    <trkpt lat="45.468073" lon="9.190672"></trkpt>
    <trkpt lat="45.468259" lon="9.190861"></trkpt>
    <trkpt lat="45.468296" lon="9.190899"></trkpt>
    <trkpt lat="45.468445" lon="9.191052"></trkpt>
    <trkpt lat="45.468672" lon="9.191291"></trkpt>
    <trkpt lat="45.468712" lon="9.191337"></trkpt>
    <trkpt lat="45.468974" lon="9.191584"></trkpt>
    <trkpt lat="45.469064" lon="9.191677"></trkpt>
    <trkpt lat="45.469078" lon="9.191692"></trkpt>
    <trkpt lat="45.469094" lon="9.191709"></trkpt>
    <trkpt lat="45.469387" lon="9.192035"></trkpt>
    <trkpt lat="45.469585" lon="9.192263"></trkpt>
    <trkpt lat="45.469757" lon="9.192463"></trkpt>
    <trkpt lat="45.469900" lon="9.192621"></trkpt>
    <trkpt lat="45.469969" lon="9.192699"></trkpt>
    <trkpt lat="45.469984" lon="9.192712"></trkpt>
    <trkpt lat="45.470063" lon="9.192782"></trkpt>
    <trkpt lat="45.470100" lon="9.192818"></trkpt>
    <trkpt lat="45.470162" lon="9.192880"></trkpt>
    <trkpt lat="45.470515" lon="9.193241"></trkpt>
    <trkpt lat="45.470595" lon="9.193318"></trkpt>
    <trkpt lat="45.470763" lon="9.193483"></trkpt>
    <trkpt lat="45.471113" lon="9.193838"></trkpt>
    <trkpt lat="45.471261" lon="9.193997"></trkpt>
    <trkpt lat="45.471705" lon="9.194478"></trkpt>
    <trkpt lat="45.471940" lon="9.194743"></trkpt>
    <trkpt lat="45.471997" lon="9.194933"></trkpt>
    <trkpt lat="45.472057" lon="9.195002"></trkpt>
    <trkpt lat="45.472073" lon="9.195020"></trkpt>
    <trkpt lat="45.472100" lon="9.195053"></trkpt>
    <trkpt lat="45.472117" lon="9.195073"></trkpt>
    <trkpt lat="45.472148" lon="9.195110"></trkpt>
    <trkpt lat="45.472182" lon="9.195148"></trkpt>
    <trkpt lat="45.472215" lon="9.195187"></trkpt>
    <trkpt lat="45.472248" lon="9.195225"></trkpt>
    <trkpt lat="45.472321" lon="9.195304"></trkpt>
    <trkpt lat="45.472381" lon="9.195370"></trkpt>
    <trkpt lat="45.472452" lon="9.195468"></trkpt>
    <trkpt lat="45.472475" lon="9.195500"></trkpt>
    <trkpt lat="45.472631" lon="9.195689"></trkpt>
    <trkpt lat="45.472668" lon="9.195752"></trkpt>
    <trkpt lat="45.472706" lon="9.195810"></trkpt>
    <trkpt lat="45.472735" lon="9.195862"></trkpt>
    <trkpt lat="45.472758" lon="9.195914"></trkpt>
    <trkpt lat="45.472773" lon="9.195960"></trkpt>
    <trkpt lat="45.472812" lon="9.196102"></trkpt>
    <trkpt lat="45.472819" lon="9.196135"></trkpt>
    <trkpt lat="45.472874" lon="9.196492"></trkpt>
    <trkpt lat="45.472878" lon="9.196550"></trkpt>
    <trkpt lat="45.472904" lon="9.196913"></trkpt>
    <trkpt lat="45.472925" lon="9.197203"></trkpt>
    <trkpt lat="45.473000" lon="9.198121"></trkpt>
    <trkpt lat="45.473072" lon="9.199158"></trkpt>
    <trkpt lat="45.473081" lon="9.199279"></trkpt>
    <trkpt lat="45.473069" lon="9.199404"></trkpt>
    <trkpt lat="45.473046" lon="9.199512"></trkpt>
    <trkpt lat="45.473024" lon="9.199601"></trkpt>
    <trkpt lat="45.473018" lon="9.199624"></trkpt>
    <trkpt lat="45.472769" lon="9.200406"></trkpt>
    <trkpt lat="45.472664" lon="9.200709"></trkpt>
    <trkpt lat="45.472640" lon="9.200772"></trkpt>
    <trkpt lat="45.472629" lon="9.200805"></trkpt>
    <trkpt lat="45.472525" lon="9.201102"></trkpt>
    <trkpt lat="45.472506" lon="9.201141"></trkpt>
    <trkpt lat="45.472181" lon="9.201846"></trkpt>
    <trkpt lat="45.471937" lon="9.202309"></trkpt>
    <trkpt lat="45.471909" lon="9.202364"></trkpt>
    <trkpt lat="45.471869" lon="9.202447"></trkpt>
    <trkpt lat="45.472208" lon="9.202807"></trkpt>
    <trkpt lat="45.472214" lon="9.202814"></trkpt>
    <trkpt lat="45.472247" lon="9.202849"></trkpt>
    <trkpt lat="45.472270" lon="9.202871"></trkpt>
    <trkpt lat="45.472338" lon="9.202940"></trkpt>
    <trkpt lat="45.472356" lon="9.202959"></trkpt>
    <trkpt lat="45.473083" lon="9.203699"></trkpt>
    <trkpt lat="45.473040" lon="9.203812"></trkpt>
    <trkpt lat="45.473027" lon="9.203849"></trkpt>
    <trkpt lat="45.472533" lon="9.205175"></trkpt>
    <trkpt lat="45.472495" lon="9.205255"></trkpt>
    <trkpt lat="45.472463" lon="9.205300"></trkpt>
    <trkpt lat="45.472258" lon="9.205297"></trkpt>
    <trkpt lat="45.471822" lon="9.205306"></trkpt>
    <trkpt lat="45.471748" lon="9.205309"></trkpt>
    <trkpt lat="45.471538" lon="9.205318"></trkpt>
    <trkpt lat="45.470800" lon="9.205384"></trkpt>
    <trkpt lat="45.470721" lon="9.205383"></trkpt>
    <trkpt lat="45.470607" lon="9.205408"></trkpt>
    <trkpt lat="45.470516" lon="9.205431"></trkpt>
    <trkpt lat="45.469584" lon="9.205532"></trkpt>
    <trkpt lat="45.469493" lon="9.205539"></trkpt>
    <trkpt lat="45.469023" lon="9.205593"></trkpt>
    <trkpt lat="45.468422" lon="9.205664"></trkpt>
    <trkpt lat="45.468182" lon="9.205699"></trkpt>
    <trkpt lat="45.468008" lon="9.205727"></trkpt>
    <trkpt lat="45.467981" lon="9.205731"></trkpt>
    <trkpt lat="45.467860" lon="9.205749"></trkpt>
    <trkpt lat="45.467779" lon="9.205760"></trkpt>
    <trkpt lat="45.467675" lon="9.205774"></trkpt>
    <trkpt lat="45.467572" lon="9.205781"></trkpt>
    <trkpt lat="45.467526" lon="9.205782"></trkpt>
    <trkpt lat="45.467387" lon="9.205787"></trkpt>
    <trkpt lat="45.467135" lon="9.205794"></trkpt>
    <trkpt lat="45.466630" lon="9.205831"></trkpt>
    <trkpt lat="45.466505" lon="9.205840"></trkpt>
    <trkpt lat="45.465764" lon="9.205938"></trkpt>
    <trkpt lat="45.465693" lon="9.205947"></trkpt>
    <trkpt lat="45.465197" lon="9.206023"></trkpt>
    <trkpt lat="45.464768" lon="9.206085"></trkpt>
    <trkpt lat="45.464332" lon="9.206147"></trkpt>
    <trkpt lat="45.464266" lon="9.206157"></trkpt>
    <trkpt lat="45.463848" lon="9.206212"></trkpt>
    <trkpt lat="45.463366" lon="9.206286"></trkpt>
    <trkpt lat="45.463334" lon="9.206297"></trkpt>
    <trkpt lat="45.463306" lon="9.206310"></trkpt>
    <trkpt lat="45.463280" lon="9.206332"></trkpt>
    <trkpt lat="45.463179" lon="9.206415"></trkpt>
    <trkpt lat="45.463119" lon="9.206454"></trkpt>
    <trkpt lat="45.463057" lon="9.206472"></trkpt>
    <trkpt lat="45.462687" lon="9.206530"></trkpt>
    <trkpt lat="45.462456" lon="9.206566"></trkpt>
    <trkpt lat="45.462384" lon="9.206577"></trkpt>
    <trkpt lat="45.462340" lon="9.206583"></trkpt>
    <trkpt lat="45.462222" lon="9.206600"></trkpt>
    <trkpt lat="45.462194" lon="9.206604"></trkpt>
    <trkpt lat="45.462190" lon="9.206604"></trkpt>
    <trkpt lat="45.462065" lon="9.206627"></trkpt>
    <trkpt lat="45.461892" lon="9.206666"></trkpt>
    <trkpt lat="45.461866" lon="9.206675"></trkpt>
    <trkpt lat="45.461738" lon="9.206715"></trkpt>
    <trkpt lat="45.461511" lon="9.206799"></trkpt>
    <trkpt lat="45.461096" lon="9.206835"></trkpt>
    <trkpt lat="45.461017" lon="9.206776"></trkpt>
    <trkpt lat="45.461004" lon="9.206770"></trkpt>
    <trkpt lat="45.460972" lon="9.206757"></trkpt>
    <trkpt lat="45.460811" lon="9.206713"></trkpt>
    <trkpt lat="45.460581" lon="9.206674"></trkpt>
    <trkpt lat="45.460460" lon="9.206627"></trkpt>
    <trkpt lat="45.460145" lon="9.206469"></trkpt>
    <trkpt lat="45.460060" lon="9.206427"></trkpt>
    <trkpt lat="45.459997" lon="9.206389"></trkpt>
    <trkpt lat="45.459929" lon="9.206349"></trkpt>
    <trkpt lat="45.459852" lon="9.206296"></trkpt>
    <trkpt lat="45.459632" lon="9.206107"></trkpt>
    <trkpt lat="45.458921" lon="9.205498"></trkpt>
    <trkpt lat="45.458536" lon="9.205184"></trkpt>
    <trkpt lat="45.458182" lon="9.204911"></trkpt>
    <trkpt lat="45.458122" lon="9.204870"></trkpt>
    <trkpt lat="45.458102" lon="9.204858"></trkpt>
    <trkpt lat="45.458008" lon="9.204803"></trkpt>
    <trkpt lat="45.457742" lon="9.204646"></trkpt>
    <trkpt lat="45.457594" lon="9.204559"></trkpt>
    <trkpt lat="45.457502" lon="9.204504"></trkpt>
    <trkpt lat="45.457460" lon="9.204480"></trkpt>
    <trkpt lat="45.457452" lon="9.204479"></trkpt>
    <trkpt lat="45.457312" lon="9.204393"></trkpt>
    <trkpt lat="45.455046" lon="9.203057"></trkpt>
    <trkpt lat="45.454934" lon="9.202991"></trkpt>
    <trkpt lat="45.454751" lon="9.202879"></trkpt>
    <trkpt lat="45.454568" lon="9.202773"></trkpt>
    <trkpt lat="45.454016" lon="9.202461"></trkpt>
    <trkpt lat="45.453928" lon="9.202423"></trkpt>
    <trkpt lat="45.453726" lon="9.202346"></trkpt>
    <trkpt lat="45.453696" lon="9.202336"></trkpt>
    <trkpt lat="45.453501" lon="9.202271"></trkpt>
    <trkpt lat="45.452825" lon="9.202078"></trkpt>
    <trkpt lat="45.452735" lon="9.202050"></trkpt>
    <trkpt lat="45.452685" lon="9.202030"></trkpt>
    <trkpt lat="45.452658" lon="9.202015"></trkpt>
    <trkpt lat="45.452635" lon="9.201999"></trkpt>
    <trkpt lat="45.452601" lon="9.201971"></trkpt>
    <trkpt lat="45.452580" lon="9.201950"></trkpt>
    <trkpt lat="45.452553" lon="9.201923"></trkpt>
    <trkpt lat="45.452457" lon="9.201802"></trkpt>
    <trkpt lat="45.452442" lon="9.201783"></trkpt>
    <trkpt lat="45.452392" lon="9.201783"></trkpt>
    <trkpt lat="45.452310" lon="9.201783"></trkpt>
    <trkpt lat="45.452293" lon="9.201789"></trkpt>
    <trkpt lat="45.452276" lon="9.201796"></trkpt>
    <trkpt lat="45.452255" lon="9.201807"></trkpt>
    <trkpt lat="45.452226" lon="9.201829"></trkpt>
    <trkpt lat="45.452199" lon="9.201854"></trkpt>
    <trkpt lat="45.452177" lon="9.201878"></trkpt>
    <trkpt lat="45.452156" lon="9.201903"></trkpt>
    <trkpt lat="45.452141" lon="9.201929"></trkpt>
    <trkpt lat="45.452127" lon="9.201955"></trkpt>
    <trkpt lat="45.452116" lon="9.201982"></trkpt>
    <trkpt lat="45.452108" lon="9.202011"></trkpt>
    <trkpt lat="45.452100" lon="9.202045"></trkpt>
    <trkpt lat="45.452095" lon="9.202081"></trkpt>
    <trkpt lat="45.452084" lon="9.202156"></trkpt>
    <trkpt lat="45.452078" lon="9.202187"></trkpt>
    <trkpt lat="45.452070" lon="9.202230"></trkpt>
    <trkpt lat="45.452060" lon="9.202275"></trkpt>
    <trkpt lat="45.452049" lon="9.202321"></trkpt>
    <trkpt lat="45.452034" lon="9.202366"></trkpt>
    <trkpt lat="45.452026" lon="9.202389"></trkpt>
    <trkpt lat="45.452015" lon="9.202421"></trkpt>
    <trkpt lat="45.452006" lon="9.202448"></trkpt>
    <trkpt lat="45.451997" lon="9.202480"></trkpt>
    <trkpt lat="45.451986" lon="9.202505"></trkpt>
    <trkpt lat="45.451976" lon="9.202525"></trkpt>
    <trkpt lat="45.451962" lon="9.202554"></trkpt>
    <trkpt lat="45.451942" lon="9.202596"></trkpt>
    <trkpt lat="45.451922" lon="9.202631"></trkpt>
    <trkpt lat="45.451872" lon="9.202707"></trkpt>
    <trkpt lat="45.451810" lon="9.202802"></trkpt>
    <trkpt lat="45.451662" lon="9.203033"></trkpt>
    <trkpt lat="45.451620" lon="9.203121"></trkpt>
    <trkpt lat="45.451612" lon="9.203134"></trkpt>
    <trkpt lat="45.451531" lon="9.203268"></trkpt>
    <trkpt lat="45.451474" lon="9.203360"></trkpt>
    <trkpt lat="45.451436" lon="9.203422"></trkpt>
    <trkpt lat="45.451303" lon="9.203639"></trkpt>
    <trkpt lat="45.451076" lon="9.204008"></trkpt>
    <trkpt lat="45.451033" lon="9.204079"></trkpt>
    <trkpt lat="45.450931" lon="9.204246"></trkpt>
    <trkpt lat="45.450807" lon="9.204448"></trkpt>
    <trkpt lat="45.450674" lon="9.204664"></trkpt>
    <trkpt lat="45.450360" lon="9.205176"></trkpt>
    <trkpt lat="45.450174" lon="9.205480"></trkpt>
    <trkpt lat="45.449877" lon="9.205964"></trkpt>
    <trkpt lat="45.449850" lon="9.206008"></trkpt>
    <trkpt lat="45.449842" lon="9.206022"></trkpt>
    <trkpt lat="45.449802" lon="9.206087"></trkpt>
    <trkpt lat="45.449517" lon="9.206551"></trkpt>
    <trkpt lat="45.449448" lon="9.206664"></trkpt>
    <trkpt lat="45.449368" lon="9.206795"></trkpt>
    <trkpt lat="45.449335" lon="9.206848"></trkpt>
    <trkpt lat="45.449173" lon="9.207116"></trkpt>
    <trkpt lat="45.448666" lon="9.207953"></trkpt>
    <trkpt lat="45.448498" lon="9.208232"></trkpt>
    <trkpt lat="45.448402" lon="9.208390"></trkpt>
    <trkpt lat="45.448357" lon="9.208465"></trkpt>
    <trkpt lat="45.448298" lon="9.208561"></trkpt>
    <trkpt lat="45.448250" lon="9.208639"></trkpt>
    <trkpt lat="45.447978" lon="9.209084"></trkpt>
    <trkpt lat="45.447946" lon="9.209102"></trkpt>
    <trkpt lat="45.447895" lon="9.209131"></trkpt>
    <trkpt lat="45.447867" lon="9.209146"></trkpt>
    <trkpt lat="45.447792" lon="9.209183"></trkpt>
    <trkpt lat="45.447771" lon="9.209197"></trkpt>
    <trkpt lat="45.447729" lon="9.209221"></trkpt>
    <trkpt lat="45.447710" lon="9.209238"></trkpt>
    <trkpt lat="45.447691" lon="9.209259"></trkpt>
    <trkpt lat="45.447539" lon="9.209501"></trkpt>
    <trkpt lat="45.447504" lon="9.209555"></trkpt>
    <trkpt lat="45.447463" lon="9.209608"></trkpt>
    <trkpt lat="45.447427" lon="9.209645"></trkpt>
    <trkpt lat="45.447391" lon="9.209671"></trkpt>
    <trkpt lat="45.447361" lon="9.209668"></trkpt>
    <trkpt lat="45.447339" lon="9.209668"></trkpt>
    <trkpt lat="45.447317" lon="9.209670"></trkpt>
    <trkpt lat="45.447295" lon="9.209674"></trkpt>
    <trkpt lat="45.447273" lon="9.209680"></trkpt>
    <trkpt lat="45.447239" lon="9.209693"></trkpt>
    <trkpt lat="45.447210" lon="9.209708"></trkpt>
    <trkpt lat="45.447190" lon="9.209721"></trkpt>
    <trkpt lat="45.447170" lon="9.209735"></trkpt>
    <trkpt lat="45.447151" lon="9.209752"></trkpt>
    <trkpt lat="45.447126" lon="9.209778"></trkpt>
    <trkpt lat="45.447105" lon="9.209803"></trkpt>
    <trkpt lat="45.447085" lon="9.209830"></trkpt>
    <trkpt lat="45.447070" lon="9.209855"></trkpt>
    <trkpt lat="45.447056" lon="9.209882"></trkpt>
    <trkpt lat="45.447041" lon="9.209914"></trkpt>
    <trkpt lat="45.447029" lon="9.209943"></trkpt>
    <trkpt lat="45.447017" lon="9.209980"></trkpt>
    <trkpt lat="45.447003" lon="9.210032"></trkpt>
    <trkpt lat="45.446996" lon="9.210069"></trkpt>
    <trkpt lat="45.446990" lon="9.210123"></trkpt>
    <trkpt lat="45.446987" lon="9.210180"></trkpt>
    <trkpt lat="45.446988" lon="9.210232"></trkpt>
    <trkpt lat="45.446993" lon="9.210284"></trkpt>
    <trkpt lat="45.446992" lon="9.210367"></trkpt>
    <trkpt lat="45.446988" lon="9.210414"></trkpt>
    <trkpt lat="45.446983" lon="9.210460"></trkpt>
    <trkpt lat="45.446976" lon="9.210498"></trkpt>
    <trkpt lat="45.446962" lon="9.210564"></trkpt>
    <trkpt lat="45.446947" lon="9.210630"></trkpt>
    <trkpt lat="45.446915" lon="9.210722"></trkpt>
    <trkpt lat="45.446867" lon="9.210811"></trkpt>
    <trkpt lat="45.446815" lon="9.210894"></trkpt>
    <trkpt lat="45.446730" lon="9.211029"></trkpt>
    <trkpt lat="45.446642" lon="9.211169"></trkpt>
    <trkpt lat="45.445942" lon="9.212312"></trkpt>
    <trkpt lat="45.445759" lon="9.212611"></trkpt>
    <trkpt lat="45.445750" lon="9.212626"></trkpt>
    <trkpt lat="45.445584" lon="9.212903"></trkpt>
    <trkpt lat="45.445511" lon="9.213023"></trkpt>
    <trkpt lat="45.445291" lon="9.213391"></trkpt>
    <trkpt lat="45.444841" lon="9.214111"></trkpt>
    <trkpt lat="45.444583" lon="9.214542"></trkpt>
    <trkpt lat="45.444513" lon="9.214681"></trkpt>
    <trkpt lat="45.444347" lon="9.215038"></trkpt>
    <trkpt lat="45.444196" lon="9.215362"></trkpt>
    <trkpt lat="45.444132" lon="9.215491"></trkpt>
    <trkpt lat="45.444092" lon="9.215554"></trkpt>
    <trkpt lat="45.444021" lon="9.215662"></trkpt>
    <trkpt lat="45.443943" lon="9.215834"></trkpt>
    <trkpt lat="45.443897" lon="9.215935"></trkpt>
    <trkpt lat="45.443096" lon="9.217641"></trkpt>
    <trkpt lat="45.443037" lon="9.217770"></trkpt>
    <trkpt lat="45.443028" lon="9.217791"></trkpt>
    <trkpt lat="45.442958" lon="9.217940"></trkpt>
    <trkpt lat="45.442567" lon="9.218769"></trkpt>
    <trkpt lat="45.442520" lon="9.218871"></trkpt>
    <trkpt lat="45.442472" lon="9.218990"></trkpt>
    <trkpt lat="45.442411" lon="9.219102"></trkpt>
    <trkpt lat="45.442379" lon="9.219162"></trkpt>
    <trkpt lat="45.442314" lon="9.219297"></trkpt>
    <trkpt lat="45.442275" lon="9.219377"></trkpt>
    <trkpt lat="45.442242" lon="9.219442"></trkpt>
    <trkpt lat="45.442200" lon="9.219526"></trkpt>
    <trkpt lat="45.441450" lon="9.220999"></trkpt>
    <trkpt lat="45.441374" lon="9.221151"></trkpt>
    <trkpt lat="45.440655" lon="9.222631"></trkpt>
    <trkpt lat="45.440580" lon="9.222783"></trkpt>
    <trkpt lat="45.440497" lon="9.222958"></trkpt>
    <trkpt lat="45.440176" lon="9.223638"></trkpt>
    <trkpt lat="45.440080" lon="9.223789"></trkpt>
    <trkpt lat="45.440058" lon="9.223823"></trkpt>
    <trkpt lat="45.439979" lon="9.223945"></trkpt>
    <trkpt lat="45.439917" lon="9.224039"></trkpt>
    <trkpt lat="45.439849" lon="9.224149"></trkpt>
    <trkpt lat="45.439833" lon="9.224173"></trkpt>
    <trkpt lat="45.439808" lon="9.224222"></trkpt>
    <trkpt lat="45.439777" lon="9.224292"></trkpt>
    <trkpt lat="45.439710" lon="9.224466"></trkpt>
    <trkpt lat="45.439627" lon="9.224694"></trkpt>
    <trkpt lat="45.439499" lon="9.224952"></trkpt>
    <trkpt lat="45.439404" lon="9.225143"></trkpt>
    <trkpt lat="45.439354" lon="9.225242"></trkpt>
    <trkpt lat="45.439155" lon="9.225657"></trkpt>
    <trkpt lat="45.438863" lon="9.226229"></trkpt>
    <trkpt lat="45.438784" lon="9.226386"></trkpt>
    <trkpt lat="45.438437" lon="9.227056"></trkpt>
    <trkpt lat="45.438252" lon="9.227416"></trkpt>
    <trkpt lat="45.437758" lon="9.228418"></trkpt>
    <trkpt lat="45.437499" lon="9.228964"></trkpt>
    <trkpt lat="45.437179" lon="9.229625"></trkpt>
    <trkpt lat="45.436919" lon="9.230191"></trkpt>
    <trkpt lat="45.436538" lon="9.231010"></trkpt>
    <trkpt lat="45.436107" lon="9.231938"></trkpt>
    <trkpt lat="45.435873" lon="9.232344"></trkpt>
    <trkpt lat="45.435213" lon="9.233351"></trkpt>
    <trkpt lat="45.433922" lon="9.235298"></trkpt>
    <trkpt lat="45.433717" lon="9.235576"></trkpt>
    <trkpt lat="45.433179" lon="9.236367"></trkpt>
    <trkpt lat="45.432837" lon="9.236801"></trkpt>
    <trkpt lat="45.432474" lon="9.237194"></trkpt>
    <trkpt lat="45.432132" lon="9.237538"></trkpt>
    <trkpt lat="45.431919" lon="9.237784"></trkpt>
    <trkpt lat="45.431804" lon="9.237943"></trkpt>
    <trkpt lat="45.431633" lon="9.238212"></trkpt>
    <trkpt lat="45.431478" lon="9.238558"></trkpt>
    <trkpt lat="45.431333" lon="9.238952"></trkpt>
    <trkpt lat="45.431195" lon="9.239625"></trkpt>
    <trkpt lat="45.431057" lon="9.240533"></trkpt>
    <trkpt lat="45.430935" lon="9.241328"></trkpt>
    <trkpt lat="45.430889" lon="9.241580"></trkpt>
    <trkpt lat="45.430829" lon="9.241844"></trkpt>
    <trkpt lat="45.430746" lon="9.242116"></trkpt>
    <trkpt lat="45.430652" lon="9.242372"></trkpt>
    <trkpt lat="45.430553" lon="9.242614"></trkpt>
    <trkpt lat="45.430438" lon="9.242841"></trkpt>
    <trkpt lat="45.430334" lon="9.243013"></trkpt>
    <trkpt lat="45.430218" lon="9.243178"></trkpt>
    <trkpt lat="45.430117" lon="9.243308"></trkpt>
    <trkpt lat="45.430032" lon="9.243403"></trkpt>
    <trkpt lat="45.429909" lon="9.243540"></trkpt>
    <trkpt lat="45.429807" lon="9.243636"></trkpt>
    <trkpt lat="45.429691" lon="9.243728"></trkpt>
    <trkpt lat="45.429594" lon="9.243793"></trkpt>
    <trkpt lat="45.429457" lon="9.243875"></trkpt>
    <trkpt lat="45.429268" lon="9.243985"></trkpt>
    <trkpt lat="45.428872" lon="9.244209"></trkpt>
    <trkpt lat="45.428509" lon="9.244404"></trkpt>
    <trkpt lat="45.427811" lon="9.244766"></trkpt>
    <trkpt lat="45.427578" lon="9.244894"></trkpt>
    <trkpt lat="45.427137" lon="9.245154"></trkpt>
    <trkpt lat="45.426884" lon="9.245315"></trkpt>
    <trkpt lat="45.426617" lon="9.245512"></trkpt>
    <trkpt lat="45.426411" lon="9.245687"></trkpt>
    <trkpt lat="45.426210" lon="9.245885"></trkpt>
    <trkpt lat="45.425917" lon="9.246220"></trkpt>
    <trkpt lat="45.425517" lon="9.246778"></trkpt>
    <trkpt lat="45.425181" lon="9.247311"></trkpt>
    <trkpt lat="45.424788" lon="9.247866"></trkpt>
    <trkpt lat="45.424359" lon="9.248486"></trkpt>
    <trkpt lat="45.423928" lon="9.249094"></trkpt>
    <trkpt lat="45.423553" lon="9.249599"></trkpt>
    <trkpt lat="45.423344" lon="9.249850"></trkpt>
    <trkpt lat="45.422884" lon="9.250291"></trkpt>
    <trkpt lat="45.422680" lon="9.250502"></trkpt>
    <trkpt lat="45.422448" lon="9.250750"></trkpt>
    <trkpt lat="45.422088" lon="9.251092"></trkpt>
    <trkpt lat="45.421923" lon="9.251248"></trkpt>
    <trkpt lat="45.421696" lon="9.251410"></trkpt>
    <trkpt lat="45.421399" lon="9.251556"></trkpt>
    <trkpt lat="45.420864" lon="9.251756"></trkpt>
    <trkpt lat="45.420329" lon="9.251976"></trkpt>
    <trkpt lat="45.419919" lon="9.252234"></trkpt>
    <trkpt lat="45.419659" lon="9.252464"></trkpt>
    <trkpt lat="45.419580" lon="9.252545"></trkpt>
    <trkpt lat="45.419392" lon="9.252772"></trkpt>
    <trkpt lat="45.419021" lon="9.253274"></trkpt>
    <trkpt lat="45.417519" lon="9.255151"></trkpt>
    <trkpt lat="45.415527" lon="9.257627"></trkpt>
    <trkpt lat="45.415175" lon="9.258204"></trkpt>
    <trkpt lat="45.414870" lon="9.258847"></trkpt>
    <trkpt lat="45.414469" lon="9.259716"></trkpt>
    <trkpt lat="45.414069" lon="9.260585"></trkpt>
    <trkpt lat="45.413911" lon="9.260880"></trkpt>
    <trkpt lat="45.413657" lon="9.261253"></trkpt>
    <trkpt lat="45.413405" lon="9.261546"></trkpt>
    <trkpt lat="45.413207" lon="9.261718"></trkpt>
    <trkpt lat="45.413007" lon="9.261835"></trkpt>
    <trkpt lat="45.412855" lon="9.261895"></trkpt>
    <trkpt lat="45.412670" lon="9.261932"></trkpt>
    <trkpt lat="45.412480" lon="9.261948"></trkpt>
    <trkpt lat="45.412279" lon="9.261941"></trkpt>
    <trkpt lat="45.412076" lon="9.261925"></trkpt>
    <trkpt lat="45.411711" lon="9.261859"></trkpt>
    <trkpt lat="45.411327" lon="9.261814"></trkpt>
    <trkpt lat="45.408097" lon="9.261470"></trkpt>
    <trkpt lat="45.407805" lon="9.261437"></trkpt>
    <trkpt lat="45.407449" lon="9.261353"></trkpt>
    <trkpt lat="45.406996" lon="9.261207"></trkpt>
    <trkpt lat="45.406736" lon="9.261134"></trkpt>
    <trkpt lat="45.406527" lon="9.261083"></trkpt>
    <trkpt lat="45.406232" lon="9.261035"></trkpt>
    <trkpt lat="45.405919" lon="9.261005"></trkpt>
    <trkpt lat="45.405478" lon="9.260993"></trkpt>
    <trkpt lat="45.404033" lon="9.260950"></trkpt>
    <trkpt lat="45.403476" lon="9.260927"></trkpt>
    <trkpt lat="45.402984" lon="9.260896"></trkpt>
    <trkpt lat="45.402535" lon="9.260860"></trkpt>
    <trkpt lat="45.402483" lon="9.260864"></trkpt>
    <trkpt lat="45.402428" lon="9.260895"></trkpt>
    <trkpt lat="45.402383" lon="9.260943"></trkpt>
    <trkpt lat="45.402326" lon="9.260937"></trkpt>
    <trkpt lat="45.402038" lon="9.260905"></trkpt>
    <trkpt lat="45.401354" lon="9.260829"></trkpt>
    <trkpt lat="45.396789" lon="9.260323"></trkpt>
    <trkpt lat="45.395934" lon="9.260242"></trkpt>
    <trkpt lat="45.395496" lon="9.260225"></trkpt>
    <trkpt lat="45.394979" lon="9.260238"></trkpt>
    <trkpt lat="45.394557" lon="9.260273"></trkpt>
    <trkpt lat="45.394104" lon="9.260332"></trkpt>
    <trkpt lat="45.393826" lon="9.260376"></trkpt>
    <trkpt lat="45.393312" lon="9.260522"></trkpt>
    <trkpt lat="45.393035" lon="9.260600"></trkpt>
    <trkpt lat="45.392535" lon="9.260775"></trkpt>
    <trkpt lat="45.392051" lon="9.260989"></trkpt>
    <trkpt lat="45.391754" lon="9.261130"></trkpt>
    <trkpt lat="45.390882" lon="9.261633"></trkpt>
    <trkpt lat="45.390455" lon="9.261931"></trkpt>
    <trkpt lat="45.390064" lon="9.262227"></trkpt>
    <trkpt lat="45.389705" lon="9.262530"></trkpt>
    <trkpt lat="45.389183" lon="9.263019"></trkpt>
    <trkpt lat="45.388339" lon="9.263923"></trkpt>
    <trkpt lat="45.386615" lon="9.265960"></trkpt>
    <trkpt lat="45.384912" lon="9.267930"></trkpt>
    <trkpt lat="45.383732" lon="9.269356"></trkpt>
    <trkpt lat="45.379808" lon="9.273953"></trkpt>
    <trkpt lat="45.375190" lon="9.279364"></trkpt>
    <trkpt lat="45.372785" lon="9.282183"></trkpt>
    <trkpt lat="45.364906" lon="9.291404"></trkpt>
    <trkpt lat="45.360187" lon="9.296975"></trkpt>
    <trkpt lat="45.359264" lon="9.298046"></trkpt>
    <trkpt lat="45.356406" lon="9.301407"></trkpt>
    <trkpt lat="45.353558" lon="9.304705"></trkpt>
    <trkpt lat="45.353119" lon="9.305222"></trkpt>
    <trkpt lat="45.352789" lon="9.305611"></trkpt>
    <trkpt lat="45.352500" lon="9.305951"></trkpt>
    <trkpt lat="45.351555" lon="9.307029"></trkpt>
    <trkpt lat="45.351306" lon="9.307317"></trkpt>
    <trkpt lat="45.350895" lon="9.307794"></trkpt>
    <trkpt lat="45.350673" lon="9.308025"></trkpt>
    <trkpt lat="45.350470" lon="9.308176"></trkpt>
    <trkpt lat="45.350239" lon="9.308300"></trkpt>
    <trkpt lat="45.349728" lon="9.308592"></trkpt>
    <trkpt lat="45.349516" lon="9.308740"></trkpt>
    <trkpt lat="45.349300" lon="9.308927"></trkpt>
    <trkpt lat="45.349063" lon="9.309225"></trkpt>
    <trkpt lat="45.349031" lon="9.309267"></trkpt>
    <trkpt lat="45.348972" lon="9.309344"></trkpt>
    <trkpt lat="45.348577" lon="9.309899"></trkpt>
    <trkpt lat="45.348398" lon="9.310165"></trkpt>
    <trkpt lat="45.348239" lon="9.310464"></trkpt>
    <trkpt lat="45.347970" lon="9.310959"></trkpt>
    <trkpt lat="45.347614" lon="9.311590"></trkpt>
    <trkpt lat="45.346890" lon="9.312519"></trkpt>
    <trkpt lat="45.346658" lon="9.312817"></trkpt>
    <trkpt lat="45.345625" lon="9.314037"></trkpt>
    <trkpt lat="45.344372" lon="9.315629"></trkpt>
    <trkpt lat="45.343371" lon="9.317053"></trkpt>
    <trkpt lat="45.342231" lon="9.318890"></trkpt>
    <trkpt lat="45.341323" lon="9.320648"></trkpt>
    <trkpt lat="45.340264" lon="9.323073"></trkpt>
    <trkpt lat="45.339673" lon="9.324720"></trkpt>
    <trkpt lat="45.339137" lon="9.326451"></trkpt>
    <trkpt lat="45.338762" lon="9.327816"></trkpt>
    <trkpt lat="45.338583" lon="9.328603"></trkpt>
    <trkpt lat="45.338418" lon="9.329381"></trkpt>
    <trkpt lat="45.338316" lon="9.329892"></trkpt>
    <trkpt lat="45.338212" lon="9.330474"></trkpt>
    <trkpt lat="45.338133" lon="9.330921"></trkpt>
    <trkpt lat="45.337507" lon="9.334917"></trkpt>
    <trkpt lat="45.337270" lon="9.336489"></trkpt>
    <trkpt lat="45.337085" lon="9.337713"></trkpt>
    <trkpt lat="45.336793" lon="9.339657"></trkpt>
    <trkpt lat="45.336520" lon="9.341489"></trkpt>
    <trkpt lat="45.335707" lon="9.346823"></trkpt>
    <trkpt lat="45.335523" lon="9.348011"></trkpt>
    <trkpt lat="45.335346" lon="9.349035"></trkpt>
    <trkpt lat="45.335149" lon="9.350043"></trkpt>
    <trkpt lat="45.334896" lon="9.351178"></trkpt>
    <trkpt lat="45.334703" lon="9.351954"></trkpt>
    <trkpt lat="45.334496" lon="9.352717"></trkpt>
    <trkpt lat="45.334289" lon="9.353428"></trkpt>
    <trkpt lat="45.334091" lon="9.354055"></trkpt>
    <trkpt lat="45.333884" lon="9.354674"></trkpt>
    <trkpt lat="45.333596" lon="9.355511"></trkpt>
    <trkpt lat="45.333230" lon="9.356481"></trkpt>
    <trkpt lat="45.332378" lon="9.358449"></trkpt>
    <trkpt lat="45.331606" lon="9.360037"></trkpt>
    <trkpt lat="45.330852" lon="9.361419"></trkpt>
    <trkpt lat="45.327889" lon="9.365977"></trkpt>
    <trkpt lat="45.323361" lon="9.372887"></trkpt>
    <trkpt lat="45.319281" lon="9.379128"></trkpt>
    <trkpt lat="45.314584" lon="9.386354"></trkpt>
    <trkpt lat="45.305836" lon="9.399810"></trkpt>
    <trkpt lat="45.305009" lon="9.401048"></trkpt>
    <trkpt lat="45.304358" lon="9.402009"></trkpt>
    <trkpt lat="45.303835" lon="9.402769"></trkpt>
    <trkpt lat="45.303245" lon="9.403614"></trkpt>
    <trkpt lat="45.301972" lon="9.405369"></trkpt>
    <trkpt lat="45.301153" lon="9.406498"></trkpt>
    <trkpt lat="45.301023" lon="9.406679"></trkpt>
    <trkpt lat="45.300459" lon="9.407454"></trkpt>
    <trkpt lat="45.299326" lon="9.409048"></trkpt>
    <trkpt lat="45.298215" lon="9.410660"></trkpt>
    <trkpt lat="45.297611" lon="9.411572"></trkpt>
    <trkpt lat="45.297057" lon="9.412411"></trkpt>
    <trkpt lat="45.296203" lon="9.413737"></trkpt>
    <trkpt lat="45.295735" lon="9.414486"></trkpt>
    <trkpt lat="45.295300" lon="9.415188"></trkpt>
    <trkpt lat="45.294626" lon="9.416309"></trkpt>
    <trkpt lat="45.293918" lon="9.417501"></trkpt>
    <trkpt lat="45.292193" lon="9.420537"></trkpt>
    <trkpt lat="45.288562" lon="9.427033"></trkpt>
    <trkpt lat="45.287222" lon="9.429435"></trkpt>
    <trkpt lat="45.285882" lon="9.431789"></trkpt>
    <trkpt lat="45.285368" lon="9.432674"></trkpt>
    <trkpt lat="45.284901" lon="9.433439"></trkpt>
    <trkpt lat="45.284430" lon="9.434218"></trkpt>
    <trkpt lat="45.281255" lon="9.439499"></trkpt>
    <trkpt lat="45.279178" lon="9.442908"></trkpt>
    <trkpt lat="45.275409" lon="9.449190"></trkpt>
    <trkpt lat="45.272260" lon="9.454290"></trkpt>
    <trkpt lat="45.271416" lon="9.455603"></trkpt>
    <trkpt lat="45.270964" lon="9.456290"></trkpt>
    <trkpt lat="45.269676" lon="9.458162"></trkpt>
    <trkpt lat="45.268281" lon="9.460107"></trkpt>
    <trkpt lat="45.267226" lon="9.461523"></trkpt>
    <trkpt lat="45.266254" lon="9.462826"></trkpt>
    <trkpt lat="45.264334" lon="9.465357"></trkpt>
    <trkpt lat="45.262718" lon="9.467477"></trkpt>
    <trkpt lat="45.261585" lon="9.468978"></trkpt>
    <trkpt lat="45.240771" lon="9.496328"></trkpt>
    <trkpt lat="45.237761" lon="9.500294"></trkpt>
    <trkpt lat="45.237365" lon="9.500816"></trkpt>
    <trkpt lat="45.232270" lon="9.507507"></trkpt>
    <trkpt lat="45.231299" lon="9.508782"></trkpt>
    <trkpt lat="45.228683" lon="9.512220"></trkpt>
    <trkpt lat="45.223919" lon="9.518482"></trkpt>
    <trkpt lat="45.216237" lon="9.528578"></trkpt>
    <trkpt lat="45.212795" lon="9.533102"></trkpt>
    <trkpt lat="45.208755" lon="9.538410"></trkpt>
    <trkpt lat="45.205455" lon="9.542746"></trkpt>
    <trkpt lat="45.201300" lon="9.548206"></trkpt>
    <trkpt lat="45.198464" lon="9.551935"></trkpt>
    <trkpt lat="45.194301" lon="9.557410"></trkpt>
    <trkpt lat="45.192733" lon="9.559631"></trkpt>
    <trkpt lat="45.191353" lon="9.561610"></trkpt>
    <trkpt lat="45.188355" lon="9.566190"></trkpt>
    <trkpt lat="45.180355" lon="9.578758"></trkpt>
    <trkpt lat="45.179971" lon="9.579347"></trkpt>
    <trkpt lat="45.176259" lon="9.585160"></trkpt>
    <trkpt lat="45.172017" lon="9.591815"></trkpt>
    <trkpt lat="45.171061" lon="9.593347"></trkpt>
    <trkpt lat="45.166376" lon="9.600582"></trkpt>
    <trkpt lat="45.160000" lon="9.609611"></trkpt>
    <trkpt lat="45.148872" lon="9.625120"></trkpt>
    <trkpt lat="45.144164" lon="9.631679"></trkpt>
    <trkpt lat="45.141838" lon="9.634904"></trkpt>
    <trkpt lat="45.140512" lon="9.637101"></trkpt>
    <trkpt lat="45.139814" lon="9.638441"></trkpt>
    <trkpt lat="45.129363" lon="9.658823"></trkpt>
    <trkpt lat="45.126537" lon="9.663870"></trkpt>
    <trkpt lat="45.116881" lon="9.677831"></trkpt>
    <trkpt lat="45.116574" lon="9.678263"></trkpt>
    <trkpt lat="45.113446" lon="9.682797"></trkpt>
    <trkpt lat="45.112954" lon="9.683498"></trkpt>
    <trkpt lat="45.111757" lon="9.685174"></trkpt>
    <trkpt lat="45.110916" lon="9.686289"></trkpt>
    <trkpt lat="45.109828" lon="9.687656"></trkpt>
    <trkpt lat="45.109495" lon="9.688066"></trkpt>
    <trkpt lat="45.109101" lon="9.688524"></trkpt>
    <trkpt lat="45.108556" lon="9.689139"></trkpt>
    <trkpt lat="45.107993" lon="9.689767"></trkpt>
    <trkpt lat="45.106323" lon="9.691608"></trkpt>
    <trkpt lat="45.103756" lon="9.694313"></trkpt>
    <trkpt lat="45.102891" lon="9.695238"></trkpt>
    <trkpt lat="45.091361" lon="9.707673"></trkpt>
    <trkpt lat="45.086932" lon="9.712400"></trkpt>
    <trkpt lat="45.083496" lon="9.716112"></trkpt>
    <trkpt lat="45.081689" lon="9.718056"></trkpt>
    <trkpt lat="45.077830" lon="9.722126"></trkpt>
    <trkpt lat="45.072485" lon="9.727480"></trkpt>
    <trkpt lat="45.071023" lon="9.728969"></trkpt>
    <trkpt lat="45.062227" lon="9.737687"></trkpt>
    <trkpt lat="45.061300" lon="9.738600"></trkpt>
    <trkpt lat="45.060177" lon="9.739670"></trkpt>
    <trkpt lat="45.058973" lon="9.740793"></trkpt>
    <trkpt lat="45.058439" lon="9.741308"></trkpt>
    <trkpt lat="45.056989" lon="9.742735"></trkpt>
    <trkpt lat="45.054341" lon="9.745351"></trkpt>
    <trkpt lat="45.053740" lon="9.745945"></trkpt>
    <trkpt lat="45.052243" lon="9.747421"></trkpt>
    <trkpt lat="45.050914" lon="9.748731"></trkpt>
    <trkpt lat="45.049651" lon="9.749979"></trkpt>
    <trkpt lat="45.047596" lon="9.752008"></trkpt>
    <trkpt lat="45.046982" lon="9.752615"></trkpt>
    <trkpt lat="45.046206" lon="9.753380"></trkpt>
    <trkpt lat="45.045771" lon="9.753811"></trkpt>
    <trkpt lat="45.043916" lon="9.755644"></trkpt>
    <trkpt lat="45.042908" lon="9.756639"></trkpt>
    <trkpt lat="45.042220" lon="9.757317"></trkpt>
    <trkpt lat="45.039956" lon="9.759557"></trkpt>
    <trkpt lat="45.036873" lon="9.762597"></trkpt>
    <trkpt lat="45.036197" lon="9.763255"></trkpt>
    <trkpt lat="45.022609" lon="9.776637"></trkpt>
    <trkpt lat="45.018435" lon="9.780764"></trkpt>
    <trkpt lat="45.017292" lon="9.781940"></trkpt>
    <trkpt lat="45.016773" lon="9.782474"></trkpt>
    <trkpt lat="45.016419" lon="9.782879"></trkpt>
    <trkpt lat="45.015400" lon="9.784045"></trkpt>
    <trkpt lat="45.013971" lon="9.785796"></trkpt>
    <trkpt lat="45.011858" lon="9.788682"></trkpt>
    <trkpt lat="45.010658" lon="9.790544"></trkpt>
    <trkpt lat="45.009500" lon="9.792459"></trkpt>
    <trkpt lat="45.008857" lon="9.793562"></trkpt>
    <trkpt lat="45.008464" lon="9.794335"></trkpt>
    <trkpt lat="45.007739" lon="9.795735"></trkpt>
    <trkpt lat="45.007246" lon="9.796735"></trkpt>
    <trkpt lat="45.006688" lon="9.797899"></trkpt>
    <trkpt lat="45.006056" lon="9.799306"></trkpt>
    <trkpt lat="45.005293" lon="9.801085"></trkpt>
    <trkpt lat="45.003748" lon="9.805051"></trkpt>
    <trkpt lat="45.002171" lon="9.809123"></trkpt>
    <trkpt lat="45.000779" lon="9.812702"></trkpt>
    <trkpt lat="45.000029" lon="9.814638"></trkpt>
    <trkpt lat="44.998804" lon="9.817798"></trkpt>
    <trkpt lat="44.997384" lon="9.821444"></trkpt>
    <trkpt lat="44.996898" lon="9.822681"></trkpt>
    <trkpt lat="44.996642" lon="9.823342"></trkpt>
    <trkpt lat="44.990831" lon="9.838182"></trkpt>
    <trkpt lat="44.986753" lon="9.848533"></trkpt>
    <trkpt lat="44.985014" lon="9.852641"></trkpt>
    <trkpt lat="44.984838" lon="9.853055"></trkpt>
    <trkpt lat="44.982367" lon="9.858889"></trkpt>
    <trkpt lat="44.973750" lon="9.879171"></trkpt>
    <trkpt lat="44.964766" lon="9.900274"></trkpt>
    <trkpt lat="44.962645" lon="9.905269"></trkpt>
    <trkpt lat="44.962562" lon="9.905469"></trkpt>
    <trkpt lat="44.961541" lon="9.907868"></trkpt>
    <trkpt lat="44.959849" lon="9.911830"></trkpt>
    <trkpt lat="44.957599" lon="9.917108"></trkpt>
    <trkpt lat="44.955864" lon="9.921186"></trkpt>
    <trkpt lat="44.955604" lon="9.921796"></trkpt>
    <trkpt lat="44.953607" lon="9.926425"></trkpt>
    <trkpt lat="44.951746" lon="9.930741"></trkpt>
    <trkpt lat="44.951089" lon="9.932364"></trkpt>
    <trkpt lat="44.948855" lon="9.937591"></trkpt>
    <trkpt lat="44.948116" lon="9.939355"></trkpt>
    <trkpt lat="44.947358" lon="9.941112"></trkpt>
    <trkpt lat="44.944890" lon="9.946904"></trkpt>
    <trkpt lat="44.941867" lon="9.953846"></trkpt>
    <trkpt lat="44.940692" lon="9.956713"></trkpt>
    <trkpt lat="44.939481" lon="9.959508"></trkpt>
    <trkpt lat="44.938052" lon="9.962539"></trkpt>
    <trkpt lat="44.933221" lon="9.972423"></trkpt>
    <trkpt lat="44.930165" lon="9.978678"></trkpt>
    <trkpt lat="44.925343" lon="9.988568"></trkpt>
    <trkpt lat="44.925159" lon="9.988944"></trkpt>
    <trkpt lat="44.922029" lon="9.995349"></trkpt>
    <trkpt lat="44.910498" lon="10.018946"></trkpt>
    <trkpt lat="44.900544" lon="10.039453"></trkpt>
    <trkpt lat="44.899220" lon="10.042180"></trkpt>
    <trkpt lat="44.898641" lon="10.043361"></trkpt>
    <trkpt lat="44.897830" lon="10.044955"></trkpt>
    <trkpt lat="44.896598" lon="10.047609"></trkpt>
    <trkpt lat="44.895550" lon="10.050299"></trkpt>
    <trkpt lat="44.894934" lon="10.052408"></trkpt>
    <trkpt lat="44.894434" lon="10.054780"></trkpt>
    <trkpt lat="44.894006" lon="10.057875"></trkpt>
    <trkpt lat="44.890759" lon="10.079123"></trkpt>
    <trkpt lat="44.890032" lon="10.083928"></trkpt>
    <trkpt lat="44.889836" lon="10.085227"></trkpt>
    <trkpt lat="44.889014" lon="10.090648"></trkpt>
    <trkpt lat="44.888340" lon="10.095168"></trkpt>
    <trkpt lat="44.887333" lon="10.101849"></trkpt>
    <trkpt lat="44.887262" lon="10.102310"></trkpt>
    <trkpt lat="44.885524" lon="10.113645"></trkpt>
    <trkpt lat="44.885467" lon="10.114021"></trkpt>
    <trkpt lat="44.885130" lon="10.116213"></trkpt>
    <trkpt lat="44.883599" lon="10.126198"></trkpt>
    <trkpt lat="44.882949" lon="10.130367"></trkpt>
    <trkpt lat="44.882058" lon="10.136333"></trkpt>
    <trkpt lat="44.880768" lon="10.145019"></trkpt>
    <trkpt lat="44.880066" lon="10.149156"></trkpt>
    <trkpt lat="44.878195" lon="10.160241"></trkpt>
    <trkpt lat="44.878125" lon="10.160647"></trkpt>
    <trkpt lat="44.877867" lon="10.162215"></trkpt>
    <trkpt lat="44.876702" lon="10.169013"></trkpt>
    <trkpt lat="44.876082" lon="10.172687"></trkpt>
    <trkpt lat="44.874873" lon="10.179907"></trkpt>
    <trkpt lat="44.873616" lon="10.187111"></trkpt>
    <trkpt lat="44.872161" lon="10.195923"></trkpt>
    <trkpt lat="44.871467" lon="10.200027"></trkpt>
    <trkpt lat="44.870722" lon="10.204358"></trkpt>
    <trkpt lat="44.870088" lon="10.208167"></trkpt>
    <trkpt lat="44.869488" lon="10.211629"></trkpt>
    <trkpt lat="44.868808" lon="10.215708"></trkpt>
    <trkpt lat="44.868192" lon="10.219324"></trkpt>
    <trkpt lat="44.867408" lon="10.223437"></trkpt>
    <trkpt lat="44.867225" lon="10.224415"></trkpt>
    <trkpt lat="44.867002" lon="10.225479"></trkpt>
    <trkpt lat="44.865932" lon="10.229807"></trkpt>
    <trkpt lat="44.865309" lon="10.232498"></trkpt>
    <trkpt lat="44.865150" lon="10.233163"></trkpt>
    <trkpt lat="44.865110" lon="10.233328"></trkpt>
    <trkpt lat="44.864727" lon="10.234959"></trkpt>
    <trkpt lat="44.864446" lon="10.236125"></trkpt>
    <trkpt lat="44.863926" lon="10.238190"></trkpt>
    <trkpt lat="44.863580" lon="10.239750"></trkpt>
    <trkpt lat="44.863448" lon="10.240290"></trkpt>
    <trkpt lat="44.863057" lon="10.241922"></trkpt>
    <trkpt lat="44.862670" lon="10.243546"></trkpt>
    <trkpt lat="44.861892" lon="10.246808"></trkpt>
    <trkpt lat="44.859914" lon="10.255062"></trkpt>
    <trkpt lat="44.858478" lon="10.261084"></trkpt>
    <trkpt lat="44.857531" lon="10.265055"></trkpt>
    <trkpt lat="44.856710" lon="10.268500"></trkpt>
    <trkpt lat="44.855788" lon="10.272349"></trkpt>
    <trkpt lat="44.846822" lon="10.309808"></trkpt>
    <trkpt lat="44.846194" lon="10.312430"></trkpt>
    <trkpt lat="44.842057" lon="10.329582"></trkpt>
    <trkpt lat="44.841333" lon="10.332582"></trkpt>
    <trkpt lat="44.839830" lon="10.338829"></trkpt>
    <trkpt lat="44.839511" lon="10.340172"></trkpt>
    <trkpt lat="44.837230" lon="10.349584"></trkpt>
    <trkpt lat="44.837148" lon="10.349880"></trkpt>
    <trkpt lat="44.836697" lon="10.351314"></trkpt>
    <trkpt lat="44.836633" lon="10.351518"></trkpt>
    <trkpt lat="44.836505" lon="10.351952"></trkpt>
    <trkpt lat="44.836446" lon="10.352139"></trkpt>
    <trkpt lat="44.835790" lon="10.354144"></trkpt>
    <trkpt lat="44.828104" lon="10.374971"></trkpt>
    <trkpt lat="44.827593" lon="10.376347"></trkpt>
    <trkpt lat="44.825271" lon="10.382609"></trkpt>
    <trkpt lat="44.824761" lon="10.383996"></trkpt>
    <trkpt lat="44.824533" lon="10.384593"></trkpt>
    <trkpt lat="44.824301" lon="10.385194"></trkpt>
    <trkpt lat="44.822746" lon="10.389374"></trkpt>
    <trkpt lat="44.822380" lon="10.390372"></trkpt>
    <trkpt lat="44.816333" lon="10.406611"></trkpt>
    <trkpt lat="44.805235" lon="10.436615"></trkpt>
    <trkpt lat="44.804363" lon="10.438950"></trkpt>
    <trkpt lat="44.799189" lon="10.452749"></trkpt>
    <trkpt lat="44.797326" lon="10.457253"></trkpt>
    <trkpt lat="44.795367" lon="10.461645"></trkpt>
    <trkpt lat="44.782764" lon="10.488305"></trkpt>
    <trkpt lat="44.782426" lon="10.489040"></trkpt>
    <trkpt lat="44.782309" lon="10.489294"></trkpt>
    <trkpt lat="44.780144" lon="10.493991"></trkpt>
    <trkpt lat="44.779489" lon="10.495356"></trkpt>
    <trkpt lat="44.778395" lon="10.497636"></trkpt>
    <trkpt lat="44.766228" lon="10.523351"></trkpt>
    <trkpt lat="44.765969" lon="10.523873"></trkpt>
    <trkpt lat="44.745525" lon="10.567004"></trkpt>
    <trkpt lat="44.745061" lon="10.567961"></trkpt>
    <trkpt lat="44.743995" lon="10.570160"></trkpt>
    <trkpt lat="44.743510" lon="10.571228"></trkpt>
    <trkpt lat="44.743059" lon="10.572244"></trkpt>
    <trkpt lat="44.742459" lon="10.573740"></trkpt>
    <trkpt lat="44.741913" lon="10.575248"></trkpt>
    <trkpt lat="44.741692" lon="10.575935"></trkpt>
    <trkpt lat="44.741482" lon="10.576632"></trkpt>
    <trkpt lat="44.741280" lon="10.577346"></trkpt>
    <trkpt lat="44.741082" lon="10.578118"></trkpt>
    <trkpt lat="44.740377" lon="10.581053"></trkpt>
    <trkpt lat="44.735510" lon="10.601616"></trkpt>
    <trkpt lat="44.735259" lon="10.602671"></trkpt>
    <trkpt lat="44.734070" lon="10.607603"></trkpt>
    <trkpt lat="44.732333" lon="10.615096"></trkpt>
    <trkpt lat="44.731930" lon="10.616797"></trkpt>
    <trkpt lat="44.729377" lon="10.627587"></trkpt>
    <trkpt lat="44.727921" lon="10.633834"></trkpt>
    <trkpt lat="44.727595" lon="10.635302"></trkpt>
    <trkpt lat="44.727236" lon="10.637029"></trkpt>
    <trkpt lat="44.726537" lon="10.640459"></trkpt>
    <trkpt lat="44.725130" lon="10.647323"></trkpt>
    <trkpt lat="44.723378" lon="10.655892"></trkpt>
    <trkpt lat="44.723185" lon="10.656839"></trkpt>
    <trkpt lat="44.719362" lon="10.675542"></trkpt>
    <trkpt lat="44.719280" lon="10.675939"></trkpt>
    <trkpt lat="44.719136" lon="10.676648"></trkpt>
    <trkpt lat="44.718296" lon="10.680760"></trkpt>
    <trkpt lat="44.717449" lon="10.684890"></trkpt>
    <trkpt lat="44.715755" lon="10.693144"></trkpt>
    <trkpt lat="44.714071" lon="10.701389"></trkpt>
    <trkpt lat="44.713221" lon="10.705520"></trkpt>
    <trkpt lat="44.712370" lon="10.709690"></trkpt>
    <trkpt lat="44.710779" lon="10.717479"></trkpt>
    <trkpt lat="44.710583" lon="10.718446"></trkpt>
    <trkpt lat="44.710374" lon="10.719426"></trkpt>
    <trkpt lat="44.710160" lon="10.720394"></trkpt>
    <trkpt lat="44.709925" lon="10.721381"></trkpt>
    <trkpt lat="44.709681" lon="10.722320"></trkpt>
    <trkpt lat="44.709423" lon="10.723272"></trkpt>
    <trkpt lat="44.709157" lon="10.724212"></trkpt>
    <trkpt lat="44.708871" lon="10.725161"></trkpt>
    <trkpt lat="44.708498" lon="10.726305"></trkpt>
    <trkpt lat="44.708299" lon="10.726885"></trkpt>
    <trkpt lat="44.708102" lon="10.727451"></trkpt>
    <trkpt lat="44.707310" lon="10.729743"></trkpt>
    <trkpt lat="44.705733" lon="10.734321"></trkpt>
    <trkpt lat="44.702572" lon="10.743457"></trkpt>
    <trkpt lat="44.696247" lon="10.761734"></trkpt>
    <trkpt lat="44.689905" lon="10.780006"></trkpt>
    <trkpt lat="44.686739" lon="10.789141"></trkpt>
    <trkpt lat="44.683560" lon="10.798301"></trkpt>
    <trkpt lat="44.681235" lon="10.805010"></trkpt>
    <trkpt lat="44.678908" lon="10.811716"></trkpt>
    <trkpt lat="44.676959" lon="10.817321"></trkpt>
    <trkpt lat="44.675009" lon="10.822938"></trkpt>
    <trkpt lat="44.673958" lon="10.825965"></trkpt>
    <trkpt lat="44.669158" lon="10.839783"></trkpt>
    <trkpt lat="44.669007" lon="10.840220"></trkpt>
    <trkpt lat="44.667290" lon="10.845178"></trkpt>
    <trkpt lat="44.665996" lon="10.848899"></trkpt>
    <trkpt lat="44.665444" lon="10.850485"></trkpt>
    <trkpt lat="44.665211" lon="10.851109"></trkpt>
    <trkpt lat="44.664894" lon="10.851925"></trkpt>
    <trkpt lat="44.664685" lon="10.852398"></trkpt>
    <trkpt lat="44.664465" lon="10.852879"></trkpt>
    <trkpt lat="44.664380" lon="10.853056"></trkpt>
    <trkpt lat="44.664149" lon="10.853509"></trkpt>
    <trkpt lat="44.663903" lon="10.853973"></trkpt>
    <trkpt lat="44.663695" lon="10.854354"></trkpt>
    <trkpt lat="44.663402" lon="10.854841"></trkpt>
    <trkpt lat="44.663089" lon="10.855336"></trkpt>
    <trkpt lat="44.662759" lon="10.855830"></trkpt>
    <trkpt lat="44.662185" lon="10.856601"></trkpt>
    <trkpt lat="44.661579" lon="10.857332"></trkpt>
    <trkpt lat="44.661261" lon="10.857685"></trkpt>
    <trkpt lat="44.660590" lon="10.858372"></trkpt>
    <trkpt lat="44.660382" lon="10.858560"></trkpt>
    <trkpt lat="44.660157" lon="10.858770"></trkpt>
    <trkpt lat="44.659927" lon="10.858958"></trkpt>
    <trkpt lat="44.659689" lon="10.859160"></trkpt>
    <trkpt lat="44.659356" lon="10.859413"></trkpt>
    <trkpt lat="44.659018" lon="10.859666"></trkpt>
    <trkpt lat="44.658232" lon="10.860155"></trkpt>
    <trkpt lat="44.655226" lon="10.862030"></trkpt>
    <trkpt lat="44.652734" lon="10.863561"></trkpt>
    <trkpt lat="44.650107" lon="10.865160"></trkpt>
    <trkpt lat="44.649596" lon="10.865473"></trkpt>
    <trkpt lat="44.648228" lon="10.866315"></trkpt>
    <trkpt lat="44.647719" lon="10.866634"></trkpt>
    <trkpt lat="44.647150" lon="10.866983"></trkpt>
    <trkpt lat="44.645853" lon="10.867777"></trkpt>
    <trkpt lat="44.644565" lon="10.868566"></trkpt>
    <trkpt lat="44.644360" lon="10.868697"></trkpt>
    <trkpt lat="44.643922" lon="10.868961"></trkpt>
    <trkpt lat="44.638397" lon="10.872345"></trkpt>
    <trkpt lat="44.637314" lon="10.873012"></trkpt>
    <trkpt lat="44.636237" lon="10.873671"></trkpt>
    <trkpt lat="44.634087" lon="10.874987"></trkpt>
    <trkpt lat="44.630081" lon="10.877442"></trkpt>
    <trkpt lat="44.621770" lon="10.882518"></trkpt>
    <trkpt lat="44.621272" lon="10.882856"></trkpt>
    <trkpt lat="44.620882" lon="10.883149"></trkpt>
    <trkpt lat="44.620428" lon="10.883532"></trkpt>
    <trkpt lat="44.619986" lon="10.883936"></trkpt>
    <trkpt lat="44.619570" lon="10.884357"></trkpt>
    <trkpt lat="44.619160" lon="10.884812"></trkpt>
    <trkpt lat="44.618912" lon="10.885107"></trkpt>
    <trkpt lat="44.618671" lon="10.885415"></trkpt>
    <trkpt lat="44.618436" lon="10.885726"></trkpt>
    <trkpt lat="44.618201" lon="10.886055"></trkpt>
    <trkpt lat="44.617958" lon="10.886419"></trkpt>
    <trkpt lat="44.617725" lon="10.886787"></trkpt>
    <trkpt lat="44.617420" lon="10.887267"></trkpt>
    <trkpt lat="44.616823" lon="10.888365"></trkpt>
    <trkpt lat="44.615180" lon="10.892205"></trkpt>
    <trkpt lat="44.612643" lon="10.898208"></trkpt>
    <trkpt lat="44.610220" lon="10.903884"></trkpt>
    <trkpt lat="44.599940" lon="10.927946"></trkpt>
    <trkpt lat="44.599567" lon="10.928819"></trkpt>
    <trkpt lat="44.599498" lon="10.928982"></trkpt>
    <trkpt lat="44.596537" lon="10.935919"></trkpt>
    <trkpt lat="44.596223" lon="10.936653"></trkpt>
    <trkpt lat="44.585845" lon="10.960963"></trkpt>
    <trkpt lat="44.585603" lon="10.961530"></trkpt>
    <trkpt lat="44.582307" lon="10.969251"></trkpt>
    <trkpt lat="44.581862" lon="10.970381"></trkpt>
    <trkpt lat="44.581500" lon="10.971314"></trkpt>
    <trkpt lat="44.581081" lon="10.972589"></trkpt>
    <trkpt lat="44.580678" lon="10.973921"></trkpt>
    <trkpt lat="44.580379" lon="10.974962"></trkpt>
    <trkpt lat="44.580045" lon="10.976279"></trkpt>
    <trkpt lat="44.578935" lon="10.980348"></trkpt>
    <trkpt lat="44.578301" lon="10.982822"></trkpt>
    <trkpt lat="44.578249" lon="10.983027"></trkpt>
    <trkpt lat="44.577964" lon="10.984138"></trkpt>
    <trkpt lat="44.577528" lon="10.985773"></trkpt>
    <trkpt lat="44.577177" lon="10.987179"></trkpt>
    <trkpt lat="44.576445" lon="10.989918"></trkpt>
    <trkpt lat="44.575562" lon="10.993243"></trkpt>
    <trkpt lat="44.574739" lon="10.996322"></trkpt>
    <trkpt lat="44.574304" lon="10.998055"></trkpt>
    <trkpt lat="44.574007" lon="10.999376"></trkpt>
    <trkpt lat="44.573686" lon="11.000891"></trkpt>
    <trkpt lat="44.565296" lon="11.041917"></trkpt>
    <trkpt lat="44.564960" lon="11.043295"></trkpt>
    <trkpt lat="44.564536" lon="11.044472"></trkpt>
    <trkpt lat="44.560479" lon="11.054993"></trkpt>
    <trkpt lat="44.560020" lon="11.056130"></trkpt>
    <trkpt lat="44.557776" lon="11.062102"></trkpt>
    <trkpt lat="44.557623" lon="11.062517"></trkpt>
    <trkpt lat="44.555526" lon="11.067915"></trkpt>
    <trkpt lat="44.538521" lon="11.112460"></trkpt>
    <trkpt lat="44.538191" lon="11.113324"></trkpt>
    <trkpt lat="44.533196" lon="11.126405"></trkpt>
    <trkpt lat="44.529127" lon="11.138391"></trkpt>
    <trkpt lat="44.527354" lon="11.143612"></trkpt>
    <trkpt lat="44.519508" lon="11.166720"></trkpt>
    <trkpt lat="44.519060" lon="11.168039"></trkpt>
    <trkpt lat="44.518375" lon="11.170057"></trkpt>
    <trkpt lat="44.517221" lon="11.173272"></trkpt>
    <trkpt lat="44.515205" lon="11.178763"></trkpt>
    <trkpt lat="44.515086" lon="11.179273"></trkpt>
    <trkpt lat="44.514963" lon="11.179622"></trkpt>
    <trkpt lat="44.513204" lon="11.184473"></trkpt>
    <trkpt lat="44.512387" lon="11.186764"></trkpt>
    <trkpt lat="44.511270" lon="11.189923"></trkpt>
    <trkpt lat="44.510929" lon="11.190888"></trkpt>
    <trkpt lat="44.509798" lon="11.193986"></trkpt>
    <trkpt lat="44.509711" lon="11.194225"></trkpt>
    <trkpt lat="44.509597" lon="11.194560"></trkpt>
    <trkpt lat="44.499718" lon="11.221833"></trkpt>
    <trkpt lat="44.499001" lon="11.223976"></trkpt>
    <trkpt lat="44.498719" lon="11.224703"></trkpt>
    <trkpt lat="44.498401" lon="11.225570"></trkpt>
    <trkpt lat="44.497006" lon="11.229479"></trkpt>
    <trkpt lat="44.496014" lon="11.232242"></trkpt>
    <trkpt lat="44.495140" lon="11.234632"></trkpt>
    <trkpt lat="44.493961" lon="11.237927"></trkpt>
    <trkpt lat="44.493832" lon="11.238292"></trkpt>
    <trkpt lat="44.492774" lon="11.241188"></trkpt>
    <trkpt lat="44.491139" lon="11.245711"></trkpt>
    <trkpt lat="44.489929" lon="11.249054"></trkpt>
    <trkpt lat="44.489184" lon="11.251036"></trkpt>
    <trkpt lat="44.488891" lon="11.251758"></trkpt>
    <trkpt lat="44.488474" lon="11.252714"></trkpt>
    <trkpt lat="44.488135" lon="11.253423"></trkpt>
    <trkpt lat="44.487823" lon="11.254039"></trkpt>
    <trkpt lat="44.487548" lon="11.254552"></trkpt>
    <trkpt lat="44.487177" lon="11.255204"></trkpt>
    <trkpt lat="44.486900" lon="11.255664"></trkpt>
    <trkpt lat="44.486707" lon="11.255971"></trkpt>
    <trkpt lat="44.486397" lon="11.256339"></trkpt>
    <trkpt lat="44.486311" lon="11.256432"></trkpt>
    <trkpt lat="44.486211" lon="11.256532"></trkpt>
    <trkpt lat="44.486087" lon="11.256651"></trkpt>
    <trkpt lat="44.485990" lon="11.256724"></trkpt>
    <trkpt lat="44.485866" lon="11.256806"></trkpt>
    <trkpt lat="44.485740" lon="11.256869"></trkpt>
    <trkpt lat="44.485624" lon="11.256915"></trkpt>
    <trkpt lat="44.485497" lon="11.256955"></trkpt>
    <trkpt lat="44.485358" lon="11.256980"></trkpt>
    <trkpt lat="44.485261" lon="11.256985"></trkpt>
    <trkpt lat="44.485170" lon="11.256983"></trkpt>
    <trkpt lat="44.485050" lon="11.256964"></trkpt>
    <trkpt lat="44.484942" lon="11.256936"></trkpt>
    <trkpt lat="44.484854" lon="11.256911"></trkpt>
    <trkpt lat="44.484716" lon="11.256871"></trkpt>
    <trkpt lat="44.484575" lon="11.256824"></trkpt>
    <trkpt lat="44.484429" lon="11.256770"></trkpt>
    <trkpt lat="44.484293" lon="11.256735"></trkpt>
    <trkpt lat="44.484206" lon="11.256721"></trkpt>
    <trkpt lat="44.484115" lon="11.256726"></trkpt>
    <trkpt lat="44.484017" lon="11.256735"></trkpt>
    <trkpt lat="44.483949" lon="11.256761"></trkpt>
    <trkpt lat="44.483859" lon="11.256812"></trkpt>
    <trkpt lat="44.483786" lon="11.256861"></trkpt>
    <trkpt lat="44.483686" lon="11.256955"></trkpt>
    <trkpt lat="44.483616" lon="11.257046"></trkpt>
    <trkpt lat="44.483537" lon="11.257182"></trkpt>
    <trkpt lat="44.483490" lon="11.257294"></trkpt>
    <trkpt lat="44.483450" lon="11.257417"></trkpt>
    <trkpt lat="44.483422" lon="11.257578"></trkpt>
    <trkpt lat="44.483408" lon="11.257709"></trkpt>
    <trkpt lat="44.483412" lon="11.257853"></trkpt>
    <trkpt lat="44.483426" lon="11.258005"></trkpt>
    <trkpt lat="44.483458" lon="11.258144"></trkpt>
    <trkpt lat="44.483506" lon="11.258283"></trkpt>
    <trkpt lat="44.483558" lon="11.258394"></trkpt>
    <trkpt lat="44.483647" lon="11.258553"></trkpt>
    <trkpt lat="44.484016" lon="11.259176"></trkpt>
    <trkpt lat="44.484162" lon="11.259431"></trkpt>
    <trkpt lat="44.484312" lon="11.259687"></trkpt>
    <trkpt lat="44.484468" lon="11.259953"></trkpt>
    <trkpt lat="44.484585" lon="11.260148"></trkpt>
    <trkpt lat="44.484692" lon="11.260340"></trkpt>
    <trkpt lat="44.484780" lon="11.260516"></trkpt>
    <trkpt lat="44.484873" lon="11.260721"></trkpt>
    <trkpt lat="44.484941" lon="11.260898"></trkpt>
    <trkpt lat="44.485079" lon="11.261350"></trkpt>
    <trkpt lat="44.485389" lon="11.262169"></trkpt>
    <trkpt lat="44.485542" lon="11.262578"></trkpt>
    <trkpt lat="44.485622" lon="11.262795"></trkpt>
    <trkpt lat="44.485802" lon="11.263274"></trkpt>
    <trkpt lat="44.485896" lon="11.263514"></trkpt>
    <trkpt lat="44.485990" lon="11.263758"></trkpt>
    <trkpt lat="44.486080" lon="11.264133"></trkpt>
    <trkpt lat="44.486139" lon="11.264367"></trkpt>
    <trkpt lat="44.486154" lon="11.264438"></trkpt>
    <trkpt lat="44.486163" lon="11.264511"></trkpt>
    <trkpt lat="44.486177" lon="11.264641"></trkpt>
    <trkpt lat="44.486192" lon="11.264831"></trkpt>
    <trkpt lat="44.486231" lon="11.265628"></trkpt>
    <trkpt lat="44.486243" lon="11.265796"></trkpt>
    <trkpt lat="44.486258" lon="11.265935"></trkpt>
    <trkpt lat="44.486282" lon="11.266067"></trkpt>
    <trkpt lat="44.486306" lon="11.266170"></trkpt>
    <trkpt lat="44.486331" lon="11.266245"></trkpt>
    <trkpt lat="44.486355" lon="11.266307"></trkpt>
    <trkpt lat="44.486397" lon="11.266404"></trkpt>
    <trkpt lat="44.486438" lon="11.266481"></trkpt>
    <trkpt lat="44.486491" lon="11.266569"></trkpt>
    <trkpt lat="44.486553" lon="11.266650"></trkpt>
    <trkpt lat="44.486618" lon="11.266727"></trkpt>
    <trkpt lat="44.486669" lon="11.266776"></trkpt>
    <trkpt lat="44.486734" lon="11.266833"></trkpt>
    <trkpt lat="44.486810" lon="11.266888"></trkpt>
    <trkpt lat="44.486900" lon="11.266943"></trkpt>
    <trkpt lat="44.487005" lon="11.267003"></trkpt>
    <trkpt lat="44.487220" lon="11.267122"></trkpt>
    <trkpt lat="44.487337" lon="11.267200"></trkpt>
    <trkpt lat="44.487422" lon="11.267265"></trkpt>
    <trkpt lat="44.487551" lon="11.267374"></trkpt>
    <trkpt lat="44.487873" lon="11.267699"></trkpt>
    <trkpt lat="44.488210" lon="11.268199"></trkpt>
    <trkpt lat="44.488426" lon="11.268473"></trkpt>
    <trkpt lat="44.488470" lon="11.268520"></trkpt>
    <trkpt lat="44.488506" lon="11.268557"></trkpt>
    <trkpt lat="44.488631" lon="11.268676"></trkpt>
    <trkpt lat="44.488699" lon="11.268741"></trkpt>
    <trkpt lat="44.489095" lon="11.269099"></trkpt>
    <trkpt lat="44.489160" lon="11.269189"></trkpt>
    <trkpt lat="44.489188" lon="11.269245"></trkpt>
    <trkpt lat="44.489206" lon="11.269302"></trkpt>
    <trkpt lat="44.489222" lon="11.269370"></trkpt>
    <trkpt lat="44.489230" lon="11.269432"></trkpt>
    <trkpt lat="44.489232" lon="11.269501"></trkpt>
    <trkpt lat="44.489226" lon="11.269579"></trkpt>
    <trkpt lat="44.489208" lon="11.269661"></trkpt>
    <trkpt lat="44.489182" lon="11.269744"></trkpt>
    <trkpt lat="44.489145" lon="11.269830"></trkpt>
    <trkpt lat="44.489009" lon="11.270104"></trkpt>
    <trkpt lat="44.488976" lon="11.270181"></trkpt>
    <trkpt lat="44.488951" lon="11.270260"></trkpt>
    <trkpt lat="44.488937" lon="11.270335"></trkpt>
    <trkpt lat="44.488931" lon="11.270421"></trkpt>
    <trkpt lat="44.488931" lon="11.270511"></trkpt>
    <trkpt lat="44.488938" lon="11.270581"></trkpt>
    <trkpt lat="44.488951" lon="11.270653"></trkpt>
    <trkpt lat="44.488970" lon="11.270718"></trkpt>
    <trkpt lat="44.488996" lon="11.270787"></trkpt>
    <trkpt lat="44.489159" lon="11.271152"></trkpt>
    <trkpt lat="44.489187" lon="11.271216"></trkpt>
    <trkpt lat="44.489207" lon="11.271270"></trkpt>
    <trkpt lat="44.489229" lon="11.271335"></trkpt>
    <trkpt lat="44.489249" lon="11.271425"></trkpt>
    <trkpt lat="44.489256" lon="11.271480"></trkpt>
    <trkpt lat="44.489262" lon="11.271541"></trkpt>
    <trkpt lat="44.489263" lon="11.271611"></trkpt>
    <trkpt lat="44.489256" lon="11.271727"></trkpt>
    <trkpt lat="44.489238" lon="11.271846"></trkpt>
    <trkpt lat="44.489176" lon="11.272149"></trkpt>
    <trkpt lat="44.489103" lon="11.272344"></trkpt>
    <trkpt lat="44.489014" lon="11.272580"></trkpt>
    <trkpt lat="44.488648" lon="11.273586"></trkpt>
    <trkpt lat="44.488376" lon="11.274320"></trkpt>
    <trkpt lat="44.488292" lon="11.274551"></trkpt>
    <trkpt lat="44.488231" lon="11.274729"></trkpt>
    <trkpt lat="44.488188" lon="11.274865"></trkpt>
    <trkpt lat="44.488146" lon="11.275028"></trkpt>
    <trkpt lat="44.488080" lon="11.275295"></trkpt>
    <trkpt lat="44.488030" lon="11.275521"></trkpt>
    <trkpt lat="44.487995" lon="11.275706"></trkpt>
    <trkpt lat="44.487961" lon="11.275918"></trkpt>
    <trkpt lat="44.487937" lon="11.276122"></trkpt>
    <trkpt lat="44.487916" lon="11.276329"></trkpt>
    <trkpt lat="44.487903" lon="11.276511"></trkpt>
    <trkpt lat="44.487883" lon="11.276851"></trkpt>
    <trkpt lat="44.487880" lon="11.277062"></trkpt>
    <trkpt lat="44.487899" lon="11.277594"></trkpt>
    <trkpt lat="44.487914" lon="11.277778"></trkpt>
    <trkpt lat="44.487927" lon="11.277909"></trkpt>
    <trkpt lat="44.487952" lon="11.278124"></trkpt>
    <trkpt lat="44.487992" lon="11.278367"></trkpt>
    <trkpt lat="44.488043" lon="11.278636"></trkpt>
    <trkpt lat="44.488108" lon="11.278922"></trkpt>
    <trkpt lat="44.488173" lon="11.279164"></trkpt>
    <trkpt lat="44.488227" lon="11.279343"></trkpt>
    <trkpt lat="44.488265" lon="11.279498"></trkpt>
    <trkpt lat="44.488372" lon="11.279786"></trkpt>
    <trkpt lat="44.488515" lon="11.280113"></trkpt>
    <trkpt lat="44.488705" lon="11.280499"></trkpt>
    <trkpt lat="44.488918" lon="11.280935"></trkpt>
    <trkpt lat="44.489318" lon="11.281732"></trkpt>
    <trkpt lat="44.489657" lon="11.282388"></trkpt>
    <trkpt lat="44.489785" lon="11.282640"></trkpt>
    <trkpt lat="44.489865" lon="11.282809"></trkpt>
    <trkpt lat="44.490078" lon="11.283281"></trkpt>
    <trkpt lat="44.490181" lon="11.283539"></trkpt>
    <trkpt lat="44.490265" lon="11.283763"></trkpt>
    <trkpt lat="44.490299" lon="11.283874"></trkpt>
    <trkpt lat="44.490376" lon="11.284088"></trkpt>
    <trkpt lat="44.490495" lon="11.284456"></trkpt>
    <trkpt lat="44.490696" lon="11.285154"></trkpt>
    <trkpt lat="44.491552" lon="11.288243"></trkpt>
    <trkpt lat="44.491973" lon="11.289757"></trkpt>
    <trkpt lat="44.492432" lon="11.291374"></trkpt>
    <trkpt lat="44.492627" lon="11.292040"></trkpt>
    <trkpt lat="44.492731" lon="11.292366"></trkpt>
    <trkpt lat="44.492935" lon="11.292939"></trkpt>
    <trkpt lat="44.493117" lon="11.293357"></trkpt>
    <trkpt lat="44.493342" lon="11.293829"></trkpt>
    <trkpt lat="44.493536" lon="11.294194"></trkpt>
    <trkpt lat="44.493652" lon="11.294427"></trkpt>
    <trkpt lat="44.493787" lon="11.294649"></trkpt>
    <trkpt lat="44.493990" lon="11.294950"></trkpt>
    <trkpt lat="44.494184" lon="11.295223"></trkpt>
    <trkpt lat="44.494395" lon="11.295486"></trkpt>
    <trkpt lat="44.495259" lon="11.296525"></trkpt>
    <trkpt lat="44.496478" lon="11.297981"></trkpt>
    <trkpt lat="44.496865" lon="11.298444"></trkpt>
    <trkpt lat="44.496993" lon="11.298608"></trkpt>
    <trkpt lat="44.497151" lon="11.298815"></trkpt>
    <trkpt lat="44.497293" lon="11.299019"></trkpt>
    <trkpt lat="44.497566" lon="11.299458"></trkpt>
    <trkpt lat="44.497689" lon="11.299662"></trkpt>
    <trkpt lat="44.497821" lon="11.299905"></trkpt>
    <trkpt lat="44.498193" lon="11.300608"></trkpt>
    <trkpt lat="44.498462" lon="11.301116"></trkpt>
    <trkpt lat="44.498592" lon="11.301572"></trkpt>
    <trkpt lat="44.498915" lon="11.302270"></trkpt>
    <trkpt lat="44.499158" lon="11.302905"></trkpt>
    <trkpt lat="44.499277" lon="11.303127"></trkpt>
    <trkpt lat="44.499337" lon="11.303251"></trkpt>
    <trkpt lat="44.499388" lon="11.303372"></trkpt>
    <trkpt lat="44.499440" lon="11.303532"></trkpt>
    <trkpt lat="44.499477" lon="11.303672"></trkpt>
    <trkpt lat="44.499510" lon="11.303831"></trkpt>
    <trkpt lat="44.499541" lon="11.304086"></trkpt>
    <trkpt lat="44.499546" lon="11.304197"></trkpt>
    <trkpt lat="44.499569" lon="11.304483"></trkpt>
    <trkpt lat="44.499637" lon="11.304799"></trkpt>
    <trkpt lat="44.499663" lon="11.305299"></trkpt>
    <trkpt lat="44.499692" lon="11.305612"></trkpt>
    <trkpt lat="44.499681" lon="11.305882"></trkpt>
    <trkpt lat="44.499670" lon="11.306108"></trkpt>
    <trkpt lat="44.499660" lon="11.306237"></trkpt>
    <trkpt lat="44.499645" lon="11.306386"></trkpt>
    <trkpt lat="44.499622" lon="11.306540"></trkpt>
    <trkpt lat="44.499597" lon="11.306666"></trkpt>
    <trkpt lat="44.499566" lon="11.306806"></trkpt>
    <trkpt lat="44.499534" lon="11.306922"></trkpt>
    <trkpt lat="44.499171" lon="11.308260"></trkpt>
    <trkpt lat="44.499111" lon="11.308481"></trkpt>
    <trkpt lat="44.499073" lon="11.308669"></trkpt>
    <trkpt lat="44.498988" lon="11.308977"></trkpt>
    <trkpt lat="44.498970" lon="11.309042"></trkpt>
    <trkpt lat="44.498882" lon="11.309362"></trkpt>
    <trkpt lat="44.498847" lon="11.309488"></trkpt>
    <trkpt lat="44.498792" lon="11.309673"></trkpt>
    <trkpt lat="44.498709" lon="11.309954"></trkpt>
    <trkpt lat="44.497867" lon="11.313052"></trkpt>
    <trkpt lat="44.497847" lon="11.313128"></trkpt>
    <trkpt lat="44.497814" lon="11.313258"></trkpt>
    <trkpt lat="44.497789" lon="11.313365"></trkpt>
    <trkpt lat="44.497764" lon="11.313478"></trkpt>
    <trkpt lat="44.497744" lon="11.313583"></trkpt>
    <trkpt lat="44.497668" lon="11.314018"></trkpt>
    <trkpt lat="44.497567" lon="11.314631"></trkpt>
    <trkpt lat="44.497547" lon="11.314853"></trkpt>
    <trkpt lat="44.497537" lon="11.314953"></trkpt>
    <trkpt lat="44.497527" lon="11.315092"></trkpt>
    <trkpt lat="44.497507" lon="11.315428"></trkpt>
    <trkpt lat="44.497486" lon="11.315816"></trkpt>
    <trkpt lat="44.497483" lon="11.315891"></trkpt>
    <trkpt lat="44.497471" lon="11.316088"></trkpt>
    <trkpt lat="44.497462" lon="11.316279"></trkpt>
    <trkpt lat="44.497457" lon="11.316392"></trkpt>
    <trkpt lat="44.497442" lon="11.316671"></trkpt>
    <trkpt lat="44.497430" lon="11.316865"></trkpt>
    <trkpt lat="44.497421" lon="11.316988"></trkpt>
    <trkpt lat="44.497414" lon="11.317056"></trkpt>
    <trkpt lat="44.497406" lon="11.317120"></trkpt>
    <trkpt lat="44.497391" lon="11.317218"></trkpt>
    <trkpt lat="44.497374" lon="11.317329"></trkpt>
    <trkpt lat="44.497317" lon="11.317705"></trkpt>
    <trkpt lat="44.497305" lon="11.317780"></trkpt>
    <trkpt lat="44.497291" lon="11.317852"></trkpt>
    <trkpt lat="44.497276" lon="11.317924"></trkpt>
    <trkpt lat="44.497257" lon="11.318000"></trkpt>
    <trkpt lat="44.497237" lon="11.318073"></trkpt>
    <trkpt lat="44.497217" lon="11.318136"></trkpt>
    <trkpt lat="44.497200" lon="11.318179"></trkpt>
    <trkpt lat="44.497093" lon="11.318472"></trkpt>
    <trkpt lat="44.497042" lon="11.318623"></trkpt>
    <trkpt lat="44.497028" lon="11.318675"></trkpt>
    <trkpt lat="44.497019" lon="11.318727"></trkpt>
    <trkpt lat="44.497014" lon="11.318784"></trkpt>
    <trkpt lat="44.497010" lon="11.318843"></trkpt>
    <trkpt lat="44.496999" lon="11.318895"></trkpt>
    <trkpt lat="44.496990" lon="11.318944"></trkpt>
    <trkpt lat="44.496982" lon="11.319008"></trkpt>
    <trkpt lat="44.496978" lon="11.319049"></trkpt>
    <trkpt lat="44.496975" lon="11.319099"></trkpt>
    <trkpt lat="44.496975" lon="11.319150"></trkpt>
    <trkpt lat="44.496977" lon="11.319195"></trkpt>
    <trkpt lat="44.496984" lon="11.319269"></trkpt>
    <trkpt lat="44.496993" lon="11.319338"></trkpt>
    <trkpt lat="44.497042" lon="11.319591"></trkpt>
    <trkpt lat="44.497109" lon="11.319906"></trkpt>
    <trkpt lat="44.497133" lon="11.320067"></trkpt>
    <trkpt lat="44.497165" lon="11.320322"></trkpt>
    <trkpt lat="44.497180" lon="11.320459"></trkpt>
    <trkpt lat="44.497185" lon="11.320529"></trkpt>
    <trkpt lat="44.497187" lon="11.320607"></trkpt>
    <trkpt lat="44.497186" lon="11.320679"></trkpt>
    <trkpt lat="44.497176" lon="11.320857"></trkpt>
    <trkpt lat="44.497172" lon="11.320953"></trkpt>
    <trkpt lat="44.497167" lon="11.321048"></trkpt>
    <trkpt lat="44.497163" lon="11.321149"></trkpt>
    <trkpt lat="44.497137" lon="11.321822"></trkpt>
    <trkpt lat="44.497097" lon="11.322874"></trkpt>
    <trkpt lat="44.497087" lon="11.323120"></trkpt>
    <trkpt lat="44.497072" lon="11.323491"></trkpt>
    <trkpt lat="44.497069" lon="11.323556"></trkpt>
    <trkpt lat="44.497064" lon="11.323679"></trkpt>
    <trkpt lat="44.496966" lon="11.325944"></trkpt>
    <trkpt lat="44.496950" lon="11.326334"></trkpt>
    <trkpt lat="44.496967" lon="11.326539"></trkpt>
    <trkpt lat="44.496982" lon="11.326659"></trkpt>
    <trkpt lat="44.497004" lon="11.326795"></trkpt>
    <trkpt lat="44.497046" lon="11.327025"></trkpt>
    <trkpt lat="44.497090" lon="11.327268"></trkpt>
    <trkpt lat="44.497100" lon="11.327322"></trkpt>
    <trkpt lat="44.497109" lon="11.327358"></trkpt>
    <trkpt lat="44.497121" lon="11.327409"></trkpt>
    <trkpt lat="44.497133" lon="11.327454"></trkpt>
    <trkpt lat="44.497152" lon="11.327505"></trkpt>
    <trkpt lat="44.497176" lon="11.327554"></trkpt>
    <trkpt lat="44.497206" lon="11.327606"></trkpt>
    <trkpt lat="44.497232" lon="11.327643"></trkpt>
    <trkpt lat="44.497329" lon="11.327613"></trkpt>
    <trkpt lat="44.497469" lon="11.327568"></trkpt>
    <trkpt lat="44.498797" lon="11.327142"></trkpt>
    <trkpt lat="44.498848" lon="11.327147"></trkpt>
    <trkpt lat="44.498883" lon="11.327156"></trkpt>
    <trkpt lat="44.498924" lon="11.327169"></trkpt>
    <trkpt lat="44.498944" lon="11.327178"></trkpt>
    <trkpt lat="44.498961" lon="11.327187"></trkpt>
    <trkpt lat="44.498979" lon="11.327196"></trkpt>
    <trkpt lat="44.498995" lon="11.327206"></trkpt>
    <trkpt lat="44.499011" lon="11.327217"></trkpt>
    <trkpt lat="44.499022" lon="11.327228"></trkpt>
    <trkpt lat="44.499035" lon="11.327241"></trkpt>
    <trkpt lat="44.499044" lon="11.327254"></trkpt>
    <trkpt lat="44.499053" lon="11.327267"></trkpt>
    <trkpt lat="44.499062" lon="11.327283"></trkpt>
    <trkpt lat="44.499069" lon="11.327300"></trkpt>
    <trkpt lat="44.499076" lon="11.327321"></trkpt>
    <trkpt lat="44.499076" lon="11.327357"></trkpt>
    <trkpt lat="44.499075" lon="11.327422"></trkpt>
    <trkpt lat="44.499074" lon="11.327465"></trkpt>
    <trkpt lat="44.499070" lon="11.327513"></trkpt>
    <trkpt lat="44.499064" lon="11.327558"></trkpt>
    <trkpt lat="44.499057" lon="11.327601"></trkpt>
    <trkpt lat="44.499050" lon="11.327631"></trkpt>
    <trkpt lat="44.499043" lon="11.327664"></trkpt>
    <trkpt lat="44.499035" lon="11.327692"></trkpt>
    <trkpt lat="44.499008" lon="11.327769"></trkpt>
    <trkpt lat="44.498828" lon="11.328280"></trkpt>
    <trkpt lat="44.498793" lon="11.328382"></trkpt>
    <trkpt lat="44.498763" lon="11.328475"></trkpt>
    <trkpt lat="44.498748" lon="11.328521"></trkpt>
    <trkpt lat="44.498733" lon="11.328573"></trkpt>
    <trkpt lat="44.498704" lon="11.328669"></trkpt>
    <trkpt lat="44.498684" lon="11.328735"></trkpt>
    <trkpt lat="44.498662" lon="11.328801"></trkpt>
    <trkpt lat="44.498612" lon="11.328946"></trkpt>
    <trkpt lat="44.498507" lon="11.329242"></trkpt>
    <trkpt lat="44.497971" lon="11.330746"></trkpt>
    <trkpt lat="44.497912" lon="11.330917"></trkpt>
    <trkpt lat="44.497840" lon="11.331121"></trkpt>
    <trkpt lat="44.497745" lon="11.331392"></trkpt>
    <trkpt lat="44.497565" lon="11.331902"></trkpt>
    <trkpt lat="44.497549" lon="11.331946"></trkpt>
    <trkpt lat="44.497499" lon="11.332093"></trkpt>
    <trkpt lat="44.497485" lon="11.332134"></trkpt>
    <trkpt lat="44.497479" lon="11.332153"></trkpt>
    <trkpt lat="44.497464" lon="11.332202"></trkpt>
    <trkpt lat="44.497447" lon="11.332258"></trkpt>
    <trkpt lat="44.497429" lon="11.332324"></trkpt>
    <trkpt lat="44.497395" lon="11.332436"></trkpt>
    <trkpt lat="44.497368" lon="11.332521"></trkpt>
    <trkpt lat="44.496958" lon="11.333709"></trkpt>
    <trkpt lat="44.496847" lon="11.334028"></trkpt>
    <trkpt lat="44.496809" lon="11.334137"></trkpt>
    <trkpt lat="44.496528" lon="11.334943"></trkpt>
    <trkpt lat="44.496420" lon="11.335256"></trkpt>
    <trkpt lat="44.496035" lon="11.336380"></trkpt>
    <trkpt lat="44.495908" lon="11.336754"></trkpt>
    <trkpt lat="44.495879" lon="11.336838"></trkpt>
    <trkpt lat="44.495864" lon="11.336888"></trkpt>
    <trkpt lat="44.495825" lon="11.337025"></trkpt>
    <trkpt lat="44.495813" lon="11.337069"></trkpt>
    <trkpt lat="44.495793" lon="11.337129"></trkpt>
    <trkpt lat="44.495771" lon="11.337194"></trkpt>
    <trkpt lat="44.495738" lon="11.337292"></trkpt>
    <trkpt lat="44.495725" lon="11.337333"></trkpt>
    <trkpt lat="44.495714" lon="11.337375"></trkpt>
    <trkpt lat="44.495702" lon="11.337425"></trkpt>
    <trkpt lat="44.495693" lon="11.337477"></trkpt>
    <trkpt lat="44.495683" lon="11.337537"></trkpt>
    <trkpt lat="44.495660" lon="11.337700"></trkpt>
    <trkpt lat="44.495587" lon="11.338212"></trkpt>
    <trkpt lat="44.495550" lon="11.338492"></trkpt>
    <trkpt lat="44.495507" lon="11.338799"></trkpt>
    <trkpt lat="44.495501" lon="11.338847"></trkpt>
    <trkpt lat="44.495489" lon="11.338924"></trkpt>
    <trkpt lat="44.495476" lon="11.339001"></trkpt>
    <trkpt lat="44.495445" lon="11.339177"></trkpt>
    <trkpt lat="44.495436" lon="11.339231"></trkpt>
    <trkpt lat="44.495415" lon="11.339361"></trkpt>
    <trkpt lat="44.495384" lon="11.339561"></trkpt>
    <trkpt lat="44.495310" lon="11.340066"></trkpt>
    <trkpt lat="44.495265" lon="11.340347"></trkpt>
    <trkpt lat="44.495248" lon="11.340455"></trkpt>
    <trkpt lat="44.495233" lon="11.340549"></trkpt>
    <trkpt lat="44.495232" lon="11.340554"></trkpt>
    <trkpt lat="44.495204" lon="11.340729"></trkpt>
    <trkpt lat="44.495158" lon="11.341006"></trkpt>
    <trkpt lat="44.495149" lon="11.341062"></trkpt>
    <trkpt lat="44.495116" lon="11.341259"></trkpt>
    <trkpt lat="44.495027" lon="11.341763"></trkpt>
    <trkpt lat="44.494954" lon="11.342158"></trkpt>
    <trkpt lat="44.494937" lon="11.342251"></trkpt>
    <trkpt lat="44.494923" lon="11.342332"></trkpt>
    <trkpt lat="44.494911" lon="11.342413"></trkpt>
    <trkpt lat="44.494904" lon="11.342459"></trkpt>
    <trkpt lat="44.494881" lon="11.342588"></trkpt>
    <trkpt lat="44.494858" lon="11.342702"></trkpt>
    <trkpt lat="44.494825" lon="11.342888"></trkpt>
    <trkpt lat="44.494727" lon="11.343436"></trkpt>
    <trkpt lat="44.494696" lon="11.343624"></trkpt>
    <trkpt lat="44.494644" lon="11.343929"></trkpt>
    <trkpt lat="44.494630" lon="11.343925"></trkpt>
    <trkpt lat="44.494615" lon="11.343921"></trkpt>
    <trkpt lat="44.494558" lon="11.343906"></trkpt>
    <trkpt lat="44.494390" lon="11.343861"></trkpt>
    <trkpt lat="44.494193" lon="11.343808"></trkpt>
    <trkpt lat="44.494126" lon="11.343788"></trkpt>
    <trkpt lat="44.494193" lon="11.343808"></trkpt>
    <trkpt lat="44.494390" lon="11.343861"></trkpt>
    <trkpt lat="44.494558" lon="11.343906"></trkpt>
    <trkpt lat="44.494615" lon="11.343921"></trkpt>
    <trkpt lat="44.494630" lon="11.343925"></trkpt>
    <trkpt lat="44.494644" lon="11.343929"></trkpt>
    <trkpt lat="44.494696" lon="11.343624"></trkpt>
    <trkpt lat="44.494727" lon="11.343436"></trkpt>
    <trkpt lat="44.494825" lon="11.342888"></trkpt>
    <trkpt lat="44.494858" lon="11.342702"></trkpt>
    <trkpt lat="44.494880" lon="11.342592"></trkpt>
    <trkpt lat="44.494881" lon="11.342588"></trkpt>
    <trkpt lat="44.494904" lon="11.342459"></trkpt>
    <trkpt lat="44.494911" lon="11.342413"></trkpt>
    <trkpt lat="44.494923" lon="11.342332"></trkpt>
    <trkpt lat="44.494937" lon="11.342251"></trkpt>
    <trkpt lat="44.494954" lon="11.342158"></trkpt>
    <trkpt lat="44.495027" lon="11.341763"></trkpt>
    <trkpt lat="44.495116" lon="11.341259"></trkpt>
    <trkpt lat="44.495149" lon="11.341062"></trkpt>
    <trkpt lat="44.495158" lon="11.341006"></trkpt>
    <trkpt lat="44.495204" lon="11.340729"></trkpt>
    <trkpt lat="44.495232" lon="11.340554"></trkpt>
    <trkpt lat="44.495233" lon="11.340549"></trkpt>
    <trkpt lat="44.495248" lon="11.340455"></trkpt>
    <trkpt lat="44.495265" lon="11.340347"></trkpt>
    <trkpt lat="44.495310" lon="11.340066"></trkpt>
    <trkpt lat="44.495384" lon="11.339561"></trkpt>
    <trkpt lat="44.495415" lon="11.339361"></trkpt>
    <trkpt lat="44.495436" lon="11.339231"></trkpt>
    <trkpt lat="44.495445" lon="11.339177"></trkpt>
    <trkpt lat="44.495476" lon="11.339001"></trkpt>
    <trkpt lat="44.495489" lon="11.338924"></trkpt>
    <trkpt lat="44.495501" lon="11.338847"></trkpt>
    <trkpt lat="44.495507" lon="11.338799"></trkpt>
    <trkpt lat="44.495550" lon="11.338492"></trkpt>
    <trkpt lat="44.495587" lon="11.338212"></trkpt>
    <trkpt lat="44.495660" lon="11.337700"></trkpt>
    <trkpt lat="44.495683" lon="11.337537"></trkpt>
    <trkpt lat="44.495693" lon="11.337477"></trkpt>
    <trkpt lat="44.495702" lon="11.337425"></trkpt>
    <trkpt lat="44.495714" lon="11.337375"></trkpt>
    <trkpt lat="44.495725" lon="11.337333"></trkpt>
    <trkpt lat="44.495738" lon="11.337292"></trkpt>
    <trkpt lat="44.495771" lon="11.337194"></trkpt>
    <trkpt lat="44.495793" lon="11.337129"></trkpt>
    <trkpt lat="44.495813" lon="11.337069"></trkpt>
    <trkpt lat="44.495825" lon="11.337025"></trkpt>
    <trkpt lat="44.495987" lon="11.337103"></trkpt>
    <trkpt lat="44.496022" lon="11.337119"></trkpt>
    <trkpt lat="44.496137" lon="11.337171"></trkpt>
    <trkpt lat="44.496476" lon="11.337331"></trkpt>
    <trkpt lat="44.496533" lon="11.337107"></trkpt>
    <trkpt lat="44.496545" lon="11.337073"></trkpt>
    <trkpt lat="44.496562" lon="11.337036"></trkpt>
    <trkpt lat="44.496577" lon="11.337011"></trkpt>
    <trkpt lat="44.496594" lon="11.336991"></trkpt>
    <trkpt lat="44.496612" lon="11.336977"></trkpt>
    <trkpt lat="44.496627" lon="11.336967"></trkpt>
    <trkpt lat="44.496649" lon="11.336954"></trkpt>
    <trkpt lat="44.496688" lon="11.336933"></trkpt>
    <trkpt lat="44.496869" lon="11.336836"></trkpt>
    <trkpt lat="44.496981" lon="11.336783"></trkpt>
    <trkpt lat="44.497118" lon="11.336719"></trkpt>
    <trkpt lat="44.497195" lon="11.336684"></trkpt>
    <trkpt lat="44.497254" lon="11.336652"></trkpt>
    <trkpt lat="44.497388" lon="11.336571"></trkpt>
    <trkpt lat="44.497445" lon="11.336534"></trkpt>
    <trkpt lat="44.497499" lon="11.336498"></trkpt>
    <trkpt lat="44.497555" lon="11.336459"></trkpt>
    <trkpt lat="44.497622" lon="11.336411"></trkpt>
    <trkpt lat="44.497741" lon="11.336324"></trkpt>
    <trkpt lat="44.497824" lon="11.336259"></trkpt>
    <trkpt lat="44.497894" lon="11.336201"></trkpt>
    <trkpt lat="44.498266" lon="11.335909"></trkpt>
    <trkpt lat="44.498290" lon="11.335888"></trkpt>
    <trkpt lat="44.498369" lon="11.335824"></trkpt>
    <trkpt lat="44.498439" lon="11.335768"></trkpt>
    <trkpt lat="44.498585" lon="11.335650"></trkpt>
    <trkpt lat="44.498627" lon="11.335614"></trkpt>
    <trkpt lat="44.498685" lon="11.335566"></trkpt>
    <trkpt lat="44.498714" lon="11.335542"></trkpt>
    <trkpt lat="44.499495" lon="11.335004"></trkpt>
    <trkpt lat="44.499538" lon="11.334975"></trkpt>
    <trkpt lat="44.499603" lon="11.334932"></trkpt>
    <trkpt lat="44.499874" lon="11.334750"></trkpt>
    <trkpt lat="44.500055" lon="11.334631"></trkpt>
    <trkpt lat="44.500202" lon="11.334535"></trkpt>
    <trkpt lat="44.500272" lon="11.334489"></trkpt>
    <trkpt lat="44.500339" lon="11.334452"></trkpt>
    <trkpt lat="44.500373" lon="11.334435"></trkpt>
    <trkpt lat="44.500388" lon="11.334428"></trkpt>
    <trkpt lat="44.500502" lon="11.334371"></trkpt>
    <trkpt lat="44.500485" lon="11.334297"></trkpt>
    <trkpt lat="44.500476" lon="11.334262"></trkpt>
    <trkpt lat="44.500460" lon="11.334178"></trkpt>
    <trkpt lat="44.500444" lon="11.334095"></trkpt>
    <trkpt lat="44.500434" lon="11.334039"></trkpt>
    <trkpt lat="44.500423" lon="11.333975"></trkpt>
    <trkpt lat="44.500415" lon="11.333918"></trkpt>
    <trkpt lat="44.500407" lon="11.333850"></trkpt>
    <trkpt lat="44.500401" lon="11.333796"></trkpt>
    <trkpt lat="44.500398" lon="11.333757"></trkpt>
    <trkpt lat="44.500391" lon="11.333650"></trkpt>
    <trkpt lat="44.500393" lon="11.333567"></trkpt>
    <trkpt lat="44.500395" lon="11.333483"></trkpt>
    <trkpt lat="44.500403" lon="11.333343"></trkpt>
    <trkpt lat="44.500419" lon="11.333158"></trkpt>
    <trkpt lat="44.500425" lon="11.333073"></trkpt>
    <trkpt lat="44.500429" lon="11.333015"></trkpt>
    <trkpt lat="44.500443" lon="11.332998"></trkpt>
    <trkpt lat="44.500454" lon="11.332978"></trkpt>
    <trkpt lat="44.500462" lon="11.332954"></trkpt>
    <trkpt lat="44.500466" lon="11.332929"></trkpt>
    <trkpt lat="44.500466" lon="11.332904"></trkpt>
    <trkpt lat="44.500462" lon="11.332881"></trkpt>
    <trkpt lat="44.500455" lon="11.332860"></trkpt>
    <trkpt lat="44.500451" lon="11.332848"></trkpt>
    <trkpt lat="44.500455" lon="11.332781"></trkpt>
    <trkpt lat="44.500467" lon="11.332653"></trkpt>
    <trkpt lat="44.500533" lon="11.331919"></trkpt>
    <trkpt lat="44.500545" lon="11.331789"></trkpt>
    <trkpt lat="44.500554" lon="11.331688"></trkpt>
    <trkpt lat="44.500580" lon="11.331392"></trkpt>
    <trkpt lat="44.500649" lon="11.330603"></trkpt>
    <trkpt lat="44.500655" lon="11.330546"></trkpt>
    <trkpt lat="44.500663" lon="11.330507"></trkpt>
    <trkpt lat="44.500679" lon="11.330473"></trkpt>
    <trkpt lat="44.500692" lon="11.330457"></trkpt>
    <trkpt lat="44.500827" lon="11.330318"></trkpt>
    <trkpt lat="44.500868" lon="11.330276"></trkpt>
    <trkpt lat="44.500932" lon="11.330216"></trkpt>
    <trkpt lat="44.500998" lon="11.330150"></trkpt>
    <trkpt lat="44.501059" lon="11.330085"></trkpt>
    <trkpt lat="44.500972" lon="11.329917"></trkpt>
    <trkpt lat="44.500756" lon="11.329485"></trkpt>
    <trkpt lat="44.500712" lon="11.329399"></trkpt>
    <trkpt lat="44.500673" lon="11.329321"></trkpt>
    <trkpt lat="44.500593" lon="11.329162"></trkpt>
    <trkpt lat="44.500526" lon="11.329028"></trkpt>
    <trkpt lat="44.500178" lon="11.328341"></trkpt>
    <trkpt lat="44.499523" lon="11.327036"></trkpt>
    <trkpt lat="44.499490" lon="11.326979"></trkpt>
    <trkpt lat="44.499474" lon="11.326952"></trkpt>
    <trkpt lat="44.499447" lon="11.326914"></trkpt>
    <trkpt lat="44.499440" lon="11.326895"></trkpt>
    <trkpt lat="44.499438" lon="11.326877"></trkpt>
    <trkpt lat="44.499439" lon="11.326855"></trkpt>
    <trkpt lat="44.499444" lon="11.326830"></trkpt>
    <trkpt lat="44.499459" lon="11.326781"></trkpt>
    <trkpt lat="44.499474" lon="11.326736"></trkpt>
    <trkpt lat="44.499537" lon="11.326562"></trkpt>
    <trkpt lat="44.499733" lon="11.326004"></trkpt>
    <trkpt lat="44.500058" lon="11.325080"></trkpt>
    <trkpt lat="44.500140" lon="11.324844"></trkpt>
    <trkpt lat="44.500299" lon="11.324390"></trkpt>
    <trkpt lat="44.500318" lon="11.324339"></trkpt>
    <trkpt lat="44.500333" lon="11.324294"></trkpt>
    <trkpt lat="44.500576" lon="11.323606"></trkpt>
    <trkpt lat="44.500616" lon="11.323489"></trkpt>
    <trkpt lat="44.500679" lon="11.323308"></trkpt>
    <trkpt lat="44.500824" lon="11.322888"></trkpt>
    <trkpt lat="44.500987" lon="11.322422"></trkpt>
    <trkpt lat="44.501031" lon="11.322297"></trkpt>
    <trkpt lat="44.501146" lon="11.321968"></trkpt>
    <trkpt lat="44.501183" lon="11.321863"></trkpt>
    <trkpt lat="44.501246" lon="11.321682"></trkpt>
    <trkpt lat="44.501275" lon="11.321599"></trkpt>
    <trkpt lat="44.501450" lon="11.321103"></trkpt>
    <trkpt lat="44.501469" lon="11.321052"></trkpt>
    <trkpt lat="44.501483" lon="11.321020"></trkpt>
    <trkpt lat="44.501499" lon="11.320987"></trkpt>
    <trkpt lat="44.501545" lon="11.320905"></trkpt>
    <trkpt lat="44.501587" lon="11.320884"></trkpt>
    <trkpt lat="44.501603" lon="11.320876"></trkpt>
    <trkpt lat="44.501650" lon="11.320853"></trkpt>
    <trkpt lat="44.501698" lon="11.320826"></trkpt>
    <trkpt lat="44.501717" lon="11.320812"></trkpt>
    <trkpt lat="44.501741" lon="11.320787"></trkpt>
    <trkpt lat="44.501754" lon="11.320772"></trkpt>
    <trkpt lat="44.501764" lon="11.320751"></trkpt>
    <trkpt lat="44.501797" lon="11.320689"></trkpt>
    <trkpt lat="44.502249" lon="11.319379"></trkpt>
    <trkpt lat="44.502272" lon="11.319317"></trkpt>
    <trkpt lat="44.502286" lon="11.319288"></trkpt>
    <trkpt lat="44.502301" lon="11.319271"></trkpt>
    <trkpt lat="44.502312" lon="11.319253"></trkpt>
    <trkpt lat="44.502323" lon="11.319230"></trkpt>
    <trkpt lat="44.502338" lon="11.319190"></trkpt>
    <trkpt lat="44.502947" lon="11.317487"></trkpt>
    <trkpt lat="44.503221" lon="11.316706"></trkpt>
    <trkpt lat="44.503228" lon="11.316686"></trkpt>
    <trkpt lat="44.503233" lon="11.316667"></trkpt>
    <trkpt lat="44.503235" lon="11.316649"></trkpt>
    <trkpt lat="44.503236" lon="11.316634"></trkpt>
    <trkpt lat="44.503236" lon="11.316616"></trkpt>
    <trkpt lat="44.503234" lon="11.316590"></trkpt>
    <trkpt lat="44.503207" lon="11.316441"></trkpt>
    <trkpt lat="44.503200" lon="11.316392"></trkpt>
    <trkpt lat="44.503197" lon="11.316352"></trkpt>
    <trkpt lat="44.503244" lon="11.316222"></trkpt>
    <trkpt lat="44.503270" lon="11.316157"></trkpt>
    <trkpt lat="44.503304" lon="11.316074"></trkpt>
    <trkpt lat="44.503327" lon="11.316016"></trkpt>
    <trkpt lat="44.503345" lon="11.315966"></trkpt>
    <trkpt lat="44.503431" lon="11.315722"></trkpt>
    <trkpt lat="44.503470" lon="11.315609"></trkpt>
    <trkpt lat="44.503514" lon="11.315477"></trkpt>
    <trkpt lat="44.503645" lon="11.315094"></trkpt>
    <trkpt lat="44.503748" lon="11.314811"></trkpt>
    <trkpt lat="44.503790" lon="11.314706"></trkpt>
    <trkpt lat="44.503809" lon="11.314657"></trkpt>
    <trkpt lat="44.503839" lon="11.314581"></trkpt>
    <trkpt lat="44.503850" lon="11.314555"></trkpt>
    <trkpt lat="44.503860" lon="11.314528"></trkpt>
    <trkpt lat="44.503932" lon="11.314325"></trkpt>
    <trkpt lat="44.504070" lon="11.313941"></trkpt>
    <trkpt lat="44.504084" lon="11.313902"></trkpt>
    <trkpt lat="44.504096" lon="11.313865"></trkpt>
    <trkpt lat="44.504106" lon="11.313832"></trkpt>
    <trkpt lat="44.504115" lon="11.313797"></trkpt>
    <trkpt lat="44.504124" lon="11.313759"></trkpt>
    <trkpt lat="44.504148" lon="11.313646"></trkpt>
    <trkpt lat="44.504169" lon="11.313567"></trkpt>
    <trkpt lat="44.504182" lon="11.313521"></trkpt>
    <trkpt lat="44.504196" lon="11.313477"></trkpt>
    <trkpt lat="44.504282" lon="11.313218"></trkpt>
    <trkpt lat="44.504301" lon="11.313162"></trkpt>
    <trkpt lat="44.504532" lon="11.312502"></trkpt>
    <trkpt lat="44.504561" lon="11.312446"></trkpt>
    <trkpt lat="44.504951" lon="11.311337"></trkpt>
    <trkpt lat="44.505000" lon="11.311206"></trkpt>
    <trkpt lat="44.505075" lon="11.311032"></trkpt>
    <trkpt lat="44.505112" lon="11.310930"></trkpt>
    <trkpt lat="44.505279" lon="11.310446"></trkpt>
    <trkpt lat="44.505324" lon="11.310315"></trkpt>
    <trkpt lat="44.505341" lon="11.310266"></trkpt>
    <trkpt lat="44.505415" lon="11.310055"></trkpt>
    <trkpt lat="44.505450" lon="11.309950"></trkpt>
    <trkpt lat="44.505549" lon="11.309654"></trkpt>
    <trkpt lat="44.505568" lon="11.309595"></trkpt>
    <trkpt lat="44.505625" lon="11.309411"></trkpt>
    <trkpt lat="44.505658" lon="11.309301"></trkpt>
    <trkpt lat="44.505619" lon="11.309277"></trkpt>
    <trkpt lat="44.505589" lon="11.309258"></trkpt>
    <trkpt lat="44.505561" lon="11.309241"></trkpt>
    <trkpt lat="44.505461" lon="11.309182"></trkpt>
    <trkpt lat="44.505112" lon="11.308955"></trkpt>
    <trkpt lat="44.504960" lon="11.308859"></trkpt>
    <trkpt lat="44.504733" lon="11.308716"></trkpt>
    <trkpt lat="44.504666" lon="11.308678"></trkpt>
    <trkpt lat="44.504597" lon="11.308646"></trkpt>
    <trkpt lat="44.504518" lon="11.308617"></trkpt>
    <trkpt lat="44.504455" lon="11.308598"></trkpt>
    <trkpt lat="44.504178" lon="11.308528"></trkpt>
    <trkpt lat="44.504089" lon="11.308503"></trkpt>
    <trkpt lat="44.503996" lon="11.308474"></trkpt>
    <trkpt lat="44.503955" lon="11.308459"></trkpt>
    <trkpt lat="44.503907" lon="11.308437"></trkpt>
    <trkpt lat="44.503822" lon="11.308392"></trkpt>
    <trkpt lat="44.503772" lon="11.308361"></trkpt>
    <trkpt lat="44.503041" lon="11.307848"></trkpt>
    <trkpt lat="44.502648" lon="11.307568"></trkpt>
    <trkpt lat="44.502622" lon="11.307546"></trkpt>
    <trkpt lat="44.502588" lon="11.307513"></trkpt>
    <trkpt lat="44.502567" lon="11.307489"></trkpt>
    <trkpt lat="44.502542" lon="11.307458"></trkpt>
    <trkpt lat="44.502493" lon="11.307395"></trkpt>
    <trkpt lat="44.502147" lon="11.306974"></trkpt>
    <trkpt lat="44.501659" lon="11.306379"></trkpt>
    <trkpt lat="44.501470" lon="11.306154"></trkpt>
    <trkpt lat="44.501243" lon="11.305871"></trkpt>
    <trkpt lat="44.501106" lon="11.305688"></trkpt>
    <trkpt lat="44.500966" lon="11.305482"></trkpt>
    <trkpt lat="44.500875" lon="11.305341"></trkpt>
    <trkpt lat="44.500767" lon="11.305159"></trkpt>
    <trkpt lat="44.500604" lon="11.304876"></trkpt>
    <trkpt lat="44.500370" lon="11.304431"></trkpt>
    <trkpt lat="44.500116" lon="11.303949"></trkpt>
    <trkpt lat="44.500000" lon="11.303735"></trkpt>
    <trkpt lat="44.499826" lon="11.303424"></trkpt>
    <trkpt lat="44.498507" lon="11.300939"></trkpt>
    <trkpt lat="44.498307" lon="11.300564"></trkpt>
    <trkpt lat="44.497859" lon="11.299725"></trkpt>
    <trkpt lat="44.497646" lon="11.299341"></trkpt>
    <trkpt lat="44.497368" lon="11.298905"></trkpt>
    <trkpt lat="44.497066" lon="11.298491"></trkpt>
    <trkpt lat="44.496739" lon="11.298091"></trkpt>
    <trkpt lat="44.495587" lon="11.296717"></trkpt>
    <trkpt lat="44.494450" lon="11.295349"></trkpt>
    <trkpt lat="44.494256" lon="11.295105"></trkpt>
    <trkpt lat="44.494141" lon="11.294943"></trkpt>
    <trkpt lat="44.494051" lon="11.294822"></trkpt>
    <trkpt lat="44.493872" lon="11.294551"></trkpt>
    <trkpt lat="44.493741" lon="11.294335"></trkpt>
    <trkpt lat="44.493605" lon="11.294103"></trkpt>
    <trkpt lat="44.493438" lon="11.293766"></trkpt>
    <trkpt lat="44.493220" lon="11.293298"></trkpt>
    <trkpt lat="44.493034" lon="11.292861"></trkpt>
    <trkpt lat="44.492911" lon="11.292516"></trkpt>
    <trkpt lat="44.492769" lon="11.292086"></trkpt>
    <trkpt lat="44.492297" lon="11.290477"></trkpt>
    <trkpt lat="44.491663" lon="11.288188"></trkpt>
    <trkpt lat="44.491150" lon="11.286340"></trkpt>
    <trkpt lat="44.490767" lon="11.284967"></trkpt>
    <trkpt lat="44.490493" lon="11.284043"></trkpt>
    <trkpt lat="44.490436" lon="11.283865"></trkpt>
    <trkpt lat="44.490368" lon="11.283675"></trkpt>
    <trkpt lat="44.490222" lon="11.283308"></trkpt>
    <trkpt lat="44.490077" lon="11.282963"></trkpt>
    <trkpt lat="44.489965" lon="11.282716"></trkpt>
    <trkpt lat="44.489879" lon="11.282530"></trkpt>
    <trkpt lat="44.489757" lon="11.282282"></trkpt>
    <trkpt lat="44.489407" lon="11.281633"></trkpt>
    <trkpt lat="44.488975" lon="11.280775"></trkpt>
    <trkpt lat="44.488809" lon="11.280442"></trkpt>
    <trkpt lat="44.488557" lon="11.279924"></trkpt>
    <trkpt lat="44.488435" lon="11.279640"></trkpt>
    <trkpt lat="44.488352" lon="11.279402"></trkpt>
    <trkpt lat="44.488273" lon="11.279139"></trkpt>
    <trkpt lat="44.488219" lon="11.278949"></trkpt>
    <trkpt lat="44.488170" lon="11.278763"></trkpt>
    <trkpt lat="44.488118" lon="11.278531"></trkpt>
    <trkpt lat="44.488079" lon="11.278320"></trkpt>
    <trkpt lat="44.488031" lon="11.278001"></trkpt>
    <trkpt lat="44.488000" lon="11.277709"></trkpt>
    <trkpt lat="44.487978" lon="11.277441"></trkpt>
    <trkpt lat="44.487973" lon="11.276943"></trkpt>
    <trkpt lat="44.487979" lon="11.276768"></trkpt>
    <trkpt lat="44.487988" lon="11.276552"></trkpt>
    <trkpt lat="44.488006" lon="11.276329"></trkpt>
    <trkpt lat="44.488032" lon="11.276085"></trkpt>
    <trkpt lat="44.488060" lon="11.275878"></trkpt>
    <trkpt lat="44.488092" lon="11.275677"></trkpt>
    <trkpt lat="44.488128" lon="11.275491"></trkpt>
    <trkpt lat="44.488172" lon="11.275300"></trkpt>
    <trkpt lat="44.488246" lon="11.275017"></trkpt>
    <trkpt lat="44.488353" lon="11.274667"></trkpt>
    <trkpt lat="44.488445" lon="11.274412"></trkpt>
    <trkpt lat="44.488893" lon="11.273205"></trkpt>
    <trkpt lat="44.489202" lon="11.272357"></trkpt>
    <trkpt lat="44.489254" lon="11.272214"></trkpt>
    <trkpt lat="44.489300" lon="11.272083"></trkpt>
    <trkpt lat="44.489420" lon="11.271770"></trkpt>
    <trkpt lat="44.489490" lon="11.271607"></trkpt>
    <trkpt lat="44.489568" lon="11.271447"></trkpt>
    <trkpt lat="44.489664" lon="11.271271"></trkpt>
    <trkpt lat="44.489780" lon="11.271079"></trkpt>
    <trkpt lat="44.489988" lon="11.270741"></trkpt>
    <trkpt lat="44.490088" lon="11.270581"></trkpt>
    <trkpt lat="44.490174" lon="11.270431"></trkpt>
    <trkpt lat="44.490245" lon="11.270285"></trkpt>
    <trkpt lat="44.490289" lon="11.270182"></trkpt>
    <trkpt lat="44.490338" lon="11.270057"></trkpt>
    <trkpt lat="44.490389" lon="11.269916"></trkpt>
    <trkpt lat="44.490473" lon="11.269684"></trkpt>
    <trkpt lat="44.490539" lon="11.269500"></trkpt>
    <trkpt lat="44.490591" lon="11.269353"></trkpt>
    <trkpt lat="44.490683" lon="11.269055"></trkpt>
    <trkpt lat="44.490866" lon="11.268565"></trkpt>
    <trkpt lat="44.490901" lon="11.268493"></trkpt>
    <trkpt lat="44.490946" lon="11.268423"></trkpt>
    <trkpt lat="44.490992" lon="11.268372"></trkpt>
    <trkpt lat="44.491044" lon="11.268332"></trkpt>
    <trkpt lat="44.491102" lon="11.268300"></trkpt>
    <trkpt lat="44.491164" lon="11.268281"></trkpt>
    <trkpt lat="44.491227" lon="11.268272"></trkpt>
    <trkpt lat="44.491285" lon="11.268278"></trkpt>
    <trkpt lat="44.491352" lon="11.268291"></trkpt>
    <trkpt lat="44.491411" lon="11.268321"></trkpt>
    <trkpt lat="44.491465" lon="11.268359"></trkpt>
    <trkpt lat="44.491521" lon="11.268409"></trkpt>
    <trkpt lat="44.491569" lon="11.268464"></trkpt>
    <trkpt lat="44.491614" lon="11.268534"></trkpt>
    <trkpt lat="44.491650" lon="11.268618"></trkpt>
    <trkpt lat="44.491679" lon="11.268714"></trkpt>
    <trkpt lat="44.491697" lon="11.268837"></trkpt>
    <trkpt lat="44.491704" lon="11.268927"></trkpt>
    <trkpt lat="44.491700" lon="11.269032"></trkpt>
    <trkpt lat="44.491685" lon="11.269137"></trkpt>
    <trkpt lat="44.491661" lon="11.269240"></trkpt>
    <trkpt lat="44.491628" lon="11.269332"></trkpt>
    <trkpt lat="44.491589" lon="11.269419"></trkpt>
    <trkpt lat="44.491542" lon="11.269495"></trkpt>
    <trkpt lat="44.491496" lon="11.269554"></trkpt>
    <trkpt lat="44.491447" lon="11.269604"></trkpt>
    <trkpt lat="44.491389" lon="11.269647"></trkpt>
    <trkpt lat="44.491322" lon="11.269690"></trkpt>
    <trkpt lat="44.491253" lon="11.269717"></trkpt>
    <trkpt lat="44.491186" lon="11.269742"></trkpt>
    <trkpt lat="44.491125" lon="11.269756"></trkpt>
    <trkpt lat="44.491052" lon="11.269760"></trkpt>
    <trkpt lat="44.490994" lon="11.269757"></trkpt>
    <trkpt lat="44.490916" lon="11.269741"></trkpt>
    <trkpt lat="44.490824" lon="11.269701"></trkpt>
    <trkpt lat="44.490672" lon="11.269642"></trkpt>
    <trkpt lat="44.490429" lon="11.269533"></trkpt>
    <trkpt lat="44.490245" lon="11.269410"></trkpt>
    <trkpt lat="44.490104" lon="11.269305"></trkpt>
    <trkpt lat="44.489876" lon="11.269128"></trkpt>
    <trkpt lat="44.489535" lon="11.268825"></trkpt>
    <trkpt lat="44.489444" lon="11.268715"></trkpt>
    <trkpt lat="44.489421" lon="11.268682"></trkpt>
    <trkpt lat="44.488812" lon="11.267990"></trkpt>
    <trkpt lat="44.488786" lon="11.267961"></trkpt>
    <trkpt lat="44.488746" lon="11.267912"></trkpt>
    <trkpt lat="44.488534" lon="11.267655"></trkpt>
    <trkpt lat="44.488404" lon="11.267487"></trkpt>
    <trkpt lat="44.488291" lon="11.267308"></trkpt>
    <trkpt lat="44.488202" lon="11.267169"></trkpt>
    <trkpt lat="44.488085" lon="11.266820"></trkpt>
    <trkpt lat="44.488041" lon="11.266659"></trkpt>
    <trkpt lat="44.487987" lon="11.266417"></trkpt>
    <trkpt lat="44.487931" lon="11.266143"></trkpt>
    <trkpt lat="44.487891" lon="11.265960"></trkpt>
    <trkpt lat="44.487849" lon="11.265771"></trkpt>
    <trkpt lat="44.487803" lon="11.265625"></trkpt>
    <trkpt lat="44.487768" lon="11.265522"></trkpt>
    <trkpt lat="44.487707" lon="11.265354"></trkpt>
    <trkpt lat="44.487656" lon="11.265252"></trkpt>
    <trkpt lat="44.487614" lon="11.265182"></trkpt>
    <trkpt lat="44.487559" lon="11.265115"></trkpt>
    <trkpt lat="44.487499" lon="11.265051"></trkpt>
    <trkpt lat="44.487429" lon="11.264985"></trkpt>
    <trkpt lat="44.487334" lon="11.264917"></trkpt>
    <trkpt lat="44.487243" lon="11.264857"></trkpt>
    <trkpt lat="44.487125" lon="11.264795"></trkpt>
    <trkpt lat="44.486933" lon="11.264706"></trkpt>
    <trkpt lat="44.486743" lon="11.264610"></trkpt>
    <trkpt lat="44.486658" lon="11.264546"></trkpt>
    <trkpt lat="44.486589" lon="11.264483"></trkpt>
    <trkpt lat="44.486505" lon="11.264388"></trkpt>
    <trkpt lat="44.486433" lon="11.264293"></trkpt>
    <trkpt lat="44.486353" lon="11.264177"></trkpt>
    <trkpt lat="44.486317" lon="11.264110"></trkpt>
    <trkpt lat="44.486058" lon="11.263598"></trkpt>
    <trkpt lat="44.485990" lon="11.263433"></trkpt>
    <trkpt lat="44.485896" lon="11.263188"></trkpt>
    <trkpt lat="44.485808" lon="11.262945"></trkpt>
    <trkpt lat="44.485566" lon="11.262339"></trkpt>
    <trkpt lat="44.485213" lon="11.261403"></trkpt>
    <trkpt lat="44.485111" lon="11.261131"></trkpt>
    <trkpt lat="44.485026" lon="11.260952"></trkpt>
    <trkpt lat="44.484916" lon="11.260663"></trkpt>
    <trkpt lat="44.484820" lon="11.260443"></trkpt>
    <trkpt lat="44.484746" lon="11.260286"></trkpt>
    <trkpt lat="44.484636" lon="11.260079"></trkpt>
    <trkpt lat="44.484521" lon="11.259869"></trkpt>
    <trkpt lat="44.484377" lon="11.259613"></trkpt>
    <trkpt lat="44.484235" lon="11.259363"></trkpt>
    <trkpt lat="44.484085" lon="11.259098"></trkpt>
    <trkpt lat="44.483721" lon="11.258455"></trkpt>
    <trkpt lat="44.483647" lon="11.258324"></trkpt>
    <trkpt lat="44.483606" lon="11.258242"></trkpt>
    <trkpt lat="44.483565" lon="11.258139"></trkpt>
    <trkpt lat="44.483534" lon="11.258027"></trkpt>
    <trkpt lat="44.483516" lon="11.257911"></trkpt>
    <trkpt lat="44.483509" lon="11.257792"></trkpt>
    <trkpt lat="44.483515" lon="11.257668"></trkpt>
    <trkpt lat="44.483526" lon="11.257579"></trkpt>
    <trkpt lat="44.483547" lon="11.257466"></trkpt>
    <trkpt lat="44.483579" lon="11.257354"></trkpt>
    <trkpt lat="44.483622" lon="11.257251"></trkpt>
    <trkpt lat="44.483664" lon="11.257180"></trkpt>
    <trkpt lat="44.483726" lon="11.257091"></trkpt>
    <trkpt lat="44.483787" lon="11.257022"></trkpt>
    <trkpt lat="44.483842" lon="11.256970"></trkpt>
    <trkpt lat="44.483924" lon="11.256917"></trkpt>
    <trkpt lat="44.484009" lon="11.256881"></trkpt>
    <trkpt lat="44.484085" lon="11.256861"></trkpt>
    <trkpt lat="44.484151" lon="11.256856"></trkpt>
    <trkpt lat="44.484224" lon="11.256858"></trkpt>
    <trkpt lat="44.484302" lon="11.256876"></trkpt>
    <trkpt lat="44.484379" lon="11.256904"></trkpt>
    <trkpt lat="44.484447" lon="11.256944"></trkpt>
    <trkpt lat="44.484513" lon="11.256993"></trkpt>
    <trkpt lat="44.484572" lon="11.257051"></trkpt>
    <trkpt lat="44.484632" lon="11.257122"></trkpt>
    <trkpt lat="44.484689" lon="11.257229"></trkpt>
    <trkpt lat="44.484735" lon="11.257324"></trkpt>
    <trkpt lat="44.484776" lon="11.257451"></trkpt>
    <trkpt lat="44.484800" lon="11.257576"></trkpt>
    <trkpt lat="44.484817" lon="11.257709"></trkpt>
    <trkpt lat="44.484816" lon="11.257837"></trkpt>
    <trkpt lat="44.484804" lon="11.257982"></trkpt>
    <trkpt lat="44.484781" lon="11.258119"></trkpt>
    <trkpt lat="44.484738" lon="11.258287"></trkpt>
    <trkpt lat="44.484695" lon="11.258415"></trkpt>
    <trkpt lat="44.484619" lon="11.258582"></trkpt>
    <trkpt lat="44.484534" lon="11.258748"></trkpt>
    <trkpt lat="44.484472" lon="11.258859"></trkpt>
    <trkpt lat="44.484381" lon="11.259014"></trkpt>
    <trkpt lat="44.484253" lon="11.259252"></trkpt>
    <trkpt lat="44.484084" lon="11.259430"></trkpt>
    <trkpt lat="44.484029" lon="11.259487"></trkpt>
    <trkpt lat="44.483869" lon="11.259661"></trkpt>
    <trkpt lat="44.483563" lon="11.259983"></trkpt>
    <trkpt lat="44.483267" lon="11.260284"></trkpt>
    <trkpt lat="44.483033" lon="11.260497"></trkpt>
    <trkpt lat="44.482777" lon="11.260706"></trkpt>
    <trkpt lat="44.482011" lon="11.261391"></trkpt>
    <trkpt lat="44.480387" lon="11.262917"></trkpt>
    <trkpt lat="44.479873" lon="11.263394"></trkpt>
    <trkpt lat="44.479004" lon="11.264209"></trkpt>
    <trkpt lat="44.478049" lon="11.265106"></trkpt>
    <trkpt lat="44.476723" lon="11.266345"></trkpt>
    <trkpt lat="44.473655" lon="11.269223"></trkpt>
    <trkpt lat="44.473236" lon="11.269625"></trkpt>
    <trkpt lat="44.472384" lon="11.270540"></trkpt>
    <trkpt lat="44.472251" lon="11.270691"></trkpt>
    <trkpt lat="44.471726" lon="11.271284"></trkpt>
    <trkpt lat="44.471266" lon="11.271806"></trkpt>
    <trkpt lat="44.471184" lon="11.271900"></trkpt>
    <trkpt lat="44.470697" lon="11.272439"></trkpt>
    <trkpt lat="44.470462" lon="11.272699"></trkpt>
    <trkpt lat="44.469971" lon="11.273187"></trkpt>
    <trkpt lat="44.469674" lon="11.273433"></trkpt>
    <trkpt lat="44.469424" lon="11.273616"></trkpt>
    <trkpt lat="44.469148" lon="11.273797"></trkpt>
    <trkpt lat="44.468751" lon="11.274012"></trkpt>
    <trkpt lat="44.468632" lon="11.274064"></trkpt>
    <trkpt lat="44.468535" lon="11.274105"></trkpt>
    <trkpt lat="44.468017" lon="11.274279"></trkpt>
    <trkpt lat="44.467488" lon="11.274375"></trkpt>
    <trkpt lat="44.466362" lon="11.274490"></trkpt>
    <trkpt lat="44.465954" lon="11.274525"></trkpt>
    <trkpt lat="44.465470" lon="11.274572"></trkpt>
    <trkpt lat="44.464814" lon="11.274619"></trkpt>
    <trkpt lat="44.464075" lon="11.274685"></trkpt>
    <trkpt lat="44.463298" lon="11.274755"></trkpt>
    <trkpt lat="44.463070" lon="11.274772"></trkpt>
    <trkpt lat="44.462684" lon="11.274801"></trkpt>
    <trkpt lat="44.462259" lon="11.274849"></trkpt>
    <trkpt lat="44.461797" lon="11.274933"></trkpt>
    <trkpt lat="44.461581" lon="11.274981"></trkpt>
    <trkpt lat="44.461283" lon="11.275073"></trkpt>
    <trkpt lat="44.461061" lon="11.275155"></trkpt>
    <trkpt lat="44.460707" lon="11.275318"></trkpt>
    <trkpt lat="44.460443" lon="11.275464"></trkpt>
    <trkpt lat="44.460184" lon="11.275639"></trkpt>
    <trkpt lat="44.459913" lon="11.275843"></trkpt>
    <trkpt lat="44.459522" lon="11.276174"></trkpt>
    <trkpt lat="44.459297" lon="11.276394"></trkpt>
    <trkpt lat="44.459110" lon="11.276611"></trkpt>
    <trkpt lat="44.458855" lon="11.276932"></trkpt>
    <trkpt lat="44.458657" lon="11.277200"></trkpt>
    <trkpt lat="44.458382" lon="11.277591"></trkpt>
    <trkpt lat="44.458095" lon="11.278033"></trkpt>
    <trkpt lat="44.457887" lon="11.278334"></trkpt>
    <trkpt lat="44.457642" lon="11.278687"></trkpt>
    <trkpt lat="44.457591" lon="11.278758"></trkpt>
    <trkpt lat="44.457400" lon="11.279030"></trkpt>
    <trkpt lat="44.457202" lon="11.279283"></trkpt>
    <trkpt lat="44.456929" lon="11.279595"></trkpt>
    <trkpt lat="44.456615" lon="11.279907"></trkpt>
    <trkpt lat="44.456348" lon="11.280129"></trkpt>
    <trkpt lat="44.456099" lon="11.280316"></trkpt>
    <trkpt lat="44.455914" lon="11.280435"></trkpt>
    <trkpt lat="44.455683" lon="11.280566"></trkpt>
    <trkpt lat="44.455372" lon="11.280726"></trkpt>
    <trkpt lat="44.455052" lon="11.280848"></trkpt>
    <trkpt lat="44.454727" lon="11.280951"></trkpt>
    <trkpt lat="44.454330" lon="11.281031"></trkpt>
    <trkpt lat="44.453958" lon="11.281070"></trkpt>
    <trkpt lat="44.453804" lon="11.281075"></trkpt>
    <trkpt lat="44.453365" lon="11.281056"></trkpt>
    <trkpt lat="44.452961" lon="11.280997"></trkpt>
    <trkpt lat="44.452447" lon="11.280881"></trkpt>
    <trkpt lat="44.450105" lon="11.280348"></trkpt>
    <trkpt lat="44.446705" lon="11.279580"></trkpt>
    <trkpt lat="44.444691" lon="11.279124"></trkpt>
    <trkpt lat="44.443031" lon="11.278766"></trkpt>
    <trkpt lat="44.431374" lon="11.276126"></trkpt>
    <trkpt lat="44.430873" lon="11.276015"></trkpt>
    <trkpt lat="44.430044" lon="11.275781"></trkpt>
    <trkpt lat="44.429373" lon="11.275530"></trkpt>
    <trkpt lat="44.428701" lon="11.275239"></trkpt>
    <trkpt lat="44.428297" lon="11.275017"></trkpt>
    <trkpt lat="44.427523" lon="11.274561"></trkpt>
    <trkpt lat="44.424905" lon="11.273007"></trkpt>
    <trkpt lat="44.423667" lon="11.272296"></trkpt>
    <trkpt lat="44.417606" lon="11.268844"></trkpt>
    <trkpt lat="44.416955" lon="11.268515"></trkpt>
    <trkpt lat="44.415924" lon="11.268103"></trkpt>
    <trkpt lat="44.415684" lon="11.268021"></trkpt>
    <trkpt lat="44.405542" lon="11.264522"></trkpt>
    <trkpt lat="44.404462" lon="11.264137"></trkpt>
    <trkpt lat="44.404103" lon="11.264008"></trkpt>
    <trkpt lat="44.403656" lon="11.263820"></trkpt>
    <trkpt lat="44.402880" lon="11.263397"></trkpt>
    <trkpt lat="44.402557" lon="11.263190"></trkpt>
    <trkpt lat="44.401945" lon="11.262741"></trkpt>
    <trkpt lat="44.401148" lon="11.262086"></trkpt>
    <trkpt lat="44.400206" lon="11.261290"></trkpt>
    <trkpt lat="44.399693" lon="11.260894"></trkpt>
    <trkpt lat="44.399475" lon="11.260726"></trkpt>
    <trkpt lat="44.398765" lon="11.260256"></trkpt>
    <trkpt lat="44.398315" lon="11.259998"></trkpt>
    <trkpt lat="44.397551" lon="11.259609"></trkpt>
    <trkpt lat="44.397282" lon="11.259491"></trkpt>
    <trkpt lat="44.396609" lon="11.259267"></trkpt>
    <trkpt lat="44.395791" lon="11.259037"></trkpt>
    <trkpt lat="44.395014" lon="11.258912"></trkpt>
    <trkpt lat="44.394395" lon="11.258857"></trkpt>
    <trkpt lat="44.393938" lon="11.258829"></trkpt>
    <trkpt lat="44.393626" lon="11.258841"></trkpt>
    <trkpt lat="44.393000" lon="11.258868"></trkpt>
    <trkpt lat="44.392158" lon="11.258959"></trkpt>
    <trkpt lat="44.391970" lon="11.258928"></trkpt>
    <trkpt lat="44.391851" lon="11.258894"></trkpt>
    <trkpt lat="44.391773" lon="11.258857"></trkpt>
    <trkpt lat="44.391591" lon="11.258749"></trkpt>
    <trkpt lat="44.391342" lon="11.258590"></trkpt>
    <trkpt lat="44.391200" lon="11.258481"></trkpt>
    <trkpt lat="44.391070" lon="11.258379"></trkpt>
    <trkpt lat="44.390773" lon="11.258131"></trkpt>
    <trkpt lat="44.390448" lon="11.257816"></trkpt>
    <trkpt lat="44.390174" lon="11.257465"></trkpt>
    <trkpt lat="44.389904" lon="11.256995"></trkpt>
    <trkpt lat="44.389691" lon="11.256360"></trkpt>
    <trkpt lat="44.389572" lon="11.255620"></trkpt>
    <trkpt lat="44.389439" lon="11.254160"></trkpt>
    <trkpt lat="44.389360" lon="11.253114"></trkpt>
    <trkpt lat="44.389314" lon="11.252659"></trkpt>
    <trkpt lat="44.389257" lon="11.252211"></trkpt>
    <trkpt lat="44.389174" lon="11.251678"></trkpt>
    <trkpt lat="44.389149" lon="11.251563"></trkpt>
    <trkpt lat="44.389090" lon="11.251295"></trkpt>
    <trkpt lat="44.388994" lon="11.250983"></trkpt>
    <trkpt lat="44.388972" lon="11.250912"></trkpt>
    <trkpt lat="44.388788" lon="11.250463"></trkpt>
    <trkpt lat="44.388719" lon="11.250327"></trkpt>
    <trkpt lat="44.388611" lon="11.250115"></trkpt>
    <trkpt lat="44.388458" lon="11.249870"></trkpt>
    <trkpt lat="44.388251" lon="11.249598"></trkpt>
    <trkpt lat="44.387987" lon="11.249293"></trkpt>
    <trkpt lat="44.387861" lon="11.249160"></trkpt>
    <trkpt lat="44.387610" lon="11.248974"></trkpt>
    <trkpt lat="44.387430" lon="11.248853"></trkpt>
    <trkpt lat="44.387174" lon="11.248712"></trkpt>
    <trkpt lat="44.387079" lon="11.248672"></trkpt>
    <trkpt lat="44.386881" lon="11.248605"></trkpt>
    <trkpt lat="44.386525" lon="11.248525"></trkpt>
    <trkpt lat="44.386269" lon="11.248504"></trkpt>
    <trkpt lat="44.385968" lon="11.248526"></trkpt>
    <trkpt lat="44.385709" lon="11.248566"></trkpt>
    <trkpt lat="44.385398" lon="11.248646"></trkpt>
    <trkpt lat="44.385145" lon="11.248770"></trkpt>
    <trkpt lat="44.384917" lon="11.248898"></trkpt>
    <trkpt lat="44.384672" lon="11.249075"></trkpt>
    <trkpt lat="44.384312" lon="11.249370"></trkpt>
    <trkpt lat="44.383784" lon="11.249774"></trkpt>
    <trkpt lat="44.382928" lon="11.250438"></trkpt>
    <trkpt lat="44.382421" lon="11.250842"></trkpt>
    <trkpt lat="44.382041" lon="11.251095"></trkpt>
    <trkpt lat="44.381781" lon="11.251234"></trkpt>
    <trkpt lat="44.381531" lon="11.251347"></trkpt>
    <trkpt lat="44.381209" lon="11.251459"></trkpt>
    <trkpt lat="44.380772" lon="11.251561"></trkpt>
    <trkpt lat="44.380289" lon="11.251653"></trkpt>
    <trkpt lat="44.379845" lon="11.251744"></trkpt>
    <trkpt lat="44.379634" lon="11.251803"></trkpt>
    <trkpt lat="44.379421" lon="11.251885"></trkpt>
    <trkpt lat="44.378289" lon="11.252369"></trkpt>
    <trkpt lat="44.377490" lon="11.252688"></trkpt>
    <trkpt lat="44.376919" lon="11.252801"></trkpt>
    <trkpt lat="44.376470" lon="11.252817"></trkpt>
    <trkpt lat="44.375876" lon="11.252795"></trkpt>
    <trkpt lat="44.375286" lon="11.252763"></trkpt>
    <trkpt lat="44.374764" lon="11.252801"></trkpt>
    <trkpt lat="44.374411" lon="11.252870"></trkpt>
    <trkpt lat="44.373982" lon="11.253026"></trkpt>
    <trkpt lat="44.373591" lon="11.253208"></trkpt>
    <trkpt lat="44.373250" lon="11.253428"></trkpt>
    <trkpt lat="44.372851" lon="11.253734"></trkpt>
    <trkpt lat="44.371402" lon="11.254855"></trkpt>
    <trkpt lat="44.371173" lon="11.255027"></trkpt>
    <trkpt lat="44.370532" lon="11.255514"></trkpt>
    <trkpt lat="44.370309" lon="11.255689"></trkpt>
    <trkpt lat="44.370135" lon="11.255876"></trkpt>
    <trkpt lat="44.369897" lon="11.256160"></trkpt>
    <trkpt lat="44.369660" lon="11.256491"></trkpt>
    <trkpt lat="44.369440" lon="11.256831"></trkpt>
    <trkpt lat="44.369304" lon="11.257007"></trkpt>
    <trkpt lat="44.369274" lon="11.257044"></trkpt>
    <trkpt lat="44.369122" lon="11.257220"></trkpt>
    <trkpt lat="44.368843" lon="11.257432"></trkpt>
    <trkpt lat="44.368757" lon="11.257448"></trkpt>
    <trkpt lat="44.368132" lon="11.257613"></trkpt>
    <trkpt lat="44.367442" lon="11.257841"></trkpt>
    <trkpt lat="44.366695" lon="11.258137"></trkpt>
    <trkpt lat="44.365722" lon="11.258563"></trkpt>
    <trkpt lat="44.365118" lon="11.258826"></trkpt>
    <trkpt lat="44.362280" lon="11.260109"></trkpt>
    <trkpt lat="44.357072" lon="11.262412"></trkpt>
    <trkpt lat="44.345310" lon="11.267679"></trkpt>
    <trkpt lat="44.344652" lon="11.267902"></trkpt>
    <trkpt lat="44.344227" lon="11.268031"></trkpt>
    <trkpt lat="44.343779" lon="11.268117"></trkpt>
    <trkpt lat="44.343316" lon="11.268186"></trkpt>
    <trkpt lat="44.342826" lon="11.268213"></trkpt>
    <trkpt lat="44.342270" lon="11.268167"></trkpt>
    <trkpt lat="44.341736" lon="11.268092"></trkpt>
    <trkpt lat="44.341255" lon="11.267940"></trkpt>
    <trkpt lat="44.340785" lon="11.267775"></trkpt>
    <trkpt lat="44.340359" lon="11.267580"></trkpt>
    <trkpt lat="44.339949" lon="11.267329"></trkpt>
    <trkpt lat="44.339438" lon="11.266977"></trkpt>
    <trkpt lat="44.339034" lon="11.266650"></trkpt>
    <trkpt lat="44.338321" lon="11.265953"></trkpt>
    <trkpt lat="44.338069" lon="11.265664"></trkpt>
    <trkpt lat="44.337665" lon="11.265201"></trkpt>
    <trkpt lat="44.335694" lon="11.262853"></trkpt>
    <trkpt lat="44.333664" lon="11.260572"></trkpt>
    <trkpt lat="44.331677" lon="11.258685"></trkpt>
    <trkpt lat="44.329504" lon="11.257310"></trkpt>
    <trkpt lat="44.323846" lon="11.254649"></trkpt>
    <trkpt lat="44.323443" lon="11.254412"></trkpt>
    <trkpt lat="44.323001" lon="11.254160"></trkpt>
    <trkpt lat="44.322809" lon="11.254043"></trkpt>
    <trkpt lat="44.322575" lon="11.253901"></trkpt>
    <trkpt lat="44.322377" lon="11.253788"></trkpt>
    <trkpt lat="44.319047" lon="11.251684"></trkpt>
    <trkpt lat="44.318061" lon="11.251175"></trkpt>
    <trkpt lat="44.317070" lon="11.250783"></trkpt>
    <trkpt lat="44.316065" lon="11.250622"></trkpt>
    <trkpt lat="44.315054" lon="11.250546"></trkpt>
    <trkpt lat="44.313747" lon="11.250557"></trkpt>
    <trkpt lat="44.312407" lon="11.250547"></trkpt>
    <trkpt lat="44.312011" lon="11.250519"></trkpt>
    <trkpt lat="44.311350" lon="11.250424"></trkpt>
    <trkpt lat="44.310918" lon="11.250328"></trkpt>
    <trkpt lat="44.310441" lon="11.250189"></trkpt>
    <trkpt lat="44.309980" lon="11.250013"></trkpt>
    <trkpt lat="44.309410" lon="11.249742"></trkpt>
    <trkpt lat="44.308913" lon="11.249425"></trkpt>
    <trkpt lat="44.308297" lon="11.248982"></trkpt>
    <trkpt lat="44.307974" lon="11.248671"></trkpt>
    <trkpt lat="44.307522" lon="11.248221"></trkpt>
    <trkpt lat="44.307074" lon="11.247744"></trkpt>
    <trkpt lat="44.306590" lon="11.247250"></trkpt>
    <trkpt lat="44.306072" lon="11.246713"></trkpt>
    <trkpt lat="44.305250" lon="11.245855"></trkpt>
    <trkpt lat="44.304636" lon="11.245253"></trkpt>
    <trkpt lat="44.303949" lon="11.244537"></trkpt>
    <trkpt lat="44.302886" lon="11.243413"></trkpt>
    <trkpt lat="44.302270" lon="11.242763"></trkpt>
    <trkpt lat="44.301149" lon="11.241693"></trkpt>
    <trkpt lat="44.300171" lon="11.240607"></trkpt>
    <trkpt lat="44.299752" lon="11.240027"></trkpt>
    <trkpt lat="44.299423" lon="11.239475"></trkpt>
    <trkpt lat="44.299009" lon="11.238647"></trkpt>
    <trkpt lat="44.298747" lon="11.237935"></trkpt>
    <trkpt lat="44.298474" lon="11.236935"></trkpt>
    <trkpt lat="44.298280" lon="11.235952"></trkpt>
    <trkpt lat="44.298071" lon="11.234573"></trkpt>
    <trkpt lat="44.297643" lon="11.232048"></trkpt>
    <trkpt lat="44.297477" lon="11.231142"></trkpt>
    <trkpt lat="44.296330" lon="11.226107"></trkpt>
    <trkpt lat="44.295814" lon="11.223881"></trkpt>
    <trkpt lat="44.295595" lon="11.222877"></trkpt>
    <trkpt lat="44.295185" lon="11.221127"></trkpt>
    <trkpt lat="44.294835" lon="11.219631"></trkpt>
    <trkpt lat="44.294222" lon="11.217205"></trkpt>
    <trkpt lat="44.294185" lon="11.217056"></trkpt>
    <trkpt lat="44.293469" lon="11.213963"></trkpt>
    <trkpt lat="44.293085" lon="11.212643"></trkpt>
    <trkpt lat="44.292727" lon="11.211731"></trkpt>
    <trkpt lat="44.292681" lon="11.211614"></trkpt>
    <trkpt lat="44.292573" lon="11.211368"></trkpt>
    <trkpt lat="44.292113" lon="11.210518"></trkpt>
    <trkpt lat="44.291688" lon="11.209864"></trkpt>
    <trkpt lat="44.291054" lon="11.208884"></trkpt>
    <trkpt lat="44.290605" lon="11.208310"></trkpt>
    <trkpt lat="44.290505" lon="11.208169"></trkpt>
    <trkpt lat="44.288176" lon="11.205330"></trkpt>
    <trkpt lat="44.285370" lon="11.202184"></trkpt>
    <trkpt lat="44.282949" lon="11.199470"></trkpt>
    <trkpt lat="44.282830" lon="11.199330"></trkpt>
    <trkpt lat="44.282538" lon="11.198985"></trkpt>
    <trkpt lat="44.282300" lon="11.198723"></trkpt>
    <trkpt lat="44.281753" lon="11.198198"></trkpt>
    <trkpt lat="44.280533" lon="11.197400"></trkpt>
    <trkpt lat="44.279528" lon="11.196848"></trkpt>
    <trkpt lat="44.278184" lon="11.196220"></trkpt>
    <trkpt lat="44.277656" lon="11.195996"></trkpt>
    <trkpt lat="44.277038" lon="11.195723"></trkpt>
    <trkpt lat="44.276292" lon="11.195325"></trkpt>
    <trkpt lat="44.274941" lon="11.194427"></trkpt>
    <trkpt lat="44.274581" lon="11.194075"></trkpt>
    <trkpt lat="44.274247" lon="11.193747"></trkpt>
    <trkpt lat="44.274011" lon="11.193515"></trkpt>
    <trkpt lat="44.271872" lon="11.191070"></trkpt>
    <trkpt lat="44.270728" lon="11.189778"></trkpt>
    <trkpt lat="44.270344" lon="11.189384"></trkpt>
    <trkpt lat="44.269209" lon="11.188464"></trkpt>
    <trkpt lat="44.268641" lon="11.188071"></trkpt>
    <trkpt lat="44.268197" lon="11.187829"></trkpt>
    <trkpt lat="44.267824" lon="11.187666"></trkpt>
    <trkpt lat="44.267070" lon="11.187409"></trkpt>
    <trkpt lat="44.266311" lon="11.187200"></trkpt>
    <trkpt lat="44.265645" lon="11.187087"></trkpt>
    <trkpt lat="44.265040" lon="11.187059"></trkpt>
    <trkpt lat="44.263933" lon="11.187129"></trkpt>
    <trkpt lat="44.262874" lon="11.187392"></trkpt>
    <trkpt lat="44.262064" lon="11.187700"></trkpt>
    <trkpt lat="44.260279" lon="11.188630"></trkpt>
    <trkpt lat="44.259699" lon="11.188991"></trkpt>
    <trkpt lat="44.259171" lon="11.189319"></trkpt>
    <trkpt lat="44.258855" lon="11.189516"></trkpt>
    <trkpt lat="44.258545" lon="11.189713"></trkpt>
    <trkpt lat="44.256869" lon="11.190842"></trkpt>
    <trkpt lat="44.255812" lon="11.191434"></trkpt>
    <trkpt lat="44.254827" lon="11.191995"></trkpt>
    <trkpt lat="44.253876" lon="11.192461"></trkpt>
    <trkpt lat="44.253213" lon="11.192714"></trkpt>
    <trkpt lat="44.251629" lon="11.193129"></trkpt>
    <trkpt lat="44.250345" lon="11.193226"></trkpt>
    <trkpt lat="44.249203" lon="11.193223"></trkpt>
    <trkpt lat="44.247960" lon="11.193020"></trkpt>
    <trkpt lat="44.247188" lon="11.192800"></trkpt>
    <trkpt lat="44.246343" lon="11.192532"></trkpt>
    <trkpt lat="44.245182" lon="11.192092"></trkpt>
    <trkpt lat="44.244568" lon="11.191693"></trkpt>
    <trkpt lat="44.243985" lon="11.191291"></trkpt>
    <trkpt lat="44.243077" lon="11.190535"></trkpt>
    <trkpt lat="44.242048" lon="11.189607"></trkpt>
    <trkpt lat="44.240802" lon="11.188341"></trkpt>
    <trkpt lat="44.239791" lon="11.187388"></trkpt>
    <trkpt lat="44.239481" lon="11.187107"></trkpt>
    <trkpt lat="44.239150" lon="11.186819"></trkpt>
    <trkpt lat="44.238770" lon="11.186546"></trkpt>
    <trkpt lat="44.238343" lon="11.186248"></trkpt>
    <trkpt lat="44.238005" lon="11.186051"></trkpt>
    <trkpt lat="44.237759" lon="11.185936"></trkpt>
    <trkpt lat="44.237418" lon="11.185793"></trkpt>
    <trkpt lat="44.237249" lon="11.185718"></trkpt>
    <trkpt lat="44.233307" lon="11.184216"></trkpt>
    <trkpt lat="44.232400" lon="11.183956"></trkpt>
    <trkpt lat="44.231609" lon="11.183782"></trkpt>
    <trkpt lat="44.231321" lon="11.183725"></trkpt>
    <trkpt lat="44.230587" lon="11.183673"></trkpt>
    <trkpt lat="44.229850" lon="11.183688"></trkpt>
    <trkpt lat="44.229168" lon="11.183747"></trkpt>
    <trkpt lat="44.228436" lon="11.183867"></trkpt>
    <trkpt lat="44.227770" lon="11.184045"></trkpt>
    <trkpt lat="44.227282" lon="11.184238"></trkpt>
    <trkpt lat="44.226695" lon="11.184498"></trkpt>
    <trkpt lat="44.226422" lon="11.184621"></trkpt>
    <trkpt lat="44.226208" lon="11.184745"></trkpt>
    <trkpt lat="44.226045" lon="11.184832"></trkpt>
    <trkpt lat="44.225727" lon="11.185019"></trkpt>
    <trkpt lat="44.225511" lon="11.185156"></trkpt>
    <trkpt lat="44.225190" lon="11.185386"></trkpt>
    <trkpt lat="44.224851" lon="11.185634"></trkpt>
    <trkpt lat="44.224456" lon="11.185967"></trkpt>
    <trkpt lat="44.224218" lon="11.186186"></trkpt>
    <trkpt lat="44.223287" lon="11.187027"></trkpt>
    <trkpt lat="44.222453" lon="11.187916"></trkpt>
    <trkpt lat="44.220750" lon="11.189581"></trkpt>
    <trkpt lat="44.219346" lon="11.190991"></trkpt>
    <trkpt lat="44.218047" lon="11.192338"></trkpt>
    <trkpt lat="44.217243" lon="11.193110"></trkpt>
    <trkpt lat="44.216472" lon="11.193880"></trkpt>
    <trkpt lat="44.215031" lon="11.195146"></trkpt>
    <trkpt lat="44.213466" lon="11.196350"></trkpt>
    <trkpt lat="44.212360" lon="11.197085"></trkpt>
    <trkpt lat="44.211564" lon="11.197557"></trkpt>
    <trkpt lat="44.210945" lon="11.197901"></trkpt>
    <trkpt lat="44.209696" lon="11.198523"></trkpt>
    <trkpt lat="44.208498" lon="11.199040"></trkpt>
    <trkpt lat="44.207581" lon="11.199381"></trkpt>
    <trkpt lat="44.206710" lon="11.199682"></trkpt>
    <trkpt lat="44.205763" lon="11.199955"></trkpt>
    <trkpt lat="44.204509" lon="11.200223"></trkpt>
    <trkpt lat="44.203528" lon="11.200389"></trkpt>
    <trkpt lat="44.202907" lon="11.200468"></trkpt>
    <trkpt lat="44.202421" lon="11.200486"></trkpt>
    <trkpt lat="44.201571" lon="11.200534"></trkpt>
    <trkpt lat="44.200893" lon="11.200524"></trkpt>
    <trkpt lat="44.200044" lon="11.200525"></trkpt>
    <trkpt lat="44.197056" lon="11.200371"></trkpt>
    <trkpt lat="44.194513" lon="11.200172"></trkpt>
    <trkpt lat="44.194439" lon="11.200163"></trkpt>
    <trkpt lat="44.194194" lon="11.200135"></trkpt>
    <trkpt lat="44.192466" lon="11.199939"></trkpt>
    <trkpt lat="44.191558" lon="11.199848"></trkpt>
    <trkpt lat="44.190663" lon="11.199713"></trkpt>
    <trkpt lat="44.190092" lon="11.199601"></trkpt>
    <trkpt lat="44.188745" lon="11.199273"></trkpt>
    <trkpt lat="44.188605" lon="11.199240"></trkpt>
    <trkpt lat="44.187366" lon="11.198697"></trkpt>
    <trkpt lat="44.186558" lon="11.198390"></trkpt>
    <trkpt lat="44.183566" lon="11.196934"></trkpt>
    <trkpt lat="44.180950" lon="11.195591"></trkpt>
    <trkpt lat="44.177920" lon="11.194312"></trkpt>
    <trkpt lat="44.176846" lon="11.193963"></trkpt>
    <trkpt lat="44.176038" lon="11.193782"></trkpt>
    <trkpt lat="44.175135" lon="11.193689"></trkpt>
    <trkpt lat="44.174049" lon="11.193650"></trkpt>
    <trkpt lat="44.172954" lon="11.193826"></trkpt>
    <trkpt lat="44.171944" lon="11.194062"></trkpt>
    <trkpt lat="44.171048" lon="11.194352"></trkpt>
    <trkpt lat="44.167068" lon="11.195964"></trkpt>
    <trkpt lat="44.166426" lon="11.196255"></trkpt>
    <trkpt lat="44.165787" lon="11.196511"></trkpt>
    <trkpt lat="44.165242" lon="11.196710"></trkpt>
    <trkpt lat="44.164727" lon="11.196841"></trkpt>
    <trkpt lat="44.164353" lon="11.196919"></trkpt>
    <trkpt lat="44.163441" lon="11.197036"></trkpt>
    <trkpt lat="44.163086" lon="11.197067"></trkpt>
    <trkpt lat="44.162568" lon="11.197088"></trkpt>
    <trkpt lat="44.162233" lon="11.197083"></trkpt>
    <trkpt lat="44.161975" lon="11.197071"></trkpt>
    <trkpt lat="44.161396" lon="11.197026"></trkpt>
    <trkpt lat="44.160767" lon="11.196933"></trkpt>
    <trkpt lat="44.160272" lon="11.196846"></trkpt>
    <trkpt lat="44.160074" lon="11.196796"></trkpt>
    <trkpt lat="44.159672" lon="11.196685"></trkpt>
    <trkpt lat="44.159341" lon="11.196603"></trkpt>
    <trkpt lat="44.158992" lon="11.196509"></trkpt>
    <trkpt lat="44.158332" lon="11.196321"></trkpt>
    <trkpt lat="44.157292" lon="11.195983"></trkpt>
    <trkpt lat="44.156094" lon="11.195604"></trkpt>
    <trkpt lat="44.154893" lon="11.195180"></trkpt>
    <trkpt lat="44.154680" lon="11.195116"></trkpt>
    <trkpt lat="44.152235" lon="11.194424"></trkpt>
    <trkpt lat="44.151593" lon="11.194290"></trkpt>
    <trkpt lat="44.150834" lon="11.194096"></trkpt>
    <trkpt lat="44.148957" lon="11.193620"></trkpt>
    <trkpt lat="44.148313" lon="11.193454"></trkpt>
    <trkpt lat="44.147909" lon="11.193349"></trkpt>
    <trkpt lat="44.147514" lon="11.193251"></trkpt>
    <trkpt lat="44.146857" lon="11.193106"></trkpt>
    <trkpt lat="44.146210" lon="11.192956"></trkpt>
    <trkpt lat="44.146034" lon="11.192919"></trkpt>
    <trkpt lat="44.145557" lon="11.192760"></trkpt>
    <trkpt lat="44.143138" lon="11.192068"></trkpt>
    <trkpt lat="44.142338" lon="11.191871"></trkpt>
    <trkpt lat="44.141017" lon="11.191693"></trkpt>
    <trkpt lat="44.140128" lon="11.191566"></trkpt>
    <trkpt lat="44.139222" lon="11.191498"></trkpt>
    <trkpt lat="44.137884" lon="11.191543"></trkpt>
    <trkpt lat="44.136877" lon="11.191563"></trkpt>
    <trkpt lat="44.135618" lon="11.191669"></trkpt>
    <trkpt lat="44.134449" lon="11.191854"></trkpt>
    <trkpt lat="44.132515" lon="11.192300"></trkpt>
    <trkpt lat="44.130801" lon="11.192896"></trkpt>
    <trkpt lat="44.129170" lon="11.193592"></trkpt>
    <trkpt lat="44.127197" lon="11.194666"></trkpt>
    <trkpt lat="44.125280" lon="11.195929"></trkpt>
    <trkpt lat="44.124249" lon="11.196774"></trkpt>
    <trkpt lat="44.124057" lon="11.196933"></trkpt>
    <trkpt lat="44.123251" lon="11.197600"></trkpt>
    <trkpt lat="44.121957" lon="11.198834"></trkpt>
    <trkpt lat="44.120744" lon="11.200072"></trkpt>
    <trkpt lat="44.118229" lon="11.203040"></trkpt>
    <trkpt lat="44.115835" lon="11.205889"></trkpt>
    <trkpt lat="44.112612" lon="11.209716"></trkpt>
    <trkpt lat="44.108649" lon="11.214262"></trkpt>
    <trkpt lat="44.106520" lon="11.216359"></trkpt>
    <trkpt lat="44.104178" lon="11.218485"></trkpt>
    <trkpt lat="44.103018" lon="11.219521"></trkpt>
    <trkpt lat="44.102190" lon="11.220213"></trkpt>
    <trkpt lat="44.100880" lon="11.221219"></trkpt>
    <trkpt lat="44.099553" lon="11.222182"></trkpt>
    <trkpt lat="44.097629" lon="11.223488"></trkpt>
    <trkpt lat="44.075078" lon="11.237175"></trkpt>
    <trkpt lat="44.074210" lon="11.237710"></trkpt>
    <trkpt lat="44.073423" lon="11.238195"></trkpt>
    <trkpt lat="44.072386" lon="11.238855"></trkpt>
    <trkpt lat="44.072325" lon="11.238873"></trkpt>
    <trkpt lat="44.069892" lon="11.240459"></trkpt>
    <trkpt lat="44.069113" lon="11.240916"></trkpt>
    <trkpt lat="44.067224" lon="11.242189"></trkpt>
    <trkpt lat="44.066856" lon="11.242431"></trkpt>
    <trkpt lat="44.066520" lon="11.242630"></trkpt>
    <trkpt lat="44.066139" lon="11.242850"></trkpt>
    <trkpt lat="44.065634" lon="11.243150"></trkpt>
    <trkpt lat="44.065098" lon="11.243472"></trkpt>
    <trkpt lat="44.064852" lon="11.243610"></trkpt>
    <trkpt lat="44.064654" lon="11.243720"></trkpt>
    <trkpt lat="44.064430" lon="11.243841"></trkpt>
    <trkpt lat="44.063941" lon="11.244085"></trkpt>
    <trkpt lat="44.063263" lon="11.244385"></trkpt>
    <trkpt lat="44.062861" lon="11.244528"></trkpt>
    <trkpt lat="44.062319" lon="11.244653"></trkpt>
    <trkpt lat="44.062118" lon="11.244691"></trkpt>
    <trkpt lat="44.061864" lon="11.244738"></trkpt>
    <trkpt lat="44.061548" lon="11.244786"></trkpt>
    <trkpt lat="44.061335" lon="11.244817"></trkpt>
    <trkpt lat="44.060810" lon="11.244860"></trkpt>
    <trkpt lat="44.060437" lon="11.244901"></trkpt>
    <trkpt lat="44.060120" lon="11.244911"></trkpt>
    <trkpt lat="44.060039" lon="11.244895"></trkpt>
    <trkpt lat="44.059794" lon="11.244880"></trkpt>
    <trkpt lat="44.059169" lon="11.244807"></trkpt>
    <trkpt lat="44.058668" lon="11.244721"></trkpt>
    <trkpt lat="44.058408" lon="11.244664"></trkpt>
    <trkpt lat="44.058248" lon="11.244622"></trkpt>
    <trkpt lat="44.057902" lon="11.244497"></trkpt>
    <trkpt lat="44.057806" lon="11.244469"></trkpt>
    <trkpt lat="44.057675" lon="11.244420"></trkpt>
    <trkpt lat="44.056742" lon="11.244006"></trkpt>
    <trkpt lat="44.056280" lon="11.243838"></trkpt>
    <trkpt lat="44.055472" lon="11.243519"></trkpt>
    <trkpt lat="44.055035" lon="11.243333"></trkpt>
    <trkpt lat="44.052425" lon="11.242118"></trkpt>
    <trkpt lat="44.051282" lon="11.241552"></trkpt>
    <trkpt lat="44.051064" lon="11.241440"></trkpt>
    <trkpt lat="44.050515" lon="11.241158"></trkpt>
    <trkpt lat="44.049650" lon="11.240647"></trkpt>
    <trkpt lat="44.047113" lon="11.239165"></trkpt>
    <trkpt lat="44.046738" lon="11.238957"></trkpt>
    <trkpt lat="44.046470" lon="11.238790"></trkpt>
    <trkpt lat="44.046149" lon="11.238585"></trkpt>
    <trkpt lat="44.045840" lon="11.238359"></trkpt>
    <trkpt lat="44.045587" lon="11.238151"></trkpt>
    <trkpt lat="44.045267" lon="11.237831"></trkpt>
    <trkpt lat="44.045098" lon="11.237652"></trkpt>
    <trkpt lat="44.045033" lon="11.237583"></trkpt>
    <trkpt lat="44.043905" lon="11.236268"></trkpt>
    <trkpt lat="44.043207" lon="11.235469"></trkpt>
    <trkpt lat="44.043065" lon="11.235292"></trkpt>
    <trkpt lat="44.042910" lon="11.235076"></trkpt>
    <trkpt lat="44.042791" lon="11.234894"></trkpt>
    <trkpt lat="44.042629" lon="11.234632"></trkpt>
    <trkpt lat="44.039308" lon="11.228065"></trkpt>
    <trkpt lat="44.039252" lon="11.227946"></trkpt>
    <trkpt lat="44.039143" lon="11.227728"></trkpt>
    <trkpt lat="44.039027" lon="11.227497"></trkpt>
    <trkpt lat="44.038862" lon="11.227190"></trkpt>
    <trkpt lat="44.038729" lon="11.226970"></trkpt>
    <trkpt lat="44.038593" lon="11.226753"></trkpt>
    <trkpt lat="44.038489" lon="11.226595"></trkpt>
    <trkpt lat="44.038356" lon="11.226396"></trkpt>
    <trkpt lat="44.038248" lon="11.226230"></trkpt>
    <trkpt lat="44.038145" lon="11.226082"></trkpt>
    <trkpt lat="44.038018" lon="11.225904"></trkpt>
    <trkpt lat="44.037890" lon="11.225736"></trkpt>
    <trkpt lat="44.037776" lon="11.225589"></trkpt>
    <trkpt lat="44.037621" lon="11.225399"></trkpt>
    <trkpt lat="44.037397" lon="11.225134"></trkpt>
    <trkpt lat="44.037188" lon="11.224911"></trkpt>
    <trkpt lat="44.037022" lon="11.224739"></trkpt>
    <trkpt lat="44.036829" lon="11.224567"></trkpt>
    <trkpt lat="44.036729" lon="11.224476"></trkpt>
    <trkpt lat="44.036582" lon="11.224358"></trkpt>
    <trkpt lat="44.036281" lon="11.224133"></trkpt>
    <trkpt lat="44.035560" lon="11.223639"></trkpt>
    <trkpt lat="44.035031" lon="11.223325"></trkpt>
    <trkpt lat="44.034532" lon="11.223053"></trkpt>
    <trkpt lat="44.033894" lon="11.222707"></trkpt>
    <trkpt lat="44.033719" lon="11.222612"></trkpt>
    <trkpt lat="44.032767" lon="11.222085"></trkpt>
    <trkpt lat="44.032426" lon="11.221882"></trkpt>
    <trkpt lat="44.031890" lon="11.221561"></trkpt>
    <trkpt lat="44.031246" lon="11.221212"></trkpt>
    <trkpt lat="44.030531" lon="11.220839"></trkpt>
    <trkpt lat="44.029817" lon="11.220528"></trkpt>
    <trkpt lat="44.029313" lon="11.220336"></trkpt>
    <trkpt lat="44.028943" lon="11.220229"></trkpt>
    <trkpt lat="44.028480" lon="11.220127"></trkpt>
    <trkpt lat="44.028384" lon="11.220109"></trkpt>
    <trkpt lat="44.028249" lon="11.220084"></trkpt>
    <trkpt lat="44.027867" lon="11.220033"></trkpt>
    <trkpt lat="44.027118" lon="11.219975"></trkpt>
    <trkpt lat="44.026187" lon="11.219984"></trkpt>
    <trkpt lat="44.025061" lon="11.220086"></trkpt>
    <trkpt lat="44.023783" lon="11.220351"></trkpt>
    <trkpt lat="44.021966" lon="11.220822"></trkpt>
    <trkpt lat="44.020757" lon="11.221067"></trkpt>
    <trkpt lat="44.019714" lon="11.221177"></trkpt>
    <trkpt lat="44.018815" lon="11.221216"></trkpt>
    <trkpt lat="44.017844" lon="11.221204"></trkpt>
    <trkpt lat="44.017057" lon="11.221130"></trkpt>
    <trkpt lat="44.016618" lon="11.221066"></trkpt>
    <trkpt lat="44.015841" lon="11.220937"></trkpt>
    <trkpt lat="44.014806" lon="11.220703"></trkpt>
    <trkpt lat="44.014207" lon="11.220531"></trkpt>
    <trkpt lat="44.013861" lon="11.220418"></trkpt>
    <trkpt lat="44.013513" lon="11.220279"></trkpt>
    <trkpt lat="44.012663" lon="11.219927"></trkpt>
    <trkpt lat="44.012382" lon="11.219792"></trkpt>
    <trkpt lat="44.011631" lon="11.219386"></trkpt>
    <trkpt lat="44.009630" lon="11.218215"></trkpt>
    <trkpt lat="44.009507" lon="11.218136"></trkpt>
    <trkpt lat="44.007991" lon="11.217174"></trkpt>
    <trkpt lat="44.007900" lon="11.217114"></trkpt>
    <trkpt lat="44.007698" lon="11.216970"></trkpt>
    <trkpt lat="44.007616" lon="11.216911"></trkpt>
    <trkpt lat="44.006740" lon="11.216380"></trkpt>
    <trkpt lat="44.003746" lon="11.214567"></trkpt>
    <trkpt lat="44.003221" lon="11.214288"></trkpt>
    <trkpt lat="44.002249" lon="11.213902"></trkpt>
    <trkpt lat="44.000751" lon="11.213430"></trkpt>
    <trkpt lat="43.998854" lon="11.212903"></trkpt>
    <trkpt lat="43.993635" lon="11.211584"></trkpt>
    <trkpt lat="43.992593" lon="11.211327"></trkpt>
    <trkpt lat="43.991534" lon="11.211119"></trkpt>
    <trkpt lat="43.990875" lon="11.211036"></trkpt>
    <trkpt lat="43.990457" lon="11.210997"></trkpt>
    <trkpt lat="43.989973" lon="11.210958"></trkpt>
    <trkpt lat="43.989472" lon="11.210926"></trkpt>
    <trkpt lat="43.988251" lon="11.210920"></trkpt>
    <trkpt lat="43.987346" lon="11.210922"></trkpt>
    <trkpt lat="43.986758" lon="11.210919"></trkpt>
    <trkpt lat="43.986242" lon="11.210946"></trkpt>
    <trkpt lat="43.985877" lon="11.210953"></trkpt>
    <trkpt lat="43.983768" lon="11.210984"></trkpt>
    <trkpt lat="43.983564" lon="11.210978"></trkpt>
    <trkpt lat="43.982938" lon="11.211012"></trkpt>
    <trkpt lat="43.982789" lon="11.211018"></trkpt>
    <trkpt lat="43.982432" lon="11.211033"></trkpt>
    <trkpt lat="43.981833" lon="11.211036"></trkpt>
    <trkpt lat="43.980223" lon="11.211057"></trkpt>
    <trkpt lat="43.979460" lon="11.211087"></trkpt>
    <trkpt lat="43.976677" lon="11.211137"></trkpt>
    <trkpt lat="43.974724" lon="11.211177"></trkpt>
    <trkpt lat="43.970708" lon="11.211186"></trkpt>
    <trkpt lat="43.967917" lon="11.211246"></trkpt>
    <trkpt lat="43.966729" lon="11.211260"></trkpt>
    <trkpt lat="43.966481" lon="11.211265"></trkpt>
    <trkpt lat="43.966077" lon="11.211251"></trkpt>
    <trkpt lat="43.965755" lon="11.211209"></trkpt>
    <trkpt lat="43.965384" lon="11.211118"></trkpt>
    <trkpt lat="43.964653" lon="11.210906"></trkpt>
    <trkpt lat="43.963992" lon="11.210694"></trkpt>
    <trkpt lat="43.963532" lon="11.210518"></trkpt>
    <trkpt lat="43.963107" lon="11.210343"></trkpt>
    <trkpt lat="43.962784" lon="11.210188"></trkpt>
    <trkpt lat="43.962475" lon="11.210031"></trkpt>
    <trkpt lat="43.962167" lon="11.209867"></trkpt>
    <trkpt lat="43.961843" lon="11.209680"></trkpt>
    <trkpt lat="43.961409" lon="11.209456"></trkpt>
    <trkpt lat="43.960807" lon="11.209123"></trkpt>
    <trkpt lat="43.960451" lon="11.208939"></trkpt>
    <trkpt lat="43.960146" lon="11.208792"></trkpt>
    <trkpt lat="43.959756" lon="11.208625"></trkpt>
    <trkpt lat="43.959251" lon="11.208431"></trkpt>
    <trkpt lat="43.958761" lon="11.208282"></trkpt>
    <trkpt lat="43.958287" lon="11.208188"></trkpt>
    <trkpt lat="43.957817" lon="11.208127"></trkpt>
    <trkpt lat="43.957471" lon="11.208107"></trkpt>
    <trkpt lat="43.957112" lon="11.208112"></trkpt>
    <trkpt lat="43.956758" lon="11.208128"></trkpt>
    <trkpt lat="43.956232" lon="11.208194"></trkpt>
    <trkpt lat="43.955824" lon="11.208276"></trkpt>
    <trkpt lat="43.955466" lon="11.208358"></trkpt>
    <trkpt lat="43.955085" lon="11.208471"></trkpt>
    <trkpt lat="43.954664" lon="11.208633"></trkpt>
    <trkpt lat="43.954305" lon="11.208802"></trkpt>
    <trkpt lat="43.953925" lon="11.209008"></trkpt>
    <trkpt lat="43.953542" lon="11.209235"></trkpt>
    <trkpt lat="43.952667" lon="11.209767"></trkpt>
    <trkpt lat="43.951714" lon="11.210487"></trkpt>
    <trkpt lat="43.950752" lon="11.211339"></trkpt>
    <trkpt lat="43.949758" lon="11.212349"></trkpt>
    <trkpt lat="43.948852" lon="11.213338"></trkpt>
    <trkpt lat="43.945973" lon="11.216552"></trkpt>
    <trkpt lat="43.943918" lon="11.218820"></trkpt>
    <trkpt lat="43.943113" lon="11.219648"></trkpt>
    <trkpt lat="43.942773" lon="11.219986"></trkpt>
    <trkpt lat="43.942380" lon="11.220367"></trkpt>
    <trkpt lat="43.941415" lon="11.221189"></trkpt>
    <trkpt lat="43.940598" lon="11.221793"></trkpt>
    <trkpt lat="43.939942" lon="11.222188"></trkpt>
    <trkpt lat="43.939415" lon="11.222514"></trkpt>
    <trkpt lat="43.938703" lon="11.222844"></trkpt>
    <trkpt lat="43.938093" lon="11.223109"></trkpt>
    <trkpt lat="43.937031" lon="11.223476"></trkpt>
    <trkpt lat="43.936193" lon="11.223659"></trkpt>
    <trkpt lat="43.935516" lon="11.223757"></trkpt>
    <trkpt lat="43.934903" lon="11.223812"></trkpt>
    <trkpt lat="43.934204" lon="11.223839"></trkpt>
    <trkpt lat="43.933591" lon="11.223828"></trkpt>
    <trkpt lat="43.932969" lon="11.223779"></trkpt>
    <trkpt lat="43.932687" lon="11.223755"></trkpt>
    <trkpt lat="43.932369" lon="11.223708"></trkpt>
    <trkpt lat="43.931809" lon="11.223609"></trkpt>
    <trkpt lat="43.930114" lon="11.223129"></trkpt>
    <trkpt lat="43.929516" lon="11.222895"></trkpt>
    <trkpt lat="43.928785" lon="11.222552"></trkpt>
    <trkpt lat="43.927893" lon="11.222061"></trkpt>
    <trkpt lat="43.927220" lon="11.221628"></trkpt>
    <trkpt lat="43.926518" lon="11.221135"></trkpt>
    <trkpt lat="43.926127" lon="11.220822"></trkpt>
    <trkpt lat="43.925653" lon="11.220400"></trkpt>
    <trkpt lat="43.924543" lon="11.219376"></trkpt>
    <trkpt lat="43.923288" lon="11.218188"></trkpt>
    <trkpt lat="43.922001" lon="11.216982"></trkpt>
    <trkpt lat="43.921073" lon="11.216102"></trkpt>
    <trkpt lat="43.919387" lon="11.214522"></trkpt>
    <trkpt lat="43.918073" lon="11.213293"></trkpt>
    <trkpt lat="43.916438" lon="11.211776"></trkpt>
    <trkpt lat="43.913890" lon="11.209413"></trkpt>
    <trkpt lat="43.899774" lon="11.195903"></trkpt>
    <trkpt lat="43.899085" lon="11.195234"></trkpt>
    <trkpt lat="43.898694" lon="11.194845"></trkpt>
    <trkpt lat="43.898249" lon="11.194379"></trkpt>
    <trkpt lat="43.897959" lon="11.194068"></trkpt>
    <trkpt lat="43.897613" lon="11.193678"></trkpt>
    <trkpt lat="43.897296" lon="11.193296"></trkpt>
    <trkpt lat="43.896942" lon="11.192837"></trkpt>
    <trkpt lat="43.896381" lon="11.192069"></trkpt>
    <trkpt lat="43.895734" lon="11.191169"></trkpt>
    <trkpt lat="43.894821" lon="11.189840"></trkpt>
    <trkpt lat="43.894527" lon="11.189423"></trkpt>
    <trkpt lat="43.894097" lon="11.188831"></trkpt>
    <trkpt lat="43.894056" lon="11.188774"></trkpt>
    <trkpt lat="43.893449" lon="11.187962"></trkpt>
    <trkpt lat="43.893080" lon="11.187490"></trkpt>
    <trkpt lat="43.892730" lon="11.187074"></trkpt>
    <trkpt lat="43.892326" lon="11.186632"></trkpt>
    <trkpt lat="43.891846" lon="11.186176"></trkpt>
    <trkpt lat="43.891402" lon="11.185810"></trkpt>
    <trkpt lat="43.891073" lon="11.185573"></trkpt>
    <trkpt lat="43.890741" lon="11.185353"></trkpt>
    <trkpt lat="43.890403" lon="11.185166"></trkpt>
    <trkpt lat="43.890045" lon="11.185009"></trkpt>
    <trkpt lat="43.889646" lon="11.184871"></trkpt>
    <trkpt lat="43.889228" lon="11.184770"></trkpt>
    <trkpt lat="43.888828" lon="11.184709"></trkpt>
    <trkpt lat="43.888413" lon="11.184706"></trkpt>
    <trkpt lat="43.888090" lon="11.184711"></trkpt>
    <trkpt lat="43.887847" lon="11.184732"></trkpt>
    <trkpt lat="43.887528" lon="11.184771"></trkpt>
    <trkpt lat="43.887131" lon="11.184829"></trkpt>
    <trkpt lat="43.886187" lon="11.185051"></trkpt>
    <trkpt lat="43.885499" lon="11.185213"></trkpt>
    <trkpt lat="43.884752" lon="11.185272"></trkpt>
    <trkpt lat="43.884166" lon="11.185230"></trkpt>
    <trkpt lat="43.883677" lon="11.185173"></trkpt>
    <trkpt lat="43.883301" lon="11.185109"></trkpt>
    <trkpt lat="43.882954" lon="11.185010"></trkpt>
    <trkpt lat="43.882253" lon="11.184729"></trkpt>
    <trkpt lat="43.882216" lon="11.184712"></trkpt>
    <trkpt lat="43.882141" lon="11.184674"></trkpt>
    <trkpt lat="43.882090" lon="11.184654"></trkpt>
    <trkpt lat="43.881891" lon="11.184562"></trkpt>
    <trkpt lat="43.881615" lon="11.184421"></trkpt>
    <trkpt lat="43.881120" lon="11.184117"></trkpt>
    <trkpt lat="43.880826" lon="11.183899"></trkpt>
    <trkpt lat="43.880381" lon="11.183565"></trkpt>
    <trkpt lat="43.880124" lon="11.183334"></trkpt>
    <trkpt lat="43.879713" lon="11.182854"></trkpt>
    <trkpt lat="43.879347" lon="11.182361"></trkpt>
    <trkpt lat="43.879007" lon="11.181800"></trkpt>
    <trkpt lat="43.878620" lon="11.181173"></trkpt>
    <trkpt lat="43.878307" lon="11.180597"></trkpt>
    <trkpt lat="43.877973" lon="11.179927"></trkpt>
    <trkpt lat="43.877700" lon="11.179382"></trkpt>
    <trkpt lat="43.877380" lon="11.178726"></trkpt>
    <trkpt lat="43.877038" lon="11.178074"></trkpt>
    <trkpt lat="43.876701" lon="11.177446"></trkpt>
    <trkpt lat="43.876357" lon="11.176914"></trkpt>
    <trkpt lat="43.875905" lon="11.176311"></trkpt>
    <trkpt lat="43.875497" lon="11.175879"></trkpt>
    <trkpt lat="43.875152" lon="11.175544"></trkpt>
    <trkpt lat="43.874785" lon="11.175228"></trkpt>
    <trkpt lat="43.874285" lon="11.174829"></trkpt>
    <trkpt lat="43.873734" lon="11.174432"></trkpt>
    <trkpt lat="43.873198" lon="11.174108"></trkpt>
    <trkpt lat="43.872691" lon="11.173892"></trkpt>
    <trkpt lat="43.872275" lon="11.173784"></trkpt>
    <trkpt lat="43.871708" lon="11.173679"></trkpt>
    <trkpt lat="43.871246" lon="11.173635"></trkpt>
    <trkpt lat="43.870615" lon="11.173624"></trkpt>
    <trkpt lat="43.870218" lon="11.173653"></trkpt>
    <trkpt lat="43.869952" lon="11.173687"></trkpt>
    <trkpt lat="43.869624" lon="11.173741"></trkpt>
    <trkpt lat="43.869141" lon="11.173850"></trkpt>
    <trkpt lat="43.868625" lon="11.174015"></trkpt>
    <trkpt lat="43.868137" lon="11.174215"></trkpt>
    <trkpt lat="43.867610" lon="11.174458"></trkpt>
    <trkpt lat="43.867285" lon="11.174611"></trkpt>
    <trkpt lat="43.867089" lon="11.174703"></trkpt>
    <trkpt lat="43.865947" lon="11.175258"></trkpt>
    <trkpt lat="43.864239" lon="11.176079"></trkpt>
    <trkpt lat="43.864096" lon="11.176148"></trkpt>
    <trkpt lat="43.863577" lon="11.176382"></trkpt>
    <trkpt lat="43.862906" lon="11.176657"></trkpt>
    <trkpt lat="43.862723" lon="11.176723"></trkpt>
    <trkpt lat="43.862608" lon="11.176761"></trkpt>
    <trkpt lat="43.862027" lon="11.176965"></trkpt>
    <trkpt lat="43.861770" lon="11.177056"></trkpt>
    <trkpt lat="43.861508" lon="11.177138"></trkpt>
    <trkpt lat="43.860674" lon="11.177377"></trkpt>
    <trkpt lat="43.860170" lon="11.177486"></trkpt>
    <trkpt lat="43.859647" lon="11.177540"></trkpt>
    <trkpt lat="43.859025" lon="11.177511"></trkpt>
    <trkpt lat="43.858349" lon="11.177439"></trkpt>
    <trkpt lat="43.858229" lon="11.177411"></trkpt>
    <trkpt lat="43.858050" lon="11.177379"></trkpt>
    <trkpt lat="43.857643" lon="11.177266"></trkpt>
    <trkpt lat="43.857166" lon="11.177117"></trkpt>
    <trkpt lat="43.856571" lon="11.176841"></trkpt>
    <trkpt lat="43.856201" lon="11.176643"></trkpt>
    <trkpt lat="43.855848" lon="11.176430"></trkpt>
    <trkpt lat="43.855353" lon="11.176077"></trkpt>
    <trkpt lat="43.854938" lon="11.175755"></trkpt>
    <trkpt lat="43.854840" lon="11.175672"></trkpt>
    <trkpt lat="43.854401" lon="11.175299"></trkpt>
    <trkpt lat="43.854046" lon="11.174998"></trkpt>
    <trkpt lat="43.853921" lon="11.174890"></trkpt>
    <trkpt lat="43.853776" lon="11.174766"></trkpt>
    <trkpt lat="43.853650" lon="11.174657"></trkpt>
    <trkpt lat="43.852827" lon="11.174031"></trkpt>
    <trkpt lat="43.852194" lon="11.173479"></trkpt>
    <trkpt lat="43.852043" lon="11.173354"></trkpt>
    <trkpt lat="43.851583" lon="11.172964"></trkpt>
    <trkpt lat="43.850972" lon="11.172404"></trkpt>
    <trkpt lat="43.850416" lon="11.171903"></trkpt>
    <trkpt lat="43.849390" lon="11.171035"></trkpt>
    <trkpt lat="43.849196" lon="11.170871"></trkpt>
    <trkpt lat="43.848128" lon="11.169972"></trkpt>
    <trkpt lat="43.847502" lon="11.169427"></trkpt>
    <trkpt lat="43.846470" lon="11.168549"></trkpt>
    <trkpt lat="43.846275" lon="11.168373"></trkpt>
    <trkpt lat="43.845384" lon="11.167632"></trkpt>
    <trkpt lat="43.845041" lon="11.167352"></trkpt>
    <trkpt lat="43.844675" lon="11.167039"></trkpt>
    <trkpt lat="43.843880" lon="11.166357"></trkpt>
    <trkpt lat="43.842629" lon="11.165290"></trkpt>
    <trkpt lat="43.841747" lon="11.164540"></trkpt>
    <trkpt lat="43.841703" lon="11.164503"></trkpt>
    <trkpt lat="43.841591" lon="11.164406"></trkpt>
    <trkpt lat="43.840670" lon="11.163610"></trkpt>
    <trkpt lat="43.840500" lon="11.163465"></trkpt>
    <trkpt lat="43.840479" lon="11.163447"></trkpt>
    <trkpt lat="43.840382" lon="11.163365"></trkpt>
    <trkpt lat="43.840362" lon="11.163348"></trkpt>
    <trkpt lat="43.839627" lon="11.162724"></trkpt>
    <trkpt lat="43.838422" lon="11.161697"></trkpt>
    <trkpt lat="43.837748" lon="11.161126"></trkpt>
    <trkpt lat="43.837617" lon="11.161014"></trkpt>
    <trkpt lat="43.837542" lon="11.160950"></trkpt>
    <trkpt lat="43.837247" lon="11.160692"></trkpt>
    <trkpt lat="43.837149" lon="11.160607"></trkpt>
    <trkpt lat="43.836952" lon="11.160434"></trkpt>
    <trkpt lat="43.836314" lon="11.159882"></trkpt>
    <trkpt lat="43.834943" lon="11.158681"></trkpt>
    <trkpt lat="43.833621" lon="11.157548"></trkpt>
    <trkpt lat="43.833281" lon="11.157253"></trkpt>
    <trkpt lat="43.832698" lon="11.156754"></trkpt>
    <trkpt lat="43.832219" lon="11.156353"></trkpt>
    <trkpt lat="43.831590" lon="11.155811"></trkpt>
    <trkpt lat="43.830811" lon="11.155141"></trkpt>
    <trkpt lat="43.830436" lon="11.154828"></trkpt>
    <trkpt lat="43.829776" lon="11.154256"></trkpt>
    <trkpt lat="43.828949" lon="11.153562"></trkpt>
    <trkpt lat="43.828475" lon="11.153176"></trkpt>
    <trkpt lat="43.828194" lon="11.152962"></trkpt>
    <trkpt lat="43.827827" lon="11.152699"></trkpt>
    <trkpt lat="43.827630" lon="11.152570"></trkpt>
    <trkpt lat="43.827324" lon="11.152381"></trkpt>
    <trkpt lat="43.827043" lon="11.152228"></trkpt>
    <trkpt lat="43.826755" lon="11.152087"></trkpt>
    <trkpt lat="43.826504" lon="11.151972"></trkpt>
    <trkpt lat="43.826272" lon="11.151875"></trkpt>
    <trkpt lat="43.826019" lon="11.151788"></trkpt>
    <trkpt lat="43.825802" lon="11.151721"></trkpt>
    <trkpt lat="43.825473" lon="11.151624"></trkpt>
    <trkpt lat="43.825139" lon="11.151556"></trkpt>
    <trkpt lat="43.824800" lon="11.151497"></trkpt>
    <trkpt lat="43.824465" lon="11.151463"></trkpt>
    <trkpt lat="43.824092" lon="11.151440"></trkpt>
    <trkpt lat="43.823663" lon="11.151430"></trkpt>
    <trkpt lat="43.823053" lon="11.151420"></trkpt>
    <trkpt lat="43.822450" lon="11.151417"></trkpt>
    <trkpt lat="43.819873" lon="11.151384"></trkpt>
    <trkpt lat="43.819432" lon="11.151379"></trkpt>
    <trkpt lat="43.818864" lon="11.151372"></trkpt>
    <trkpt lat="43.818481" lon="11.151368"></trkpt>
    <trkpt lat="43.816348" lon="11.151318"></trkpt>
    <trkpt lat="43.814500" lon="11.151334"></trkpt>
    <trkpt lat="43.814003" lon="11.151337"></trkpt>
    <trkpt lat="43.813524" lon="11.151384"></trkpt>
    <trkpt lat="43.813008" lon="11.151426"></trkpt>
    <trkpt lat="43.812548" lon="11.151507"></trkpt>
    <trkpt lat="43.811056" lon="11.151902"></trkpt>
    <trkpt lat="43.807205" lon="11.152958"></trkpt>
    <trkpt lat="43.806432" lon="11.153151"></trkpt>
    <trkpt lat="43.805593" lon="11.153397"></trkpt>
    <trkpt lat="43.805101" lon="11.153538"></trkpt>
    <trkpt lat="43.803260" lon="11.154065"></trkpt>
    <trkpt lat="43.802600" lon="11.154268"></trkpt>
    <trkpt lat="43.798592" lon="11.155365"></trkpt>
    <trkpt lat="43.796088" lon="11.156066"></trkpt>
    <trkpt lat="43.793585" lon="11.156773"></trkpt>
    <trkpt lat="43.793199" lon="11.156880"></trkpt>
    <trkpt lat="43.790444" lon="11.157647"></trkpt>
    <trkpt lat="43.788863" lon="11.158091"></trkpt>
    <trkpt lat="43.785635" lon="11.158978"></trkpt>
    <trkpt lat="43.784211" lon="11.159377"></trkpt>
    <trkpt lat="43.784078" lon="11.159417"></trkpt>
    <trkpt lat="43.781617" lon="11.160104"></trkpt>
    <trkpt lat="43.778906" lon="11.160846"></trkpt>
    <trkpt lat="43.777945" lon="11.161119"></trkpt>
    <trkpt lat="43.777473" lon="11.161258"></trkpt>
    <trkpt lat="43.777397" lon="11.161192"></trkpt>
    <trkpt lat="43.777161" lon="11.161257"></trkpt>
    <trkpt lat="43.777041" lon="11.161294"></trkpt>
    <trkpt lat="43.776922" lon="11.161319"></trkpt>
    <trkpt lat="43.776816" lon="11.161314"></trkpt>
    <trkpt lat="43.776764" lon="11.161304"></trkpt>
    <trkpt lat="43.776629" lon="11.161242"></trkpt>
    <trkpt lat="43.776502" lon="11.161139"></trkpt>
    <trkpt lat="43.776421" lon="11.161032"></trkpt>
    <trkpt lat="43.776360" lon="11.160919"></trkpt>
    <trkpt lat="43.776307" lon="11.160759"></trkpt>
    <trkpt lat="43.776293" lon="11.160640"></trkpt>
    <trkpt lat="43.776288" lon="11.160492"></trkpt>
    <trkpt lat="43.776308" lon="11.160302"></trkpt>
    <trkpt lat="43.776353" lon="11.160140"></trkpt>
    <trkpt lat="43.776432" lon="11.159986"></trkpt>
    <trkpt lat="43.776548" lon="11.159843"></trkpt>
    <trkpt lat="43.776676" lon="11.159745"></trkpt>
    <trkpt lat="43.776838" lon="11.159697"></trkpt>
    <trkpt lat="43.776990" lon="11.159701"></trkpt>
    <trkpt lat="43.777181" lon="11.159754"></trkpt>
    <trkpt lat="43.777324" lon="11.159842"></trkpt>
    <trkpt lat="43.777461" lon="11.159945"></trkpt>
    <trkpt lat="43.777585" lon="11.160071"></trkpt>
    <trkpt lat="43.777664" lon="11.160165"></trkpt>
    <trkpt lat="43.777761" lon="11.160294"></trkpt>
    <trkpt lat="43.777844" lon="11.160437"></trkpt>
    <trkpt lat="43.777908" lon="11.160585"></trkpt>
    <trkpt lat="43.777985" lon="11.160751"></trkpt>
    <trkpt lat="43.778040" lon="11.160936"></trkpt>
    <trkpt lat="43.778094" lon="11.161189"></trkpt>
    <trkpt lat="43.778124" lon="11.161452"></trkpt>
    <trkpt lat="43.778131" lon="11.161621"></trkpt>
    <trkpt lat="43.778127" lon="11.161848"></trkpt>
    <trkpt lat="43.778105" lon="11.162032"></trkpt>
    <trkpt lat="43.778068" lon="11.162227"></trkpt>
    <trkpt lat="43.778010" lon="11.162419"></trkpt>
    <trkpt lat="43.777955" lon="11.162582"></trkpt>
    <trkpt lat="43.777905" lon="11.162709"></trkpt>
    <trkpt lat="43.777806" lon="11.162882"></trkpt>
    <trkpt lat="43.777691" lon="11.163045"></trkpt>
    <trkpt lat="43.777572" lon="11.163193"></trkpt>
    <trkpt lat="43.777434" lon="11.163330"></trkpt>
    <trkpt lat="43.777296" lon="11.163430"></trkpt>
    <trkpt lat="43.777180" lon="11.163491"></trkpt>
    <trkpt lat="43.777000" lon="11.163552"></trkpt>
    <trkpt lat="43.776794" lon="11.163594"></trkpt>
    <trkpt lat="43.776644" lon="11.163618"></trkpt>
    <trkpt lat="43.775561" lon="11.163725"></trkpt>
    <trkpt lat="43.775487" lon="11.163733"></trkpt>
    <trkpt lat="43.775251" lon="11.163791"></trkpt>
    <trkpt lat="43.774948" lon="11.163940"></trkpt>
    <trkpt lat="43.774836" lon="11.164054"></trkpt>
    <trkpt lat="43.774739" lon="11.164153"></trkpt>
    <trkpt lat="43.774661" lon="11.164223"></trkpt>
    <trkpt lat="43.774433" lon="11.164322"></trkpt>
    <trkpt lat="43.774392" lon="11.164331"></trkpt>
    <trkpt lat="43.773990" lon="11.164497"></trkpt>
    <trkpt lat="43.773922" lon="11.164513"></trkpt>
    <trkpt lat="43.773817" lon="11.164518"></trkpt>
    <trkpt lat="43.773168" lon="11.164483"></trkpt>
    <trkpt lat="43.772572" lon="11.164435"></trkpt>
    <trkpt lat="43.772297" lon="11.164413"></trkpt>
    <trkpt lat="43.772080" lon="11.164410"></trkpt>
    <trkpt lat="43.771915" lon="11.164434"></trkpt>
    <trkpt lat="43.771841" lon="11.164460"></trkpt>
    <trkpt lat="43.771738" lon="11.164514"></trkpt>
    <trkpt lat="43.771632" lon="11.164591"></trkpt>
    <trkpt lat="43.771536" lon="11.164679"></trkpt>
    <trkpt lat="43.771446" lon="11.164800"></trkpt>
    <trkpt lat="43.771345" lon="11.164982"></trkpt>
    <trkpt lat="43.771276" lon="11.165147"></trkpt>
    <trkpt lat="43.771227" lon="11.165317"></trkpt>
    <trkpt lat="43.771201" lon="11.165499"></trkpt>
    <trkpt lat="43.771191" lon="11.165707"></trkpt>
    <trkpt lat="43.771193" lon="11.165815"></trkpt>
    <trkpt lat="43.771213" lon="11.165979"></trkpt>
    <trkpt lat="43.771262" lon="11.166192"></trkpt>
    <trkpt lat="43.771353" lon="11.166390"></trkpt>
    <trkpt lat="43.771491" lon="11.166664"></trkpt>
    <trkpt lat="43.771561" lon="11.166803"></trkpt>
    <trkpt lat="43.771599" lon="11.166878"></trkpt>
    <trkpt lat="43.771639" lon="11.166992"></trkpt>
    <trkpt lat="43.771698" lon="11.167183"></trkpt>
    <trkpt lat="43.771733" lon="11.167357"></trkpt>
    <trkpt lat="43.771775" lon="11.167711"></trkpt>
    <trkpt lat="43.771781" lon="11.167998"></trkpt>
    <trkpt lat="43.771745" lon="11.168425"></trkpt>
    <trkpt lat="43.771679" lon="11.169016"></trkpt>
    <trkpt lat="43.771396" lon="11.170552"></trkpt>
    <trkpt lat="43.771338" lon="11.170831"></trkpt>
    <trkpt lat="43.771008" lon="11.172619"></trkpt>
    <trkpt lat="43.770848" lon="11.173517"></trkpt>
    <trkpt lat="43.770652" lon="11.174693"></trkpt>
    <trkpt lat="43.770542" lon="11.175425"></trkpt>
    <trkpt lat="43.770424" lon="11.176314"></trkpt>
    <trkpt lat="43.770338" lon="11.177143"></trkpt>
    <trkpt lat="43.770258" lon="11.178138"></trkpt>
    <trkpt lat="43.770207" lon="11.179115"></trkpt>
    <trkpt lat="43.770204" lon="11.179253"></trkpt>
    <trkpt lat="43.770184" lon="11.180126"></trkpt>
    <trkpt lat="43.770188" lon="11.180985"></trkpt>
    <trkpt lat="43.770208" lon="11.181585"></trkpt>
    <trkpt lat="43.770229" lon="11.182172"></trkpt>
    <trkpt lat="43.770259" lon="11.182645"></trkpt>
    <trkpt lat="43.770310" lon="11.183220"></trkpt>
    <trkpt lat="43.770369" lon="11.183861"></trkpt>
    <trkpt lat="43.770433" lon="11.184503"></trkpt>
    <trkpt lat="43.770566" lon="11.185529"></trkpt>
    <trkpt lat="43.770676" lon="11.186286"></trkpt>
    <trkpt lat="43.770761" lon="11.186825"></trkpt>
    <trkpt lat="43.771051" lon="11.188643"></trkpt>
    <trkpt lat="43.771218" lon="11.189667"></trkpt>
    <trkpt lat="43.771458" lon="11.191179"></trkpt>
    <trkpt lat="43.771613" lon="11.192124"></trkpt>
    <trkpt lat="43.771687" lon="11.192587"></trkpt>
    <trkpt lat="43.771760" lon="11.193039"></trkpt>
    <trkpt lat="43.771806" lon="11.193341"></trkpt>
    <trkpt lat="43.771882" lon="11.193816"></trkpt>
    <trkpt lat="43.771990" lon="11.194515"></trkpt>
    <trkpt lat="43.772195" lon="11.195823"></trkpt>
    <trkpt lat="43.772351" lon="11.196799"></trkpt>
    <trkpt lat="43.772389" lon="11.197020"></trkpt>
    <trkpt lat="43.772455" lon="11.197443"></trkpt>
    <trkpt lat="43.772474" lon="11.197566"></trkpt>
    <trkpt lat="43.772546" lon="11.198023"></trkpt>
    <trkpt lat="43.772612" lon="11.198483"></trkpt>
    <trkpt lat="43.772624" lon="11.198584"></trkpt>
    <trkpt lat="43.772632" lon="11.198683"></trkpt>
    <trkpt lat="43.772655" lon="11.198972"></trkpt>
    <trkpt lat="43.772668" lon="11.199202"></trkpt>
    <trkpt lat="43.772674" lon="11.199442"></trkpt>
    <trkpt lat="43.772676" lon="11.199831"></trkpt>
    <trkpt lat="43.772669" lon="11.201049"></trkpt>
    <trkpt lat="43.772670" lon="11.201225"></trkpt>
    <trkpt lat="43.772668" lon="11.202650"></trkpt>
    <trkpt lat="43.772667" lon="11.202737"></trkpt>
    <trkpt lat="43.772663" lon="11.203707"></trkpt>
    <trkpt lat="43.772663" lon="11.204375"></trkpt>
    <trkpt lat="43.772663" lon="11.204456"></trkpt>
    <trkpt lat="43.772663" lon="11.204988"></trkpt>
    <trkpt lat="43.772665" lon="11.205373"></trkpt>
    <trkpt lat="43.772667" lon="11.205765"></trkpt>
    <trkpt lat="43.772680" lon="11.206554"></trkpt>
    <trkpt lat="43.772693" lon="11.207612"></trkpt>
    <trkpt lat="43.772700" lon="11.208043"></trkpt>
    <trkpt lat="43.772703" lon="11.208473"></trkpt>
    <trkpt lat="43.772709" lon="11.208929"></trkpt>
    <trkpt lat="43.772711" lon="11.209064"></trkpt>
    <trkpt lat="43.772716" lon="11.209198"></trkpt>
    <trkpt lat="43.772719" lon="11.209275"></trkpt>
    <trkpt lat="43.772724" lon="11.209357"></trkpt>
    <trkpt lat="43.772733" lon="11.209498"></trkpt>
    <trkpt lat="43.772820" lon="11.210393"></trkpt>
    <trkpt lat="43.772846" lon="11.210627"></trkpt>
    <trkpt lat="43.772893" lon="11.211065"></trkpt>
    <trkpt lat="43.772965" lon="11.211686"></trkpt>
    <trkpt lat="43.773002" lon="11.211989"></trkpt>
    <trkpt lat="43.773017" lon="11.212057"></trkpt>
    <trkpt lat="43.773031" lon="11.212135"></trkpt>
    <trkpt lat="43.773046" lon="11.212253"></trkpt>
    <trkpt lat="43.773062" lon="11.212421"></trkpt>
    <trkpt lat="43.773064" lon="11.212446"></trkpt>
    <trkpt lat="43.773063" lon="11.212467"></trkpt>
    <trkpt lat="43.773063" lon="11.212501"></trkpt>
    <trkpt lat="43.773063" lon="11.212535"></trkpt>
    <trkpt lat="43.773062" lon="11.212567"></trkpt>
    <trkpt lat="43.773056" lon="11.212623"></trkpt>
    <trkpt lat="43.773051" lon="11.212656"></trkpt>
    <trkpt lat="43.773042" lon="11.212698"></trkpt>
    <trkpt lat="43.773034" lon="11.212728"></trkpt>
    <trkpt lat="43.773009" lon="11.212766"></trkpt>
    <trkpt lat="43.772992" lon="11.212798"></trkpt>
    <trkpt lat="43.772969" lon="11.212865"></trkpt>
    <trkpt lat="43.772962" lon="11.212906"></trkpt>
    <trkpt lat="43.772957" lon="11.212947"></trkpt>
    <trkpt lat="43.772959" lon="11.212991"></trkpt>
    <trkpt lat="43.772965" lon="11.213034"></trkpt>
    <trkpt lat="43.772971" lon="11.213063"></trkpt>
    <trkpt lat="43.772980" lon="11.213095"></trkpt>
    <trkpt lat="43.772988" lon="11.213110"></trkpt>
    <trkpt lat="43.773002" lon="11.213138"></trkpt>
    <trkpt lat="43.773046" lon="11.213325"></trkpt>
    <trkpt lat="43.773052" lon="11.213352"></trkpt>
    <trkpt lat="43.773055" lon="11.213368"></trkpt>
    <trkpt lat="43.773093" lon="11.213521"></trkpt>
    <trkpt lat="43.773112" lon="11.213604"></trkpt>
    <trkpt lat="43.773127" lon="11.213682"></trkpt>
    <trkpt lat="43.773139" lon="11.213754"></trkpt>
    <trkpt lat="43.773171" lon="11.213993"></trkpt>
    <trkpt lat="43.773240" lon="11.214593"></trkpt>
    <trkpt lat="43.773416" lon="11.216193"></trkpt>
    <trkpt lat="43.773461" lon="11.216619"></trkpt>
    <trkpt lat="43.773521" lon="11.217143"></trkpt>
    <trkpt lat="43.773555" lon="11.217430"></trkpt>
    <trkpt lat="43.773612" lon="11.217836"></trkpt>
    <trkpt lat="43.773629" lon="11.217977"></trkpt>
    <trkpt lat="43.773647" lon="11.218116"></trkpt>
    <trkpt lat="43.773736" lon="11.218989"></trkpt>
    <trkpt lat="43.773764" lon="11.219254"></trkpt>
    <trkpt lat="43.773793" lon="11.219511"></trkpt>
    <trkpt lat="43.773844" lon="11.219962"></trkpt>
    <trkpt lat="43.773915" lon="11.220550"></trkpt>
    <trkpt lat="43.773924" lon="11.220647"></trkpt>
    <trkpt lat="43.773926" lon="11.220692"></trkpt>
    <trkpt lat="43.773927" lon="11.220743"></trkpt>
    <trkpt lat="43.773926" lon="11.220773"></trkpt>
    <trkpt lat="43.773924" lon="11.220803"></trkpt>
    <trkpt lat="43.773920" lon="11.220840"></trkpt>
    <trkpt lat="43.773899" lon="11.220977"></trkpt>
    <trkpt lat="43.773895" lon="11.220996"></trkpt>
    <trkpt lat="43.773888" lon="11.221035"></trkpt>
    <trkpt lat="43.773882" lon="11.221080"></trkpt>
    <trkpt lat="43.773875" lon="11.221147"></trkpt>
    <trkpt lat="43.773864" lon="11.221242"></trkpt>
    <trkpt lat="43.773854" lon="11.221332"></trkpt>
    <trkpt lat="43.773849" lon="11.221421"></trkpt>
    <trkpt lat="43.773848" lon="11.221474"></trkpt>
    <trkpt lat="43.773850" lon="11.221515"></trkpt>
    <trkpt lat="43.773854" lon="11.221569"></trkpt>
    <trkpt lat="43.773876" lon="11.221782"></trkpt>
    <trkpt lat="43.773879" lon="11.221812"></trkpt>
    <trkpt lat="43.773879" lon="11.221851"></trkpt>
    <trkpt lat="43.773875" lon="11.221888"></trkpt>
    <trkpt lat="43.773871" lon="11.221914"></trkpt>
    <trkpt lat="43.773866" lon="11.221936"></trkpt>
    <trkpt lat="43.773858" lon="11.221959"></trkpt>
    <trkpt lat="43.773848" lon="11.221981"></trkpt>
    <trkpt lat="43.773826" lon="11.222018"></trkpt>
    <trkpt lat="43.773618" lon="11.222356"></trkpt>
    <trkpt lat="43.773559" lon="11.222455"></trkpt>
    <trkpt lat="43.773492" lon="11.222577"></trkpt>
    <trkpt lat="43.773456" lon="11.222632"></trkpt>
    <trkpt lat="43.773108" lon="11.223203"></trkpt>
    <trkpt lat="43.772970" lon="11.223422"></trkpt>
    <trkpt lat="43.772929" lon="11.223491"></trkpt>
    <trkpt lat="43.772888" lon="11.223564"></trkpt>
    <trkpt lat="43.772850" lon="11.223640"></trkpt>
    <trkpt lat="43.772816" lon="11.223738"></trkpt>
    <trkpt lat="43.772783" lon="11.223839"></trkpt>
    <trkpt lat="43.772753" lon="11.223950"></trkpt>
    <trkpt lat="43.772745" lon="11.223998"></trkpt>
    <trkpt lat="43.772724" lon="11.224000"></trkpt>
    <trkpt lat="43.772695" lon="11.224015"></trkpt>
    <trkpt lat="43.772675" lon="11.224039"></trkpt>
    <trkpt lat="43.772659" lon="11.224075"></trkpt>
    <trkpt lat="43.772654" lon="11.224099"></trkpt>
    <trkpt lat="43.772653" lon="11.224126"></trkpt>
    <trkpt lat="43.772660" lon="11.224167"></trkpt>
    <trkpt lat="43.772676" lon="11.224201"></trkpt>
    <trkpt lat="43.772685" lon="11.224211"></trkpt>
    <trkpt lat="43.772696" lon="11.224222"></trkpt>
    <trkpt lat="43.772717" lon="11.224237"></trkpt>
    <trkpt lat="43.772791" lon="11.224582"></trkpt>
    <trkpt lat="43.772795" lon="11.224617"></trkpt>
    <trkpt lat="43.772842" lon="11.225025"></trkpt>
    <trkpt lat="43.772861" lon="11.225182"></trkpt>
    <trkpt lat="43.772871" lon="11.225268"></trkpt>
    <trkpt lat="43.772964" lon="11.226036"></trkpt>
    <trkpt lat="43.772971" lon="11.226097"></trkpt>
    <trkpt lat="43.773032" lon="11.226565"></trkpt>
    <trkpt lat="43.773090" lon="11.227035"></trkpt>
    <trkpt lat="43.773096" lon="11.227080"></trkpt>
    <trkpt lat="43.773141" lon="11.227511"></trkpt>
    <trkpt lat="43.773166" lon="11.227766"></trkpt>
    <trkpt lat="43.773239" lon="11.228571"></trkpt>
    <trkpt lat="43.773271" lon="11.228953"></trkpt>
    <trkpt lat="43.773278" lon="11.229020"></trkpt>
    <trkpt lat="43.773294" lon="11.229245"></trkpt>
    <trkpt lat="43.773344" lon="11.229832"></trkpt>
    <trkpt lat="43.773408" lon="11.230599"></trkpt>
    <trkpt lat="43.773461" lon="11.231236"></trkpt>
    <trkpt lat="43.773509" lon="11.231869"></trkpt>
    <trkpt lat="43.773518" lon="11.231989"></trkpt>
    <trkpt lat="43.773586" lon="11.232894"></trkpt>
    <trkpt lat="43.773593" lon="11.232997"></trkpt>
    <trkpt lat="43.773612" lon="11.233140"></trkpt>
    <trkpt lat="43.773624" lon="11.233204"></trkpt>
    <trkpt lat="43.773639" lon="11.233267"></trkpt>
    <trkpt lat="43.773703" lon="11.233495"></trkpt>
    <trkpt lat="43.773717" lon="11.233545"></trkpt>
    <trkpt lat="43.773747" lon="11.233658"></trkpt>
    <trkpt lat="43.773768" lon="11.233752"></trkpt>
    <trkpt lat="43.773735" lon="11.233813"></trkpt>
    <trkpt lat="43.773714" lon="11.233870"></trkpt>
    <trkpt lat="43.773701" lon="11.233933"></trkpt>
    <trkpt lat="43.773699" lon="11.233997"></trkpt>
    <trkpt lat="43.773707" lon="11.234062"></trkpt>
    <trkpt lat="43.773730" lon="11.234141"></trkpt>
    <trkpt lat="43.773752" lon="11.234194"></trkpt>
    <trkpt lat="43.773775" lon="11.234235"></trkpt>
    <trkpt lat="43.773805" lon="11.234265"></trkpt>
    <trkpt lat="43.773828" lon="11.234282"></trkpt>
    <trkpt lat="43.773854" lon="11.234300"></trkpt>
    <trkpt lat="43.773909" lon="11.234321"></trkpt>
    <trkpt lat="43.773962" lon="11.234331"></trkpt>
    <trkpt lat="43.774001" lon="11.234321"></trkpt>
    <trkpt lat="43.774030" lon="11.234308"></trkpt>
    <trkpt lat="43.774068" lon="11.234281"></trkpt>
    <trkpt lat="43.774169" lon="11.234280"></trkpt>
    <trkpt lat="43.774241" lon="11.234284"></trkpt>
    <trkpt lat="43.774282" lon="11.234293"></trkpt>
    <trkpt lat="43.774303" lon="11.234299"></trkpt>
    <trkpt lat="43.774319" lon="11.234307"></trkpt>
    <trkpt lat="43.774340" lon="11.234318"></trkpt>
    <trkpt lat="43.774358" lon="11.234326"></trkpt>
    <trkpt lat="43.775306" lon="11.234838"></trkpt>
    <trkpt lat="43.775341" lon="11.234855"></trkpt>
    <trkpt lat="43.775359" lon="11.234865"></trkpt>
    <trkpt lat="43.775373" lon="11.234875"></trkpt>
    <trkpt lat="43.775383" lon="11.234886"></trkpt>
    <trkpt lat="43.775400" lon="11.234905"></trkpt>
    <trkpt lat="43.775412" lon="11.234921"></trkpt>
    <trkpt lat="43.775426" lon="11.234944"></trkpt>
    <trkpt lat="43.775442" lon="11.234974"></trkpt>
    <trkpt lat="43.775455" lon="11.235004"></trkpt>
    <trkpt lat="43.775494" lon="11.235120"></trkpt>
    <trkpt lat="43.775531" lon="11.235253"></trkpt>
    <trkpt lat="43.775651" lon="11.235667"></trkpt>
    <trkpt lat="43.775719" lon="11.235894"></trkpt>
    <trkpt lat="43.775761" lon="11.236028"></trkpt>
    <trkpt lat="43.775804" lon="11.236138"></trkpt>
    <trkpt lat="43.775817" lon="11.236165"></trkpt>
    <trkpt lat="43.775853" lon="11.236225"></trkpt>
    <trkpt lat="43.775899" lon="11.236280"></trkpt>
    <trkpt lat="43.775944" lon="11.236326"></trkpt>
    <trkpt lat="43.776055" lon="11.236429"></trkpt>
    <trkpt lat="43.776701" lon="11.236933"></trkpt>
    <trkpt lat="43.776728" lon="11.236956"></trkpt>
    <trkpt lat="43.776755" lon="11.236983"></trkpt>
    <trkpt lat="43.776797" lon="11.237029"></trkpt>
    <trkpt lat="43.776826" lon="11.237066"></trkpt>
    <trkpt lat="43.776859" lon="11.237114"></trkpt>
    <trkpt lat="43.776889" lon="11.237160"></trkpt>
    <trkpt lat="43.776948" lon="11.237255"></trkpt>
    <trkpt lat="43.776978" lon="11.237313"></trkpt>
    <trkpt lat="43.777011" lon="11.237377"></trkpt>
    <trkpt lat="43.777138" lon="11.237641"></trkpt>
    <trkpt lat="43.777363" lon="11.238128"></trkpt>
    <trkpt lat="43.777411" lon="11.238247"></trkpt>
    <trkpt lat="43.777451" lon="11.238355"></trkpt>
    <trkpt lat="43.777481" lon="11.238438"></trkpt>
    <trkpt lat="43.777510" lon="11.238524"></trkpt>
    <trkpt lat="43.777534" lon="11.238593"></trkpt>
    <trkpt lat="43.777595" lon="11.238760"></trkpt>
    <trkpt lat="43.777714" lon="11.239127"></trkpt>
    <trkpt lat="43.777810" lon="11.239415"></trkpt>
    <trkpt lat="43.777871" lon="11.239574"></trkpt>
    <trkpt lat="43.777920" lon="11.239697"></trkpt>
    <trkpt lat="43.778000" lon="11.239866"></trkpt>
    <trkpt lat="43.778023" lon="11.239916"></trkpt>
    <trkpt lat="43.778038" lon="11.239953"></trkpt>
    <trkpt lat="43.778050" lon="11.239989"></trkpt>
    <trkpt lat="43.778090" lon="11.240116"></trkpt>
    <trkpt lat="43.778159" lon="11.240346"></trkpt>
    <trkpt lat="43.778190" lon="11.240446"></trkpt>
    <trkpt lat="43.778343" lon="11.240965"></trkpt>
    <trkpt lat="43.778422" lon="11.241223"></trkpt>
    <trkpt lat="43.778428" lon="11.241239"></trkpt>
    <trkpt lat="43.778478" lon="11.241404"></trkpt>
    <trkpt lat="43.778555" lon="11.241660"></trkpt>
    <trkpt lat="43.778615" lon="11.241862"></trkpt>
    <trkpt lat="43.778696" lon="11.242106"></trkpt>
    <trkpt lat="43.778795" lon="11.242384"></trkpt>
    <trkpt lat="43.778838" lon="11.242518"></trkpt>
    <trkpt lat="43.778865" lon="11.242617"></trkpt>
    <trkpt lat="43.778875" lon="11.242677"></trkpt>
    <trkpt lat="43.778885" lon="11.242743"></trkpt>
    <trkpt lat="43.778894" lon="11.242818"></trkpt>
    <trkpt lat="43.778907" lon="11.242909"></trkpt>
    <trkpt lat="43.778916" lon="11.242953"></trkpt>
    <trkpt lat="43.778925" lon="11.242990"></trkpt>
    <trkpt lat="43.778935" lon="11.243029"></trkpt>
    <trkpt lat="43.778949" lon="11.243070"></trkpt>
    <trkpt lat="43.778960" lon="11.243098"></trkpt>
    <trkpt lat="43.779073" lon="11.243407"></trkpt>
    <trkpt lat="43.779297" lon="11.244117"></trkpt>
    <trkpt lat="43.779349" lon="11.244264"></trkpt>
    <trkpt lat="43.779469" lon="11.244669"></trkpt>
    <trkpt lat="43.779486" lon="11.244726"></trkpt>
    <trkpt lat="43.779495" lon="11.244755"></trkpt>
    <trkpt lat="43.779510" lon="11.244804"></trkpt>
    <trkpt lat="43.779603" lon="11.245121"></trkpt>
    <trkpt lat="43.779637" lon="11.245243"></trkpt>
    <trkpt lat="43.779653" lon="11.245316"></trkpt>
    <trkpt lat="43.779664" lon="11.245375"></trkpt>
    <trkpt lat="43.779669" lon="11.245408"></trkpt>
    <trkpt lat="43.779673" lon="11.245444"></trkpt>
    <trkpt lat="43.779674" lon="11.245470"></trkpt>
    <trkpt lat="43.779675" lon="11.246212"></trkpt>
    <trkpt lat="43.779677" lon="11.246797"></trkpt>
    <trkpt lat="43.779693" lon="11.247112"></trkpt>
    <trkpt lat="43.779705" lon="11.247234"></trkpt>
    <trkpt lat="43.779716" lon="11.247305"></trkpt>
    <trkpt lat="43.779728" lon="11.247381"></trkpt>
    <trkpt lat="43.779748" lon="11.247459"></trkpt>
    <trkpt lat="43.779776" lon="11.247553"></trkpt>
    <trkpt lat="43.779816" lon="11.247684"></trkpt>
    <trkpt lat="43.779840" lon="11.247765"></trkpt>
    <trkpt lat="43.779860" lon="11.247825"></trkpt>
    <trkpt lat="43.779879" lon="11.247881"></trkpt>
    <trkpt lat="43.779903" lon="11.247951"></trkpt>
    <trkpt lat="43.779933" lon="11.248029"></trkpt>
    <trkpt lat="43.779991" lon="11.248165"></trkpt>
    <trkpt lat="43.780026" lon="11.248247"></trkpt>
    <trkpt lat="43.780060" lon="11.248326"></trkpt>
    <trkpt lat="43.780087" lon="11.248398"></trkpt>
    <trkpt lat="43.780121" lon="11.248499"></trkpt>
    <trkpt lat="43.780157" lon="11.248614"></trkpt>
    <trkpt lat="43.780186" lon="11.248708"></trkpt>
    <trkpt lat="43.780242" lon="11.248887"></trkpt>
    <trkpt lat="43.780262" lon="11.248956"></trkpt>
    <trkpt lat="43.780534" lon="11.249882"></trkpt>
    <trkpt lat="43.780597" lon="11.250036"></trkpt>
    <trkpt lat="43.780620" lon="11.250098"></trkpt>
    <trkpt lat="43.780654" lon="11.250206"></trkpt>
    <trkpt lat="43.780680" lon="11.250307"></trkpt>
    <trkpt lat="43.780729" lon="11.250513"></trkpt>
    <trkpt lat="43.780767" lon="11.250711"></trkpt>
    <trkpt lat="43.780796" lon="11.250880"></trkpt>
    <trkpt lat="43.780834" lon="11.251135"></trkpt>
    <trkpt lat="43.780869" lon="11.251378"></trkpt>
    <trkpt lat="43.780910" lon="11.251616"></trkpt>
    <trkpt lat="43.780931" lon="11.251735"></trkpt>
    <trkpt lat="43.780950" lon="11.251825"></trkpt>
    <trkpt lat="43.780973" lon="11.251902"></trkpt>
    <trkpt lat="43.781012" lon="11.251995"></trkpt>
    <trkpt lat="43.781049" lon="11.252059"></trkpt>
    <trkpt lat="43.781076" lon="11.252105"></trkpt>
    <trkpt lat="43.781124" lon="11.252177"></trkpt>
    <trkpt lat="43.781212" lon="11.252276"></trkpt>
    <trkpt lat="43.781614" lon="11.252644"></trkpt>
    <trkpt lat="43.781554" lon="11.252782"></trkpt>
    <trkpt lat="43.781545" lon="11.252800"></trkpt>
    <trkpt lat="43.781342" lon="11.253276"></trkpt>
    <trkpt lat="43.780522" lon="11.252571"></trkpt>
    <trkpt lat="43.780510" lon="11.252559"></trkpt>
    <trkpt lat="43.780496" lon="11.252546"></trkpt>
    <trkpt lat="43.780175" lon="11.253294"></trkpt>
    <trkpt lat="43.780147" lon="11.253365"></trkpt>
    <trkpt lat="43.779989" lon="11.253736"></trkpt>
    <trkpt lat="43.779884" lon="11.253986"></trkpt>
    <trkpt lat="43.779751" lon="11.254303"></trkpt>
    <trkpt lat="43.779700" lon="11.254424"></trkpt>
    <trkpt lat="43.779334" lon="11.254120"></trkpt>
    <trkpt lat="43.778854" lon="11.253721"></trkpt>
    <trkpt lat="43.778804" lon="11.253680"></trkpt>
    <trkpt lat="43.778250" lon="11.253227"></trkpt>
    <trkpt lat="43.778223" lon="11.253296"></trkpt>
    <trkpt lat="43.777868" lon="11.254217"></trkpt>
    <trkpt lat="43.777829" lon="11.254318"></trkpt>
    <trkpt lat="43.777810" lon="11.254366"></trkpt>
    <trkpt lat="43.777426" lon="11.255351"></trkpt>
    <trkpt lat="43.777414" lon="11.255380"></trkpt>
    <trkpt lat="43.777402" lon="11.255412"></trkpt>
    <trkpt lat="43.777239" lon="11.255827"></trkpt>
    <trkpt lat="43.777179" lon="11.255992"></trkpt>
    <trkpt lat="43.777133" lon="11.256144"></trkpt>
    <trkpt lat="43.777123" lon="11.256178"></trkpt>
    <trkpt lat="43.777074" lon="11.256318"></trkpt>
    <trkpt lat="43.776758" lon="11.257225"></trkpt>
    <trkpt lat="43.776729" lon="11.257305"></trkpt>
    <trkpt lat="43.776706" lon="11.257371"></trkpt>
    <trkpt lat="43.776366" lon="11.258173"></trkpt>
    <trkpt lat="43.776352" lon="11.258207"></trkpt>
    <trkpt lat="43.776332" lon="11.258256"></trkpt>
    <trkpt lat="43.776287" lon="11.258364"></trkpt>
    <trkpt lat="43.775723" lon="11.259671"></trkpt>
    <trkpt lat="43.775702" lon="11.259719"></trkpt>
    <trkpt lat="43.775687" lon="11.259750"></trkpt>
    <trkpt lat="43.775532" lon="11.260070"></trkpt>
    <trkpt lat="43.775524" lon="11.260087"></trkpt>
    <trkpt lat="43.775507" lon="11.260122"></trkpt>
    <trkpt lat="43.774627" lon="11.261994"></trkpt>
    <trkpt lat="43.774480" lon="11.262307"></trkpt>
    <trkpt lat="43.774458" lon="11.262354"></trkpt>
    <trkpt lat="43.773866" lon="11.263594"></trkpt>
    <trkpt lat="43.773845" lon="11.263636"></trkpt>
    <trkpt lat="43.773628" lon="11.263896"></trkpt>
    <trkpt lat="43.773607" lon="11.263921"></trkpt>
    <trkpt lat="43.773128" lon="11.264515"></trkpt>
    <trkpt lat="43.772175" lon="11.263914"></trkpt>
    <trkpt lat="43.771434" lon="11.263507"></trkpt>
    <trkpt lat="43.771400" lon="11.263488"></trkpt>
    <trkpt lat="43.771307" lon="11.263442"></trkpt>
    <trkpt lat="43.771258" lon="11.263416"></trkpt>
    <trkpt lat="43.770913" lon="11.263231"></trkpt>
    <trkpt lat="43.770896" lon="11.263222"></trkpt>
    <trkpt lat="43.770552" lon="11.263056"></trkpt>
    <trkpt lat="43.770536" lon="11.263048"></trkpt>
    <trkpt lat="43.770487" lon="11.263024"></trkpt>
    <trkpt lat="43.770506" lon="11.262942"></trkpt>
    <trkpt lat="43.770624" lon="11.262405"></trkpt>
    <trkpt lat="43.770701" lon="11.262035"></trkpt>
    <trkpt lat="43.770708" lon="11.262004"></trkpt>
    <trkpt lat="43.770716" lon="11.261965"></trkpt>
    <trkpt lat="43.770724" lon="11.261921"></trkpt>
    <trkpt lat="43.770768" lon="11.261656"></trkpt>
    <trkpt lat="43.770887" lon="11.261037"></trkpt>
    <trkpt lat="43.770887" lon="11.261022"></trkpt>
    <trkpt lat="43.770884" lon="11.260538"></trkpt>
    <trkpt lat="43.770879" lon="11.259943"></trkpt>
    <trkpt lat="43.770877" lon="11.258735"></trkpt>
    <trkpt lat="43.770876" lon="11.258722"></trkpt>
    <trkpt lat="43.770870" lon="11.258609"></trkpt>
    <trkpt lat="43.770871" lon="11.258364"></trkpt>
    <trkpt lat="43.770901" lon="11.257959"></trkpt>
    <trkpt lat="43.770905" lon="11.257915"></trkpt>
    <trkpt lat="43.770907" lon="11.257893"></trkpt>
    <trkpt lat="43.770891" lon="11.257891"></trkpt>
    <trkpt lat="43.770619" lon="11.257846"></trkpt>
    <trkpt lat="43.770619" lon="11.257846"></trkpt>
    <trkpt lat="43.770614" lon="11.257915"></trkpt>
    <trkpt lat="43.770572" lon="11.258511"></trkpt>
    <trkpt lat="43.770562" lon="11.258656"></trkpt>
    <trkpt lat="43.770558" lon="11.258713"></trkpt>
    <trkpt lat="43.770554" lon="11.258762"></trkpt>
    <trkpt lat="43.770463" lon="11.259929"></trkpt>
    <trkpt lat="43.770436" lon="11.260260"></trkpt>
    <trkpt lat="43.770411" lon="11.260544"></trkpt>
    <trkpt lat="43.770406" lon="11.260602"></trkpt>
    <trkpt lat="43.770256" lon="11.261448"></trkpt>
    <trkpt lat="43.770240" lon="11.261545"></trkpt>
    <trkpt lat="43.770221" lon="11.261631"></trkpt>
    <trkpt lat="43.770139" lon="11.262035"></trkpt>
    <trkpt lat="43.770130" lon="11.262076"></trkpt>
    <trkpt lat="43.770031" lon="11.262519"></trkpt>
    <trkpt lat="43.769979" lon="11.262754"></trkpt>
    <trkpt lat="43.769800" lon="11.263613"></trkpt>
    <trkpt lat="43.769775" lon="11.263723"></trkpt>
    <trkpt lat="43.769755" lon="11.263816"></trkpt>
    <trkpt lat="43.769658" lon="11.264278"></trkpt>
    <trkpt lat="43.769654" lon="11.264298"></trkpt>
    <trkpt lat="43.769426" lon="11.265431"></trkpt>
    <trkpt lat="43.769413" lon="11.265490"></trkpt>
    <trkpt lat="43.769327" lon="11.265926"></trkpt>
    <trkpt lat="43.768918" lon="11.267922"></trkpt>
    <trkpt lat="43.768872" lon="11.268156"></trkpt>
    <trkpt lat="43.768846" lon="11.268285"></trkpt>
    <trkpt lat="43.768838" lon="11.268324"></trkpt>
    <trkpt lat="43.768608" lon="11.269500"></trkpt>
    <trkpt lat="43.768602" lon="11.269533"></trkpt>
    <trkpt lat="43.768574" lon="11.269661"></trkpt>
    <trkpt lat="43.768348" lon="11.269531"></trkpt>
    <trkpt lat="43.768319" lon="11.269513"></trkpt>
    <trkpt lat="43.768033" lon="11.269341"></trkpt>
    <trkpt lat="43.767688" lon="11.269142"></trkpt>
    <trkpt lat="43.767271" lon="11.268889"></trkpt>
    <trkpt lat="43.766955" lon="11.268691"></trkpt>
    <trkpt lat="43.766773" lon="11.268568"></trkpt>
    <trkpt lat="43.766414" lon="11.268219"></trkpt>
    <trkpt lat="43.766328" lon="11.268130"></trkpt>
    <trkpt lat="43.766298" lon="11.268111"></trkpt>
    <trkpt lat="43.766269" lon="11.268098"></trkpt>
    <trkpt lat="43.766242" lon="11.268091"></trkpt>
    <trkpt lat="43.766209" lon="11.268097"></trkpt>
    <trkpt lat="43.766184" lon="11.268106"></trkpt>
    <trkpt lat="43.766159" lon="11.268128"></trkpt>
    <trkpt lat="43.766150" lon="11.268141"></trkpt>
    <trkpt lat="43.766141" lon="11.268163"></trkpt>
    <trkpt lat="43.766131" lon="11.268191"></trkpt>
    <trkpt lat="43.766086" lon="11.268588"></trkpt>
    <trkpt lat="43.766074" lon="11.268792"></trkpt>
    <trkpt lat="43.766067" lon="11.268880"></trkpt>
    <trkpt lat="43.766018" lon="11.269525"></trkpt>
    <trkpt lat="43.765944" lon="11.270579"></trkpt>
    <trkpt lat="43.765943" lon="11.270598"></trkpt>
    <trkpt lat="43.765939" lon="11.270688"></trkpt>
    <trkpt lat="43.765908" lon="11.271231"></trkpt>
    <trkpt lat="43.765905" lon="11.271338"></trkpt>
    <trkpt lat="43.765899" lon="11.271468"></trkpt>
    <trkpt lat="43.765869" lon="11.271814"></trkpt>
    <trkpt lat="43.765737" lon="11.274156"></trkpt>
    <trkpt lat="43.765732" lon="11.274232"></trkpt>
    <trkpt lat="43.765695" lon="11.274836"></trkpt>
    <trkpt lat="43.765666" lon="11.275338"></trkpt>
    <trkpt lat="43.765606" lon="11.276007"></trkpt>
    <trkpt lat="43.765576" lon="11.276325"></trkpt>
    <trkpt lat="43.765528" lon="11.276717"></trkpt>
    <trkpt lat="43.765482" lon="11.277333"></trkpt>
    <trkpt lat="43.765429" lon="11.278114"></trkpt>
    <trkpt lat="43.765408" lon="11.278393"></trkpt>
    <trkpt lat="43.765405" lon="11.278556"></trkpt>
    <trkpt lat="43.765407" lon="11.279000"></trkpt>
    <trkpt lat="43.765500" lon="11.279867"></trkpt>
    <trkpt lat="43.765584" lon="11.280636"></trkpt>
    <trkpt lat="43.765606" lon="11.280802"></trkpt>
    <trkpt lat="43.765692" lon="11.281463"></trkpt>
    <trkpt lat="43.765694" lon="11.281606"></trkpt>
    <trkpt lat="43.765659" lon="11.281724"></trkpt>
    <trkpt lat="43.765635" lon="11.281782"></trkpt>
    <trkpt lat="43.765579" lon="11.281834"></trkpt>
    <trkpt lat="43.765516" lon="11.281830"></trkpt>
    <trkpt lat="43.765285" lon="11.281804"></trkpt>
    <trkpt lat="43.765056" lon="11.281775"></trkpt>
    <trkpt lat="43.764279" lon="11.281673"></trkpt>
    <trkpt lat="43.764245" lon="11.281670"></trkpt>
    <trkpt lat="43.764200" lon="11.281630"></trkpt>
    <trkpt lat="43.764185" lon="11.281618"></trkpt>
    <trkpt lat="43.764145" lon="11.281590"></trkpt>
    <trkpt lat="43.764127" lon="11.281576"></trkpt>
    <trkpt lat="43.764113" lon="11.281564"></trkpt>
    <trkpt lat="43.764093" lon="11.281548"></trkpt>
    <trkpt lat="43.764079" lon="11.281537"></trkpt>
    <trkpt lat="43.764011" lon="11.281483"></trkpt>
    <trkpt lat="43.763995" lon="11.281466"></trkpt>
    <trkpt lat="43.763963" lon="11.281433"></trkpt>
    <trkpt lat="43.763942" lon="11.281419"></trkpt>
    <trkpt lat="43.763919" lon="11.281410"></trkpt>
    <trkpt lat="43.763898" lon="11.281403"></trkpt>
    <trkpt lat="43.763872" lon="11.281400"></trkpt>
    <trkpt lat="43.763846" lon="11.281403"></trkpt>
    <trkpt lat="43.763824" lon="11.281410"></trkpt>
    <trkpt lat="43.763799" lon="11.281421"></trkpt>
    <trkpt lat="43.763780" lon="11.281434"></trkpt>
    <trkpt lat="43.763759" lon="11.281451"></trkpt>
    <trkpt lat="43.763741" lon="11.281472"></trkpt>
    <trkpt lat="43.763509" lon="11.281667"></trkpt>
    <trkpt lat="43.763304" lon="11.281827"></trkpt>
    <trkpt lat="43.763141" lon="11.281976"></trkpt>
    <trkpt lat="43.762555" lon="11.282515"></trkpt>
    <trkpt lat="43.762523" lon="11.282518"></trkpt>
    <trkpt lat="43.762507" lon="11.282507"></trkpt>
    <trkpt lat="43.762488" lon="11.282492"></trkpt>
    <trkpt lat="43.762467" lon="11.282484"></trkpt>
    <trkpt lat="43.762450" lon="11.282481"></trkpt>
    <trkpt lat="43.762439" lon="11.282481"></trkpt>
    <trkpt lat="43.762434" lon="11.282483"></trkpt>
    <trkpt lat="43.762426" lon="11.282485"></trkpt>
    <trkpt lat="43.762419" lon="11.282488"></trkpt>
    <trkpt lat="43.762412" lon="11.282494"></trkpt>
    <trkpt lat="43.762405" lon="11.282502"></trkpt>
    <trkpt lat="43.762399" lon="11.282512"></trkpt>
    <trkpt lat="43.762368" lon="11.282576"></trkpt>
    <trkpt lat="43.762333" lon="11.282668"></trkpt>
    <trkpt lat="43.762295" lon="11.282767"></trkpt>
    <trkpt lat="43.762225" lon="11.282851"></trkpt>
    <trkpt lat="43.762147" lon="11.282920"></trkpt>
    <trkpt lat="43.761894" lon="11.283166"></trkpt>
    <trkpt lat="43.761754" lon="11.283304"></trkpt>
    <trkpt lat="43.761237" lon="11.283802"></trkpt>
    <trkpt lat="43.761150" lon="11.283875"></trkpt>
    <trkpt lat="43.761083" lon="11.283909"></trkpt>
    <trkpt lat="43.760996" lon="11.283931"></trkpt>
    <trkpt lat="43.760980" lon="11.283934"></trkpt>
    <trkpt lat="43.760965" lon="11.283939"></trkpt>
    <trkpt lat="43.760951" lon="11.283948"></trkpt>
    <trkpt lat="43.760938" lon="11.283959"></trkpt>
    <trkpt lat="43.760927" lon="11.283973"></trkpt>
    <trkpt lat="43.760917" lon="11.283990"></trkpt>
    <trkpt lat="43.760910" lon="11.284006"></trkpt>
    <trkpt lat="43.760904" lon="11.284024"></trkpt>
    <trkpt lat="43.760902" lon="11.284039"></trkpt>
    <trkpt lat="43.760899" lon="11.284062"></trkpt>
    <trkpt lat="43.760878" lon="11.284114"></trkpt>
    <trkpt lat="43.760860" lon="11.284140"></trkpt>
    <trkpt lat="43.760793" lon="11.284207"></trkpt>
    <trkpt lat="43.760450" lon="11.284536"></trkpt>
    <trkpt lat="43.760146" lon="11.284828"></trkpt>
    <trkpt lat="43.759972" lon="11.284991"></trkpt>
    <trkpt lat="43.759918" lon="11.285040"></trkpt>
    <trkpt lat="43.759851" lon="11.285100"></trkpt>
    <trkpt lat="43.759016" lon="11.285870"></trkpt>
    <trkpt lat="43.758948" lon="11.285935"></trkpt>
    <trkpt lat="43.758261" lon="11.286600"></trkpt>
    <trkpt lat="43.758140" lon="11.286711"></trkpt>
    <trkpt lat="43.758047" lon="11.286807"></trkpt>
    <trkpt lat="43.758012" lon="11.286842"></trkpt>
    <trkpt lat="43.757971" lon="11.286883"></trkpt>
    <trkpt lat="43.757923" lon="11.286931"></trkpt>
    <trkpt lat="43.756808" lon="11.287976"></trkpt>
    <trkpt lat="43.756776" lon="11.288021"></trkpt>
    <trkpt lat="43.756748" lon="11.288087"></trkpt>
    <trkpt lat="43.756722" lon="11.288161"></trkpt>
    <trkpt lat="43.756676" lon="11.288316"></trkpt>
    <trkpt lat="43.756637" lon="11.288458"></trkpt>
    <trkpt lat="43.756573" lon="11.288759"></trkpt>
    <trkpt lat="43.756564" lon="11.288805"></trkpt>
    <trkpt lat="43.756497" lon="11.289103"></trkpt>
    <trkpt lat="43.756422" lon="11.289437"></trkpt>
    <trkpt lat="43.756408" lon="11.289521"></trkpt>
    <trkpt lat="43.756386" lon="11.289727"></trkpt>
    <trkpt lat="43.756378" lon="11.289836"></trkpt>
    <trkpt lat="43.756374" lon="11.289993"></trkpt>
    <trkpt lat="43.756378" lon="11.290064"></trkpt>
    <trkpt lat="43.756468" lon="11.290889"></trkpt>
    <trkpt lat="43.756473" lon="11.290930"></trkpt>
    <trkpt lat="43.756521" lon="11.291298"></trkpt>
    <trkpt lat="43.756550" lon="11.291412"></trkpt>
    <trkpt lat="43.756553" lon="11.291451"></trkpt>
    <trkpt lat="43.756559" lon="11.291481"></trkpt>
    <trkpt lat="43.756568" lon="11.291507"></trkpt>
    <trkpt lat="43.756576" lon="11.291516"></trkpt>
    <trkpt lat="43.756589" lon="11.291672"></trkpt>
    <trkpt lat="43.756589" lon="11.291820"></trkpt>
    <trkpt lat="43.756624" lon="11.292158"></trkpt>
    <trkpt lat="43.756654" lon="11.292481"></trkpt>
    <trkpt lat="43.756698" lon="11.293024"></trkpt>
    <trkpt lat="43.756705" lon="11.293170"></trkpt>
    <trkpt lat="43.756731" lon="11.293570"></trkpt>
    <trkpt lat="43.756750" lon="11.293873"></trkpt>
    <trkpt lat="43.756773" lon="11.294275"></trkpt>
    <trkpt lat="43.756780" lon="11.294417"></trkpt>
    <trkpt lat="43.756796" lon="11.294696"></trkpt>
    <trkpt lat="43.756904" lon="11.296323"></trkpt>
    <trkpt lat="43.756914" lon="11.296511"></trkpt>
    <trkpt lat="43.756918" lon="11.296607"></trkpt>
    <trkpt lat="43.756973" lon="11.297275"></trkpt>
    <trkpt lat="43.756984" lon="11.297419"></trkpt>
    <trkpt lat="43.756991" lon="11.297597"></trkpt>
    <trkpt lat="43.757004" lon="11.297933"></trkpt>
    <trkpt lat="43.757005" lon="11.298016"></trkpt>
    <trkpt lat="43.757003" lon="11.298092"></trkpt>
    <trkpt lat="43.756996" lon="11.298170"></trkpt>
    <trkpt lat="43.756994" lon="11.298199"></trkpt>
    <trkpt lat="43.756988" lon="11.298293"></trkpt>
    <trkpt lat="43.756976" lon="11.298371"></trkpt>
    <trkpt lat="43.756961" lon="11.298456"></trkpt>
    <trkpt lat="43.756946" lon="11.298537"></trkpt>
    <trkpt lat="43.756912" lon="11.298712"></trkpt>
    <trkpt lat="43.756892" lon="11.298806"></trkpt>
    <trkpt lat="43.756891" lon="11.298809"></trkpt>
    <trkpt lat="43.756874" lon="11.298891"></trkpt>
    <trkpt lat="43.756775" lon="11.299388"></trkpt>
    <trkpt lat="43.756761" lon="11.299450"></trkpt>
    <trkpt lat="43.756717" lon="11.299660"></trkpt>
    <trkpt lat="43.756650" lon="11.300001"></trkpt>
    <trkpt lat="43.756594" lon="11.300271"></trkpt>
    <trkpt lat="43.756544" lon="11.300518"></trkpt>
    <trkpt lat="43.756523" lon="11.300621"></trkpt>
    <trkpt lat="43.756488" lon="11.300801"></trkpt>
    <trkpt lat="43.756446" lon="11.300857"></trkpt>
    <trkpt lat="43.756386" lon="11.300925"></trkpt>
    <trkpt lat="43.756341" lon="11.300972"></trkpt>
    <trkpt lat="43.756292" lon="11.301010"></trkpt>
    <trkpt lat="43.756241" lon="11.301045"></trkpt>
    <trkpt lat="43.756042" lon="11.301069"></trkpt>
    <trkpt lat="43.755904" lon="11.301082"></trkpt>
    <trkpt lat="43.755863" lon="11.301090"></trkpt>
    <trkpt lat="43.755838" lon="11.301099"></trkpt>
    <trkpt lat="43.755802" lon="11.301127"></trkpt>
    <trkpt lat="43.755770" lon="11.301155"></trkpt>
    <trkpt lat="43.755741" lon="11.301194"></trkpt>
    <trkpt lat="43.755704" lon="11.301268"></trkpt>
    <trkpt lat="43.755682" lon="11.301319"></trkpt>
    <trkpt lat="43.755656" lon="11.301371"></trkpt>
    <trkpt lat="43.755637" lon="11.301399"></trkpt>
    <trkpt lat="43.755617" lon="11.301422"></trkpt>
    <trkpt lat="43.755575" lon="11.301459"></trkpt>
    <trkpt lat="43.755532" lon="11.301477"></trkpt>
    <trkpt lat="43.755479" lon="11.301479"></trkpt>
    <trkpt lat="43.755433" lon="11.301465"></trkpt>
    <trkpt lat="43.755289" lon="11.301405"></trkpt>
    <trkpt lat="43.755209" lon="11.301378"></trkpt>
    <trkpt lat="43.755085" lon="11.301345"></trkpt>
    <trkpt lat="43.755016" lon="11.301309"></trkpt>
    <trkpt lat="43.754931" lon="11.301254"></trkpt>
    <trkpt lat="43.754824" lon="11.301189"></trkpt>
    <trkpt lat="43.754183" lon="11.300809"></trkpt>
    <trkpt lat="43.753235" lon="11.300246"></trkpt>
    <trkpt lat="43.752995" lon="11.300109"></trkpt>
    <trkpt lat="43.752684" lon="11.299922"></trkpt>
    <trkpt lat="43.752358" lon="11.299725"></trkpt>
    <trkpt lat="43.752178" lon="11.299596"></trkpt>
    <trkpt lat="43.751846" lon="11.299323"></trkpt>
    <trkpt lat="43.751528" lon="11.299064"></trkpt>
    <trkpt lat="43.751157" lon="11.298716"></trkpt>
    <trkpt lat="43.750894" lon="11.298455"></trkpt>
    <trkpt lat="43.750417" lon="11.297953"></trkpt>
    <trkpt lat="43.750162" lon="11.297691"></trkpt>
    <trkpt lat="43.749908" lon="11.297415"></trkpt>
    <trkpt lat="43.749630" lon="11.297093"></trkpt>
    <trkpt lat="43.749448" lon="11.296897"></trkpt>
    <trkpt lat="43.749221" lon="11.296656"></trkpt>
    <trkpt lat="43.749001" lon="11.296423"></trkpt>
    <trkpt lat="43.748880" lon="11.296278"></trkpt>
    <trkpt lat="43.748781" lon="11.296141"></trkpt>
    <trkpt lat="43.748688" lon="11.295996"></trkpt>
    <trkpt lat="43.748599" lon="11.295835"></trkpt>
    <trkpt lat="43.748477" lon="11.295561"></trkpt>
    <trkpt lat="43.748422" lon="11.295420"></trkpt>
    <trkpt lat="43.748378" lon="11.295284"></trkpt>
    <trkpt lat="43.748334" lon="11.295121"></trkpt>
    <trkpt lat="43.748294" lon="11.294950"></trkpt>
    <trkpt lat="43.748272" lon="11.294843"></trkpt>
    <trkpt lat="43.748240" lon="11.294651"></trkpt>
    <trkpt lat="43.748222" lon="11.294473"></trkpt>
    <trkpt lat="43.748216" lon="11.294330"></trkpt>
    <trkpt lat="43.748214" lon="11.294023"></trkpt>
    <trkpt lat="43.748222" lon="11.293685"></trkpt>
    <trkpt lat="43.748288" lon="11.291836"></trkpt>
    <trkpt lat="43.748313" lon="11.291038"></trkpt>
    <trkpt lat="43.748328" lon="11.290547"></trkpt>
    <trkpt lat="43.748324" lon="11.290395"></trkpt>
    <trkpt lat="43.748318" lon="11.290224"></trkpt>
    <trkpt lat="43.748283" lon="11.289887"></trkpt>
    <trkpt lat="43.748230" lon="11.289600"></trkpt>
    <trkpt lat="43.748144" lon="11.289280"></trkpt>
    <trkpt lat="43.748069" lon="11.289063"></trkpt>
    <trkpt lat="43.747980" lon="11.288836"></trkpt>
    <trkpt lat="43.747716" lon="11.288285"></trkpt>
    <trkpt lat="43.747504" lon="11.287838"></trkpt>
    <trkpt lat="43.747362" lon="11.287535"></trkpt>
    <trkpt lat="43.747229" lon="11.287231"></trkpt>
    <trkpt lat="43.747103" lon="11.286932"></trkpt>
    <trkpt lat="43.746972" lon="11.286603"></trkpt>
    <trkpt lat="43.746444" lon="11.285131"></trkpt>
    <trkpt lat="43.746410" lon="11.285038"></trkpt>
    <trkpt lat="43.746238" lon="11.284547"></trkpt>
    <trkpt lat="43.746164" lon="11.284349"></trkpt>
    <trkpt lat="43.746095" lon="11.284173"></trkpt>
    <trkpt lat="43.745967" lon="11.283908"></trkpt>
    <trkpt lat="43.745846" lon="11.283713"></trkpt>
    <trkpt lat="43.745784" lon="11.283622"></trkpt>
    <trkpt lat="43.745684" lon="11.283490"></trkpt>
    <trkpt lat="43.745619" lon="11.283403"></trkpt>
    <trkpt lat="43.745505" lon="11.283276"></trkpt>
    <trkpt lat="43.744995" lon="11.282805"></trkpt>
    <trkpt lat="43.744836" lon="11.282663"></trkpt>
    <trkpt lat="43.744733" lon="11.282572"></trkpt>
    <trkpt lat="43.744441" lon="11.282302"></trkpt>
    <trkpt lat="43.743787" lon="11.281696"></trkpt>
    <trkpt lat="43.743628" lon="11.281553"></trkpt>
    <trkpt lat="43.743519" lon="11.281458"></trkpt>
    <trkpt lat="43.743201" lon="11.281141"></trkpt>
    <trkpt lat="43.743106" lon="11.281019"></trkpt>
    <trkpt lat="43.742992" lon="11.280820"></trkpt>
    <trkpt lat="43.742844" lon="11.280570"></trkpt>
    <trkpt lat="43.742682" lon="11.280332"></trkpt>
    <trkpt lat="43.742448" lon="11.280075"></trkpt>
    <trkpt lat="43.742217" lon="11.279875"></trkpt>
    <trkpt lat="43.742111" lon="11.279815"></trkpt>
    <trkpt lat="43.741882" lon="11.279729"></trkpt>
    <trkpt lat="43.741550" lon="11.279469"></trkpt>
    <trkpt lat="43.741387" lon="11.279294"></trkpt>
    <trkpt lat="43.741266" lon="11.279057"></trkpt>
    <trkpt lat="43.741137" lon="11.278686"></trkpt>
    <trkpt lat="43.741032" lon="11.278248"></trkpt>
    <trkpt lat="43.740950" lon="11.277683"></trkpt>
    <trkpt lat="43.740853" lon="11.276823"></trkpt>
    <trkpt lat="43.740813" lon="11.276499"></trkpt>
    <trkpt lat="43.740742" lon="11.276306"></trkpt>
    <trkpt lat="43.740645" lon="11.276178"></trkpt>
    <trkpt lat="43.740552" lon="11.276092"></trkpt>
    <trkpt lat="43.740470" lon="11.276051"></trkpt>
    <trkpt lat="43.740366" lon="11.276032"></trkpt>
    <trkpt lat="43.740259" lon="11.276055"></trkpt>
    <trkpt lat="43.740069" lon="11.276194"></trkpt>
    <trkpt lat="43.739990" lon="11.276295"></trkpt>
    <trkpt lat="43.739930" lon="11.276430"></trkpt>
    <trkpt lat="43.739899" lon="11.276556"></trkpt>
    <trkpt lat="43.739884" lon="11.276750"></trkpt>
    <trkpt lat="43.739884" lon="11.276893"></trkpt>
    <trkpt lat="43.739899" lon="11.276997"></trkpt>
    <trkpt lat="43.740043" lon="11.277859"></trkpt>
    <trkpt lat="43.740163" lon="11.278566"></trkpt>
    <trkpt lat="43.740236" lon="11.279103"></trkpt>
    <trkpt lat="43.740252" lon="11.279321"></trkpt>
    <trkpt lat="43.740380" lon="11.280694"></trkpt>
    <trkpt lat="43.740458" lon="11.280919"></trkpt>
    <trkpt lat="43.740485" lon="11.281708"></trkpt>
    <trkpt lat="43.740496" lon="11.282175"></trkpt>
    <trkpt lat="43.740497" lon="11.282986"></trkpt>
    <trkpt lat="43.740470" lon="11.283436"></trkpt>
    <trkpt lat="43.740456" lon="11.283619"></trkpt>
    <trkpt lat="43.740394" lon="11.284033"></trkpt>
    <trkpt lat="43.740311" lon="11.284633"></trkpt>
    <trkpt lat="43.740212" lon="11.285137"></trkpt>
    <trkpt lat="43.740121" lon="11.285496"></trkpt>
    <trkpt lat="43.739973" lon="11.286036"></trkpt>
    <trkpt lat="43.739786" lon="11.286592"></trkpt>
    <trkpt lat="43.739617" lon="11.287026"></trkpt>
    <trkpt lat="43.739297" lon="11.287659"></trkpt>
    <trkpt lat="43.738952" lon="11.288371"></trkpt>
    <trkpt lat="43.737952" lon="11.290302"></trkpt>
    <trkpt lat="43.737644" lon="11.290959"></trkpt>
    <trkpt lat="43.737369" lon="11.291604"></trkpt>
    <trkpt lat="43.737203" lon="11.292087"></trkpt>
    <trkpt lat="43.737032" lon="11.292788"></trkpt>
    <trkpt lat="43.736846" lon="11.293648"></trkpt>
    <trkpt lat="43.736620" lon="11.294800"></trkpt>
    <trkpt lat="43.736407" lon="11.295779"></trkpt>
    <trkpt lat="43.736342" lon="11.296027"></trkpt>
    <trkpt lat="43.736177" lon="11.296534"></trkpt>
    <trkpt lat="43.736108" lon="11.296720"></trkpt>
    <trkpt lat="43.735919" lon="11.297137"></trkpt>
    <trkpt lat="43.735685" lon="11.297606"></trkpt>
    <trkpt lat="43.735443" lon="11.298010"></trkpt>
    <trkpt lat="43.735110" lon="11.298519"></trkpt>
    <trkpt lat="43.734584" lon="11.299228"></trkpt>
    <trkpt lat="43.734258" lon="11.299738"></trkpt>
    <trkpt lat="43.733980" lon="11.300171"></trkpt>
    <trkpt lat="43.733713" lon="11.300677"></trkpt>
    <trkpt lat="43.733560" lon="11.301026"></trkpt>
    <trkpt lat="43.733423" lon="11.301458"></trkpt>
    <trkpt lat="43.733327" lon="11.301811"></trkpt>
    <trkpt lat="43.733244" lon="11.302231"></trkpt>
    <trkpt lat="43.733194" lon="11.302598"></trkpt>
    <trkpt lat="43.733141" lon="11.303163"></trkpt>
    <trkpt lat="43.733125" lon="11.303731"></trkpt>
    <trkpt lat="43.733148" lon="11.305334"></trkpt>
    <trkpt lat="43.733138" lon="11.306161"></trkpt>
    <trkpt lat="43.733114" lon="11.306684"></trkpt>
    <trkpt lat="43.733058" lon="11.307259"></trkpt>
    <trkpt lat="43.732993" lon="11.307831"></trkpt>
    <trkpt lat="43.732896" lon="11.308364"></trkpt>
    <trkpt lat="43.732710" lon="11.309278"></trkpt>
    <trkpt lat="43.731665" lon="11.313783"></trkpt>
    <trkpt lat="43.730950" lon="11.317009"></trkpt>
    <trkpt lat="43.730792" lon="11.317692"></trkpt>
    <trkpt lat="43.730267" lon="11.319813"></trkpt>
    <trkpt lat="43.730036" lon="11.320841"></trkpt>
    <trkpt lat="43.729805" lon="11.321961"></trkpt>
    <trkpt lat="43.729683" lon="11.322709"></trkpt>
    <trkpt lat="43.729611" lon="11.323306"></trkpt>
    <trkpt lat="43.729541" lon="11.323973"></trkpt>
    <trkpt lat="43.729505" lon="11.324559"></trkpt>
    <trkpt lat="43.729488" lon="11.325319"></trkpt>
    <trkpt lat="43.729483" lon="11.326014"></trkpt>
    <trkpt lat="43.729491" lon="11.327386"></trkpt>
    <trkpt lat="43.729512" lon="11.329548"></trkpt>
    <trkpt lat="43.729525" lon="11.330250"></trkpt>
    <trkpt lat="43.729532" lon="11.331487"></trkpt>
    <trkpt lat="43.729547" lon="11.333112"></trkpt>
    <trkpt lat="43.729550" lon="11.333384"></trkpt>
    <trkpt lat="43.729551" lon="11.333545"></trkpt>
    <trkpt lat="43.729548" lon="11.334176"></trkpt>
    <trkpt lat="43.729541" lon="11.334542"></trkpt>
    <trkpt lat="43.729519" lon="11.334904"></trkpt>
    <trkpt lat="43.729471" lon="11.335473"></trkpt>
    <trkpt lat="43.729406" lon="11.335980"></trkpt>
    <trkpt lat="43.729359" lon="11.336268"></trkpt>
    <trkpt lat="43.729311" lon="11.336549"></trkpt>
    <trkpt lat="43.729221" lon="11.336978"></trkpt>
    <trkpt lat="43.729075" lon="11.337637"></trkpt>
    <trkpt lat="43.728901" lon="11.338320"></trkpt>
    <trkpt lat="43.728702" lon="11.339095"></trkpt>
    <trkpt lat="43.728417" lon="11.340184"></trkpt>
    <trkpt lat="43.728216" lon="11.340913"></trkpt>
    <trkpt lat="43.728028" lon="11.341706"></trkpt>
    <trkpt lat="43.727851" lon="11.342687"></trkpt>
    <trkpt lat="43.727668" lon="11.343827"></trkpt>
    <trkpt lat="43.727595" lon="11.344559"></trkpt>
    <trkpt lat="43.727535" lon="11.345358"></trkpt>
    <trkpt lat="43.727533" lon="11.346271"></trkpt>
    <trkpt lat="43.727578" lon="11.346890"></trkpt>
    <trkpt lat="43.727643" lon="11.347403"></trkpt>
    <trkpt lat="43.727733" lon="11.347910"></trkpt>
    <trkpt lat="43.728012" lon="11.348962"></trkpt>
    <trkpt lat="43.728193" lon="11.349669"></trkpt>
    <trkpt lat="43.728602" lon="11.351199"></trkpt>
    <trkpt lat="43.728738" lon="11.351696"></trkpt>
    <trkpt lat="43.728837" lon="11.352133"></trkpt>
    <trkpt lat="43.728942" lon="11.352703"></trkpt>
    <trkpt lat="43.729004" lon="11.353171"></trkpt>
    <trkpt lat="43.729062" lon="11.353582"></trkpt>
    <trkpt lat="43.729118" lon="11.354243"></trkpt>
    <trkpt lat="43.729850" lon="11.366121"></trkpt>
    <trkpt lat="43.729968" lon="11.368075"></trkpt>
    <trkpt lat="43.730006" lon="11.368673"></trkpt>
    <trkpt lat="43.730028" lon="11.369121"></trkpt>
    <trkpt lat="43.730025" lon="11.369523"></trkpt>
    <trkpt lat="43.729987" lon="11.369929"></trkpt>
    <trkpt lat="43.729938" lon="11.370305"></trkpt>
    <trkpt lat="43.729866" lon="11.370650"></trkpt>
    <trkpt lat="43.729783" lon="11.370985"></trkpt>
    <trkpt lat="43.729715" lon="11.371205"></trkpt>
    <trkpt lat="43.729607" lon="11.371509"></trkpt>
    <trkpt lat="43.729370" lon="11.372026"></trkpt>
    <trkpt lat="43.729201" lon="11.372329"></trkpt>
    <trkpt lat="43.728908" lon="11.372762"></trkpt>
    <trkpt lat="43.728557" lon="11.373156"></trkpt>
    <trkpt lat="43.728372" lon="11.373319"></trkpt>
    <trkpt lat="43.728240" lon="11.373419"></trkpt>
    <trkpt lat="43.727989" lon="11.373598"></trkpt>
    <trkpt lat="43.727714" lon="11.373748"></trkpt>
    <trkpt lat="43.727276" lon="11.373926"></trkpt>
    <trkpt lat="43.724803" lon="11.374899"></trkpt>
    <trkpt lat="43.724124" lon="11.375188"></trkpt>
    <trkpt lat="43.723771" lon="11.375428"></trkpt>
    <trkpt lat="43.723364" lon="11.375779"></trkpt>
    <trkpt lat="43.723309" lon="11.375849"></trkpt>
    <trkpt lat="43.723134" lon="11.376078"></trkpt>
    <trkpt lat="43.722979" lon="11.376284"></trkpt>
    <trkpt lat="43.717860" lon="11.385511"></trkpt>
    <trkpt lat="43.717690" lon="11.385833"></trkpt>
    <trkpt lat="43.717614" lon="11.385974"></trkpt>
    <trkpt lat="43.715471" lon="11.389942"></trkpt>
    <trkpt lat="43.715297" lon="11.390215"></trkpt>
    <trkpt lat="43.715012" lon="11.390640"></trkpt>
    <trkpt lat="43.714696" lon="11.391020"></trkpt>
    <trkpt lat="43.714406" lon="11.391299"></trkpt>
    <trkpt lat="43.714101" lon="11.391556"></trkpt>
    <trkpt lat="43.713755" lon="11.391739"></trkpt>
    <trkpt lat="43.713310" lon="11.391907"></trkpt>
    <trkpt lat="43.712923" lon="11.391976"></trkpt>
    <trkpt lat="43.711558" lon="11.392096"></trkpt>
    <trkpt lat="43.710694" lon="11.392498"></trkpt>
    <trkpt lat="43.710606" lon="11.392523"></trkpt>
    <trkpt lat="43.710132" lon="11.392638"></trkpt>
    <trkpt lat="43.709881" lon="11.392711"></trkpt>
    <trkpt lat="43.709312" lon="11.392963"></trkpt>
    <trkpt lat="43.708850" lon="11.393188"></trkpt>
    <trkpt lat="43.708161" lon="11.393607"></trkpt>
    <trkpt lat="43.707761" lon="11.393972"></trkpt>
    <trkpt lat="43.707200" lon="11.394653"></trkpt>
    <trkpt lat="43.706638" lon="11.395302"></trkpt>
    <trkpt lat="43.705447" lon="11.396313"></trkpt>
    <trkpt lat="43.702712" lon="11.399683"></trkpt>
    <trkpt lat="43.701636" lon="11.400956"></trkpt>
    <trkpt lat="43.700832" lon="11.402016"></trkpt>
    <trkpt lat="43.700784" lon="11.402075"></trkpt>
    <trkpt lat="43.700245" lon="11.402730"></trkpt>
    <trkpt lat="43.699849" lon="11.403196"></trkpt>
    <trkpt lat="43.699486" lon="11.403617"></trkpt>
    <trkpt lat="43.699041" lon="11.404087"></trkpt>
    <trkpt lat="43.698346" lon="11.404765"></trkpt>
    <trkpt lat="43.697841" lon="11.405257"></trkpt>
    <trkpt lat="43.697074" lon="11.405965"></trkpt>
    <trkpt lat="43.694617" lon="11.408025"></trkpt>
    <trkpt lat="43.694327" lon="11.408293"></trkpt>
    <trkpt lat="43.694108" lon="11.408572"></trkpt>
    <trkpt lat="43.693815" lon="11.408979"></trkpt>
    <trkpt lat="43.693674" lon="11.409194"></trkpt>
    <trkpt lat="43.693474" lon="11.409603"></trkpt>
    <trkpt lat="43.693229" lon="11.410171"></trkpt>
    <trkpt lat="43.693205" lon="11.410256"></trkpt>
    <trkpt lat="43.693114" lon="11.410557"></trkpt>
    <trkpt lat="43.693021" lon="11.410915"></trkpt>
    <trkpt lat="43.692971" lon="11.411165"></trkpt>
    <trkpt lat="43.692896" lon="11.411768"></trkpt>
    <trkpt lat="43.692869" lon="11.412398"></trkpt>
    <trkpt lat="43.692901" lon="11.412868"></trkpt>
    <trkpt lat="43.693261" lon="11.416569"></trkpt>
    <trkpt lat="43.693317" lon="11.417118"></trkpt>
    <trkpt lat="43.693436" lon="11.417638"></trkpt>
    <trkpt lat="43.693640" lon="11.418430"></trkpt>
    <trkpt lat="43.693872" lon="11.419199"></trkpt>
    <trkpt lat="43.694086" lon="11.419979"></trkpt>
    <trkpt lat="43.694205" lon="11.420500"></trkpt>
    <trkpt lat="43.694284" lon="11.421088"></trkpt>
    <trkpt lat="43.694341" lon="11.421631"></trkpt>
    <trkpt lat="43.694352" lon="11.422219"></trkpt>
    <trkpt lat="43.694335" lon="11.422779"></trkpt>
    <trkpt lat="43.694284" lon="11.423373"></trkpt>
    <trkpt lat="43.694217" lon="11.423961"></trkpt>
    <trkpt lat="43.693845" lon="11.425703"></trkpt>
    <trkpt lat="43.692896" lon="11.429655"></trkpt>
    <trkpt lat="43.692714" lon="11.430504"></trkpt>
    <trkpt lat="43.692173" lon="11.432966"></trkpt>
    <trkpt lat="43.692013" lon="11.433664"></trkpt>
    <trkpt lat="43.691675" lon="11.435297"></trkpt>
    <trkpt lat="43.690886" lon="11.438783"></trkpt>
    <trkpt lat="43.690698" lon="11.439391"></trkpt>
    <trkpt lat="43.690525" lon="11.439905"></trkpt>
    <trkpt lat="43.690294" lon="11.440475"></trkpt>
    <trkpt lat="43.689955" lon="11.441246"></trkpt>
    <trkpt lat="43.689867" lon="11.441391"></trkpt>
    <trkpt lat="43.689829" lon="11.441455"></trkpt>
    <trkpt lat="43.689422" lon="11.442128"></trkpt>
    <trkpt lat="43.689133" lon="11.442560"></trkpt>
    <trkpt lat="43.688811" lon="11.442935"></trkpt>
    <trkpt lat="43.688459" lon="11.443319"></trkpt>
    <trkpt lat="43.688081" lon="11.443696"></trkpt>
    <trkpt lat="43.687781" lon="11.443964"></trkpt>
    <trkpt lat="43.683498" lon="11.447799"></trkpt>
    <trkpt lat="43.682379" lon="11.448794"></trkpt>
    <trkpt lat="43.681266" lon="11.449779"></trkpt>
    <trkpt lat="43.680223" lon="11.450672"></trkpt>
    <trkpt lat="43.679793" lon="11.451002"></trkpt>
    <trkpt lat="43.679164" lon="11.451451"></trkpt>
    <trkpt lat="43.678629" lon="11.451818"></trkpt>
    <trkpt lat="43.678090" lon="11.452130"></trkpt>
    <trkpt lat="43.677538" lon="11.452435"></trkpt>
    <trkpt lat="43.676982" lon="11.452733"></trkpt>
    <trkpt lat="43.675836" lon="11.453358"></trkpt>
    <trkpt lat="43.674955" lon="11.453776"></trkpt>
    <trkpt lat="43.674488" lon="11.453998"></trkpt>
    <trkpt lat="43.672819" lon="11.454741"></trkpt>
    <trkpt lat="43.671829" lon="11.455365"></trkpt>
    <trkpt lat="43.671637" lon="11.455489"></trkpt>
    <trkpt lat="43.671458" lon="11.455600"></trkpt>
    <trkpt lat="43.671144" lon="11.455760"></trkpt>
    <trkpt lat="43.670481" lon="11.456118"></trkpt>
    <trkpt lat="43.669713" lon="11.456592"></trkpt>
    <trkpt lat="43.669467" lon="11.456756"></trkpt>
    <trkpt lat="43.669083" lon="11.456999"></trkpt>
    <trkpt lat="43.668827" lon="11.457148"></trkpt>
    <trkpt lat="43.668564" lon="11.457304"></trkpt>
    <trkpt lat="43.668373" lon="11.457404"></trkpt>
    <trkpt lat="43.668119" lon="11.457543"></trkpt>
    <trkpt lat="43.667774" lon="11.457724"></trkpt>
    <trkpt lat="43.666249" lon="11.458516"></trkpt>
    <trkpt lat="43.664526" lon="11.459444"></trkpt>
    <trkpt lat="43.664038" lon="11.459705"></trkpt>
    <trkpt lat="43.663095" lon="11.460328"></trkpt>
    <trkpt lat="43.662864" lon="11.460498"></trkpt>
    <trkpt lat="43.662603" lon="11.460692"></trkpt>
    <trkpt lat="43.661634" lon="11.461507"></trkpt>
    <trkpt lat="43.658726" lon="11.464092"></trkpt>
    <trkpt lat="43.658361" lon="11.464356"></trkpt>
    <trkpt lat="43.657850" lon="11.464682"></trkpt>
    <trkpt lat="43.657383" lon="11.464922"></trkpt>
    <trkpt lat="43.657084" lon="11.465048"></trkpt>
    <trkpt lat="43.656468" lon="11.465245"></trkpt>
    <trkpt lat="43.656188" lon="11.465311"></trkpt>
    <trkpt lat="43.655526" lon="11.465397"></trkpt>
    <trkpt lat="43.655041" lon="11.465423"></trkpt>
    <trkpt lat="43.654752" lon="11.465420"></trkpt>
    <trkpt lat="43.653818" lon="11.465443"></trkpt>
    <trkpt lat="43.652522" lon="11.465491"></trkpt>
    <trkpt lat="43.652046" lon="11.465500"></trkpt>
    <trkpt lat="43.649845" lon="11.465554"></trkpt>
    <trkpt lat="43.648771" lon="11.465594"></trkpt>
    <trkpt lat="43.647817" lon="11.465611"></trkpt>
    <trkpt lat="43.647746" lon="11.465612"></trkpt>
    <trkpt lat="43.647539" lon="11.465616"></trkpt>
    <trkpt lat="43.645173" lon="11.465649"></trkpt>
    <trkpt lat="43.643670" lon="11.465725"></trkpt>
    <trkpt lat="43.642752" lon="11.465751"></trkpt>
    <trkpt lat="43.641567" lon="11.465774"></trkpt>
    <trkpt lat="43.640758" lon="11.465808"></trkpt>
    <trkpt lat="43.639787" lon="11.465837"></trkpt>
    <trkpt lat="43.638943" lon="11.465894"></trkpt>
    <trkpt lat="43.638684" lon="11.465931"></trkpt>
    <trkpt lat="43.638172" lon="11.466046"></trkpt>
    <trkpt lat="43.637924" lon="11.466129"></trkpt>
    <trkpt lat="43.637427" lon="11.466345"></trkpt>
    <trkpt lat="43.637218" lon="11.466459"></trkpt>
    <trkpt lat="43.636937" lon="11.466642"></trkpt>
    <trkpt lat="43.636701" lon="11.466821"></trkpt>
    <trkpt lat="43.636241" lon="11.467226"></trkpt>
    <trkpt lat="43.635791" lon="11.467681"></trkpt>
    <trkpt lat="43.630679" lon="11.473314"></trkpt>
    <trkpt lat="43.630128" lon="11.473907"></trkpt>
    <trkpt lat="43.628146" lon="11.476042"></trkpt>
    <trkpt lat="43.624515" lon="11.480073"></trkpt>
    <trkpt lat="43.623504" lon="11.481124"></trkpt>
    <trkpt lat="43.622783" lon="11.481898"></trkpt>
    <trkpt lat="43.622067" lon="11.482639"></trkpt>
    <trkpt lat="43.621331" lon="11.483360"></trkpt>
    <trkpt lat="43.620833" lon="11.483823"></trkpt>
    <trkpt lat="43.620025" lon="11.484542"></trkpt>
    <trkpt lat="43.619739" lon="11.484798"></trkpt>
    <trkpt lat="43.618327" lon="11.486055"></trkpt>
    <trkpt lat="43.616812" lon="11.487435"></trkpt>
    <trkpt lat="43.614226" lon="11.489743"></trkpt>
    <trkpt lat="43.613324" lon="11.490480"></trkpt>
    <trkpt lat="43.612832" lon="11.490882"></trkpt>
    <trkpt lat="43.611610" lon="11.492010"></trkpt>
    <trkpt lat="43.607663" lon="11.495474"></trkpt>
    <trkpt lat="43.603253" lon="11.499385"></trkpt>
    <trkpt lat="43.601686" lon="11.500838"></trkpt>
    <trkpt lat="43.600642" lon="11.501834"></trkpt>
    <trkpt lat="43.597875" lon="11.504779"></trkpt>
    <trkpt lat="43.590419" lon="11.512984"></trkpt>
    <trkpt lat="43.588699" lon="11.514864"></trkpt>
    <trkpt lat="43.586017" lon="11.517875"></trkpt>
    <trkpt lat="43.583061" lon="11.521134"></trkpt>
    <trkpt lat="43.582605" lon="11.521736"></trkpt>
    <trkpt lat="43.582184" lon="11.522389"></trkpt>
    <trkpt lat="43.581989" lon="11.522732"></trkpt>
    <trkpt lat="43.581637" lon="11.523448"></trkpt>
    <trkpt lat="43.581334" lon="11.524207"></trkpt>
    <trkpt lat="43.581075" lon="11.525004"></trkpt>
    <trkpt lat="43.580378" lon="11.527316"></trkpt>
    <trkpt lat="43.580214" lon="11.527818"></trkpt>
    <trkpt lat="43.579948" lon="11.528536"></trkpt>
    <trkpt lat="43.579747" lon="11.529037"></trkpt>
    <trkpt lat="43.579537" lon="11.529496"></trkpt>
    <trkpt lat="43.579291" lon="11.529989"></trkpt>
    <trkpt lat="43.579060" lon="11.530417"></trkpt>
    <trkpt lat="43.578800" lon="11.530887"></trkpt>
    <trkpt lat="43.578413" lon="11.531500"></trkpt>
    <trkpt lat="43.577903" lon="11.532216"></trkpt>
    <trkpt lat="43.577510" lon="11.532788"></trkpt>
    <trkpt lat="43.576546" lon="11.534196"></trkpt>
    <trkpt lat="43.575961" lon="11.535049"></trkpt>
    <trkpt lat="43.575245" lon="11.536011"></trkpt>
    <trkpt lat="43.574209" lon="11.537537"></trkpt>
    <trkpt lat="43.573478" lon="11.538502"></trkpt>
    <trkpt lat="43.573118" lon="11.539014"></trkpt>
    <trkpt lat="43.572414" lon="11.539847"></trkpt>
    <trkpt lat="43.572107" lon="11.540184"></trkpt>
    <trkpt lat="43.571667" lon="11.540629"></trkpt>
    <trkpt lat="43.571147" lon="11.541116"></trkpt>
    <trkpt lat="43.570607" lon="11.541541"></trkpt>
    <trkpt lat="43.570325" lon="11.541729"></trkpt>
    <trkpt lat="43.569748" lon="11.542077"></trkpt>
    <trkpt lat="43.569464" lon="11.542216"></trkpt>
    <trkpt lat="43.569178" lon="11.542346"></trkpt>
    <trkpt lat="43.568550" lon="11.542558"></trkpt>
    <trkpt lat="43.568074" lon="11.542665"></trkpt>
    <trkpt lat="43.567556" lon="11.542732"></trkpt>
    <trkpt lat="43.567094" lon="11.542759"></trkpt>
    <trkpt lat="43.566532" lon="11.542744"></trkpt>
    <trkpt lat="43.565764" lon="11.542651"></trkpt>
    <trkpt lat="43.563487" lon="11.542411"></trkpt>
    <trkpt lat="43.560378" lon="11.542087"></trkpt>
    <trkpt lat="43.559813" lon="11.542064"></trkpt>
    <trkpt lat="43.559536" lon="11.542082"></trkpt>
    <trkpt lat="43.559180" lon="11.542146"></trkpt>
    <trkpt lat="43.558933" lon="11.542236"></trkpt>
    <trkpt lat="43.558559" lon="11.542411"></trkpt>
    <trkpt lat="43.558269" lon="11.542594"></trkpt>
    <trkpt lat="43.557986" lon="11.542811"></trkpt>
    <trkpt lat="43.557784" lon="11.543010"></trkpt>
    <trkpt lat="43.557381" lon="11.543481"></trkpt>
    <trkpt lat="43.556873" lon="11.544212"></trkpt>
    <trkpt lat="43.555985" lon="11.545464"></trkpt>
    <trkpt lat="43.555614" lon="11.546087"></trkpt>
    <trkpt lat="43.555132" lon="11.546980"></trkpt>
    <trkpt lat="43.554398" lon="11.548316"></trkpt>
    <trkpt lat="43.553622" lon="11.549821"></trkpt>
    <trkpt lat="43.553133" lon="11.550602"></trkpt>
    <trkpt lat="43.552344" lon="11.551861"></trkpt>
    <trkpt lat="43.551606" lon="11.552940"></trkpt>
    <trkpt lat="43.551515" lon="11.553073"></trkpt>
    <trkpt lat="43.549411" lon="11.556154"></trkpt>
    <trkpt lat="43.548822" lon="11.557036"></trkpt>
    <trkpt lat="43.548692" lon="11.557231"></trkpt>
    <trkpt lat="43.547952" lon="11.558339"></trkpt>
    <trkpt lat="43.547257" lon="11.559340"></trkpt>
    <trkpt lat="43.546643" lon="11.560208"></trkpt>
    <trkpt lat="43.546227" lon="11.560834"></trkpt>
    <trkpt lat="43.544145" lon="11.563854"></trkpt>
    <trkpt lat="43.541632" lon="11.567547"></trkpt>
    <trkpt lat="43.540390" lon="11.569316"></trkpt>
    <trkpt lat="43.539614" lon="11.570475"></trkpt>
    <trkpt lat="43.538846" lon="11.571703"></trkpt>
    <trkpt lat="43.538376" lon="11.572483"></trkpt>
    <trkpt lat="43.537759" lon="11.573565"></trkpt>
    <trkpt lat="43.536225" lon="11.576303"></trkpt>
    <trkpt lat="43.534705" lon="11.579049"></trkpt>
    <trkpt lat="43.533563" lon="11.581151"></trkpt>
    <trkpt lat="43.531282" lon="11.585246"></trkpt>
    <trkpt lat="43.529867" lon="11.587764"></trkpt>
    <trkpt lat="43.528832" lon="11.589668"></trkpt>
    <trkpt lat="43.527609" lon="11.591868"></trkpt>
    <trkpt lat="43.526314" lon="11.594099"></trkpt>
    <trkpt lat="43.526048" lon="11.594629"></trkpt>
    <trkpt lat="43.524884" lon="11.596742"></trkpt>
    <trkpt lat="43.524081" lon="11.598181"></trkpt>
    <trkpt lat="43.523160" lon="11.599806"></trkpt>
    <trkpt lat="43.522016" lon="11.601732"></trkpt>
    <trkpt lat="43.520193" lon="11.604724"></trkpt>
    <trkpt lat="43.518741" lon="11.607164"></trkpt>
    <trkpt lat="43.517467" lon="11.609254"></trkpt>
    <trkpt lat="43.516928" lon="11.610215"></trkpt>
    <trkpt lat="43.516477" lon="11.611109"></trkpt>
    <trkpt lat="43.516310" lon="11.611461"></trkpt>
    <trkpt lat="43.516070" lon="11.612022"></trkpt>
    <trkpt lat="43.515825" lon="11.612641"></trkpt>
    <trkpt lat="43.515550" lon="11.613465"></trkpt>
    <trkpt lat="43.515426" lon="11.613882"></trkpt>
    <trkpt lat="43.515202" lon="11.614735"></trkpt>
    <trkpt lat="43.514999" lon="11.615779"></trkpt>
    <trkpt lat="43.514881" lon="11.616594"></trkpt>
    <trkpt lat="43.514779" lon="11.617411"></trkpt>
    <trkpt lat="43.514709" lon="11.618154"></trkpt>
    <trkpt lat="43.514636" lon="11.619428"></trkpt>
    <trkpt lat="43.514552" lon="11.621373"></trkpt>
    <trkpt lat="43.514494" lon="11.622744"></trkpt>
    <trkpt lat="43.514394" lon="11.624811"></trkpt>
    <trkpt lat="43.514309" lon="11.626571"></trkpt>
    <trkpt lat="43.514284" lon="11.627150"></trkpt>
    <trkpt lat="43.514273" lon="11.627438"></trkpt>
    <trkpt lat="43.514261" lon="11.627949"></trkpt>
    <trkpt lat="43.514271" lon="11.628383"></trkpt>
    <trkpt lat="43.514326" lon="11.628891"></trkpt>
    <trkpt lat="43.514415" lon="11.629444"></trkpt>
    <trkpt lat="43.514613" lon="11.630188"></trkpt>
    <trkpt lat="43.514877" lon="11.631223"></trkpt>
    <trkpt lat="43.514982" lon="11.631660"></trkpt>
    <trkpt lat="43.515084" lon="11.632284"></trkpt>
    <trkpt lat="43.515127" lon="11.633170"></trkpt>
    <trkpt lat="43.515110" lon="11.633856"></trkpt>
    <trkpt lat="43.515062" lon="11.634307"></trkpt>
    <trkpt lat="43.514995" lon="11.634697"></trkpt>
    <trkpt lat="43.514955" lon="11.634917"></trkpt>
    <trkpt lat="43.514846" lon="11.635371"></trkpt>
    <trkpt lat="43.514744" lon="11.635717"></trkpt>
    <trkpt lat="43.514492" lon="11.636389"></trkpt>
    <trkpt lat="43.513669" lon="11.638510"></trkpt>
    <trkpt lat="43.513449" lon="11.639113"></trkpt>
    <trkpt lat="43.513356" lon="11.639419"></trkpt>
    <trkpt lat="43.513207" lon="11.640021"></trkpt>
    <trkpt lat="43.513103" lon="11.640598"></trkpt>
    <trkpt lat="43.512985" lon="11.641415"></trkpt>
    <trkpt lat="43.512894" lon="11.641944"></trkpt>
    <trkpt lat="43.512846" lon="11.642204"></trkpt>
    <trkpt lat="43.512717" lon="11.642715"></trkpt>
    <trkpt lat="43.512633" lon="11.642968"></trkpt>
    <trkpt lat="43.512433" lon="11.643434"></trkpt>
    <trkpt lat="43.512199" lon="11.643874"></trkpt>
    <trkpt lat="43.511943" lon="11.644269"></trkpt>
    <trkpt lat="43.511805" lon="11.644451"></trkpt>
    <trkpt lat="43.511539" lon="11.644729"></trkpt>
    <trkpt lat="43.511322" lon="11.644919"></trkpt>
    <trkpt lat="43.510955" lon="11.645184"></trkpt>
    <trkpt lat="43.510433" lon="11.645560"></trkpt>
    <trkpt lat="43.510102" lon="11.645789"></trkpt>
    <trkpt lat="43.509270" lon="11.646381"></trkpt>
    <trkpt lat="43.506093" lon="11.648616"></trkpt>
    <trkpt lat="43.505716" lon="11.648870"></trkpt>
    <trkpt lat="43.505165" lon="11.649262"></trkpt>
    <trkpt lat="43.504851" lon="11.649538"></trkpt>
    <trkpt lat="43.504452" lon="11.649923"></trkpt>
    <trkpt lat="43.503921" lon="11.650512"></trkpt>
    <trkpt lat="43.503484" lon="11.651085"></trkpt>
    <trkpt lat="43.503102" lon="11.651736"></trkpt>
    <trkpt lat="43.502734" lon="11.652387"></trkpt>
    <trkpt lat="43.501989" lon="11.653766"></trkpt>
    <trkpt lat="43.501072" lon="11.655465"></trkpt>
    <trkpt lat="43.500596" lon="11.656411"></trkpt>
    <trkpt lat="43.500443" lon="11.656740"></trkpt>
    <trkpt lat="43.500138" lon="11.657412"></trkpt>
    <trkpt lat="43.499615" lon="11.658721"></trkpt>
    <trkpt lat="43.498502" lon="11.661817"></trkpt>
    <trkpt lat="43.498221" lon="11.662559"></trkpt>
    <trkpt lat="43.497909" lon="11.663272"></trkpt>
    <trkpt lat="43.497738" lon="11.663626"></trkpt>
    <trkpt lat="43.497556" lon="11.663967"></trkpt>
    <trkpt lat="43.497163" lon="11.664627"></trkpt>
    <trkpt lat="43.496951" lon="11.664944"></trkpt>
    <trkpt lat="43.496731" lon="11.665252"></trkpt>
    <trkpt lat="43.496268" lon="11.665837"></trkpt>
    <trkpt lat="43.495774" lon="11.666387"></trkpt>
    <trkpt lat="43.494209" lon="11.667974"></trkpt>
    <trkpt lat="43.493713" lon="11.668533"></trkpt>
    <trkpt lat="43.493474" lon="11.668841"></trkpt>
    <trkpt lat="43.493024" lon="11.669483"></trkpt>
    <trkpt lat="43.492610" lon="11.670172"></trkpt>
    <trkpt lat="43.492245" lon="11.670910"></trkpt>
    <trkpt lat="43.492075" lon="11.671296"></trkpt>
    <trkpt lat="43.491920" lon="11.671692"></trkpt>
    <trkpt lat="43.491774" lon="11.672098"></trkpt>
    <trkpt lat="43.491644" lon="11.672513"></trkpt>
    <trkpt lat="43.491418" lon="11.673359"></trkpt>
    <trkpt lat="43.491323" lon="11.673794"></trkpt>
    <trkpt lat="43.490763" lon="11.676651"></trkpt>
    <trkpt lat="43.489799" lon="11.681463"></trkpt>
    <trkpt lat="43.488334" lon="11.688547"></trkpt>
    <trkpt lat="43.487021" lon="11.694859"></trkpt>
    <trkpt lat="43.486538" lon="11.697042"></trkpt>
    <trkpt lat="43.486003" lon="11.699629"></trkpt>
    <trkpt lat="43.485776" lon="11.700638"></trkpt>
    <trkpt lat="43.485371" lon="11.702512"></trkpt>
    <trkpt lat="43.484591" lon="11.705891"></trkpt>
    <trkpt lat="43.484045" lon="11.708309"></trkpt>
    <trkpt lat="43.483884" lon="11.709113"></trkpt>
    <trkpt lat="43.483817" lon="11.709525"></trkpt>
    <trkpt lat="43.483720" lon="11.710362"></trkpt>
    <trkpt lat="43.483653" lon="11.711214"></trkpt>
    <trkpt lat="43.483633" lon="11.711641"></trkpt>
    <trkpt lat="43.483632" lon="11.712503"></trkpt>
    <trkpt lat="43.483709" lon="11.713395"></trkpt>
    <trkpt lat="43.483807" lon="11.714900"></trkpt>
    <trkpt lat="43.483842" lon="11.715400"></trkpt>
    <trkpt lat="43.483978" lon="11.717183"></trkpt>
    <trkpt lat="43.484032" lon="11.718007"></trkpt>
    <trkpt lat="43.484049" lon="11.718396"></trkpt>
    <trkpt lat="43.484024" lon="11.718881"></trkpt>
    <trkpt lat="43.483934" lon="11.719495"></trkpt>
    <trkpt lat="43.483877" lon="11.719859"></trkpt>
    <trkpt lat="43.483804" lon="11.720217"></trkpt>
    <trkpt lat="43.483712" lon="11.720565"></trkpt>
    <trkpt lat="43.483485" lon="11.721244"></trkpt>
    <trkpt lat="43.483278" lon="11.721711"></trkpt>
    <trkpt lat="43.482271" lon="11.724101"></trkpt>
    <trkpt lat="43.481815" lon="11.725248"></trkpt>
    <trkpt lat="43.481167" lon="11.727049"></trkpt>
    <trkpt lat="43.480837" lon="11.727928"></trkpt>
    <trkpt lat="43.480365" lon="11.729148"></trkpt>
    <trkpt lat="43.478565" lon="11.733900"></trkpt>
    <trkpt lat="43.478282" lon="11.734596"></trkpt>
    <trkpt lat="43.477961" lon="11.735268"></trkpt>
    <trkpt lat="43.477782" lon="11.735591"></trkpt>
    <trkpt lat="43.477403" lon="11.736208"></trkpt>
    <trkpt lat="43.477195" lon="11.736504"></trkpt>
    <trkpt lat="43.476979" lon="11.736794"></trkpt>
    <trkpt lat="43.476529" lon="11.737342"></trkpt>
    <trkpt lat="43.476292" lon="11.737604"></trkpt>
    <trkpt lat="43.475805" lon="11.738104"></trkpt>
    <trkpt lat="43.475293" lon="11.738563"></trkpt>
    <trkpt lat="43.475031" lon="11.738782"></trkpt>
    <trkpt lat="43.474763" lon="11.738982"></trkpt>
    <trkpt lat="43.474209" lon="11.739365"></trkpt>
    <trkpt lat="43.473080" lon="11.740085"></trkpt>
    <trkpt lat="43.472203" lon="11.740652"></trkpt>
    <trkpt lat="43.470893" lon="11.741707"></trkpt>
    <trkpt lat="43.470627" lon="11.741941"></trkpt>
    <trkpt lat="43.469863" lon="11.742697"></trkpt>
    <trkpt lat="43.469590" lon="11.742980"></trkpt>
    <trkpt lat="43.467099" lon="11.745680"></trkpt>
    <trkpt lat="43.465323" lon="11.747564"></trkpt>
    <trkpt lat="43.463854" lon="11.749158"></trkpt>
    <trkpt lat="43.463249" lon="11.749826"></trkpt>
    <trkpt lat="43.463098" lon="11.750006"></trkpt>
    <trkpt lat="43.462264" lon="11.750797"></trkpt>
    <trkpt lat="43.461936" lon="11.751127"></trkpt>
    <trkpt lat="43.461408" lon="11.751585"></trkpt>
    <trkpt lat="43.460945" lon="11.751974"></trkpt>
    <trkpt lat="43.460399" lon="11.752320"></trkpt>
    <trkpt lat="43.460021" lon="11.752596"></trkpt>
    <trkpt lat="43.459593" lon="11.752855"></trkpt>
    <trkpt lat="43.459017" lon="11.753099"></trkpt>
    <trkpt lat="43.458340" lon="11.753285"></trkpt>
    <trkpt lat="43.457786" lon="11.753407"></trkpt>
    <trkpt lat="43.457144" lon="11.753625"></trkpt>
    <trkpt lat="43.455869" lon="11.753978"></trkpt>
    <trkpt lat="43.453509" lon="11.754759"></trkpt>
    <trkpt lat="43.453207" lon="11.754847"></trkpt>
    <trkpt lat="43.451621" lon="11.755308"></trkpt>
    <trkpt lat="43.451030" lon="11.755505"></trkpt>
    <trkpt lat="43.450745" lon="11.755617"></trkpt>
    <trkpt lat="43.450471" lon="11.755760"></trkpt>
    <trkpt lat="43.450210" lon="11.755932"></trkpt>
    <trkpt lat="43.449953" lon="11.756136"></trkpt>
    <trkpt lat="43.449714" lon="11.756363"></trkpt>
    <trkpt lat="43.449485" lon="11.756628"></trkpt>
    <trkpt lat="43.449279" lon="11.756916"></trkpt>
    <trkpt lat="43.449088" lon="11.757235"></trkpt>
    <trkpt lat="43.448915" lon="11.757570"></trkpt>
    <trkpt lat="43.448757" lon="11.757939"></trkpt>
    <trkpt lat="43.448618" lon="11.758323"></trkpt>
    <trkpt lat="43.448504" lon="11.758727"></trkpt>
    <trkpt lat="43.448407" lon="11.759146"></trkpt>
    <trkpt lat="43.448241" lon="11.760013"></trkpt>
    <trkpt lat="43.447806" lon="11.762645"></trkpt>
    <trkpt lat="43.447694" lon="11.763111"></trkpt>
    <trkpt lat="43.447503" lon="11.763977"></trkpt>
    <trkpt lat="43.447270" lon="11.764816"></trkpt>
    <trkpt lat="43.447136" lon="11.765226"></trkpt>
    <trkpt lat="43.446835" lon="11.766026"></trkpt>
    <trkpt lat="43.446488" lon="11.766802"></trkpt>
    <trkpt lat="43.446096" lon="11.767533"></trkpt>
    <trkpt lat="43.445661" lon="11.768224"></trkpt>
    <trkpt lat="43.443472" lon="11.771279"></trkpt>
    <trkpt lat="43.443354" lon="11.771455"></trkpt>
    <trkpt lat="43.442876" lon="11.772053"></trkpt>
    <trkpt lat="43.442675" lon="11.772315"></trkpt>
    <trkpt lat="43.441874" lon="11.773117"></trkpt>
    <trkpt lat="43.441332" lon="11.773610"></trkpt>
    <trkpt lat="43.440787" lon="11.774014"></trkpt>
    <trkpt lat="43.440209" lon="11.774359"></trkpt>
    <trkpt lat="43.439952" lon="11.774515"></trkpt>
    <trkpt lat="43.439697" lon="11.774629"></trkpt>
    <trkpt lat="43.439065" lon="11.774880"></trkpt>
    <trkpt lat="43.436920" lon="11.775740"></trkpt>
    <trkpt lat="43.435877" lon="11.776174"></trkpt>
    <trkpt lat="43.434628" lon="11.776727"></trkpt>
    <trkpt lat="43.434004" lon="11.776989"></trkpt>
    <trkpt lat="43.431188" lon="11.778087"></trkpt>
    <trkpt lat="43.430875" lon="11.778192"></trkpt>
    <trkpt lat="43.430237" lon="11.778355"></trkpt>
    <trkpt lat="43.429592" lon="11.778455"></trkpt>
    <trkpt lat="43.429270" lon="11.778476"></trkpt>
    <trkpt lat="43.428618" lon="11.778476"></trkpt>
    <trkpt lat="43.427968" lon="11.778413"></trkpt>
    <trkpt lat="43.427321" lon="11.778276"></trkpt>
    <trkpt lat="43.427004" lon="11.778185"></trkpt>
    <trkpt lat="43.426385" lon="11.777958"></trkpt>
    <trkpt lat="43.425777" lon="11.777673"></trkpt>
    <trkpt lat="43.425188" lon="11.777332"></trkpt>
    <trkpt lat="43.424616" lon="11.776932"></trkpt>
    <trkpt lat="43.424056" lon="11.776474"></trkpt>
    <trkpt lat="43.422100" lon="11.774737"></trkpt>
    <trkpt lat="43.419282" lon="11.772297"></trkpt>
    <trkpt lat="43.418394" lon="11.771533"></trkpt>
    <trkpt lat="43.415598" lon="11.769130"></trkpt>
    <trkpt lat="43.413879" lon="11.767705"></trkpt>
    <trkpt lat="43.413018" lon="11.767020"></trkpt>
    <trkpt lat="43.412437" lon="11.766582"></trkpt>
    <trkpt lat="43.411843" lon="11.766167"></trkpt>
    <trkpt lat="43.411247" lon="11.765777"></trkpt>
    <trkpt lat="43.410632" lon="11.765414"></trkpt>
    <trkpt lat="43.409829" lon="11.764969"></trkpt>
    <trkpt lat="43.408451" lon="11.764205"></trkpt>
    <trkpt lat="43.404857" lon="11.762249"></trkpt>
    <trkpt lat="43.403410" lon="11.761462"></trkpt>
    <trkpt lat="43.402247" lon="11.760827"></trkpt>
    <trkpt lat="43.399861" lon="11.759527"></trkpt>
    <trkpt lat="43.399290" lon="11.759215"></trkpt>
    <trkpt lat="43.397640" lon="11.758340"></trkpt>
    <trkpt lat="43.396683" lon="11.757847"></trkpt>
    <trkpt lat="43.396045" lon="11.757566"></trkpt>
    <trkpt lat="43.395401" lon="11.757320"></trkpt>
    <trkpt lat="43.394751" lon="11.757103"></trkpt>
    <trkpt lat="43.394095" lon="11.756923"></trkpt>
    <trkpt lat="43.393424" lon="11.756771"></trkpt>
    <trkpt lat="43.393093" lon="11.756713"></trkpt>
    <trkpt lat="43.392094" lon="11.756590"></trkpt>
    <trkpt lat="43.391420" lon="11.756538"></trkpt>
    <trkpt lat="43.390073" lon="11.756522"></trkpt>
    <trkpt lat="43.386973" lon="11.756536"></trkpt>
    <trkpt lat="43.384641" lon="11.756569"></trkpt>
    <trkpt lat="43.383782" lon="11.756612"></trkpt>
    <trkpt lat="43.381984" lon="11.756580"></trkpt>
    <trkpt lat="43.380201" lon="11.756597"></trkpt>
    <trkpt lat="43.379144" lon="11.756632"></trkpt>
    <trkpt lat="43.378094" lon="11.756646"></trkpt>
    <trkpt lat="43.376710" lon="11.756648"></trkpt>
    <trkpt lat="43.375789" lon="11.756588"></trkpt>
    <trkpt lat="43.374991" lon="11.756627"></trkpt>
    <trkpt lat="43.373977" lon="11.756671"></trkpt>
    <trkpt lat="43.373312" lon="11.756756"></trkpt>
    <trkpt lat="43.372647" lon="11.756886"></trkpt>
    <trkpt lat="43.372121" lon="11.757042"></trkpt>
    <trkpt lat="43.371345" lon="11.757318"></trkpt>
    <trkpt lat="43.370721" lon="11.757589"></trkpt>
    <trkpt lat="43.370242" lon="11.757823"></trkpt>
    <trkpt lat="43.368504" lon="11.758660"></trkpt>
    <trkpt lat="43.366881" lon="11.759498"></trkpt>
    <trkpt lat="43.365302" lon="11.760325"></trkpt>
    <trkpt lat="43.363303" lon="11.761390"></trkpt>
    <trkpt lat="43.359049" lon="11.763614"></trkpt>
    <trkpt lat="43.358385" lon="11.763923"></trkpt>
    <trkpt lat="43.357667" lon="11.764190"></trkpt>
    <trkpt lat="43.356937" lon="11.764379"></trkpt>
    <trkpt lat="43.356068" lon="11.764519"></trkpt>
    <trkpt lat="43.355306" lon="11.764565"></trkpt>
    <trkpt lat="43.354322" lon="11.764520"></trkpt>
    <trkpt lat="43.353419" lon="11.764438"></trkpt>
    <trkpt lat="43.351719" lon="11.764298"></trkpt>
    <trkpt lat="43.350398" lon="11.764163"></trkpt>
    <trkpt lat="43.348918" lon="11.764051"></trkpt>
    <trkpt lat="43.348103" lon="11.763945"></trkpt>
    <trkpt lat="43.343532" lon="11.763535"></trkpt>
    <trkpt lat="43.341892" lon="11.763366"></trkpt>
    <trkpt lat="43.340627" lon="11.763276"></trkpt>
    <trkpt lat="43.338580" lon="11.763118"></trkpt>
    <trkpt lat="43.336929" lon="11.762973"></trkpt>
    <trkpt lat="43.334630" lon="11.762754"></trkpt>
    <trkpt lat="43.331485" lon="11.762447"></trkpt>
    <trkpt lat="43.327869" lon="11.762087"></trkpt>
    <trkpt lat="43.326807" lon="11.761999"></trkpt>
    <trkpt lat="43.323835" lon="11.761718"></trkpt>
    <trkpt lat="43.323648" lon="11.761701"></trkpt>
    <trkpt lat="43.321428" lon="11.761509"></trkpt>
    <trkpt lat="43.320093" lon="11.761418"></trkpt>
    <trkpt lat="43.318082" lon="11.761247"></trkpt>
    <trkpt lat="43.317082" lon="11.761218"></trkpt>
    <trkpt lat="43.315739" lon="11.761234"></trkpt>
    <trkpt lat="43.315074" lon="11.761280"></trkpt>
    <trkpt lat="43.313068" lon="11.761504"></trkpt>
    <trkpt lat="43.310728" lon="11.761704"></trkpt>
    <trkpt lat="43.304697" lon="11.762297"></trkpt>
    <trkpt lat="43.302134" lon="11.762547"></trkpt>
    <trkpt lat="43.301272" lon="11.762630"></trkpt>
    <trkpt lat="43.298250" lon="11.762974"></trkpt>
    <trkpt lat="43.296892" lon="11.763101"></trkpt>
    <trkpt lat="43.295397" lon="11.763200"></trkpt>
    <trkpt lat="43.294134" lon="11.763324"></trkpt>
    <trkpt lat="43.292426" lon="11.763494"></trkpt>
    <trkpt lat="43.291731" lon="11.763566"></trkpt>
    <trkpt lat="43.289986" lon="11.763795"></trkpt>
    <trkpt lat="43.288944" lon="11.763988"></trkpt>
    <trkpt lat="43.287930" lon="11.764229"></trkpt>
    <trkpt lat="43.285962" lon="11.764791"></trkpt>
    <trkpt lat="43.284327" lon="11.765236"></trkpt>
    <trkpt lat="43.282352" lon="11.765730"></trkpt>
    <trkpt lat="43.278113" lon="11.766899"></trkpt>
    <trkpt lat="43.270628" lon="11.768932"></trkpt>
    <trkpt lat="43.269330" lon="11.769253"></trkpt>
    <trkpt lat="43.268777" lon="11.769376"></trkpt>
    <trkpt lat="43.268354" lon="11.769390"></trkpt>
    <trkpt lat="43.267694" lon="11.769363"></trkpt>
    <trkpt lat="43.267372" lon="11.769325"></trkpt>
    <trkpt lat="43.267048" lon="11.769256"></trkpt>
    <trkpt lat="43.266401" lon="11.769061"></trkpt>
    <trkpt lat="43.266086" lon="11.768940"></trkpt>
    <trkpt lat="43.263899" lon="11.767916"></trkpt>
    <trkpt lat="43.262990" lon="11.767539"></trkpt>
    <trkpt lat="43.262676" lon="11.767440"></trkpt>
    <trkpt lat="43.262367" lon="11.767371"></trkpt>
    <trkpt lat="43.262056" lon="11.767328"></trkpt>
    <trkpt lat="43.261748" lon="11.767310"></trkpt>
    <trkpt lat="43.261433" lon="11.767316"></trkpt>
    <trkpt lat="43.261124" lon="11.767347"></trkpt>
    <trkpt lat="43.260816" lon="11.767402"></trkpt>
    <trkpt lat="43.260209" lon="11.767587"></trkpt>
    <trkpt lat="43.257759" lon="11.768576"></trkpt>
    <trkpt lat="43.253953" lon="11.770047"></trkpt>
    <trkpt lat="43.251716" lon="11.770896"></trkpt>
    <trkpt lat="43.250813" lon="11.771239"></trkpt>
    <trkpt lat="43.250200" lon="11.771489"></trkpt>
    <trkpt lat="43.249593" lon="11.771766"></trkpt>
    <trkpt lat="43.249000" lon="11.772087"></trkpt>
    <trkpt lat="43.248420" lon="11.772462"></trkpt>
    <trkpt lat="43.247857" lon="11.772892"></trkpt>
    <trkpt lat="43.247749" lon="11.772990"></trkpt>
    <trkpt lat="43.247327" lon="11.773374"></trkpt>
    <trkpt lat="43.247069" lon="11.773635"></trkpt>
    <trkpt lat="43.246139" lon="11.774673"></trkpt>
    <trkpt lat="43.245396" lon="11.775501"></trkpt>
    <trkpt lat="43.244072" lon="11.776978"></trkpt>
    <trkpt lat="43.243744" lon="11.777343"></trkpt>
    <trkpt lat="43.242792" lon="11.778405"></trkpt>
    <trkpt lat="43.242280" lon="11.778970"></trkpt>
    <trkpt lat="43.241234" lon="11.780078"></trkpt>
    <trkpt lat="43.238703" lon="11.782876"></trkpt>
    <trkpt lat="43.238244" lon="11.783433"></trkpt>
    <trkpt lat="43.237338" lon="11.784596"></trkpt>
    <trkpt lat="43.237073" lon="11.784953"></trkpt>
    <trkpt lat="43.236657" lon="11.785513"></trkpt>
    <trkpt lat="43.235992" lon="11.786488"></trkpt>
    <trkpt lat="43.234651" lon="11.788516"></trkpt>
    <trkpt lat="43.234186" lon="11.789179"></trkpt>
    <trkpt lat="43.233699" lon="11.789808"></trkpt>
    <trkpt lat="43.233444" lon="11.790108"></trkpt>
    <trkpt lat="43.233187" lon="11.790404"></trkpt>
    <trkpt lat="43.232646" lon="11.790962"></trkpt>
    <trkpt lat="43.232082" lon="11.791481"></trkpt>
    <trkpt lat="43.230214" lon="11.793106"></trkpt>
    <trkpt lat="43.229507" lon="11.793767"></trkpt>
    <trkpt lat="43.227272" lon="11.795717"></trkpt>
    <trkpt lat="43.224286" lon="11.798380"></trkpt>
    <trkpt lat="43.222925" lon="11.799541"></trkpt>
    <trkpt lat="43.220280" lon="11.801939"></trkpt>
    <trkpt lat="43.218640" lon="11.803377"></trkpt>
    <trkpt lat="43.218110" lon="11.803829"></trkpt>
    <trkpt lat="43.217178" lon="11.804649"></trkpt>
    <trkpt lat="43.215564" lon="11.806075"></trkpt>
    <trkpt lat="43.215124" lon="11.806456"></trkpt>
    <trkpt lat="43.214586" lon="11.806894"></trkpt>
    <trkpt lat="43.214204" lon="11.807203"></trkpt>
    <trkpt lat="43.213941" lon="11.807404"></trkpt>
    <trkpt lat="43.213772" lon="11.807533"></trkpt>
    <trkpt lat="43.213471" lon="11.807766"></trkpt>
    <trkpt lat="43.211641" lon="11.809075"></trkpt>
    <trkpt lat="43.210951" lon="11.809561"></trkpt>
    <trkpt lat="43.210322" lon="11.810017"></trkpt>
    <trkpt lat="43.208462" lon="11.811321"></trkpt>
    <trkpt lat="43.207246" lon="11.812205"></trkpt>
    <trkpt lat="43.203118" lon="11.815137"></trkpt>
    <trkpt lat="43.201367" lon="11.816380"></trkpt>
    <trkpt lat="43.199654" lon="11.817597"></trkpt>
    <trkpt lat="43.197803" lon="11.818913"></trkpt>
    <trkpt lat="43.196652" lon="11.819735"></trkpt>
    <trkpt lat="43.195708" lon="11.820403"></trkpt>
    <trkpt lat="43.195335" lon="11.820666"></trkpt>
    <trkpt lat="43.194595" lon="11.821173"></trkpt>
    <trkpt lat="43.194094" lon="11.821500"></trkpt>
    <trkpt lat="43.193710" lon="11.821745"></trkpt>
    <trkpt lat="43.192730" lon="11.822354"></trkpt>
    <trkpt lat="43.191363" lon="11.823182"></trkpt>
    <trkpt lat="43.190281" lon="11.823850"></trkpt>
    <trkpt lat="43.182718" lon="11.828420"></trkpt>
    <trkpt lat="43.174515" lon="11.833400"></trkpt>
    <trkpt lat="43.172342" lon="11.834718"></trkpt>
    <trkpt lat="43.171414" lon="11.835317"></trkpt>
    <trkpt lat="43.170729" lon="11.835803"></trkpt>
    <trkpt lat="43.170055" lon="11.836322"></trkpt>
    <trkpt lat="43.156913" lon="11.847238"></trkpt>
    <trkpt lat="43.153453" lon="11.850083"></trkpt>
    <trkpt lat="43.148551" lon="11.854075"></trkpt>
    <trkpt lat="43.147914" lon="11.854602"></trkpt>
    <trkpt lat="43.143434" lon="11.858337"></trkpt>
    <trkpt lat="43.139183" lon="11.861840"></trkpt>
    <trkpt lat="43.138650" lon="11.862279"></trkpt>
    <trkpt lat="43.135805" lon="11.864627"></trkpt>
    <trkpt lat="43.135571" lon="11.864814"></trkpt>
    <trkpt lat="43.134683" lon="11.865545"></trkpt>
    <trkpt lat="43.133754" lon="11.866313"></trkpt>
    <trkpt lat="43.133233" lon="11.866744"></trkpt>
    <trkpt lat="43.132592" lon="11.867260"></trkpt>
    <trkpt lat="43.129530" lon="11.869723"></trkpt>
    <trkpt lat="43.128550" lon="11.870521"></trkpt>
    <trkpt lat="43.128266" lon="11.870683"></trkpt>
    <trkpt lat="43.128116" lon="11.870762"></trkpt>
    <trkpt lat="43.127966" lon="11.870833"></trkpt>
    <trkpt lat="43.127568" lon="11.871004"></trkpt>
    <trkpt lat="43.127338" lon="11.871072"></trkpt>
    <trkpt lat="43.127172" lon="11.871119"></trkpt>
    <trkpt lat="43.126860" lon="11.871192"></trkpt>
    <trkpt lat="43.126735" lon="11.871211"></trkpt>
    <trkpt lat="43.126581" lon="11.871233"></trkpt>
    <trkpt lat="43.126428" lon="11.871249"></trkpt>
    <trkpt lat="43.126291" lon="11.871260"></trkpt>
    <trkpt lat="43.126152" lon="11.871267"></trkpt>
    <trkpt lat="43.126017" lon="11.871270"></trkpt>
    <trkpt lat="43.125882" lon="11.871268"></trkpt>
    <trkpt lat="43.125880" lon="11.871268"></trkpt>
    <trkpt lat="43.125473" lon="11.871242"></trkpt>
    <trkpt lat="43.125295" lon="11.871220"></trkpt>
    <trkpt lat="43.123210" lon="11.870956"></trkpt>
    <trkpt lat="43.122783" lon="11.870895"></trkpt>
    <trkpt lat="43.122471" lon="11.870853"></trkpt>
    <trkpt lat="43.121527" lon="11.870730"></trkpt>
    <trkpt lat="43.120757" lon="11.870639"></trkpt>
    <trkpt lat="43.120493" lon="11.870634"></trkpt>
    <trkpt lat="43.120199" lon="11.870653"></trkpt>
    <trkpt lat="43.120048" lon="11.870672"></trkpt>
    <trkpt lat="43.119897" lon="11.870694"></trkpt>
    <trkpt lat="43.119722" lon="11.870727"></trkpt>
    <trkpt lat="43.119487" lon="11.870779"></trkpt>
    <trkpt lat="43.119241" lon="11.870859"></trkpt>
    <trkpt lat="43.119027" lon="11.870936"></trkpt>
    <trkpt lat="43.118931" lon="11.870976"></trkpt>
    <trkpt lat="43.118784" lon="11.871043"></trkpt>
    <trkpt lat="43.118638" lon="11.871118"></trkpt>
    <trkpt lat="43.118417" lon="11.871243"></trkpt>
    <trkpt lat="43.118203" lon="11.871368"></trkpt>
    <trkpt lat="43.118092" lon="11.871441"></trkpt>
    <trkpt lat="43.117998" lon="11.871511"></trkpt>
    <trkpt lat="43.117853" lon="11.871619"></trkpt>
    <trkpt lat="43.117740" lon="11.871710"></trkpt>
    <trkpt lat="43.112290" lon="11.877076"></trkpt>
    <trkpt lat="43.110576" lon="11.878777"></trkpt>
    <trkpt lat="43.108930" lon="11.880413"></trkpt>
    <trkpt lat="43.108486" lon="11.880816"></trkpt>
    <trkpt lat="43.108248" lon="11.881017"></trkpt>
    <trkpt lat="43.107810" lon="11.881336"></trkpt>
    <trkpt lat="43.107498" lon="11.881550"></trkpt>
    <trkpt lat="43.107280" lon="11.881615"></trkpt>
    <trkpt lat="43.106948" lon="11.881797"></trkpt>
    <trkpt lat="43.106807" lon="11.881875"></trkpt>
    <trkpt lat="43.106654" lon="11.881945"></trkpt>
    <trkpt lat="43.106319" lon="11.882098"></trkpt>
    <trkpt lat="43.104769" lon="11.882789"></trkpt>
    <trkpt lat="43.100240" lon="11.884712"></trkpt>
    <trkpt lat="43.097978" lon="11.885654"></trkpt>
    <trkpt lat="43.095707" lon="11.886566"></trkpt>
    <trkpt lat="43.093045" lon="11.887640"></trkpt>
    <trkpt lat="43.087889" lon="11.889812"></trkpt>
    <trkpt lat="43.064889" lon="11.899465"></trkpt>
    <trkpt lat="43.064597" lon="11.899586"></trkpt>
    <trkpt lat="43.059187" lon="11.901827"></trkpt>
    <trkpt lat="43.058195" lon="11.902244"></trkpt>
    <trkpt lat="43.056262" lon="11.903057"></trkpt>
    <trkpt lat="43.055883" lon="11.903207"></trkpt>
    <trkpt lat="43.046333" lon="11.907218"></trkpt>
    <trkpt lat="43.045838" lon="11.907397"></trkpt>
    <trkpt lat="43.045352" lon="11.907529"></trkpt>
    <trkpt lat="43.044897" lon="11.907600"></trkpt>
    <trkpt lat="43.044397" lon="11.907607"></trkpt>
    <trkpt lat="43.044081" lon="11.907586"></trkpt>
    <trkpt lat="43.043670" lon="11.907537"></trkpt>
    <trkpt lat="43.043436" lon="11.907487"></trkpt>
    <trkpt lat="43.043203" lon="11.907428"></trkpt>
    <trkpt lat="43.042712" lon="11.907258"></trkpt>
    <trkpt lat="43.039493" lon="11.905919"></trkpt>
    <trkpt lat="43.038993" lon="11.905722"></trkpt>
    <trkpt lat="43.038519" lon="11.905580"></trkpt>
    <trkpt lat="43.037992" lon="11.905480"></trkpt>
    <trkpt lat="43.037534" lon="11.905451"></trkpt>
    <trkpt lat="43.037029" lon="11.905480"></trkpt>
    <trkpt lat="43.036339" lon="11.905587"></trkpt>
    <trkpt lat="43.035676" lon="11.905790"></trkpt>
    <trkpt lat="43.035076" lon="11.906077"></trkpt>
    <trkpt lat="43.034628" lon="11.906352"></trkpt>
    <trkpt lat="43.034184" lon="11.906678"></trkpt>
    <trkpt lat="43.033696" lon="11.907083"></trkpt>
    <trkpt lat="43.031541" lon="11.909342"></trkpt>
    <trkpt lat="43.029490" lon="11.911532"></trkpt>
    <trkpt lat="43.029064" lon="11.911959"></trkpt>
    <trkpt lat="43.028634" lon="11.912335"></trkpt>
    <trkpt lat="43.028198" lon="11.912648"></trkpt>
    <trkpt lat="43.027726" lon="11.912932"></trkpt>
    <trkpt lat="43.027318" lon="11.913109"></trkpt>
    <trkpt lat="43.027014" lon="11.913246"></trkpt>
    <trkpt lat="43.026488" lon="11.913395"></trkpt>
    <trkpt lat="43.026029" lon="11.913477"></trkpt>
    <trkpt lat="43.025501" lon="11.913499"></trkpt>
    <trkpt lat="43.024973" lon="11.913477"></trkpt>
    <trkpt lat="43.024473" lon="11.913382"></trkpt>
    <trkpt lat="43.023959" lon="11.913248"></trkpt>
    <trkpt lat="43.021090" lon="11.912340"></trkpt>
    <trkpt lat="43.020521" lon="11.912185"></trkpt>
    <trkpt lat="43.019328" lon="11.911817"></trkpt>
    <trkpt lat="43.018744" lon="11.911633"></trkpt>
    <trkpt lat="43.017493" lon="11.911155"></trkpt>
    <trkpt lat="43.017050" lon="11.910988"></trkpt>
    <trkpt lat="43.016350" lon="11.910777"></trkpt>
    <trkpt lat="43.013824" lon="11.910029"></trkpt>
    <trkpt lat="43.013678" lon="11.909989"></trkpt>
    <trkpt lat="43.013533" lon="11.909961"></trkpt>
    <trkpt lat="43.013371" lon="11.909950"></trkpt>
    <trkpt lat="43.013208" lon="11.909941"></trkpt>
    <trkpt lat="43.012971" lon="11.909940"></trkpt>
    <trkpt lat="43.012736" lon="11.909954"></trkpt>
    <trkpt lat="43.012297" lon="11.910020"></trkpt>
    <trkpt lat="43.011873" lon="11.910119"></trkpt>
    <trkpt lat="43.011461" lon="11.910260"></trkpt>
    <trkpt lat="43.011056" lon="11.910450"></trkpt>
    <trkpt lat="43.010516" lon="11.910790"></trkpt>
    <trkpt lat="43.010185" lon="11.911042"></trkpt>
    <trkpt lat="43.009863" lon="11.911316"></trkpt>
    <trkpt lat="43.008237" lon="11.912723"></trkpt>
    <trkpt lat="43.007033" lon="11.913757"></trkpt>
    <trkpt lat="43.005720" lon="11.914894"></trkpt>
    <trkpt lat="43.004423" lon="11.916019"></trkpt>
    <trkpt lat="43.002614" lon="11.917593"></trkpt>
    <trkpt lat="43.002290" lon="11.917870"></trkpt>
    <trkpt lat="43.001499" lon="11.918486"></trkpt>
    <trkpt lat="43.000926" lon="11.918853"></trkpt>
    <trkpt lat="43.000451" lon="11.919114"></trkpt>
    <trkpt lat="42.999975" lon="11.919369"></trkpt>
    <trkpt lat="42.999233" lon="11.919622"></trkpt>
    <trkpt lat="42.998422" lon="11.919810"></trkpt>
    <trkpt lat="42.994006" lon="11.920424"></trkpt>
    <trkpt lat="42.989559" lon="11.921019"></trkpt>
    <trkpt lat="42.988749" lon="11.921153"></trkpt>
    <trkpt lat="42.988439" lon="11.921229"></trkpt>
    <trkpt lat="42.988203" lon="11.921303"></trkpt>
    <trkpt lat="42.988014" lon="11.921366"></trkpt>
    <trkpt lat="42.987847" lon="11.921423"></trkpt>
    <trkpt lat="42.987685" lon="11.921489"></trkpt>
    <trkpt lat="42.987507" lon="11.921567"></trkpt>
    <trkpt lat="42.987312" lon="11.921651"></trkpt>
    <trkpt lat="42.987115" lon="11.921750"></trkpt>
    <trkpt lat="42.986906" lon="11.921866"></trkpt>
    <trkpt lat="42.986660" lon="11.922007"></trkpt>
    <trkpt lat="42.986437" lon="11.922138"></trkpt>
    <trkpt lat="42.986162" lon="11.922321"></trkpt>
    <trkpt lat="42.985905" lon="11.922502"></trkpt>
    <trkpt lat="42.985637" lon="11.922711"></trkpt>
    <trkpt lat="42.985272" lon="11.923027"></trkpt>
    <trkpt lat="42.984241" lon="11.923921"></trkpt>
    <trkpt lat="42.982896" lon="11.925089"></trkpt>
    <trkpt lat="42.982117" lon="11.925767"></trkpt>
    <trkpt lat="42.976974" lon="11.930237"></trkpt>
    <trkpt lat="42.967995" lon="11.937954"></trkpt>
    <trkpt lat="42.967411" lon="11.938383"></trkpt>
    <trkpt lat="42.966344" lon="11.939070"></trkpt>
    <trkpt lat="42.965653" lon="11.939456"></trkpt>
    <trkpt lat="42.954937" lon="11.944580"></trkpt>
    <trkpt lat="42.954384" lon="11.944855"></trkpt>
    <trkpt lat="42.950625" lon="11.946967"></trkpt>
    <trkpt lat="42.949572" lon="11.947561"></trkpt>
    <trkpt lat="42.946362" lon="11.949329"></trkpt>
    <trkpt lat="42.938010" lon="11.953986"></trkpt>
    <trkpt lat="42.937785" lon="11.954111"></trkpt>
    <trkpt lat="42.932481" lon="11.957068"></trkpt>
    <trkpt lat="42.930898" lon="11.958064"></trkpt>
    <trkpt lat="42.914732" lon="11.969874"></trkpt>
    <trkpt lat="42.913915" lon="11.970544"></trkpt>
    <trkpt lat="42.913488" lon="11.970973"></trkpt>
    <trkpt lat="42.913004" lon="11.971522"></trkpt>
    <trkpt lat="42.912520" lon="11.972192"></trkpt>
    <trkpt lat="42.912155" lon="11.972750"></trkpt>
    <trkpt lat="42.911652" lon="11.973634"></trkpt>
    <trkpt lat="42.911199" lon="11.974638"></trkpt>
    <trkpt lat="42.910822" lon="11.975668"></trkpt>
    <trkpt lat="42.906843" lon="11.987485"></trkpt>
    <trkpt lat="42.906636" lon="11.988100"></trkpt>
    <trkpt lat="42.906007" lon="11.989967"></trkpt>
    <trkpt lat="42.905737" lon="11.990624"></trkpt>
    <trkpt lat="42.905625" lon="11.990894"></trkpt>
    <trkpt lat="42.905548" lon="11.991083"></trkpt>
    <trkpt lat="42.905045" lon="11.991984"></trkpt>
    <trkpt lat="42.904561" lon="11.992774"></trkpt>
    <trkpt lat="42.897339" lon="12.002743"></trkpt>
    <trkpt lat="42.896887" lon="12.003368"></trkpt>
    <trkpt lat="42.893432" lon="12.008138"></trkpt>
    <trkpt lat="42.893130" lon="12.008524"></trkpt>
    <trkpt lat="42.892740" lon="12.008936"></trkpt>
    <trkpt lat="42.892291" lon="12.009323"></trkpt>
    <trkpt lat="42.891511" lon="12.009817"></trkpt>
    <trkpt lat="42.880243" lon="12.015931"></trkpt>
    <trkpt lat="42.879590" lon="12.016283"></trkpt>
    <trkpt lat="42.879436" lon="12.016364"></trkpt>
    <trkpt lat="42.877541" lon="12.017386"></trkpt>
    <trkpt lat="42.874422" lon="12.019063"></trkpt>
    <trkpt lat="42.873900" lon="12.019349"></trkpt>
    <trkpt lat="42.873207" lon="12.019809"></trkpt>
    <trkpt lat="42.872938" lon="12.020030"></trkpt>
    <trkpt lat="42.872726" lon="12.020212"></trkpt>
    <trkpt lat="42.872500" lon="12.020425"></trkpt>
    <trkpt lat="42.872217" lon="12.020716"></trkpt>
    <trkpt lat="42.872011" lon="12.020948"></trkpt>
    <trkpt lat="42.871692" lon="12.021354"></trkpt>
    <trkpt lat="42.871500" lon="12.021613"></trkpt>
    <trkpt lat="42.871157" lon="12.022143"></trkpt>
    <trkpt lat="42.870990" lon="12.022395"></trkpt>
    <trkpt lat="42.866405" lon="12.029402"></trkpt>
    <trkpt lat="42.862830" lon="12.034809"></trkpt>
    <trkpt lat="42.861770" lon="12.036453"></trkpt>
    <trkpt lat="42.861602" lon="12.036702"></trkpt>
    <trkpt lat="42.861398" lon="12.036954"></trkpt>
    <trkpt lat="42.861323" lon="12.037039"></trkpt>
    <trkpt lat="42.861108" lon="12.037253"></trkpt>
    <trkpt lat="42.860896" lon="12.037443"></trkpt>
    <trkpt lat="42.860589" lon="12.037673"></trkpt>
    <trkpt lat="42.860234" lon="12.037895"></trkpt>
    <trkpt lat="42.859852" lon="12.038083"></trkpt>
    <trkpt lat="42.859459" lon="12.038217"></trkpt>
    <trkpt lat="42.859190" lon="12.038283"></trkpt>
    <trkpt lat="42.858933" lon="12.038320"></trkpt>
    <trkpt lat="42.858563" lon="12.038349"></trkpt>
    <trkpt lat="42.858133" lon="12.038319"></trkpt>
    <trkpt lat="42.857434" lon="12.038176"></trkpt>
    <trkpt lat="42.853510" lon="12.037327"></trkpt>
    <trkpt lat="42.852973" lon="12.037262"></trkpt>
    <trkpt lat="42.852428" lon="12.037240"></trkpt>
    <trkpt lat="42.851602" lon="12.037295"></trkpt>
    <trkpt lat="42.850773" lon="12.037445"></trkpt>
    <trkpt lat="42.849952" lon="12.037695"></trkpt>
    <trkpt lat="42.846335" lon="12.039057"></trkpt>
    <trkpt lat="42.841529" lon="12.040824"></trkpt>
    <trkpt lat="42.841448" lon="12.040855"></trkpt>
    <trkpt lat="42.837019" lon="12.042519"></trkpt>
    <trkpt lat="42.836249" lon="12.042728"></trkpt>
    <trkpt lat="42.835416" lon="12.042881"></trkpt>
    <trkpt lat="42.835036" lon="12.042911"></trkpt>
    <trkpt lat="42.834364" lon="12.042882"></trkpt>
    <trkpt lat="42.828896" lon="12.042409"></trkpt>
    <trkpt lat="42.828680" lon="12.042390"></trkpt>
    <trkpt lat="42.828110" lon="12.042298"></trkpt>
    <trkpt lat="42.827533" lon="12.042160"></trkpt>
    <trkpt lat="42.826657" lon="12.041863"></trkpt>
    <trkpt lat="42.826400" lon="12.041764"></trkpt>
    <trkpt lat="42.826068" lon="12.041610"></trkpt>
    <trkpt lat="42.825709" lon="12.041428"></trkpt>
    <trkpt lat="42.825300" lon="12.041181"></trkpt>
    <trkpt lat="42.824960" lon="12.040965"></trkpt>
    <trkpt lat="42.824439" lon="12.040586"></trkpt>
    <trkpt lat="42.823904" lon="12.040157"></trkpt>
    <trkpt lat="42.823516" lon="12.039788"></trkpt>
    <trkpt lat="42.822990" lon="12.039237"></trkpt>
    <trkpt lat="42.822509" lon="12.038653"></trkpt>
    <trkpt lat="42.822191" lon="12.038220"></trkpt>
    <trkpt lat="42.821883" lon="12.037777"></trkpt>
    <trkpt lat="42.820628" lon="12.035810"></trkpt>
    <trkpt lat="42.820029" lon="12.034879"></trkpt>
    <trkpt lat="42.819460" lon="12.033931"></trkpt>
    <trkpt lat="42.819202" lon="12.033588"></trkpt>
    <trkpt lat="42.818803" lon="12.033164"></trkpt>
    <trkpt lat="42.818692" lon="12.033055"></trkpt>
    <trkpt lat="42.818550" lon="12.032928"></trkpt>
    <trkpt lat="42.818293" lon="12.032713"></trkpt>
    <trkpt lat="42.818030" lon="12.032537"></trkpt>
    <trkpt lat="42.817590" lon="12.032302"></trkpt>
    <trkpt lat="42.817338" lon="12.032197"></trkpt>
    <trkpt lat="42.817103" lon="12.032112"></trkpt>
    <trkpt lat="42.816707" lon="12.032019"></trkpt>
    <trkpt lat="42.816437" lon="12.031988"></trkpt>
    <trkpt lat="42.816144" lon="12.031970"></trkpt>
    <trkpt lat="42.815843" lon="12.031983"></trkpt>
    <trkpt lat="42.815515" lon="12.032027"></trkpt>
    <trkpt lat="42.815177" lon="12.032105"></trkpt>
    <trkpt lat="42.814673" lon="12.032292"></trkpt>
    <trkpt lat="42.813488" lon="12.032826"></trkpt>
    <trkpt lat="42.810232" lon="12.034332"></trkpt>
    <trkpt lat="42.809554" lon="12.034671"></trkpt>
    <trkpt lat="42.808807" lon="12.035135"></trkpt>
    <trkpt lat="42.808379" lon="12.035457"></trkpt>
    <trkpt lat="42.807928" lon="12.035822"></trkpt>
    <trkpt lat="42.807280" lon="12.036469"></trkpt>
    <trkpt lat="42.806934" lon="12.036868"></trkpt>
    <trkpt lat="42.806541" lon="12.037360"></trkpt>
    <trkpt lat="42.806176" lon="12.037886"></trkpt>
    <trkpt lat="42.805818" lon="12.038469"></trkpt>
    <trkpt lat="42.805548" lon="12.038968"></trkpt>
    <trkpt lat="42.805237" lon="12.039594"></trkpt>
    <trkpt lat="42.804989" lon="12.040177"></trkpt>
    <trkpt lat="42.804728" lon="12.040776"></trkpt>
    <trkpt lat="42.804299" lon="12.041681"></trkpt>
    <trkpt lat="42.803828" lon="12.042485"></trkpt>
    <trkpt lat="42.803461" lon="12.042981"></trkpt>
    <trkpt lat="42.803115" lon="12.043389"></trkpt>
    <trkpt lat="42.802688" lon="12.043828"></trkpt>
    <trkpt lat="42.802245" lon="12.044216"></trkpt>
    <trkpt lat="42.801849" lon="12.044535"></trkpt>
    <trkpt lat="42.801129" lon="12.044984"></trkpt>
    <trkpt lat="42.798675" lon="12.046376"></trkpt>
    <trkpt lat="42.798294" lon="12.046574"></trkpt>
    <trkpt lat="42.797880" lon="12.046770"></trkpt>
    <trkpt lat="42.797293" lon="12.046950"></trkpt>
    <trkpt lat="42.796829" lon="12.047052"></trkpt>
    <trkpt lat="42.796226" lon="12.047113"></trkpt>
    <trkpt lat="42.792476" lon="12.047435"></trkpt>
    <trkpt lat="42.789175" lon="12.047727"></trkpt>
    <trkpt lat="42.777714" lon="12.048679"></trkpt>
    <trkpt lat="42.775634" lon="12.048866"></trkpt>
    <trkpt lat="42.775037" lon="12.048940"></trkpt>
    <trkpt lat="42.774516" lon="12.049010"></trkpt>
    <trkpt lat="42.774098" lon="12.049098"></trkpt>
    <trkpt lat="42.773758" lon="12.049199"></trkpt>
    <trkpt lat="42.773513" lon="12.049287"></trkpt>
    <trkpt lat="42.773403" lon="12.049333"></trkpt>
    <trkpt lat="42.773023" lon="12.049511"></trkpt>
    <trkpt lat="42.772797" lon="12.049628"></trkpt>
    <trkpt lat="42.772327" lon="12.049936"></trkpt>
    <trkpt lat="42.771840" lon="12.050273"></trkpt>
    <trkpt lat="42.771503" lon="12.050569"></trkpt>
    <trkpt lat="42.771280" lon="12.050772"></trkpt>
    <trkpt lat="42.771162" lon="12.050890"></trkpt>
    <trkpt lat="42.770576" lon="12.051553"></trkpt>
    <trkpt lat="42.765096" lon="12.058623"></trkpt>
    <trkpt lat="42.764914" lon="12.058857"></trkpt>
    <trkpt lat="42.758067" lon="12.067689"></trkpt>
    <trkpt lat="42.754755" lon="12.071998"></trkpt>
    <trkpt lat="42.752620" lon="12.074765"></trkpt>
    <trkpt lat="42.752568" lon="12.074832"></trkpt>
    <trkpt lat="42.752342" lon="12.075125"></trkpt>
    <trkpt lat="42.743558" lon="12.086496"></trkpt>
    <trkpt lat="42.742909" lon="12.087361"></trkpt>
    <trkpt lat="42.742542" lon="12.087914"></trkpt>
    <trkpt lat="42.742170" lon="12.088494"></trkpt>
    <trkpt lat="42.741909" lon="12.088916"></trkpt>
    <trkpt lat="42.741855" lon="12.089006"></trkpt>
    <trkpt lat="42.741503" lon="12.089657"></trkpt>
    <trkpt lat="42.741080" lon="12.090448"></trkpt>
    <trkpt lat="42.740556" lon="12.091564"></trkpt>
    <trkpt lat="42.740513" lon="12.091659"></trkpt>
    <trkpt lat="42.739543" lon="12.094038"></trkpt>
    <trkpt lat="42.736921" lon="12.100640"></trkpt>
    <trkpt lat="42.736759" lon="12.101040"></trkpt>
    <trkpt lat="42.734255" lon="12.107293"></trkpt>
    <trkpt lat="42.734219" lon="12.107387"></trkpt>
    <trkpt lat="42.732065" lon="12.112773"></trkpt>
    <trkpt lat="42.731193" lon="12.114952"></trkpt>
    <trkpt lat="42.731161" lon="12.115031"></trkpt>
    <trkpt lat="42.729963" lon="12.118026"></trkpt>
    <trkpt lat="42.729933" lon="12.118103"></trkpt>
    <trkpt lat="42.727542" lon="12.124112"></trkpt>
    <trkpt lat="42.727485" lon="12.124257"></trkpt>
    <trkpt lat="42.727438" lon="12.124374"></trkpt>
    <trkpt lat="42.726862" lon="12.125825"></trkpt>
    <trkpt lat="42.726585" lon="12.126510"></trkpt>
    <trkpt lat="42.725938" lon="12.128108"></trkpt>
    <trkpt lat="42.724515" lon="12.131709"></trkpt>
    <trkpt lat="42.723980" lon="12.133050"></trkpt>
    <trkpt lat="42.723515" lon="12.134222"></trkpt>
    <trkpt lat="42.723037" lon="12.135340"></trkpt>
    <trkpt lat="42.722825" lon="12.135871"></trkpt>
    <trkpt lat="42.721907" lon="12.138166"></trkpt>
    <trkpt lat="42.721821" lon="12.138381"></trkpt>
    <trkpt lat="42.721523" lon="12.139125"></trkpt>
    <trkpt lat="42.720670" lon="12.141217"></trkpt>
    <trkpt lat="42.720362" lon="12.141902"></trkpt>
    <trkpt lat="42.719860" lon="12.142877"></trkpt>
    <trkpt lat="42.719348" lon="12.143795"></trkpt>
    <trkpt lat="42.718827" lon="12.144652"></trkpt>
    <trkpt lat="42.717460" lon="12.146608"></trkpt>
    <trkpt lat="42.716697" lon="12.147506"></trkpt>
    <trkpt lat="42.715505" lon="12.148870"></trkpt>
    <trkpt lat="42.713850" lon="12.150754"></trkpt>
    <trkpt lat="42.712386" lon="12.152438"></trkpt>
    <trkpt lat="42.710181" lon="12.154925"></trkpt>
    <trkpt lat="42.710096" lon="12.155021"></trkpt>
    <trkpt lat="42.707586" lon="12.157862"></trkpt>
    <trkpt lat="42.706870" lon="12.158786"></trkpt>
    <trkpt lat="42.706795" lon="12.158889"></trkpt>
    <trkpt lat="42.706513" lon="12.159280"></trkpt>
    <trkpt lat="42.706173" lon="12.159799"></trkpt>
    <trkpt lat="42.705838" lon="12.160350"></trkpt>
    <trkpt lat="42.705541" lon="12.160869"></trkpt>
    <trkpt lat="42.705252" lon="12.161423"></trkpt>
    <trkpt lat="42.704958" lon="12.162032"></trkpt>
    <trkpt lat="42.704699" lon="12.162606"></trkpt>
    <trkpt lat="42.704438" lon="12.163248"></trkpt>
    <trkpt lat="42.704086" lon="12.164210"></trkpt>
    <trkpt lat="42.703867" lon="12.164915"></trkpt>
    <trkpt lat="42.698916" lon="12.182783"></trkpt>
    <trkpt lat="42.698772" lon="12.183418"></trkpt>
    <trkpt lat="42.698672" lon="12.184068"></trkpt>
    <trkpt lat="42.698617" lon="12.184718"></trkpt>
    <trkpt lat="42.698607" lon="12.185370"></trkpt>
    <trkpt lat="42.698637" lon="12.186013"></trkpt>
    <trkpt lat="42.698670" lon="12.186684"></trkpt>
    <trkpt lat="42.698874" lon="12.188606"></trkpt>
    <trkpt lat="42.699227" lon="12.192338"></trkpt>
    <trkpt lat="42.699264" lon="12.192968"></trkpt>
    <trkpt lat="42.699252" lon="12.193587"></trkpt>
    <trkpt lat="42.699237" lon="12.193735"></trkpt>
    <trkpt lat="42.699191" lon="12.194193"></trkpt>
    <trkpt lat="42.699091" lon="12.194783"></trkpt>
    <trkpt lat="42.699026" lon="12.195067"></trkpt>
    <trkpt lat="42.698451" lon="12.196843"></trkpt>
    <trkpt lat="42.697653" lon="12.198916"></trkpt>
    <trkpt lat="42.696270" lon="12.202479"></trkpt>
    <trkpt lat="42.696039" lon="12.203050"></trkpt>
    <trkpt lat="42.695725" lon="12.203728"></trkpt>
    <trkpt lat="42.695301" lon="12.204486"></trkpt>
    <trkpt lat="42.694971" lon="12.205011"></trkpt>
    <trkpt lat="42.694469" lon="12.205699"></trkpt>
    <trkpt lat="42.693924" lon="12.206342"></trkpt>
    <trkpt lat="42.693377" lon="12.206879"></trkpt>
    <trkpt lat="42.691754" lon="12.208265"></trkpt>
    <trkpt lat="42.690931" lon="12.208952"></trkpt>
    <trkpt lat="42.690282" lon="12.209438"></trkpt>
    <trkpt lat="42.689829" lon="12.209727"></trkpt>
    <trkpt lat="42.689364" lon="12.209983"></trkpt>
    <trkpt lat="42.688887" lon="12.210213"></trkpt>
    <trkpt lat="42.688637" lon="12.210307"></trkpt>
    <trkpt lat="42.687889" lon="12.210535"></trkpt>
    <trkpt lat="42.684326" lon="12.211312"></trkpt>
    <trkpt lat="42.683562" lon="12.211417"></trkpt>
    <trkpt lat="42.683064" lon="12.211433"></trkpt>
    <trkpt lat="42.682431" lon="12.211377"></trkpt>
    <trkpt lat="42.682005" lon="12.211296"></trkpt>
    <trkpt lat="42.677534" lon="12.210287"></trkpt>
    <trkpt lat="42.677015" lon="12.210220"></trkpt>
    <trkpt lat="42.676417" lon="12.210220"></trkpt>
    <trkpt lat="42.675722" lon="12.210303"></trkpt>
    <trkpt lat="42.675251" lon="12.210447"></trkpt>
    <trkpt lat="42.674798" lon="12.210612"></trkpt>
    <trkpt lat="42.674152" lon="12.210968"></trkpt>
    <trkpt lat="42.673749" lon="12.211233"></trkpt>
    <trkpt lat="42.673364" lon="12.211542"></trkpt>
    <trkpt lat="42.672999" lon="12.211883"></trkpt>
    <trkpt lat="42.672739" lon="12.212160"></trkpt>
    <trkpt lat="42.672302" lon="12.212622"></trkpt>
    <trkpt lat="42.671934" lon="12.212965"></trkpt>
    <trkpt lat="42.671551" lon="12.213292"></trkpt>
    <trkpt lat="42.670742" lon="12.213913"></trkpt>
    <trkpt lat="42.668127" lon="12.216134"></trkpt>
    <trkpt lat="42.667701" lon="12.216528"></trkpt>
    <trkpt lat="42.667147" lon="12.217154"></trkpt>
    <trkpt lat="42.666706" lon="12.217634"></trkpt>
    <trkpt lat="42.666537" lon="12.217818"></trkpt>
    <trkpt lat="42.666363" lon="12.217972"></trkpt>
    <trkpt lat="42.666157" lon="12.218132"></trkpt>
    <trkpt lat="42.665805" lon="12.218363"></trkpt>
    <trkpt lat="42.665411" lon="12.218547"></trkpt>
    <trkpt lat="42.665226" lon="12.218608"></trkpt>
    <trkpt lat="42.664801" lon="12.218712"></trkpt>
    <trkpt lat="42.664361" lon="12.218828"></trkpt>
    <trkpt lat="42.663545" lon="12.219044"></trkpt>
    <trkpt lat="42.663359" lon="12.219128"></trkpt>
    <trkpt lat="42.663142" lon="12.219239"></trkpt>
    <trkpt lat="42.662946" lon="12.219354"></trkpt>
    <trkpt lat="42.662752" lon="12.219502"></trkpt>
    <trkpt lat="42.662609" lon="12.219602"></trkpt>
    <trkpt lat="42.662399" lon="12.219787"></trkpt>
    <trkpt lat="42.662077" lon="12.220120"></trkpt>
    <trkpt lat="42.661782" lon="12.220526"></trkpt>
    <trkpt lat="42.661098" lon="12.221664"></trkpt>
    <trkpt lat="42.660811" lon="12.222114"></trkpt>
    <trkpt lat="42.660580" lon="12.222447"></trkpt>
    <trkpt lat="42.660271" lon="12.222839"></trkpt>
    <trkpt lat="42.659989" lon="12.223126"></trkpt>
    <trkpt lat="42.659749" lon="12.223297"></trkpt>
    <trkpt lat="42.659430" lon="12.223496"></trkpt>
    <trkpt lat="42.659230" lon="12.223581"></trkpt>
    <trkpt lat="42.658915" lon="12.223718"></trkpt>
    <trkpt lat="42.658516" lon="12.223799"></trkpt>
    <trkpt lat="42.658283" lon="12.223833"></trkpt>
    <trkpt lat="42.657801" lon="12.223836"></trkpt>
    <trkpt lat="42.657452" lon="12.223771"></trkpt>
    <trkpt lat="42.657053" lon="12.223681"></trkpt>
    <trkpt lat="42.655659" lon="12.223166"></trkpt>
    <trkpt lat="42.653925" lon="12.222615"></trkpt>
    <trkpt lat="42.653387" lon="12.222502"></trkpt>
    <trkpt lat="42.652907" lon="12.222484"></trkpt>
    <trkpt lat="42.652365" lon="12.222495"></trkpt>
    <trkpt lat="42.652046" lon="12.222578"></trkpt>
    <trkpt lat="42.651741" lon="12.222662"></trkpt>
    <trkpt lat="42.651472" lon="12.222766"></trkpt>
    <trkpt lat="42.650952" lon="12.223058"></trkpt>
    <trkpt lat="42.650530" lon="12.223341"></trkpt>
    <trkpt lat="42.646604" lon="12.226023"></trkpt>
    <trkpt lat="42.646134" lon="12.226303"></trkpt>
    <trkpt lat="42.645381" lon="12.226646"></trkpt>
    <trkpt lat="42.644906" lon="12.226815"></trkpt>
    <trkpt lat="42.644213" lon="12.226995"></trkpt>
    <trkpt lat="42.643459" lon="12.227148"></trkpt>
    <trkpt lat="42.643381" lon="12.227165"></trkpt>
    <trkpt lat="42.631909" lon="12.229450"></trkpt>
    <trkpt lat="42.630902" lon="12.229651"></trkpt>
    <trkpt lat="42.628829" lon="12.230064"></trkpt>
    <trkpt lat="42.627129" lon="12.230403"></trkpt>
    <trkpt lat="42.622137" lon="12.231393"></trkpt>
    <trkpt lat="42.617912" lon="12.232231"></trkpt>
    <trkpt lat="42.615495" lon="12.232706"></trkpt>
    <trkpt lat="42.607567" lon="12.234292"></trkpt>
    <trkpt lat="42.607189" lon="12.234366"></trkpt>
    <trkpt lat="42.604146" lon="12.234974"></trkpt>
    <trkpt lat="42.603680" lon="12.235067"></trkpt>
    <trkpt lat="42.601201" lon="12.235559"></trkpt>
    <trkpt lat="42.600940" lon="12.235610"></trkpt>
    <trkpt lat="42.592280" lon="12.237330"></trkpt>
    <trkpt lat="42.591489" lon="12.237542"></trkpt>
    <trkpt lat="42.590485" lon="12.237876"></trkpt>
    <trkpt lat="42.589948" lon="12.238090"></trkpt>
    <trkpt lat="42.589019" lon="12.238511"></trkpt>
    <trkpt lat="42.587232" lon="12.239323"></trkpt>
    <trkpt lat="42.584186" lon="12.240714"></trkpt>
    <trkpt lat="42.583982" lon="12.240810"></trkpt>
    <trkpt lat="42.582615" lon="12.241444"></trkpt>
    <trkpt lat="42.582266" lon="12.241606"></trkpt>
    <trkpt lat="42.567982" lon="12.248217"></trkpt>
    <trkpt lat="42.567457" lon="12.248482"></trkpt>
    <trkpt lat="42.564136" lon="12.250022"></trkpt>
    <trkpt lat="42.562612" lon="12.250728"></trkpt>
    <trkpt lat="42.553966" lon="12.254737"></trkpt>
    <trkpt lat="42.552491" lon="12.255350"></trkpt>
    <trkpt lat="42.551497" lon="12.255713"></trkpt>
    <trkpt lat="42.550747" lon="12.255958"></trkpt>
    <trkpt lat="42.549239" lon="12.256387"></trkpt>
    <trkpt lat="42.529206" lon="12.261620"></trkpt>
    <trkpt lat="42.528711" lon="12.261768"></trkpt>
    <trkpt lat="42.527986" lon="12.262052"></trkpt>
    <trkpt lat="42.527277" lon="12.262390"></trkpt>
    <trkpt lat="42.526817" lon="12.262647"></trkpt>
    <trkpt lat="42.526366" lon="12.262930"></trkpt>
    <trkpt lat="42.525716" lon="12.263398"></trkpt>
    <trkpt lat="42.525092" lon="12.263922"></trkpt>
    <trkpt lat="42.524691" lon="12.264295"></trkpt>
    <trkpt lat="42.524302" lon="12.264692"></trkpt>
    <trkpt lat="42.523921" lon="12.265122"></trkpt>
    <trkpt lat="42.523549" lon="12.265575"></trkpt>
    <trkpt lat="42.523189" lon="12.266052"></trkpt>
    <trkpt lat="42.522842" lon="12.266552"></trkpt>
    <trkpt lat="42.522509" lon="12.267073"></trkpt>
    <trkpt lat="42.522197" lon="12.267618"></trkpt>
    <trkpt lat="42.521902" lon="12.268185"></trkpt>
    <trkpt lat="42.521624" lon="12.268767"></trkpt>
    <trkpt lat="42.521361" lon="12.269368"></trkpt>
    <trkpt lat="42.521004" lon="12.270292"></trkpt>
    <trkpt lat="42.520796" lon="12.270922"></trkpt>
    <trkpt lat="42.520609" lon="12.271562"></trkpt>
    <trkpt lat="42.519931" lon="12.274481"></trkpt>
    <trkpt lat="42.519876" lon="12.274689"></trkpt>
    <trkpt lat="42.519452" lon="12.276422"></trkpt>
    <trkpt lat="42.518888" lon="12.278729"></trkpt>
    <trkpt lat="42.518660" lon="12.279646"></trkpt>
    <trkpt lat="42.518466" lon="12.280377"></trkpt>
    <trkpt lat="42.518371" lon="12.280700"></trkpt>
    <trkpt lat="42.518206" lon="12.281169"></trkpt>
    <trkpt lat="42.518027" lon="12.281593"></trkpt>
    <trkpt lat="42.517767" lon="12.282167"></trkpt>
    <trkpt lat="42.517348" lon="12.282912"></trkpt>
    <trkpt lat="42.516828" lon="12.283664"></trkpt>
    <trkpt lat="42.513037" lon="12.288168"></trkpt>
    <trkpt lat="42.512733" lon="12.288553"></trkpt>
    <trkpt lat="42.512572" lon="12.288755"></trkpt>
    <trkpt lat="42.512294" lon="12.289107"></trkpt>
    <trkpt lat="42.511210" lon="12.290473"></trkpt>
    <trkpt lat="42.511125" lon="12.290581"></trkpt>
    <trkpt lat="42.510497" lon="12.291384"></trkpt>
    <trkpt lat="42.510367" lon="12.291583"></trkpt>
    <trkpt lat="42.509860" lon="12.292360"></trkpt>
    <trkpt lat="42.509593" lon="12.292779"></trkpt>
    <trkpt lat="42.508961" lon="12.293958"></trkpt>
    <trkpt lat="42.507981" lon="12.295969"></trkpt>
    <trkpt lat="42.502506" lon="12.307230"></trkpt>
    <trkpt lat="42.501881" lon="12.308359"></trkpt>
    <trkpt lat="42.501249" lon="12.309385"></trkpt>
    <trkpt lat="42.499935" lon="12.311391"></trkpt>
    <trkpt lat="42.499469" lon="12.312094"></trkpt>
    <trkpt lat="42.497315" lon="12.315383"></trkpt>
    <trkpt lat="42.493667" lon="12.320974"></trkpt>
    <trkpt lat="42.492636" lon="12.322571"></trkpt>
    <trkpt lat="42.490594" lon="12.325662"></trkpt>
    <trkpt lat="42.490142" lon="12.326332"></trkpt>
    <trkpt lat="42.488764" lon="12.328212"></trkpt>
    <trkpt lat="42.478620" lon="12.341606"></trkpt>
    <trkpt lat="42.477750" lon="12.342659"></trkpt>
    <trkpt lat="42.477048" lon="12.343434"></trkpt>
    <trkpt lat="42.476151" lon="12.344319"></trkpt>
    <trkpt lat="42.472838" lon="12.347500"></trkpt>
    <trkpt lat="42.472529" lon="12.347850"></trkpt>
    <trkpt lat="42.471931" lon="12.348622"></trkpt>
    <trkpt lat="42.471654" lon="12.349038"></trkpt>
    <trkpt lat="42.471191" lon="12.349840"></trkpt>
    <trkpt lat="42.470959" lon="12.350306"></trkpt>
    <trkpt lat="42.470264" lon="12.351934"></trkpt>
    <trkpt lat="42.469293" lon="12.354102"></trkpt>
    <trkpt lat="42.468156" lon="12.356652"></trkpt>
    <trkpt lat="42.467932" lon="12.357208"></trkpt>
    <trkpt lat="42.467834" lon="12.357500"></trkpt>
    <trkpt lat="42.467669" lon="12.358103"></trkpt>
    <trkpt lat="42.467604" lon="12.358415"></trkpt>
    <trkpt lat="42.467556" lon="12.358738"></trkpt>
    <trkpt lat="42.467454" lon="12.359735"></trkpt>
    <trkpt lat="42.465507" lon="12.382829"></trkpt>
    <trkpt lat="42.465431" lon="12.383694"></trkpt>
    <trkpt lat="42.465356" lon="12.384547"></trkpt>
    <trkpt lat="42.465294" lon="12.385219"></trkpt>
    <trkpt lat="42.465224" lon="12.385999"></trkpt>
    <trkpt lat="42.465115" lon="12.387443"></trkpt>
    <trkpt lat="42.465067" lon="12.387863"></trkpt>
    <trkpt lat="42.464940" lon="12.389431"></trkpt>
    <trkpt lat="42.464822" lon="12.390069"></trkpt>
    <trkpt lat="42.464713" lon="12.390515"></trkpt>
    <trkpt lat="42.464526" lon="12.391157"></trkpt>
    <trkpt lat="42.464293" lon="12.391712"></trkpt>
    <trkpt lat="42.464134" lon="12.392062"></trkpt>
    <trkpt lat="42.463800" lon="12.392591"></trkpt>
    <trkpt lat="42.463459" lon="12.393116"></trkpt>
    <trkpt lat="42.463099" lon="12.393570"></trkpt>
    <trkpt lat="42.462915" lon="12.393798"></trkpt>
    <trkpt lat="42.462499" lon="12.394125"></trkpt>
    <trkpt lat="42.462061" lon="12.394483"></trkpt>
    <trkpt lat="42.461604" lon="12.394787"></trkpt>
    <trkpt lat="42.459344" lon="12.396134"></trkpt>
    <trkpt lat="42.457308" lon="12.397310"></trkpt>
    <trkpt lat="42.456449" lon="12.397822"></trkpt>
    <trkpt lat="42.455956" lon="12.398125"></trkpt>
    <trkpt lat="42.455647" lon="12.398313"></trkpt>
    <trkpt lat="42.455550" lon="12.398369"></trkpt>
    <trkpt lat="42.455453" lon="12.398433"></trkpt>
    <trkpt lat="42.455378" lon="12.398486"></trkpt>
    <trkpt lat="42.455300" lon="12.398541"></trkpt>
    <trkpt lat="42.455019" lon="12.398747"></trkpt>
    <trkpt lat="42.454576" lon="12.399115"></trkpt>
    <trkpt lat="42.454160" lon="12.399513"></trkpt>
    <trkpt lat="42.453671" lon="12.400046"></trkpt>
    <trkpt lat="42.453335" lon="12.400473"></trkpt>
    <trkpt lat="42.452968" lon="12.400993"></trkpt>
    <trkpt lat="42.452672" lon="12.401475"></trkpt>
    <trkpt lat="42.452439" lon="12.401862"></trkpt>
    <trkpt lat="42.452254" lon="12.402232"></trkpt>
    <trkpt lat="42.451952" lon="12.402910"></trkpt>
    <trkpt lat="42.451667" lon="12.403657"></trkpt>
    <trkpt lat="42.451371" lon="12.404617"></trkpt>
    <trkpt lat="42.451288" lon="12.404886"></trkpt>
    <trkpt lat="42.451103" lon="12.405474"></trkpt>
    <trkpt lat="42.450907" lon="12.406097"></trkpt>
    <trkpt lat="42.450561" lon="12.407198"></trkpt>
    <trkpt lat="42.449742" lon="12.409723"></trkpt>
    <trkpt lat="42.449559" lon="12.410276"></trkpt>
    <trkpt lat="42.449433" lon="12.410651"></trkpt>
    <trkpt lat="42.448578" lon="12.413189"></trkpt>
    <trkpt lat="42.448443" lon="12.413607"></trkpt>
    <trkpt lat="42.448419" lon="12.413677"></trkpt>
    <trkpt lat="42.448396" lon="12.413743"></trkpt>
    <trkpt lat="42.448368" lon="12.413823"></trkpt>
    <trkpt lat="42.448326" lon="12.413934"></trkpt>
    <trkpt lat="42.448294" lon="12.414015"></trkpt>
    <trkpt lat="42.448254" lon="12.414112"></trkpt>
    <trkpt lat="42.448200" lon="12.414237"></trkpt>
    <trkpt lat="42.448167" lon="12.414310"></trkpt>
    <trkpt lat="42.448126" lon="12.414398"></trkpt>
    <trkpt lat="42.448085" lon="12.414483"></trkpt>
    <trkpt lat="42.448044" lon="12.414565"></trkpt>
    <trkpt lat="42.447992" lon="12.414663"></trkpt>
    <trkpt lat="42.447940" lon="12.414759"></trkpt>
    <trkpt lat="42.447845" lon="12.414926"></trkpt>
    <trkpt lat="42.447771" lon="12.415054"></trkpt>
    <trkpt lat="42.447705" lon="12.415163"></trkpt>
    <trkpt lat="42.447560" lon="12.415393"></trkpt>
    <trkpt lat="42.447462" lon="12.415534"></trkpt>
    <trkpt lat="42.447133" lon="12.415956"></trkpt>
    <trkpt lat="42.446787" lon="12.416336"></trkpt>
    <trkpt lat="42.446422" lon="12.416649"></trkpt>
    <trkpt lat="42.446029" lon="12.416942"></trkpt>
    <trkpt lat="42.445595" lon="12.417196"></trkpt>
    <trkpt lat="42.445171" lon="12.417402"></trkpt>
    <trkpt lat="42.444712" lon="12.417564"></trkpt>
    <trkpt lat="42.442204" lon="12.418237"></trkpt>
    <trkpt lat="42.441088" lon="12.418637"></trkpt>
    <trkpt lat="42.440213" lon="12.418926"></trkpt>
    <trkpt lat="42.437566" lon="12.419830"></trkpt>
    <trkpt lat="42.437178" lon="12.419979"></trkpt>
    <trkpt lat="42.436755" lon="12.420200"></trkpt>
    <trkpt lat="42.436218" lon="12.420559"></trkpt>
    <trkpt lat="42.435797" lon="12.420914"></trkpt>
    <trkpt lat="42.435324" lon="12.421401"></trkpt>
    <trkpt lat="42.434815" lon="12.422074"></trkpt>
    <trkpt lat="42.430577" lon="12.428224"></trkpt>
    <trkpt lat="42.429898" lon="12.429238"></trkpt>
    <trkpt lat="42.429256" lon="12.430156"></trkpt>
    <trkpt lat="42.429145" lon="12.430311"></trkpt>
    <trkpt lat="42.429038" lon="12.430453"></trkpt>
    <trkpt lat="42.428912" lon="12.430622"></trkpt>
    <trkpt lat="42.428790" lon="12.430778"></trkpt>
    <trkpt lat="42.428648" lon="12.430956"></trkpt>
    <trkpt lat="42.428460" lon="12.431179"></trkpt>
    <trkpt lat="42.428252" lon="12.431421"></trkpt>
    <trkpt lat="42.428066" lon="12.431629"></trkpt>
    <trkpt lat="42.427881" lon="12.431829"></trkpt>
    <trkpt lat="42.427692" lon="12.432029"></trkpt>
    <trkpt lat="42.427447" lon="12.432281"></trkpt>
    <trkpt lat="42.427052" lon="12.432643"></trkpt>
    <trkpt lat="42.426417" lon="12.433182"></trkpt>
    <trkpt lat="42.425635" lon="12.433831"></trkpt>
    <trkpt lat="42.424057" lon="12.435035"></trkpt>
    <trkpt lat="42.416616" lon="12.440666"></trkpt>
    <trkpt lat="42.416014" lon="12.441169"></trkpt>
    <trkpt lat="42.415063" lon="12.441992"></trkpt>
    <trkpt lat="42.414453" lon="12.442605"></trkpt>
    <trkpt lat="42.411675" lon="12.445600"></trkpt>
    <trkpt lat="42.409521" lon="12.447920"></trkpt>
    <trkpt lat="42.408717" lon="12.448841"></trkpt>
    <trkpt lat="42.404306" lon="12.453596"></trkpt>
    <trkpt lat="42.400300" lon="12.457956"></trkpt>
    <trkpt lat="42.396383" lon="12.461763"></trkpt>
    <trkpt lat="42.395387" lon="12.462721"></trkpt>
    <trkpt lat="42.393776" lon="12.464296"></trkpt>
    <trkpt lat="42.393018" lon="12.465030"></trkpt>
    <trkpt lat="42.391551" lon="12.466482"></trkpt>
    <trkpt lat="42.390882" lon="12.467094"></trkpt>
    <trkpt lat="42.390415" lon="12.467548"></trkpt>
    <trkpt lat="42.388775" lon="12.469153"></trkpt>
    <trkpt lat="42.388211" lon="12.469608"></trkpt>
    <trkpt lat="42.387739" lon="12.469881"></trkpt>
    <trkpt lat="42.387213" lon="12.470098"></trkpt>
    <trkpt lat="42.386230" lon="12.470331"></trkpt>
    <trkpt lat="42.384890" lon="12.470562"></trkpt>
    <trkpt lat="42.382095" lon="12.471112"></trkpt>
    <trkpt lat="42.381659" lon="12.471185"></trkpt>
    <trkpt lat="42.380803" lon="12.471354"></trkpt>
    <trkpt lat="42.378624" lon="12.471709"></trkpt>
    <trkpt lat="42.378504" lon="12.471717"></trkpt>
    <trkpt lat="42.378309" lon="12.471732"></trkpt>
    <trkpt lat="42.378116" lon="12.471738"></trkpt>
    <trkpt lat="42.377723" lon="12.471716"></trkpt>
    <trkpt lat="42.377530" lon="12.471697"></trkpt>
    <trkpt lat="42.377346" lon="12.471670"></trkpt>
    <trkpt lat="42.377097" lon="12.471626"></trkpt>
    <trkpt lat="42.376722" lon="12.471545"></trkpt>
    <trkpt lat="42.376111" lon="12.471404"></trkpt>
    <trkpt lat="42.375303" lon="12.471183"></trkpt>
    <trkpt lat="42.374468" lon="12.470991"></trkpt>
    <trkpt lat="42.373540" lon="12.470831"></trkpt>
    <trkpt lat="42.372580" lon="12.470798"></trkpt>
    <trkpt lat="42.371939" lon="12.470787"></trkpt>
    <trkpt lat="42.371083" lon="12.470772"></trkpt>
    <trkpt lat="42.369582" lon="12.470755"></trkpt>
    <trkpt lat="42.368307" lon="12.470731"></trkpt>
    <trkpt lat="42.366966" lon="12.470721"></trkpt>
    <trkpt lat="42.366068" lon="12.470709"></trkpt>
    <trkpt lat="42.365228" lon="12.470702"></trkpt>
    <trkpt lat="42.363547" lon="12.470672"></trkpt>
    <trkpt lat="42.362660" lon="12.470674"></trkpt>
    <trkpt lat="42.361548" lon="12.470713"></trkpt>
    <trkpt lat="42.360373" lon="12.470783"></trkpt>
    <trkpt lat="42.358159" lon="12.470902"></trkpt>
    <trkpt lat="42.357634" lon="12.470937"></trkpt>
    <trkpt lat="42.357105" lon="12.470959"></trkpt>
    <trkpt lat="42.356064" lon="12.471014"></trkpt>
    <trkpt lat="42.353943" lon="12.471127"></trkpt>
    <trkpt lat="42.352860" lon="12.471178"></trkpt>
    <trkpt lat="42.351966" lon="12.471228"></trkpt>
    <trkpt lat="42.351014" lon="12.471266"></trkpt>
    <trkpt lat="42.350484" lon="12.471248"></trkpt>
    <trkpt lat="42.350000" lon="12.471213"></trkpt>
    <trkpt lat="42.349252" lon="12.471103"></trkpt>
    <trkpt lat="42.348491" lon="12.471002"></trkpt>
    <trkpt lat="42.347659" lon="12.470885"></trkpt>
    <trkpt lat="42.346893" lon="12.470782"></trkpt>
    <trkpt lat="42.346276" lon="12.470707"></trkpt>
    <trkpt lat="42.345672" lon="12.470626"></trkpt>
    <trkpt lat="42.344445" lon="12.470469"></trkpt>
    <trkpt lat="42.344123" lon="12.470414"></trkpt>
    <trkpt lat="42.343774" lon="12.470363"></trkpt>
    <trkpt lat="42.343306" lon="12.470225"></trkpt>
    <trkpt lat="42.343004" lon="12.470083"></trkpt>
    <trkpt lat="42.342536" lon="12.469829"></trkpt>
    <trkpt lat="42.342165" lon="12.469574"></trkpt>
    <trkpt lat="42.341722" lon="12.469232"></trkpt>
    <trkpt lat="42.341547" lon="12.469109"></trkpt>
    <trkpt lat="42.340913" lon="12.468681"></trkpt>
    <trkpt lat="42.340450" lon="12.468353"></trkpt>
    <trkpt lat="42.339435" lon="12.467657"></trkpt>
    <trkpt lat="42.339168" lon="12.467468"></trkpt>
    <trkpt lat="42.338828" lon="12.467243"></trkpt>
    <trkpt lat="42.338344" lon="12.466965"></trkpt>
    <trkpt lat="42.338041" lon="12.466816"></trkpt>
    <trkpt lat="42.337833" lon="12.466749"></trkpt>
    <trkpt lat="42.337433" lon="12.466604"></trkpt>
    <trkpt lat="42.337107" lon="12.466540"></trkpt>
    <trkpt lat="42.336745" lon="12.466486"></trkpt>
    <trkpt lat="42.336425" lon="12.466465"></trkpt>
    <trkpt lat="42.336097" lon="12.466463"></trkpt>
    <trkpt lat="42.335827" lon="12.466484"></trkpt>
    <trkpt lat="42.335421" lon="12.466535"></trkpt>
    <trkpt lat="42.335011" lon="12.466620"></trkpt>
    <trkpt lat="42.334805" lon="12.466669"></trkpt>
    <trkpt lat="42.334566" lon="12.466754"></trkpt>
    <trkpt lat="42.334134" lon="12.466930"></trkpt>
    <trkpt lat="42.333576" lon="12.467228"></trkpt>
    <trkpt lat="42.333153" lon="12.467490"></trkpt>
    <trkpt lat="42.332749" lon="12.467842"></trkpt>
    <trkpt lat="42.332421" lon="12.468138"></trkpt>
    <trkpt lat="42.332077" lon="12.468504"></trkpt>
    <trkpt lat="42.331536" lon="12.469187"></trkpt>
    <trkpt lat="42.331231" lon="12.469657"></trkpt>
    <trkpt lat="42.330946" lon="12.470163"></trkpt>
    <trkpt lat="42.330724" lon="12.470622"></trkpt>
    <trkpt lat="42.330418" lon="12.471369"></trkpt>
    <trkpt lat="42.330096" lon="12.472209"></trkpt>
    <trkpt lat="42.329802" lon="12.472938"></trkpt>
    <trkpt lat="42.329398" lon="12.473960"></trkpt>
    <trkpt lat="42.329240" lon="12.474336"></trkpt>
    <trkpt lat="42.328998" lon="12.474918"></trkpt>
    <trkpt lat="42.328768" lon="12.475514"></trkpt>
    <trkpt lat="42.328402" lon="12.476612"></trkpt>
    <trkpt lat="42.327965" lon="12.477915"></trkpt>
    <trkpt lat="42.327535" lon="12.479231"></trkpt>
    <trkpt lat="42.327294" lon="12.479924"></trkpt>
    <trkpt lat="42.327048" lon="12.480640"></trkpt>
    <trkpt lat="42.326649" lon="12.481750"></trkpt>
    <trkpt lat="42.326439" lon="12.482278"></trkpt>
    <trkpt lat="42.326094" lon="12.483009"></trkpt>
    <trkpt lat="42.325854" lon="12.483430"></trkpt>
    <trkpt lat="42.325594" lon="12.483828"></trkpt>
    <trkpt lat="42.325020" lon="12.484632"></trkpt>
    <trkpt lat="42.324396" lon="12.485491"></trkpt>
    <trkpt lat="42.323627" lon="12.486515"></trkpt>
    <trkpt lat="42.323164" lon="12.487122"></trkpt>
    <trkpt lat="42.322591" lon="12.487951"></trkpt>
    <trkpt lat="42.322180" lon="12.488527"></trkpt>
    <trkpt lat="42.321776" lon="12.488995"></trkpt>
    <trkpt lat="42.321195" lon="12.489529"></trkpt>
    <trkpt lat="42.320884" lon="12.489762"></trkpt>
    <trkpt lat="42.320592" lon="12.489963"></trkpt>
    <trkpt lat="42.320301" lon="12.490130"></trkpt>
    <trkpt lat="42.319871" lon="12.490358"></trkpt>
    <trkpt lat="42.319586" lon="12.490517"></trkpt>
    <trkpt lat="42.319260" lon="12.490697"></trkpt>
    <trkpt lat="42.318755" lon="12.490985"></trkpt>
    <trkpt lat="42.316504" lon="12.492166"></trkpt>
    <trkpt lat="42.314294" lon="12.493323"></trkpt>
    <trkpt lat="42.313708" lon="12.493659"></trkpt>
    <trkpt lat="42.313132" lon="12.493963"></trkpt>
    <trkpt lat="42.312432" lon="12.494283"></trkpt>
    <trkpt lat="42.311860" lon="12.494489"></trkpt>
    <trkpt lat="42.311401" lon="12.494596"></trkpt>
    <trkpt lat="42.310717" lon="12.494669"></trkpt>
    <trkpt lat="42.310261" lon="12.494660"></trkpt>
    <trkpt lat="42.309832" lon="12.494607"></trkpt>
    <trkpt lat="42.309473" lon="12.494539"></trkpt>
    <trkpt lat="42.308954" lon="12.494391"></trkpt>
    <trkpt lat="42.308617" lon="12.494268"></trkpt>
    <trkpt lat="42.308272" lon="12.494100"></trkpt>
    <trkpt lat="42.307899" lon="12.493895"></trkpt>
    <trkpt lat="42.307484" lon="12.493666"></trkpt>
    <trkpt lat="42.306927" lon="12.493378"></trkpt>
    <trkpt lat="42.306402" lon="12.493175"></trkpt>
    <trkpt lat="42.305904" lon="12.493049"></trkpt>
    <trkpt lat="42.305642" lon="12.493016"></trkpt>
    <trkpt lat="42.305300" lon="12.492979"></trkpt>
    <trkpt lat="42.304642" lon="12.492949"></trkpt>
    <trkpt lat="42.304224" lon="12.493019"></trkpt>
    <trkpt lat="42.303780" lon="12.493158"></trkpt>
    <trkpt lat="42.303320" lon="12.493368"></trkpt>
    <trkpt lat="42.301215" lon="12.494318"></trkpt>
    <trkpt lat="42.300120" lon="12.494846"></trkpt>
    <trkpt lat="42.298671" lon="12.495534"></trkpt>
    <trkpt lat="42.297137" lon="12.496275"></trkpt>
    <trkpt lat="42.296329" lon="12.496648"></trkpt>
    <trkpt lat="42.294946" lon="12.497298"></trkpt>
    <trkpt lat="42.294005" lon="12.497752"></trkpt>
    <trkpt lat="42.293154" lon="12.498145"></trkpt>
    <trkpt lat="42.292583" lon="12.498419"></trkpt>
    <trkpt lat="42.292094" lon="12.498698"></trkpt>
    <trkpt lat="42.291397" lon="12.499179"></trkpt>
    <trkpt lat="42.290865" lon="12.499615"></trkpt>
    <trkpt lat="42.290348" lon="12.500107"></trkpt>
    <trkpt lat="42.289682" lon="12.500857"></trkpt>
    <trkpt lat="42.289332" lon="12.501329"></trkpt>
    <trkpt lat="42.288953" lon="12.501878"></trkpt>
    <trkpt lat="42.288606" lon="12.502462"></trkpt>
    <trkpt lat="42.288380" lon="12.502874"></trkpt>
    <trkpt lat="42.288062" lon="12.503561"></trkpt>
    <trkpt lat="42.287808" lon="12.504119"></trkpt>
    <trkpt lat="42.287491" lon="12.505020"></trkpt>
    <trkpt lat="42.282962" lon="12.519940"></trkpt>
    <trkpt lat="42.282502" lon="12.521172"></trkpt>
    <trkpt lat="42.282146" lon="12.522066"></trkpt>
    <trkpt lat="42.281494" lon="12.523454"></trkpt>
    <trkpt lat="42.275256" lon="12.536685"></trkpt>
    <trkpt lat="42.274116" lon="12.539223"></trkpt>
    <trkpt lat="42.273047" lon="12.541483"></trkpt>
    <trkpt lat="42.271699" lon="12.544345"></trkpt>
    <trkpt lat="42.270676" lon="12.546520"></trkpt>
    <trkpt lat="42.270248" lon="12.547421"></trkpt>
    <trkpt lat="42.269919" lon="12.548099"></trkpt>
    <trkpt lat="42.269634" lon="12.548611"></trkpt>
    <trkpt lat="42.269471" lon="12.548840"></trkpt>
    <trkpt lat="42.268976" lon="12.549434"></trkpt>
    <trkpt lat="42.268622" lon="12.549747"></trkpt>
    <trkpt lat="42.268537" lon="12.549810"></trkpt>
    <trkpt lat="42.268494" lon="12.549842"></trkpt>
    <trkpt lat="42.268198" lon="12.550062"></trkpt>
    <trkpt lat="42.267843" lon="12.550271"></trkpt>
    <trkpt lat="42.267360" lon="12.550500"></trkpt>
    <trkpt lat="42.257242" lon="12.555080"></trkpt>
    <trkpt lat="42.256678" lon="12.555461"></trkpt>
    <trkpt lat="42.256119" lon="12.555983"></trkpt>
    <trkpt lat="42.255668" lon="12.556566"></trkpt>
    <trkpt lat="42.255339" lon="12.557147"></trkpt>
    <trkpt lat="42.255098" lon="12.557674"></trkpt>
    <trkpt lat="42.254479" lon="12.559335"></trkpt>
    <trkpt lat="42.251790" lon="12.567465"></trkpt>
    <trkpt lat="42.251034" lon="12.569598"></trkpt>
    <trkpt lat="42.250697" lon="12.570686"></trkpt>
    <trkpt lat="42.250415" lon="12.571687"></trkpt>
    <trkpt lat="42.249475" lon="12.575415"></trkpt>
    <trkpt lat="42.249304" lon="12.575951"></trkpt>
    <trkpt lat="42.249157" lon="12.576369"></trkpt>
    <trkpt lat="42.248874" lon="12.577049"></trkpt>
    <trkpt lat="42.248559" lon="12.577666"></trkpt>
    <trkpt lat="42.248256" lon="12.578155"></trkpt>
    <trkpt lat="42.247993" lon="12.578580"></trkpt>
    <trkpt lat="42.247554" lon="12.579177"></trkpt>
    <trkpt lat="42.247327" lon="12.579429"></trkpt>
    <trkpt lat="42.246862" lon="12.579880"></trkpt>
    <trkpt lat="42.244519" lon="12.582041"></trkpt>
    <trkpt lat="42.243847" lon="12.582632"></trkpt>
    <trkpt lat="42.243387" lon="12.582989"></trkpt>
    <trkpt lat="42.242181" lon="12.583958"></trkpt>
    <trkpt lat="42.241666" lon="12.584414"></trkpt>
    <trkpt lat="42.241068" lon="12.584930"></trkpt>
    <trkpt lat="42.240352" lon="12.585530"></trkpt>
    <trkpt lat="42.240194" lon="12.585689"></trkpt>
    <trkpt lat="42.239882" lon="12.586002"></trkpt>
    <trkpt lat="42.239603" lon="12.586286"></trkpt>
    <trkpt lat="42.238492" lon="12.587594"></trkpt>
    <trkpt lat="42.237755" lon="12.588523"></trkpt>
    <trkpt lat="42.236706" lon="12.589854"></trkpt>
    <trkpt lat="42.236254" lon="12.590370"></trkpt>
    <trkpt lat="42.236011" lon="12.590601"></trkpt>
    <trkpt lat="42.235687" lon="12.590872"></trkpt>
    <trkpt lat="42.235375" lon="12.591105"></trkpt>
    <trkpt lat="42.235043" lon="12.591280"></trkpt>
    <trkpt lat="42.234705" lon="12.591411"></trkpt>
    <trkpt lat="42.234379" lon="12.591505"></trkpt>
    <trkpt lat="42.234100" lon="12.591566"></trkpt>
    <trkpt lat="42.233924" lon="12.591583"></trkpt>
    <trkpt lat="42.233698" lon="12.591545"></trkpt>
    <trkpt lat="42.233443" lon="12.591533"></trkpt>
    <trkpt lat="42.230421" lon="12.591626"></trkpt>
    <trkpt lat="42.228330" lon="12.591622"></trkpt>
    <trkpt lat="42.226532" lon="12.591681"></trkpt>
    <trkpt lat="42.225051" lon="12.591683"></trkpt>
    <trkpt lat="42.224630" lon="12.591726"></trkpt>
    <trkpt lat="42.224227" lon="12.591850"></trkpt>
    <trkpt lat="42.223857" lon="12.592005"></trkpt>
    <trkpt lat="42.223518" lon="12.592200"></trkpt>
    <trkpt lat="42.223274" lon="12.592363"></trkpt>
    <trkpt lat="42.222885" lon="12.592701"></trkpt>
    <trkpt lat="42.222385" lon="12.593219"></trkpt>
    <trkpt lat="42.221913" lon="12.593790"></trkpt>
    <trkpt lat="42.221417" lon="12.594407"></trkpt>
    <trkpt lat="42.221101" lon="12.594815"></trkpt>
    <trkpt lat="42.220522" lon="12.595443"></trkpt>
    <trkpt lat="42.220115" lon="12.595813"></trkpt>
    <trkpt lat="42.219614" lon="12.596123"></trkpt>
    <trkpt lat="42.218963" lon="12.596400"></trkpt>
    <trkpt lat="42.217677" lon="12.596843"></trkpt>
    <trkpt lat="42.217103" lon="12.597083"></trkpt>
    <trkpt lat="42.216609" lon="12.597359"></trkpt>
    <trkpt lat="42.216333" lon="12.597544"></trkpt>
    <trkpt lat="42.216096" lon="12.597754"></trkpt>
    <trkpt lat="42.215798" lon="12.598046"></trkpt>
    <trkpt lat="42.215613" lon="12.598277"></trkpt>
    <trkpt lat="42.214374" lon="12.599700"></trkpt>
    <trkpt lat="42.213911" lon="12.600168"></trkpt>
    <trkpt lat="42.213602" lon="12.600403"></trkpt>
    <trkpt lat="42.213500" lon="12.600466"></trkpt>
    <trkpt lat="42.213230" lon="12.600635"></trkpt>
    <trkpt lat="42.212862" lon="12.600796"></trkpt>
    <trkpt lat="42.212495" lon="12.600883"></trkpt>
    <trkpt lat="42.210997" lon="12.601240"></trkpt>
    <trkpt lat="42.210466" lon="12.601414"></trkpt>
    <trkpt lat="42.209926" lon="12.601647"></trkpt>
    <trkpt lat="42.209563" lon="12.601850"></trkpt>
    <trkpt lat="42.209070" lon="12.602152"></trkpt>
    <trkpt lat="42.208239" lon="12.602719"></trkpt>
    <trkpt lat="42.207901" lon="12.602928"></trkpt>
    <trkpt lat="42.207554" lon="12.603104"></trkpt>
    <trkpt lat="42.207196" lon="12.603244"></trkpt>
    <trkpt lat="42.206646" lon="12.603389"></trkpt>
    <trkpt lat="42.206271" lon="12.603439"></trkpt>
    <trkpt lat="42.205894" lon="12.603454"></trkpt>
    <trkpt lat="42.205526" lon="12.603433"></trkpt>
    <trkpt lat="42.204989" lon="12.603334"></trkpt>
    <trkpt lat="42.202444" lon="12.602513"></trkpt>
    <trkpt lat="42.202068" lon="12.602418"></trkpt>
    <trkpt lat="42.201688" lon="12.602361"></trkpt>
    <trkpt lat="42.201496" lon="12.602354"></trkpt>
    <trkpt lat="42.201113" lon="12.602384"></trkpt>
    <trkpt lat="42.200733" lon="12.602469"></trkpt>
    <trkpt lat="42.200358" lon="12.602591"></trkpt>
    <trkpt lat="42.197489" lon="12.603643"></trkpt>
    <trkpt lat="42.197096" lon="12.603765"></trkpt>
    <trkpt lat="42.196751" lon="12.603863"></trkpt>
    <trkpt lat="42.196008" lon="12.603978"></trkpt>
    <trkpt lat="42.195118" lon="12.604018"></trkpt>
    <trkpt lat="42.194698" lon="12.604003"></trkpt>
    <trkpt lat="42.194354" lon="12.603979"></trkpt>
    <trkpt lat="42.193927" lon="12.603909"></trkpt>
    <trkpt lat="42.193844" lon="12.603896"></trkpt>
    <trkpt lat="42.189487" lon="12.603235"></trkpt>
    <trkpt lat="42.182630" lon="12.602219"></trkpt>
    <trkpt lat="42.181703" lon="12.602114"></trkpt>
    <trkpt lat="42.181334" lon="12.602129"></trkpt>
    <trkpt lat="42.181224" lon="12.602139"></trkpt>
    <trkpt lat="42.181110" lon="12.602154"></trkpt>
    <trkpt lat="42.180946" lon="12.602177"></trkpt>
    <trkpt lat="42.180779" lon="12.602205"></trkpt>
    <trkpt lat="42.180436" lon="12.602273"></trkpt>
    <trkpt lat="42.180173" lon="12.602352"></trkpt>
    <trkpt lat="42.179941" lon="12.602434"></trkpt>
    <trkpt lat="42.179627" lon="12.602561"></trkpt>
    <trkpt lat="42.179309" lon="12.602706"></trkpt>
    <trkpt lat="42.178759" lon="12.603036"></trkpt>
    <trkpt lat="42.178678" lon="12.603089"></trkpt>
    <trkpt lat="42.178597" lon="12.603145"></trkpt>
    <trkpt lat="42.178496" lon="12.603223"></trkpt>
    <trkpt lat="42.178394" lon="12.603305"></trkpt>
    <trkpt lat="42.177831" lon="12.603784"></trkpt>
    <trkpt lat="42.177045" lon="12.604580"></trkpt>
    <trkpt lat="42.174912" lon="12.606631"></trkpt>
    <trkpt lat="42.171905" lon="12.609561"></trkpt>
    <trkpt lat="42.170522" lon="12.610914"></trkpt>
    <trkpt lat="42.168980" lon="12.612422"></trkpt>
    <trkpt lat="42.168844" lon="12.612501"></trkpt>
    <trkpt lat="42.168754" lon="12.612558"></trkpt>
    <trkpt lat="42.168682" lon="12.612606"></trkpt>
    <trkpt lat="42.168614" lon="12.612657"></trkpt>
    <trkpt lat="42.168552" lon="12.612706"></trkpt>
    <trkpt lat="42.168482" lon="12.612769"></trkpt>
    <trkpt lat="42.167908" lon="12.613322"></trkpt>
    <trkpt lat="42.167811" lon="12.613412"></trkpt>
    <trkpt lat="42.167681" lon="12.613533"></trkpt>
    <trkpt lat="42.167594" lon="12.613608"></trkpt>
    <trkpt lat="42.167507" lon="12.613684"></trkpt>
    <trkpt lat="42.166929" lon="12.614152"></trkpt>
    <trkpt lat="42.166639" lon="12.614381"></trkpt>
    <trkpt lat="42.166419" lon="12.614546"></trkpt>
    <trkpt lat="42.166285" lon="12.614641"></trkpt>
    <trkpt lat="42.165690" lon="12.614983"></trkpt>
    <trkpt lat="42.165589" lon="12.615039"></trkpt>
    <trkpt lat="42.165525" lon="12.615075"></trkpt>
    <trkpt lat="42.165365" lon="12.615158"></trkpt>
    <trkpt lat="42.165123" lon="12.615271"></trkpt>
    <trkpt lat="42.164885" lon="12.615376"></trkpt>
    <trkpt lat="42.164285" lon="12.615603"></trkpt>
    <trkpt lat="42.164012" lon="12.615693"></trkpt>
    <trkpt lat="42.163725" lon="12.615779"></trkpt>
    <trkpt lat="42.163441" lon="12.615852"></trkpt>
    <trkpt lat="42.162999" lon="12.615951"></trkpt>
    <trkpt lat="42.162878" lon="12.615974"></trkpt>
    <trkpt lat="42.162491" lon="12.616047"></trkpt>
    <trkpt lat="42.161951" lon="12.616121"></trkpt>
    <trkpt lat="42.161158" lon="12.616151"></trkpt>
    <trkpt lat="42.160533" lon="12.616136"></trkpt>
    <trkpt lat="42.160362" lon="12.616132"></trkpt>
    <trkpt lat="42.159530" lon="12.616010"></trkpt>
    <trkpt lat="42.158696" lon="12.615822"></trkpt>
    <trkpt lat="42.158143" lon="12.615647"></trkpt>
    <trkpt lat="42.157561" lon="12.615406"></trkpt>
    <trkpt lat="42.156582" lon="12.614930"></trkpt>
    <trkpt lat="42.155579" lon="12.614370"></trkpt>
    <trkpt lat="42.155441" lon="12.614297"></trkpt>
    <trkpt lat="42.149341" lon="12.610673"></trkpt>
    <trkpt lat="42.144109" lon="12.607681"></trkpt>
    <trkpt lat="42.141177" lon="12.606207"></trkpt>
    <trkpt lat="42.140706" lon="12.605929"></trkpt>
    <trkpt lat="42.140447" lon="12.605757"></trkpt>
    <trkpt lat="42.140201" lon="12.605580"></trkpt>
    <trkpt lat="42.139734" lon="12.605198"></trkpt>
    <trkpt lat="42.139613" lon="12.605141"></trkpt>
    <trkpt lat="42.139158" lon="12.604818"></trkpt>
    <trkpt lat="42.138715" lon="12.604550"></trkpt>
    <trkpt lat="42.137748" lon="12.604007"></trkpt>
    <trkpt lat="42.136242" lon="12.603119"></trkpt>
    <trkpt lat="42.134968" lon="12.602376"></trkpt>
    <trkpt lat="42.134783" lon="12.602269"></trkpt>
    <trkpt lat="42.133651" lon="12.601606"></trkpt>
    <trkpt lat="42.132453" lon="12.600904"></trkpt>
    <trkpt lat="42.130953" lon="12.600025"></trkpt>
    <trkpt lat="42.129313" lon="12.599063"></trkpt>
    <trkpt lat="42.127405" lon="12.597945"></trkpt>
    <trkpt lat="42.125800" lon="12.597004"></trkpt>
    <trkpt lat="42.125594" lon="12.596884"></trkpt>
    <trkpt lat="42.122619" lon="12.595140"></trkpt>
    <trkpt lat="42.122380" lon="12.594999"></trkpt>
    <trkpt lat="42.119389" lon="12.593247"></trkpt>
    <trkpt lat="42.119206" lon="12.593140"></trkpt>
    <trkpt lat="42.118993" lon="12.593015"></trkpt>
    <trkpt lat="42.117986" lon="12.592425"></trkpt>
    <trkpt lat="42.114366" lon="12.590303"></trkpt>
    <trkpt lat="42.107625" lon="12.586280"></trkpt>
    <trkpt lat="42.101777" lon="12.582866"></trkpt>
    <trkpt lat="42.101225" lon="12.582490"></trkpt>
    <trkpt lat="42.101047" lon="12.582356"></trkpt>
    <trkpt lat="42.100918" lon="12.582254"></trkpt>
    <trkpt lat="42.100779" lon="12.582140"></trkpt>
    <trkpt lat="42.100644" lon="12.582023"></trkpt>
    <trkpt lat="42.100377" lon="12.581771"></trkpt>
    <trkpt lat="42.100310" lon="12.581705"></trkpt>
    <trkpt lat="42.100106" lon="12.581491"></trkpt>
    <trkpt lat="42.099914" lon="12.581266"></trkpt>
    <trkpt lat="42.099835" lon="12.581169"></trkpt>
    <trkpt lat="42.095346" lon="12.575440"></trkpt>
    <trkpt lat="42.093099" lon="12.572495"></trkpt>
    <trkpt lat="42.091038" lon="12.569807"></trkpt>
    <trkpt lat="42.089449" lon="12.567711"></trkpt>
    <trkpt lat="42.088199" lon="12.566089"></trkpt>
    <trkpt lat="42.086773" lon="12.564274"></trkpt>
    <trkpt lat="42.084628" lon="12.561493"></trkpt>
    <trkpt lat="42.083621" lon="12.559991"></trkpt>
    <trkpt lat="42.081865" lon="12.556171"></trkpt>
    <trkpt lat="42.080556" lon="12.553215"></trkpt>
    <trkpt lat="42.079181" lon="12.550105"></trkpt>
    <trkpt lat="42.077958" lon="12.547342"></trkpt>
    <trkpt lat="42.076769" lon="12.544625"></trkpt>
    <trkpt lat="42.076106" lon="12.543222"></trkpt>
    <trkpt lat="42.075490" lon="12.542035"></trkpt>
    <trkpt lat="42.075051" lon="12.541303"></trkpt>
    <trkpt lat="42.074373" lon="12.540382"></trkpt>
    <trkpt lat="42.073453" lon="12.539240"></trkpt>
    <trkpt lat="42.072566" lon="12.538316"></trkpt>
    <trkpt lat="42.071705" lon="12.537588"></trkpt>
    <trkpt lat="42.070812" lon="12.536907"></trkpt>
    <trkpt lat="42.069744" lon="12.536298"></trkpt>
    <trkpt lat="42.069117" lon="12.535991"></trkpt>
    <trkpt lat="42.068436" lon="12.535714"></trkpt>
    <trkpt lat="42.067661" lon="12.535438"></trkpt>
    <trkpt lat="42.067043" lon="12.535278"></trkpt>
    <trkpt lat="42.066377" lon="12.535160"></trkpt>
    <trkpt lat="42.065340" lon="12.535045"></trkpt>
    <trkpt lat="42.064441" lon="12.534940"></trkpt>
    <trkpt lat="42.063571" lon="12.534859"></trkpt>
    <trkpt lat="42.061767" lon="12.534637"></trkpt>
    <trkpt lat="42.057705" lon="12.534195"></trkpt>
    <trkpt lat="42.053002" lon="12.533716"></trkpt>
    <trkpt lat="42.049684" lon="12.533347"></trkpt>
    <trkpt lat="42.046373" lon="12.532954"></trkpt>
    <trkpt lat="42.044923" lon="12.532789"></trkpt>
    <trkpt lat="42.040299" lon="12.532322"></trkpt>
    <trkpt lat="42.040202" lon="12.532312"></trkpt>
    <trkpt lat="42.039366" lon="12.532225"></trkpt>
    <trkpt lat="42.034346" lon="12.531662"></trkpt>
    <trkpt lat="42.032016" lon="12.531414"></trkpt>
    <trkpt lat="42.031888" lon="12.531400"></trkpt>
    <trkpt lat="42.026448" lon="12.530820"></trkpt>
    <trkpt lat="42.021518" lon="12.530282"></trkpt>
    <trkpt lat="42.019141" lon="12.529987"></trkpt>
    <trkpt lat="42.018766" lon="12.529942"></trkpt>
    <trkpt lat="42.018239" lon="12.529878"></trkpt>
    <trkpt lat="42.016325" lon="12.529697"></trkpt>
    <trkpt lat="42.016038" lon="12.529669"></trkpt>
    <trkpt lat="42.015040" lon="12.529554"></trkpt>
    <trkpt lat="42.014708" lon="12.529518"></trkpt>
    <trkpt lat="42.014265" lon="12.529458"></trkpt>
    <trkpt lat="42.013127" lon="12.529352"></trkpt>
    <trkpt lat="42.011435" lon="12.529154"></trkpt>
    <trkpt lat="42.009969" lon="12.528973"></trkpt>
    <trkpt lat="42.006741" lon="12.528655"></trkpt>
    <trkpt lat="42.005775" lon="12.528548"></trkpt>
    <trkpt lat="42.005713" lon="12.528541"></trkpt>
    <trkpt lat="42.001009" lon="12.528023"></trkpt>
    <trkpt lat="41.998532" lon="12.527758"></trkpt>
    <trkpt lat="41.996535" lon="12.527544"></trkpt>
    <trkpt lat="41.994004" lon="12.527282"></trkpt>
    <trkpt lat="41.992504" lon="12.527101"></trkpt>
    <trkpt lat="41.992314" lon="12.527080"></trkpt>
    <trkpt lat="41.992238" lon="12.527071"></trkpt>
    <trkpt lat="41.991770" lon="12.527020"></trkpt>
    <trkpt lat="41.989155" lon="12.526673"></trkpt>
    <trkpt lat="41.988032" lon="12.526442"></trkpt>
    <trkpt lat="41.987303" lon="12.526298"></trkpt>
    <trkpt lat="41.987005" lon="12.526206"></trkpt>
    <trkpt lat="41.986719" lon="12.526100"></trkpt>
    <trkpt lat="41.986243" lon="12.525861"></trkpt>
    <trkpt lat="41.986189" lon="12.525831"></trkpt>
    <trkpt lat="41.986134" lon="12.525794"></trkpt>
    <trkpt lat="41.986082" lon="12.525758"></trkpt>
    <trkpt lat="41.986029" lon="12.525716"></trkpt>
    <trkpt lat="41.985849" lon="12.525555"></trkpt>
    <trkpt lat="41.985363" lon="12.524947"></trkpt>
    <trkpt lat="41.985177" lon="12.524709"></trkpt>
    <trkpt lat="41.985096" lon="12.524574"></trkpt>
    <trkpt lat="41.985022" lon="12.524439"></trkpt>
    <trkpt lat="41.984970" lon="12.524335"></trkpt>
    <trkpt lat="41.984926" lon="12.524215"></trkpt>
    <trkpt lat="41.984886" lon="12.524110"></trkpt>
    <trkpt lat="41.984855" lon="12.523988"></trkpt>
    <trkpt lat="41.984829" lon="12.523878"></trkpt>
    <trkpt lat="41.984812" lon="12.523756"></trkpt>
    <trkpt lat="41.984801" lon="12.523642"></trkpt>
    <trkpt lat="41.984794" lon="12.523532"></trkpt>
    <trkpt lat="41.984791" lon="12.523427"></trkpt>
    <trkpt lat="41.984797" lon="12.523312"></trkpt>
    <trkpt lat="41.984804" lon="12.523209"></trkpt>
    <trkpt lat="41.984819" lon="12.523100"></trkpt>
    <trkpt lat="41.984858" lon="12.522925"></trkpt>
    <trkpt lat="41.984913" lon="12.522701"></trkpt>
    <trkpt lat="41.985113" lon="12.522139"></trkpt>
    <trkpt lat="41.985747" lon="12.520728"></trkpt>
    <trkpt lat="41.986377" lon="12.519331"></trkpt>
    <trkpt lat="41.987208" lon="12.517492"></trkpt>
    <trkpt lat="41.987450" lon="12.516957"></trkpt>
    <trkpt lat="41.987716" lon="12.516333"></trkpt>
    <trkpt lat="41.988222" lon="12.515231"></trkpt>
    <trkpt lat="41.988749" lon="12.514083"></trkpt>
    <trkpt lat="41.988943" lon="12.513627"></trkpt>
    <trkpt lat="41.989006" lon="12.513572"></trkpt>
    <trkpt lat="41.989125" lon="12.513369"></trkpt>
    <trkpt lat="41.989154" lon="12.513335"></trkpt>
    <trkpt lat="41.989182" lon="12.513305"></trkpt>
    <trkpt lat="41.989219" lon="12.513275"></trkpt>
    <trkpt lat="41.989258" lon="12.513249"></trkpt>
    <trkpt lat="41.989295" lon="12.513233"></trkpt>
    <trkpt lat="41.989330" lon="12.513221"></trkpt>
    <trkpt lat="41.989393" lon="12.513212"></trkpt>
    <trkpt lat="41.989443" lon="12.513212"></trkpt>
    <trkpt lat="41.989490" lon="12.513219"></trkpt>
    <trkpt lat="41.989531" lon="12.513233"></trkpt>
    <trkpt lat="41.989573" lon="12.513248"></trkpt>
    <trkpt lat="41.989703" lon="12.513321"></trkpt>
    <trkpt lat="41.989769" lon="12.513331"></trkpt>
    <trkpt lat="41.989973" lon="12.513443"></trkpt>
    <trkpt lat="41.990016" lon="12.513461"></trkpt>
    <trkpt lat="41.990059" lon="12.513473"></trkpt>
    <trkpt lat="41.990122" lon="12.513488"></trkpt>
    <trkpt lat="41.990162" lon="12.513492"></trkpt>
    <trkpt lat="41.990199" lon="12.513496"></trkpt>
    <trkpt lat="41.990241" lon="12.513492"></trkpt>
    <trkpt lat="41.990278" lon="12.513488"></trkpt>
    <trkpt lat="41.990310" lon="12.513481"></trkpt>
    <trkpt lat="41.990343" lon="12.513472"></trkpt>
    <trkpt lat="41.990365" lon="12.513463"></trkpt>
    <trkpt lat="41.990391" lon="12.513448"></trkpt>
    <trkpt lat="41.990424" lon="12.513423"></trkpt>
    <trkpt lat="41.990455" lon="12.513391"></trkpt>
    <trkpt lat="41.990492" lon="12.513349"></trkpt>
    <trkpt lat="41.990521" lon="12.513308"></trkpt>
    <trkpt lat="41.990546" lon="12.513266"></trkpt>
    <trkpt lat="41.990571" lon="12.513216"></trkpt>
    <trkpt lat="41.990588" lon="12.513179"></trkpt>
    <trkpt lat="41.990608" lon="12.513134"></trkpt>
    <trkpt lat="41.990631" lon="12.513075"></trkpt>
    <trkpt lat="41.990649" lon="12.513019"></trkpt>
    <trkpt lat="41.990670" lon="12.512958"></trkpt>
    <trkpt lat="41.990689" lon="12.512901"></trkpt>
    <trkpt lat="41.990707" lon="12.512838"></trkpt>
    <trkpt lat="41.990717" lon="12.512797"></trkpt>
    <trkpt lat="41.990725" lon="12.512758"></trkpt>
    <trkpt lat="41.990731" lon="12.512723"></trkpt>
    <trkpt lat="41.990734" lon="12.512689"></trkpt>
    <trkpt lat="41.990735" lon="12.512654"></trkpt>
    <trkpt lat="41.990734" lon="12.512619"></trkpt>
    <trkpt lat="41.990729" lon="12.512564"></trkpt>
    <trkpt lat="41.990717" lon="12.512510"></trkpt>
    <trkpt lat="41.990705" lon="12.512464"></trkpt>
    <trkpt lat="41.990688" lon="12.512423"></trkpt>
    <trkpt lat="41.990667" lon="12.512381"></trkpt>
    <trkpt lat="41.990643" lon="12.512344"></trkpt>
    <trkpt lat="41.990608" lon="12.512299"></trkpt>
    <trkpt lat="41.990572" lon="12.512264"></trkpt>
    <trkpt lat="41.990536" lon="12.512238"></trkpt>
    <trkpt lat="41.990501" lon="12.512219"></trkpt>
    <trkpt lat="41.990475" lon="12.512209"></trkpt>
    <trkpt lat="41.990449" lon="12.512201"></trkpt>
    <trkpt lat="41.990395" lon="12.512195"></trkpt>
    <trkpt lat="41.990342" lon="12.512193"></trkpt>
    <trkpt lat="41.990290" lon="12.512200"></trkpt>
    <trkpt lat="41.990249" lon="12.512214"></trkpt>
    <trkpt lat="41.990209" lon="12.512233"></trkpt>
    <trkpt lat="41.990088" lon="12.512302"></trkpt>
    <trkpt lat="41.990038" lon="12.512325"></trkpt>
    <trkpt lat="41.989986" lon="12.512347"></trkpt>
    <trkpt lat="41.989936" lon="12.512357"></trkpt>
    <trkpt lat="41.989909" lon="12.512360"></trkpt>
    <trkpt lat="41.989880" lon="12.512359"></trkpt>
    <trkpt lat="41.989824" lon="12.512348"></trkpt>
    <trkpt lat="41.989794" lon="12.512342"></trkpt>
    <trkpt lat="41.989768" lon="12.512335"></trkpt>
    <trkpt lat="41.989627" lon="12.512300"></trkpt>
    <trkpt lat="41.989514" lon="12.512271"></trkpt>
    <trkpt lat="41.989062" lon="12.512072"></trkpt>
    <trkpt lat="41.989032" lon="12.512055"></trkpt>
    <trkpt lat="41.988999" lon="12.512039"></trkpt>
    <trkpt lat="41.988956" lon="12.512020"></trkpt>
    <trkpt lat="41.988916" lon="12.512003"></trkpt>
    <trkpt lat="41.988768" lon="12.511953"></trkpt>
    <trkpt lat="41.987981" lon="12.511664"></trkpt>
    <trkpt lat="41.987917" lon="12.511639"></trkpt>
    <trkpt lat="41.987719" lon="12.511563"></trkpt>
    <trkpt lat="41.987598" lon="12.511515"></trkpt>
    <trkpt lat="41.987485" lon="12.511459"></trkpt>
    <trkpt lat="41.987398" lon="12.511413"></trkpt>
    <trkpt lat="41.987312" lon="12.511368"></trkpt>
    <trkpt lat="41.987067" lon="12.511212"></trkpt>
    <trkpt lat="41.986976" lon="12.511142"></trkpt>
    <trkpt lat="41.986838" lon="12.511029"></trkpt>
    <trkpt lat="41.986666" lon="12.510874"></trkpt>
    <trkpt lat="41.986474" lon="12.510690"></trkpt>
    <trkpt lat="41.986256" lon="12.510462"></trkpt>
    <trkpt lat="41.986038" lon="12.510226"></trkpt>
    <trkpt lat="41.985563" lon="12.509701"></trkpt>
    <trkpt lat="41.985370" lon="12.509465"></trkpt>
    <trkpt lat="41.985316" lon="12.509403"></trkpt>
    <trkpt lat="41.985263" lon="12.509346"></trkpt>
    <trkpt lat="41.985156" lon="12.509236"></trkpt>
    <trkpt lat="41.985095" lon="12.509175"></trkpt>
    <trkpt lat="41.985036" lon="12.509118"></trkpt>
    <trkpt lat="41.984886" lon="12.508981"></trkpt>
    <trkpt lat="41.984736" lon="12.508852"></trkpt>
    <trkpt lat="41.984698" lon="12.508821"></trkpt>
    <trkpt lat="41.984627" lon="12.508768"></trkpt>
    <trkpt lat="41.984454" lon="12.508641"></trkpt>
    <trkpt lat="41.984300" lon="12.508529"></trkpt>
    <trkpt lat="41.984188" lon="12.508451"></trkpt>
    <trkpt lat="41.984122" lon="12.508407"></trkpt>
    <trkpt lat="41.984053" lon="12.508365"></trkpt>
    <trkpt lat="41.983974" lon="12.508324"></trkpt>
    <trkpt lat="41.983900" lon="12.508289"></trkpt>
    <trkpt lat="41.983811" lon="12.508251"></trkpt>
    <trkpt lat="41.983739" lon="12.508221"></trkpt>
    <trkpt lat="41.983661" lon="12.508193"></trkpt>
    <trkpt lat="41.983586" lon="12.508171"></trkpt>
    <trkpt lat="41.983466" lon="12.508136"></trkpt>
    <trkpt lat="41.983341" lon="12.508111"></trkpt>
    <trkpt lat="41.983282" lon="12.508097"></trkpt>
    <trkpt lat="41.983203" lon="12.508082"></trkpt>
    <trkpt lat="41.983042" lon="12.508061"></trkpt>
    <trkpt lat="41.982920" lon="12.508053"></trkpt>
    <trkpt lat="41.982856" lon="12.508050"></trkpt>
    <trkpt lat="41.982676" lon="12.508041"></trkpt>
    <trkpt lat="41.981715" lon="12.508018"></trkpt>
    <trkpt lat="41.981205" lon="12.508000"></trkpt>
    <trkpt lat="41.981035" lon="12.507987"></trkpt>
    <trkpt lat="41.980917" lon="12.507971"></trkpt>
    <trkpt lat="41.980774" lon="12.507944"></trkpt>
    <trkpt lat="41.980700" lon="12.507927"></trkpt>
    <trkpt lat="41.980618" lon="12.507906"></trkpt>
    <trkpt lat="41.980477" lon="12.507860"></trkpt>
    <trkpt lat="41.980330" lon="12.507805"></trkpt>
    <trkpt lat="41.980173" lon="12.507739"></trkpt>
    <trkpt lat="41.979331" lon="12.507373"></trkpt>
    <trkpt lat="41.978617" lon="12.507083"></trkpt>
    <trkpt lat="41.978384" lon="12.506987"></trkpt>
    <trkpt lat="41.977559" lon="12.506653"></trkpt>
    <trkpt lat="41.977203" lon="12.506504"></trkpt>
    <trkpt lat="41.977106" lon="12.506457"></trkpt>
    <trkpt lat="41.977002" lon="12.506402"></trkpt>
    <trkpt lat="41.976915" lon="12.506351"></trkpt>
    <trkpt lat="41.976793" lon="12.506274"></trkpt>
    <trkpt lat="41.976691" lon="12.506204"></trkpt>
    <trkpt lat="41.976595" lon="12.506135"></trkpt>
    <trkpt lat="41.976403" lon="12.505995"></trkpt>
    <trkpt lat="41.976045" lon="12.505735"></trkpt>
    <trkpt lat="41.975907" lon="12.505636"></trkpt>
    <trkpt lat="41.975479" lon="12.505327"></trkpt>
    <trkpt lat="41.975361" lon="12.505246"></trkpt>
    <trkpt lat="41.975235" lon="12.505164"></trkpt>
    <trkpt lat="41.975126" lon="12.505104"></trkpt>
    <trkpt lat="41.975008" lon="12.505042"></trkpt>
    <trkpt lat="41.974906" lon="12.504986"></trkpt>
    <trkpt lat="41.974845" lon="12.504955"></trkpt>
    <trkpt lat="41.974780" lon="12.504925"></trkpt>
    <trkpt lat="41.974671" lon="12.504878"></trkpt>
    <trkpt lat="41.974527" lon="12.504824"></trkpt>
    <trkpt lat="41.974372" lon="12.504774"></trkpt>
    <trkpt lat="41.974315" lon="12.504754"></trkpt>
    <trkpt lat="41.974172" lon="12.504720"></trkpt>
    <trkpt lat="41.974090" lon="12.504700"></trkpt>
    <trkpt lat="41.973999" lon="12.504680"></trkpt>
    <trkpt lat="41.973939" lon="12.504667"></trkpt>
    <trkpt lat="41.973874" lon="12.504656"></trkpt>
    <trkpt lat="41.973744" lon="12.504636"></trkpt>
    <trkpt lat="41.973693" lon="12.504629"></trkpt>
    <trkpt lat="41.973634" lon="12.504623"></trkpt>
    <trkpt lat="41.973516" lon="12.504614"></trkpt>
    <trkpt lat="41.973393" lon="12.504611"></trkpt>
    <trkpt lat="41.973320" lon="12.504612"></trkpt>
    <trkpt lat="41.973145" lon="12.504616"></trkpt>
    <trkpt lat="41.972971" lon="12.504632"></trkpt>
    <trkpt lat="41.972842" lon="12.504648"></trkpt>
    <trkpt lat="41.972767" lon="12.504660"></trkpt>
    <trkpt lat="41.972696" lon="12.504675"></trkpt>
    <trkpt lat="41.972428" lon="12.504732"></trkpt>
    <trkpt lat="41.972344" lon="12.504758"></trkpt>
    <trkpt lat="41.972107" lon="12.504838"></trkpt>
    <trkpt lat="41.971964" lon="12.504886"></trkpt>
    <trkpt lat="41.971646" lon="12.504992"></trkpt>
    <trkpt lat="41.971208" lon="12.505142"></trkpt>
    <trkpt lat="41.971070" lon="12.505192"></trkpt>
    <trkpt lat="41.970439" lon="12.505411"></trkpt>
    <trkpt lat="41.970259" lon="12.505471"></trkpt>
    <trkpt lat="41.969599" lon="12.505695"></trkpt>
    <trkpt lat="41.969099" lon="12.505863"></trkpt>
    <trkpt lat="41.968952" lon="12.505912"></trkpt>
    <trkpt lat="41.968916" lon="12.505924"></trkpt>
    <trkpt lat="41.968824" lon="12.505960"></trkpt>
    <trkpt lat="41.968603" lon="12.506037"></trkpt>
    <trkpt lat="41.968372" lon="12.506111"></trkpt>
    <trkpt lat="41.968231" lon="12.506152"></trkpt>
    <trkpt lat="41.968020" lon="12.506203"></trkpt>
    <trkpt lat="41.967813" lon="12.506246"></trkpt>
    <trkpt lat="41.967613" lon="12.506282"></trkpt>
    <trkpt lat="41.967413" lon="12.506310"></trkpt>
    <trkpt lat="41.967317" lon="12.506326"></trkpt>
    <trkpt lat="41.967214" lon="12.506337"></trkpt>
    <trkpt lat="41.967014" lon="12.506357"></trkpt>
    <trkpt lat="41.966768" lon="12.506371"></trkpt>
    <trkpt lat="41.966272" lon="12.506351"></trkpt>
    <trkpt lat="41.965999" lon="12.506335"></trkpt>
    <trkpt lat="41.965775" lon="12.506317"></trkpt>
    <trkpt lat="41.965302" lon="12.506295"></trkpt>
    <trkpt lat="41.965043" lon="12.506272"></trkpt>
    <trkpt lat="41.964371" lon="12.506233"></trkpt>
    <trkpt lat="41.963753" lon="12.506195"></trkpt>
    <trkpt lat="41.963550" lon="12.506181"></trkpt>
    <trkpt lat="41.962968" lon="12.506150"></trkpt>
    <trkpt lat="41.962671" lon="12.506131"></trkpt>
    <trkpt lat="41.962183" lon="12.506105"></trkpt>
    <trkpt lat="41.961858" lon="12.506083"></trkpt>
    <trkpt lat="41.961563" lon="12.506062"></trkpt>
    <trkpt lat="41.960858" lon="12.506024"></trkpt>
    <trkpt lat="41.960492" lon="12.506001"></trkpt>
    <trkpt lat="41.959985" lon="12.505985"></trkpt>
    <trkpt lat="41.959776" lon="12.505976"></trkpt>
    <trkpt lat="41.959514" lon="12.505973"></trkpt>
    <trkpt lat="41.959051" lon="12.505954"></trkpt>
    <trkpt lat="41.958595" lon="12.505939"></trkpt>
    <trkpt lat="41.958153" lon="12.505925"></trkpt>
    <trkpt lat="41.957571" lon="12.505908"></trkpt>
    <trkpt lat="41.956998" lon="12.505886"></trkpt>
    <trkpt lat="41.956556" lon="12.505870"></trkpt>
    <trkpt lat="41.955909" lon="12.505849"></trkpt>
    <trkpt lat="41.955645" lon="12.505839"></trkpt>
    <trkpt lat="41.955259" lon="12.505828"></trkpt>
    <trkpt lat="41.955077" lon="12.505819"></trkpt>
    <trkpt lat="41.954815" lon="12.505813"></trkpt>
    <trkpt lat="41.954539" lon="12.505800"></trkpt>
    <trkpt lat="41.954482" lon="12.505797"></trkpt>
    <trkpt lat="41.954420" lon="12.505791"></trkpt>
    <trkpt lat="41.953828" lon="12.505779"></trkpt>
    <trkpt lat="41.953570" lon="12.505771"></trkpt>
    <trkpt lat="41.953158" lon="12.505776"></trkpt>
    <trkpt lat="41.952814" lon="12.505793"></trkpt>
    <trkpt lat="41.952457" lon="12.505816"></trkpt>
    <trkpt lat="41.952317" lon="12.505826"></trkpt>
    <trkpt lat="41.952124" lon="12.505854"></trkpt>
    <trkpt lat="41.951730" lon="12.505919"></trkpt>
    <trkpt lat="41.951374" lon="12.505988"></trkpt>
    <trkpt lat="41.950443" lon="12.506147"></trkpt>
    <trkpt lat="41.950239" lon="12.506181"></trkpt>
    <trkpt lat="41.949104" lon="12.506380"></trkpt>
    <trkpt lat="41.948769" lon="12.506438"></trkpt>
    <trkpt lat="41.948003" lon="12.506574"></trkpt>
    <trkpt lat="41.947240" lon="12.506703"></trkpt>
    <trkpt lat="41.947059" lon="12.506733"></trkpt>
    <trkpt lat="41.946478" lon="12.506833"></trkpt>
    <trkpt lat="41.946220" lon="12.506875"></trkpt>
    <trkpt lat="41.946105" lon="12.506895"></trkpt>
    <trkpt lat="41.945947" lon="12.506923"></trkpt>
    <trkpt lat="41.945465" lon="12.507005"></trkpt>
    <trkpt lat="41.945128" lon="12.507063"></trkpt>
    <trkpt lat="41.944978" lon="12.507092"></trkpt>
    <trkpt lat="41.944502" lon="12.507173"></trkpt>
    <trkpt lat="41.944415" lon="12.507188"></trkpt>
    <trkpt lat="41.944162" lon="12.507231"></trkpt>
    <trkpt lat="41.943700" lon="12.507311"></trkpt>
    <trkpt lat="41.943448" lon="12.507356"></trkpt>
    <trkpt lat="41.943357" lon="12.507370"></trkpt>
    <trkpt lat="41.943042" lon="12.507425"></trkpt>
    <trkpt lat="41.942636" lon="12.507485"></trkpt>
    <trkpt lat="41.942034" lon="12.507597"></trkpt>
    <trkpt lat="41.941465" lon="12.507693"></trkpt>
    <trkpt lat="41.940892" lon="12.507792"></trkpt>
    <trkpt lat="41.940791" lon="12.507811"></trkpt>
    <trkpt lat="41.940712" lon="12.507825"></trkpt>
    <trkpt lat="41.940402" lon="12.507906"></trkpt>
    <trkpt lat="41.940302" lon="12.507924"></trkpt>
    <trkpt lat="41.940237" lon="12.507940"></trkpt>
    <trkpt lat="41.940186" lon="12.507955"></trkpt>
    <trkpt lat="41.940115" lon="12.507980"></trkpt>
    <trkpt lat="41.940051" lon="12.508007"></trkpt>
    <trkpt lat="41.939875" lon="12.508089"></trkpt>
    <trkpt lat="41.939735" lon="12.508163"></trkpt>
    <trkpt lat="41.939647" lon="12.508217"></trkpt>
    <trkpt lat="41.939446" lon="12.508350"></trkpt>
    <trkpt lat="41.939293" lon="12.508447"></trkpt>
    <trkpt lat="41.939164" lon="12.508522"></trkpt>
    <trkpt lat="41.939070" lon="12.508570"></trkpt>
    <trkpt lat="41.939005" lon="12.508601"></trkpt>
    <trkpt lat="41.938752" lon="12.508694"></trkpt>
    <trkpt lat="41.938634" lon="12.508724"></trkpt>
    <trkpt lat="41.938541" lon="12.508740"></trkpt>
    <trkpt lat="41.938436" lon="12.508754"></trkpt>
    <trkpt lat="41.938364" lon="12.508756"></trkpt>
    <trkpt lat="41.938133" lon="12.508751"></trkpt>
    <trkpt lat="41.938027" lon="12.508751"></trkpt>
    <trkpt lat="41.937934" lon="12.508751"></trkpt>
    <trkpt lat="41.937510" lon="12.508752"></trkpt>
    <trkpt lat="41.937131" lon="12.508752"></trkpt>
    <trkpt lat="41.936581" lon="12.508766"></trkpt>
    <trkpt lat="41.936137" lon="12.508780"></trkpt>
    <trkpt lat="41.935729" lon="12.508818"></trkpt>
    <trkpt lat="41.935634" lon="12.508825"></trkpt>
    <trkpt lat="41.935421" lon="12.508873"></trkpt>
    <trkpt lat="41.935118" lon="12.508948"></trkpt>
    <trkpt lat="41.934729" lon="12.508984"></trkpt>
    <trkpt lat="41.934629" lon="12.508998"></trkpt>
    <trkpt lat="41.934536" lon="12.509012"></trkpt>
    <trkpt lat="41.934396" lon="12.509043"></trkpt>
    <trkpt lat="41.934269" lon="12.509073"></trkpt>
    <trkpt lat="41.933858" lon="12.509173"></trkpt>
    <trkpt lat="41.933691" lon="12.509211"></trkpt>
    <trkpt lat="41.933545" lon="12.509241"></trkpt>
    <trkpt lat="41.933445" lon="12.509255"></trkpt>
    <trkpt lat="41.933398" lon="12.509262"></trkpt>
    <trkpt lat="41.933344" lon="12.509267"></trkpt>
    <trkpt lat="41.933278" lon="12.509268"></trkpt>
    <trkpt lat="41.933243" lon="12.509266"></trkpt>
    <trkpt lat="41.933204" lon="12.509263"></trkpt>
    <trkpt lat="41.933044" lon="12.509237"></trkpt>
    <trkpt lat="41.932924" lon="12.509145"></trkpt>
    <trkpt lat="41.932857" lon="12.509100"></trkpt>
    <trkpt lat="41.932831" lon="12.509084"></trkpt>
    <trkpt lat="41.932808" lon="12.509073"></trkpt>
    <trkpt lat="41.932752" lon="12.509055"></trkpt>
    <trkpt lat="41.932718" lon="12.509046"></trkpt>
    <trkpt lat="41.932690" lon="12.509042"></trkpt>
    <trkpt lat="41.932615" lon="12.509035"></trkpt>
    <trkpt lat="41.932464" lon="12.509020"></trkpt>
    <trkpt lat="41.932370" lon="12.509012"></trkpt>
    <trkpt lat="41.932267" lon="12.509009"></trkpt>
    <trkpt lat="41.932158" lon="12.509016"></trkpt>
    <trkpt lat="41.931985" lon="12.509034"></trkpt>
    <trkpt lat="41.931895" lon="12.509051"></trkpt>
    <trkpt lat="41.931780" lon="12.509078"></trkpt>
    <trkpt lat="41.931566" lon="12.509109"></trkpt>
    <trkpt lat="41.931252" lon="12.509150"></trkpt>
    <trkpt lat="41.931147" lon="12.509168"></trkpt>
    <trkpt lat="41.930953" lon="12.509190"></trkpt>
    <trkpt lat="41.930891" lon="12.509188"></trkpt>
    <trkpt lat="41.930807" lon="12.509175"></trkpt>
    <trkpt lat="41.930734" lon="12.509154"></trkpt>
    <trkpt lat="41.930635" lon="12.509115"></trkpt>
    <trkpt lat="41.930479" lon="12.509049"></trkpt>
    <trkpt lat="41.930358" lon="12.508986"></trkpt>
    <trkpt lat="41.930314" lon="12.508965"></trkpt>
    <trkpt lat="41.930234" lon="12.508922"></trkpt>
    <trkpt lat="41.930203" lon="12.508904"></trkpt>
    <trkpt lat="41.930171" lon="12.508882"></trkpt>
    <trkpt lat="41.930127" lon="12.508852"></trkpt>
    <trkpt lat="41.930088" lon="12.508823"></trkpt>
    <trkpt lat="41.930025" lon="12.508766"></trkpt>
    <trkpt lat="41.929972" lon="12.508715"></trkpt>
    <trkpt lat="41.929895" lon="12.508640"></trkpt>
    <trkpt lat="41.929858" lon="12.508603"></trkpt>
    <trkpt lat="41.929822" lon="12.508570"></trkpt>
    <trkpt lat="41.929780" lon="12.508530"></trkpt>
    <trkpt lat="41.929728" lon="12.508486"></trkpt>
    <trkpt lat="41.929639" lon="12.508416"></trkpt>
    <trkpt lat="41.929543" lon="12.508316"></trkpt>
    <trkpt lat="41.929292" lon="12.508071"></trkpt>
    <trkpt lat="41.929101" lon="12.507896"></trkpt>
    <trkpt lat="41.928902" lon="12.507720"></trkpt>
    <trkpt lat="41.928766" lon="12.507601"></trkpt>
    <trkpt lat="41.928385" lon="12.507270"></trkpt>
    <trkpt lat="41.927955" lon="12.506898"></trkpt>
    <trkpt lat="41.927905" lon="12.506856"></trkpt>
    <trkpt lat="41.927865" lon="12.506820"></trkpt>
    <trkpt lat="41.927301" lon="12.506330"></trkpt>
    <trkpt lat="41.926938" lon="12.506025"></trkpt>
    <trkpt lat="41.926803" lon="12.505903"></trkpt>
    <trkpt lat="41.926669" lon="12.505789"></trkpt>
    <trkpt lat="41.926605" lon="12.505733"></trkpt>
    <trkpt lat="41.925982" lon="12.505165"></trkpt>
    <trkpt lat="41.925637" lon="12.504828"></trkpt>
    <trkpt lat="41.925283" lon="12.504460"></trkpt>
    <trkpt lat="41.925261" lon="12.504438"></trkpt>
    <trkpt lat="41.925154" lon="12.504324"></trkpt>
    <trkpt lat="41.924993" lon="12.504155"></trkpt>
    <trkpt lat="41.924706" lon="12.503852"></trkpt>
    <trkpt lat="41.924412" lon="12.503569"></trkpt>
    <trkpt lat="41.924185" lon="12.503350"></trkpt>
    <trkpt lat="41.924113" lon="12.503259"></trkpt>
    <trkpt lat="41.923968" lon="12.503113"></trkpt>
    <trkpt lat="41.923550" lon="12.502690"></trkpt>
    <trkpt lat="41.922992" lon="12.502158"></trkpt>
    <trkpt lat="41.922895" lon="12.502054"></trkpt>
    <trkpt lat="41.922764" lon="12.501916"></trkpt>
    <trkpt lat="41.922331" lon="12.501441"></trkpt>
    <trkpt lat="41.922278" lon="12.501386"></trkpt>
    <trkpt lat="41.922164" lon="12.501271"></trkpt>
    <trkpt lat="41.921903" lon="12.501005"></trkpt>
    <trkpt lat="41.921881" lon="12.500984"></trkpt>
    <trkpt lat="41.921869" lon="12.500971"></trkpt>
    <trkpt lat="41.921764" lon="12.500853"></trkpt>
    <trkpt lat="41.921509" lon="12.500592"></trkpt>
    <trkpt lat="41.921485" lon="12.500569"></trkpt>
    <trkpt lat="41.921396" lon="12.500489"></trkpt>
    <trkpt lat="41.920793" lon="12.499868"></trkpt>
    <trkpt lat="41.920753" lon="12.499830"></trkpt>
    <trkpt lat="41.920722" lon="12.499799"></trkpt>
    <trkpt lat="41.920293" lon="12.499363"></trkpt>
    <trkpt lat="41.920234" lon="12.499299"></trkpt>
    <trkpt lat="41.920132" lon="12.499185"></trkpt>
    <trkpt lat="41.920093" lon="12.499141"></trkpt>
    <trkpt lat="41.919752" lon="12.498725"></trkpt>
    <trkpt lat="41.919637" lon="12.498581"></trkpt>
    <trkpt lat="41.919615" lon="12.498553"></trkpt>
    <trkpt lat="41.919533" lon="12.498517"></trkpt>
    <trkpt lat="41.919512" lon="12.498486"></trkpt>
    <trkpt lat="41.919501" lon="12.498470"></trkpt>
    <trkpt lat="41.919489" lon="12.498454"></trkpt>
    <trkpt lat="41.919463" lon="12.498420"></trkpt>
    <trkpt lat="41.919421" lon="12.498370"></trkpt>
    <trkpt lat="41.919392" lon="12.498335"></trkpt>
    <trkpt lat="41.918987" lon="12.497876"></trkpt>
    <trkpt lat="41.918920" lon="12.497800"></trkpt>
    <trkpt lat="41.918705" lon="12.497566"></trkpt>
    <trkpt lat="41.918246" lon="12.497043"></trkpt>
    <trkpt lat="41.918188" lon="12.496980"></trkpt>
    <trkpt lat="41.917291" lon="12.496291"></trkpt>
    <trkpt lat="41.917261" lon="12.496260"></trkpt>
    <trkpt lat="41.917231" lon="12.496225"></trkpt>
    <trkpt lat="41.917193" lon="12.496171"></trkpt>
    <trkpt lat="41.917133" lon="12.496305"></trkpt>
    <trkpt lat="41.917104" lon="12.496379"></trkpt>
    <trkpt lat="41.917071" lon="12.496470"></trkpt>
    <trkpt lat="41.917050" lon="12.496528"></trkpt>
    <trkpt lat="41.917024" lon="12.496610"></trkpt>
    <trkpt lat="41.917007" lon="12.496662"></trkpt>
    <trkpt lat="41.916998" lon="12.496687"></trkpt>
    <trkpt lat="41.916988" lon="12.496710"></trkpt>
    <trkpt lat="41.916975" lon="12.496735"></trkpt>
    <trkpt lat="41.916955" lon="12.496758"></trkpt>
    <trkpt lat="41.916941" lon="12.496771"></trkpt>
    <trkpt lat="41.916926" lon="12.496781"></trkpt>
    <trkpt lat="41.916900" lon="12.496792"></trkpt>
    <trkpt lat="41.916874" lon="12.496799"></trkpt>
    <trkpt lat="41.916781" lon="12.496820"></trkpt>
    <trkpt lat="41.916537" lon="12.496863"></trkpt>
    <trkpt lat="41.916072" lon="12.496967"></trkpt>
    <trkpt lat="41.916039" lon="12.496973"></trkpt>
    <trkpt lat="41.915917" lon="12.496998"></trkpt>
    <trkpt lat="41.915874" lon="12.496935"></trkpt>
    <trkpt lat="41.915813" lon="12.496843"></trkpt>
    <trkpt lat="41.915581" lon="12.496496"></trkpt>
    <trkpt lat="41.915413" lon="12.496257"></trkpt>
    <trkpt lat="41.915295" lon="12.496098"></trkpt>
    <trkpt lat="41.915186" lon="12.495959"></trkpt>
    <trkpt lat="41.915019" lon="12.495789"></trkpt>
    <trkpt lat="41.914800" lon="12.495583"></trkpt>
    <trkpt lat="41.914762" lon="12.495547"></trkpt>
    <trkpt lat="41.914688" lon="12.495477"></trkpt>
    <trkpt lat="41.914587" lon="12.495379"></trkpt>
    <trkpt lat="41.914433" lon="12.495229"></trkpt>
    <trkpt lat="41.913914" lon="12.494727"></trkpt>
    <trkpt lat="41.913882" lon="12.494692"></trkpt>
    <trkpt lat="41.913261" lon="12.494076"></trkpt>
    <trkpt lat="41.913219" lon="12.494036"></trkpt>
    <trkpt lat="41.912898" lon="12.493735"></trkpt>
    <trkpt lat="41.912871" lon="12.493714"></trkpt>
    <trkpt lat="41.912847" lon="12.493697"></trkpt>
    <trkpt lat="41.912813" lon="12.493681"></trkpt>
    <trkpt lat="41.912787" lon="12.493672"></trkpt>
    <trkpt lat="41.912754" lon="12.493666"></trkpt>
    <trkpt lat="41.912721" lon="12.493663"></trkpt>
    <trkpt lat="41.912687" lon="12.493663"></trkpt>
    <trkpt lat="41.911262" lon="12.493775"></trkpt>
    <trkpt lat="41.911173" lon="12.493786"></trkpt>
    <trkpt lat="41.911140" lon="12.493795"></trkpt>
    <trkpt lat="41.911120" lon="12.493803"></trkpt>
    <trkpt lat="41.911059" lon="12.493824"></trkpt>
    <trkpt lat="41.910980" lon="12.493850"></trkpt>
    <trkpt lat="41.910951" lon="12.493860"></trkpt>
    <trkpt lat="41.910874" lon="12.493880"></trkpt>
    <trkpt lat="41.910709" lon="12.493919"></trkpt>
    <trkpt lat="41.910643" lon="12.493937"></trkpt>
    <trkpt lat="41.910581" lon="12.493953"></trkpt>
    <trkpt lat="41.910548" lon="12.493962"></trkpt>
    <trkpt lat="41.910206" lon="12.494071"></trkpt>
    <trkpt lat="41.910155" lon="12.494088"></trkpt>
    <trkpt lat="41.910090" lon="12.494108"></trkpt>
    <trkpt lat="41.909498" lon="12.494298"></trkpt>
    <trkpt lat="41.909430" lon="12.494320"></trkpt>
    <trkpt lat="41.908734" lon="12.494532"></trkpt>
    <trkpt lat="41.908698" lon="12.494543"></trkpt>
    <trkpt lat="41.908675" lon="12.494554"></trkpt>
    <trkpt lat="41.908652" lon="12.494570"></trkpt>
    <trkpt lat="41.908618" lon="12.494600"></trkpt>
    <trkpt lat="41.908585" lon="12.494628"></trkpt>
    <trkpt lat="41.907737" lon="12.495672"></trkpt>
    <trkpt lat="41.907690" lon="12.495729"></trkpt>
    <trkpt lat="41.907302" lon="12.496213"></trkpt>
    <trkpt lat="41.906874" lon="12.496749"></trkpt>
    <trkpt lat="41.906840" lon="12.496791"></trkpt>
    <trkpt lat="41.906525" lon="12.497186"></trkpt>
    <trkpt lat="41.906474" lon="12.497249"></trkpt>
    <trkpt lat="41.905968" lon="12.496510"></trkpt>
    <trkpt lat="41.905625" lon="12.496015"></trkpt>
    <trkpt lat="41.905520" lon="12.495843"></trkpt>
    <trkpt lat="41.905502" lon="12.495815"></trkpt>
    <trkpt lat="41.905480" lon="12.495783"></trkpt>
    <trkpt lat="41.905455" lon="12.495748"></trkpt>
    <trkpt lat="41.905433" lon="12.495715"></trkpt>
    <trkpt lat="41.905418" lon="12.495693"></trkpt>
    <trkpt lat="41.905374" lon="12.495629"></trkpt>
    <trkpt lat="41.905193" lon="12.495387"></trkpt>
    <trkpt lat="41.905038" lon="12.495145"></trkpt>
    <trkpt lat="41.904517" lon="12.494362"></trkpt>
    <trkpt lat="41.904441" lon="12.494249"></trkpt>
    <trkpt lat="41.904410" lon="12.494280"></trkpt>
    <trkpt lat="41.904379" lon="12.494310"></trkpt>
    <trkpt lat="41.904253" lon="12.494422"></trkpt>
    <trkpt lat="41.904240" lon="12.494443"></trkpt>
    <trkpt lat="41.904193" lon="12.494514"></trkpt>
    <trkpt lat="41.904163" lon="12.494557"></trkpt>
    <trkpt lat="41.904121" lon="12.494607"></trkpt>
    <trkpt lat="41.904068" lon="12.494669"></trkpt>
    <trkpt lat="41.903746" lon="12.495032"></trkpt>
    <trkpt lat="41.903609" lon="12.495187"></trkpt>
    <trkpt lat="41.903484" lon="12.495331"></trkpt>
    <trkpt lat="41.903445" lon="12.495376"></trkpt>
    <trkpt lat="41.903389" lon="12.495440"></trkpt>
    <trkpt lat="41.903132" lon="12.495735"></trkpt>
    <trkpt lat="41.903107" lon="12.495762"></trkpt>
    <trkpt lat="41.903073" lon="12.495794"></trkpt>
    <trkpt lat="41.903036" lon="12.495822"></trkpt>
    <trkpt lat="41.902995" lon="12.495849"></trkpt>
    <trkpt lat="41.902970" lon="12.495863"></trkpt>
    <trkpt lat="41.902944" lon="12.495873"></trkpt>
    <trkpt lat="41.902729" lon="12.495924"></trkpt>
    <trkpt lat="41.902669" lon="12.495926"></trkpt>
    <trkpt lat="41.902637" lon="12.495936"></trkpt>
    <trkpt lat="41.902610" lon="12.495948"></trkpt>
    <trkpt lat="41.902582" lon="12.495968"></trkpt>
    <trkpt lat="41.902558" lon="12.495989"></trkpt>
    <trkpt lat="41.902534" lon="12.496020"></trkpt>
    <trkpt lat="41.902514" lon="12.496046"></trkpt>
    <trkpt lat="41.902497" lon="12.496079"></trkpt>
    <trkpt lat="41.902483" lon="12.496116"></trkpt>
    <trkpt lat="41.902472" lon="12.496153"></trkpt>
    <trkpt lat="41.902465" lon="12.496194"></trkpt>
    <trkpt lat="41.902462" lon="12.496276"></trkpt>
    <trkpt lat="41.902468" lon="12.496325"></trkpt>
    <trkpt lat="41.902484" lon="12.496389"></trkpt>
    <trkpt lat="41.902508" lon="12.496444"></trkpt>
    <trkpt lat="41.902550" lon="12.496503"></trkpt>
    <trkpt lat="41.902600" lon="12.496547"></trkpt>
    <trkpt lat="41.902658" lon="12.496572"></trkpt>
    <trkpt lat="41.902718" lon="12.496578"></trkpt>
    <trkpt lat="41.902757" lon="12.496571"></trkpt>
    <trkpt lat="41.902794" lon="12.496556"></trkpt>
    <trkpt lat="41.902829" lon="12.496533"></trkpt>
    <trkpt lat="41.902849" lon="12.496515"></trkpt>
    <trkpt lat="41.902866" lon="12.496497"></trkpt>
    <trkpt lat="41.902866" lon="12.496497"></trkpt>
  </trkseg></trk>
</gpx>
