{
  "ride_temp_mean": 6.4,
  "ride_precip_sum": 0.0,
  "ride_wind_speed": 16.40845691231312,
  "ride_wind_dir": 232.46236100539886,
  "tent_precip_sum": 0.1,
  "tent_temp_mean": 5.445
}