{
  "ride_temp_mean": -2.775,
  "ride_precip_sum": 0.1,
  "ride_wind_speed": 2.70982765894012,
  "ride_wind_dir": 34.56762156033011,
  "tent_precip_sum": 1.7,
  "tent_temp_mean": -3.495
}