{
  "ride_temp_mean": 9.775,
  "ride_precip_sum": 0.0,
  "ride_wind_speed": 4.07895238693775,
  "ride_wind_dir": 221.58261707212566,
  "tent_precip_sum": 7.8,
  "tent_temp_mean": 7.6899999999999995
}