{
  "ride_temp_mean": 5.6000000000000005,
  "ride_precip_sum": 0.2,
  "ride_wind_speed": 24.195537733875213,
  "ride_wind_dir": 234.74487750183067,
  "tent_precip_sum": 2.0,
  "tent_temp_mean": 4.365
}