{
  "samples_local": {
    "10": {
      "temp": 27.8,
      "precip": 0.0,
      "wind": 5.7,
      "wind_dir_deg": 238.0
    },
    "12": {
      "temp": 30.9,
      "precip": 0.0,
      "wind": 11.1,
      "wind_dir_deg": 239.0
    },
    "14": {
      "temp": 32.4,
      "precip": 0.2,
      "wind": 12.3,
      "wind_dir_deg": 243.0
    },
    "16": {
      "temp": 31.0,
      "precip": 0.0,
      "wind": 12.8,
      "wind_dir_deg": 238.0
    }
  },
  "ride_temp_mean": 30.525,
  "ride_wind_mean": 10.475,
  "ride_wind_dir_deg": 239.73229876426393,
  "ride_rain_flag": 1.0,
  "tent_rain_flag": 0.0,
  "daily_precip_sum": 0.30000000000000004,
  "daily_temp_mean": 26.599999999999998,
  "daily_wind_mean": 9.120833333333334,
  "daily_wind_dir_deg": 227.17445698561716
}