{
  "samples_local": {
    "10": {
      "temp": 28.0,
      "precip": 0.0,
      "wind": 8.9,
      "wind_dir_deg": 245.0
    },
    "12": {
      "temp": 31.4,
      "precip": 0.0,
      "wind": 11.6,
      "wind_dir_deg": 233.0
    },
    "14": {
      "temp": 32.7,
      "precip": 0.0,
      "wind": 11.8,
      "wind_dir_deg": 241.0
    },
    "16": {
      "temp": 31.0,
      "precip": 0.0,
      "wind": 12.2,
      "wind_dir_deg": 233.0
    }
  },
  "ride_temp_mean": 30.775,
  "ride_wind_mean": 11.125,
  "ride_wind_dir_deg": 237.5190381514796,
  "ride_rain_flag": 0.0,
  "tent_rain_flag": 0.0,
  "daily_precip_sum": 0.0,
  "daily_temp_mean": 26.208333333333332,
  "daily_wind_mean": 9.041666666666666,
  "daily_wind_dir_deg": 229.68705902448187
}