{
  "samples_local": {
    "10": {
      "temp": -2.7,
      "precip": 0.0,
      "wind": 8.8,
      "wind_dir_deg": 179.0
    },
    "12": {
      "temp": -1.9,
      "precip": 0.0,
      "wind": 6.8,
      "wind_dir_deg": 183.0
    },
    "14": {
      "temp": -1.5,
      "precip": 0.1,
      "wind": 10.8,
      "wind_dir_deg": 216.0
    },
    "16": {
      "temp": -3.6,
      "precip": 0.0,
      "wind": 8.2,
      "wind_dir_deg": 232.0
    }
  },
  "ride_temp_mean": -2.425,
  "ride_wind_mean": 8.65,
  "ride_wind_dir_deg": 203.89151899016707,
  "ride_rain_flag": 0.0,
  "tent_rain_flag": 0.0,
  "daily_precip_sum": 0.6000000000000001,
  "daily_temp_mean": -4.966666666666667,
  "daily_wind_mean": 7.270833333333333,
  "daily_wind_dir_deg": 204.83249573409688
}