{
  "samples_local": {
    "10": {
      "temp": 3.7,
      "precip": 0.0,
      "wind": 16.3,
      "wind_dir_deg": 157.0
    },
    "12": {
      "temp": 4.8,
      "precip": 0.0,
      "wind": 14.4,
      "wind_dir_deg": 149.0
    },
    "14": {
      "temp": 5.9,
      "precip": 0.1,
      "wind": 17.1,
      "wind_dir_deg": 169.0
    },
    "16": {
      "temp": 5.6,
      "precip": 0.0,
      "wind": 10.1,
      "wind_dir_deg": 180.0
    }
  },
  "ride_temp_mean": 5.0,
  "ride_wind_mean": 14.475000000000001,
  "ride_wind_dir_deg": 162.54938902959282,
  "ride_rain_flag": 0.0,
  "tent_rain_flag": 1.0,
  "daily_precip_sum": 0.5,
  "daily_temp_mean": 3.6291666666666664,
  "daily_wind_mean": 12.208333333333334,
  "daily_wind_dir_deg": 151.846768369357
}