{
  "samples_local": {
    "10": {
      "temp": 4.2,
      "precip": 0.0,
      "wind": 13.8,
      "wind_dir_deg": 148.0
    },
    "12": {
      "temp": 6.4,
      "precip": 0.0,
      "wind": 13.1,
      "wind_dir_deg": 147.0
    },
    "14": {
      "temp": 7.2,
      "precip": 0.0,
      "wind": 10.2,
      "wind_dir_deg": 136.0
    },
    "16": {
      "temp": 5.9,
      "precip": 0.0,
      "wind": 7.5,
      "wind_dir_deg": 120.0
    }
  },
  "ride_temp_mean": 5.925000000000001,
  "ride_wind_mean": 11.15,
  "ride_wind_dir_deg": 140.31383145153399,
  "ride_rain_flag": 0.0,
  "tent_rain_flag": 0.0,
  "daily_precip_sum": 0.0,
  "daily_temp_mean": 3.7083333333333335,
  "daily_wind_mean": 11.583333333333334,
  "daily_wind_dir_deg": 131.448148556427
}