{
  "samples_local": {
    "10": {
      "temp": -0.6,
      "precip": 0.0,
      "wind": 9.8,
      "wind_dir_deg": 166.0
    },
    "12": {
      "temp": 0.2,
      "precip": 0.0,
      "wind": 8.6,
      "wind_dir_deg": 169.0
    },
    "14": {
      "temp": 0.8,
      "precip": 0.0,
      "wind": 9.1,
      "wind_dir_deg": 171.0
    },
    "16": {
      "temp": 0.3,
      "precip": 0.0,
      "wind": 8.3,
      "wind_dir_deg": 181.0
    }
  },
  "ride_temp_mean": 0.17500000000000002,
  "ride_wind_mean": 8.95,
  "ride_wind_dir_deg": 171.46151911664697,
  "ride_rain_flag": 0.0,
  "tent_rain_flag": 1.0,
  "daily_precip_sum": 4.5,
  "daily_temp_mean": -0.4708333333333334,
  "daily_wind_mean": 7.433333333333334,
  "daily_wind_dir_deg": 161.08441084172887
}