{
  "samples_local": {
    "10": {
      "temp": 3.3,
      "precip": 0.4,
      "wind": 18.5,
      "wind_dir_deg": 162.0
    },
    "12": {
      "temp": 4.3,
      "precip": 0.1,
      "wind": 17.5,
      "wind_dir_deg": 178.0
    },
    "14": {
      "temp": 4.8,
      "precip": 0.1,
      "wind": 15.7,
      "wind_dir_deg": 177.0
    },
    "16": {
      "temp": 4.6,
      "precip": 0.0,
      "wind": 14.1,
      "wind_dir_deg": 178.0
    }
  },
  "ride_temp_mean": 4.25,
  "ride_wind_mean": 16.45,
  "ride_wind_dir_deg": 173.28018010943583,
  "ride_rain_flag": 1.0,
  "tent_rain_flag": 1.0,
  "daily_precip_sum": 1.7000000000000002,
  "daily_temp_mean": 3.0666666666666664,
  "daily_wind_mean": 14.945833333333333,
  "daily_wind_dir_deg": 167.662291152556
}