{
  "samples_local": {
    "10": {
      "temp": -0.6,
      "precip": 0.1,
      "wind": 13.3
    },
    "12": {
      "temp": -0.1,
      "precip": 0.0,
      "wind": 14.7
    },
    "14": {
      "temp": 0.4,
      "precip": 0.1,
      "wind": 13.7
    },
    "16": {
      "temp": 0.6,
      "precip": 0.1,
      "wind": 12.6
    }
  },
  "ride_temp_mean": 0.07500000000000001,
  "ride_wind_mean": 13.575,
  "ride_rain_flag": 0.0,
  "tent_rain_flag": 1.0,
  "daily_precip_sum": 1.7000000000000002,
  "daily_temp_mean": 0.4791666666666667,
  "daily_wind_mean": 12.725
}