{
  "samples_local": {
    "10": {
      "temp": 17.5,
      "precip": 0.0,
      "wind": 15.9,
      "wind_dir_deg": 296.0
    },
    "12": {
      "temp": 20.8,
      "precip": 0.0,
      "wind": 16.8,
      "wind_dir_deg": 339.0
    },
    "14": {
      "temp": 22.0,
      "precip": 0.0,
      "wind": 17.2,
      "wind_dir_deg": 310.0
    },
    "16": {
      "temp": 20.6,
      "precip": 0.0,
      "wind": 13.5,
      "wind_dir_deg": 307.0
    }
  },
  "ride_temp_mean": 20.225,
  "ride_wind_mean": 15.85,
  "ride_wind_dir_deg": 313.38061422307817,
  "ride_rain_flag": 0.0,
  "tent_rain_flag": 0.0,
  "daily_precip_sum": 0.0,
  "daily_temp_mean": 14.658333333333333,
  "daily_wind_mean": 12.958333333333334,
  "daily_wind_dir_deg": 320.2655529304667
}