{
  "samples_local": {
    "10": {
      "temp": 5.1,
      "precip": 0.1,
      "wind": 15.2,
      "wind_dir_deg": 146.0
    },
    "12": {
      "temp": 6.6,
      "precip": 0.3,
      "wind": 16.1,
      "wind_dir_deg": 147.0
    },
    "14": {
      "temp": 8.6,
      "precip": 0.1,
      "wind": 16.7,
      "wind_dir_deg": 148.0
    },
    "16": {
      "temp": 8.6,
      "precip": 0.1,
      "wind": 14.7,
      "wind_dir_deg": 140.0
    }
  },
  "ride_temp_mean": 7.225,
  "ride_wind_mean": 15.675,
  "ride_wind_dir_deg": 145.38433249506704,
  "ride_rain_flag": 1.0,
  "tent_rain_flag": 1.0,
  "daily_precip_sum": 3.3000000000000003,
  "daily_temp_mean": 5.145833333333333,
  "daily_wind_mean": 15.116666666666667,
  "daily_wind_dir_deg": 141.5852060719701
}