{
  "samples_local": {
    "10": {
      "temp": 15.8,
      "precip": 0.0,
      "wind": 11.9,
      "wind_dir_deg": 304.0
    },
    "12": {
      "temp": 19.9,
      "precip": 0.0,
      "wind": 10.8,
      "wind_dir_deg": 328.0
    },
    "14": {
      "temp": 21.0,
      "precip": 0.0,
      "wind": 8.0,
      "wind_dir_deg": 304.0
    },
    "16": {
      "temp": 14.6,
      "precip": 0.0,
      "wind": 25.1,
      "wind_dir_deg": 135.0
    }
  },
  "ride_temp_mean": 17.825,
  "ride_wind_mean": 13.950000000000001,
  "ride_wind_dir_deg": 299.5776239540797,
  "ride_rain_flag": 0.0,
  "tent_rain_flag": 0.0,
  "daily_precip_sum": 0.1,
  "daily_temp_mean": 12.145833333333334,
  "daily_wind_mean": 15.120833333333335,
  "daily_wind_dir_deg": 157.1498224710731
}