{
  "samples_local": {
    "10": {
      "temp": 17.4,
      "precip": 0.0,
      "wind": 9.4,
      "wind_dir_deg": 322.0
    },
    "12": {
      "temp": 20.8,
      "precip": 0.0,
      "wind": 9.2,
      "wind_dir_deg": 321.0
    },
    "14": {
      "temp": 21.4,
      "precip": 0.0,
      "wind": 15.5,
      "wind_dir_deg": 302.0
    },
    "16": {
      "temp": 20.8,
      "precip": 0.0,
      "wind": 16.6,
      "wind_dir_deg": 321.0
    }
  },
  "ride_temp_mean": 20.1,
  "ride_wind_mean": 12.675,
  "ride_wind_dir_deg": 315.40681191280737,
  "ride_rain_flag": 0.0,
  "tent_rain_flag": 0.0,
  "daily_precip_sum": 0.0,
  "daily_temp_mean": 13.404166666666667,
  "daily_wind_mean": 11.166666666666666,
  "daily_wind_dir_deg": 346.86057733272486
}