{
  "samples_local": {
    "10": {
      "temp": 7.2,
      "precip": 0.1,
      "wind": 2.3,
      "wind_dir_deg": 119.0
    },
    "12": {
      "temp": 8.8,
      "precip": 0.0,
      "wind": 4.3,
      "wind_dir_deg": 225.0
    },
    "14": {
      "temp": 9.6,
      "precip": 0.0,
      "wind": 9.1,
      "wind_dir_deg": 232.0
    },
    "16": {
      "temp": 9.6,
      "precip": 0.0,
      "wind": 12.6,
      "wind_dir_deg": 243.0
    }
  },
  "ride_temp_mean": 8.8,
  "ride_wind_mean": 7.074999999999999,
  "ride_wind_dir_deg": 231.4532910315817,
  "ride_rain_flag": 0.0,
  "tent_rain_flag": 1.0,
  "daily_precip_sum": 13.3,
  "daily_temp_mean": 7.733333333333333,
  "daily_wind_mean": 7.216666666666666,
  "daily_wind_dir_deg": 203.2761474045153
}