{
  "samples_local": {
    "10": {
      "temp": 19.4,
      "precip": 0.0,
      "wind": 13.0,
      "wind_dir_deg": 281.0
    },
    "12": {
      "temp": 21.5,
      "precip": 0.0,
      "wind": 12.3,
      "wind_dir_deg": 291.0
    },
    "14": {
      "temp": 23.5,
      "precip": 0.0,
      "wind": 14.6,
      "wind_dir_deg": 339.0
    },
    "16": {
      "temp": 21.8,
      "precip": 0.0,
      "wind": 14.0,
      "wind_dir_deg": 336.0
    }
  },
  "ride_temp_mean": 21.55,
  "ride_wind_mean": 13.475,
  "ride_wind_dir_deg": 313.4421942134736,
  "ride_rain_flag": 0.0,
  "tent_rain_flag": 0.0,
  "daily_precip_sum": 0.0,
  "daily_temp_mean": 15.158333333333333,
  "daily_wind_mean": 9.779166666666667,
  "daily_wind_dir_deg": 325.66058738917826
}