{
  "samples_local": {
    "10": {
      "temp": 10.2,
      "precip": 0.0,
      "wind": 8.1,
      "wind_dir_deg": 58.0
    },
    "12": {
      "temp": 12.6,
      "precip": 0.0,
      "wind": 9.4,
      "wind_dir_deg": 45.0
    },
    "14": {
      "temp": 13.2,
      "precip": 0.0,
      "wind": 6.9,
      "wind_dir_deg": 45.0
    },
    "16": {
      "temp": 13.6,
      "precip": 0.1,
      "wind": 4.9,
      "wind_dir_deg": 28.0
    }
  },
  "ride_temp_mean": 12.399999999999999,
  "ride_wind_mean": 7.325,
  "ride_wind_dir_deg": 45.77270267551535,
  "ride_rain_flag": 0.0,
  "tent_rain_flag": 1.0,
  "daily_precip_sum": 2.0,
  "daily_temp_mean": 9.695833333333333,
  "daily_wind_mean": 7.833333333333333,
  "daily_wind_dir_deg": 39.627739741541745
}