{
  "samples_local": {
    "10": {
      "temp": 10.6,
      "precip": 0.6,
      "wind": 9.2,
      "wind_dir_deg": 320.0
    },
    "12": {
      "temp": 10.8,
      "precip": 1.0,
      "wind": 7.8,
      "wind_dir_deg": 314.0
    },
    "14": {
      "temp": 10.6,
      "precip": 0.8,
      "wind": 10.2,
      "wind_dir_deg": 316.0
    },
    "16": {
      "temp": 10.4,
      "precip": 1.3,
      "wind": 10.5,
      "wind_dir_deg": 297.0
    }
  },
  "ride_temp_mean": 10.6,
  "ride_wind_mean": 9.424999999999999,
  "ride_wind_dir_deg": 311.30202091521676,
  "ride_rain_flag": 1.0,
  "tent_rain_flag": 1.0,
  "daily_precip_sum": 35.4,
  "daily_temp_mean": 10.454166666666667,
  "daily_wind_mean": 11.454166666666666,
  "daily_wind_dir_deg": 310.2906693020532
}