{
  "samples_local": {
    "10": {
      "temp": 9.8,
      "precip": 0.0,
      "wind": 9.9,
      "wind_dir_deg": 58.0
    },
    "12": {
      "temp": 10.9,
      "precip": 0.0,
      "wind": 8.3,
      "wind_dir_deg": 41.0
    },
    "14": {
      "temp": 11.9,
      "precip": 0.0,
      "wind": 10.9,
      "wind_dir_deg": 61.0
    },
    "16": {
      "temp": 12.3,
      "precip": 0.0,
      "wind": 8.4,
      "wind_dir_deg": 50.0
    }
  },
  "ride_temp_mean": 11.225000000000001,
  "ride_wind_mean": 9.375,
  "ride_wind_dir_deg": 53.33075791527256,
  "ride_rain_flag": 0.0,
  "tent_rain_flag": 0.0,
  "daily_precip_sum": 0.2,
  "daily_temp_mean": 9.970833333333333,
  "daily_wind_mean": 7.695833333333333,
  "daily_wind_dir_deg": 31.98006968273097
}