{
  "samples_local": {
    "10": {
      "temp": 17.6,
      "precip": 0.0,
      "wind": 6.4,
      "wind_dir_deg": 151.0
    },
    "12": {
      "temp": 19.6,
      "precip": 0.0,
      "wind": 10.0,
      "wind_dir_deg": 84.0
    },
    "14": {
      "temp": 14.8,
      "precip": 0.0,
      "wind": 20.9,
      "wind_dir_deg": 107.0
    },
    "16": {
      "temp": 13.8,
      "precip": 0.0,
      "wind": 16.7,
      "wind_dir_deg": 79.0
    }
  },
  "ride_temp_mean": 16.450000000000003,
  "ride_wind_mean": 13.5,
  "ride_wind_dir_deg": 98.6012082813877,
  "ride_rain_flag": 0.0,
  "tent_rain_flag": 0.0,
  "daily_precip_sum": 0.1,
  "daily_temp_mean": 13.016666666666666,
  "daily_wind_mean": 9.158333333333333,
  "daily_wind_dir_deg": 97.85856591966194
}