{
  "samples_local": {
    "10": {
      "temp": 7.1,
      "precip": 1.0,
      "wind": 12.4,
      "wind_dir_deg": 161.0
    },
    "12": {
      "temp": 7.7,
      "precip": 0.9,
      "wind": 13.9,
      "wind_dir_deg": 170.0
    },
    "14": {
      "temp": 7.1,
      "precip": 0.8,
      "wind": 14.6,
      "wind_dir_deg": 164.0
    },
    "16": {
      "temp": 7.4,
      "precip": 0.7,
      "wind": 11.0,
      "wind_dir_deg": 212.0
    }
  },
  "ride_temp_mean": 7.325,
  "ride_wind_mean": 12.975,
  "ride_wind_dir_deg": 174.55897516538266,
  "ride_rain_flag": 1.0,
  "tent_rain_flag": 1.0,
  "daily_precip_sum": 37.5,
  "daily_temp_mean": 7.7875000000000005,
  "daily_wind_mean": 11.608333333333334,
  "daily_wind_dir_deg": 156.87433306140372
}