{
  "samples_local": {
    "10": {
      "temp": 19.8,
      "precip": 0.0,
      "wind": 14.2,
      "wind_dir_deg": 330.0
    },
    "12": {
      "temp": 21.5,
      "precip": 0.0,
      "wind": 16.9,
      "wind_dir_deg": 332.0
    },
    "14": {
      "temp": 23.1,
      "precip": 0.0,
      "wind": 13.1,
      "wind_dir_deg": 322.0
    },
    "16": {
      "temp": 22.9,
      "precip": 0.0,
      "wind": 10.8,
      "wind_dir_deg": 300.0
    }
  },
  "ride_temp_mean": 21.825,
  "ride_wind_mean": 13.75,
  "ride_wind_dir_deg": 322.9209783666288,
  "ride_rain_flag": 0.0,
  "tent_rain_flag": 0.0,
  "daily_precip_sum": 0.0,
  "daily_temp_mean": 15.679166666666667,
  "daily_wind_mean": 8.754166666666666,
  "daily_wind_dir_deg": 322.53982972724873
}