{
  "samples_local": {
    "10": {
      "temp": 19.1,
      "precip": 0.0,
      "wind": 15.1,
      "wind_dir_deg": 306.0
    },
    "12": {
      "temp": 22.0,
      "precip": 0.0,
      "wind": 20.6,
      "wind_dir_deg": 316.0
    },
    "14": {
      "temp": 23.7,
      "precip": 0.0,
      "wind": 17.5,
      "wind_dir_deg": 323.0
    },
    "16": {
      "temp": 23.5,
      "precip": 0.0,
      "wind": 14.9,
      "wind_dir_deg": 317.0
    }
  },
  "ride_temp_mean": 22.075,
  "ride_wind_mean": 17.025,
  "ride_wind_dir_deg": 315.806020376277,
  "ride_rain_flag": 0.0,
  "tent_rain_flag": 0.0,
  "daily_precip_sum": 0.0,
  "daily_temp_mean": 15.220833333333333,
  "daily_wind_mean": 9.954166666666667,
  "daily_wind_dir_deg": 308.804960263003
}