{
  "samples_local": {
    "10": {
      "temp": 14.5,
      "precip": 0.0,
      "wind": 13.8,
      "wind_dir_deg": 138.0
    },
    "12": {
      "temp": 13.9,
      "precip": 0.1,
      "wind": 15.8,
      "wind_dir_deg": 116.0
    },
    "14": {
      "temp": 11.2,
      "precip": 0.0,
      "wind": 12.5,
      "wind_dir_deg": 130.0
    },
    "16": {
      "temp": 10.4,
      "precip": 0.1,
      "wind": 11.1,
      "wind_dir_deg": 130.0
    }
  },
  "ride_temp_mean": 12.5,
  "ride_wind_mean": 13.3,
  "ride_wind_dir_deg": 127.92920401572201,
  "ride_rain_flag": 0.0,
  "tent_rain_flag": 1.0,
  "daily_precip_sum": 0.8,
  "daily_temp_mean": 11.633333333333333,
  "daily_wind_mean": 9.079166666666667,
  "daily_wind_dir_deg": 135.28412420327658
}