{
  "samples_local": {
    "10": {
      "temp": 19.4,
      "precip": 0.0,
      "wind": 8.6,
      "wind_dir_deg": 309.0
    },
    "12": {
      "temp": 20.7,
      "precip": 0.0,
      "wind": 17.0,
      "wind_dir_deg": 324.0
    },
    "14": {
      "temp": 22.0,
      "precip": 0.0,
      "wind": 18.6,
      "wind_dir_deg": 310.0
    },
    "16": {
      "temp": 21.2,
      "precip": 0.0,
      "wind": 20.5,
      "wind_dir_deg": 308.0
    }
  },
  "ride_temp_mean": 20.825,
  "ride_wind_mean": 16.175,
  "ride_wind_dir_deg": 312.89631450199386,
  "ride_rain_flag": 0.0,
  "tent_rain_flag": 0.0,
  "daily_precip_sum": 0.0,
  "daily_temp_mean": 16.345833333333335,
  "daily_wind_mean": 13.466666666666667,
  "daily_wind_dir_deg": 327.78634714147097
}