{
  "samples_local": {
    "10": {
      "temp": 14.9,
      "precip": 0.0,
      "wind": 1.4,
      "wind_dir_deg": 157.0
    },
    "12": {
      "temp": 17.1,
      "precip": 0.1,
      "wind": 9.1,
      "wind_dir_deg": 142.0
    },
    "14": {
      "temp": 14.4,
      "precip": 0.1,
      "wind": 18.8,
      "wind_dir_deg": 116.0
    },
    "16": {
      "temp": 12.8,
      "precip": 0.0,
      "wind": 18.9,
      "wind_dir_deg": 121.0
    }
  },
  "ride_temp_mean": 14.8,
  "ride_wind_mean": 12.049999999999999,
  "ride_wind_dir_deg": 123.9623985667206,
  "ride_rain_flag": 0.0,
  "tent_rain_flag": 1.0,
  "daily_precip_sum": 0.7000000000000001,
  "daily_temp_mean": 11.612499999999999,
  "daily_wind_mean": 10.0375,
  "daily_wind_dir_deg": 106.10186906529538
}