{
  "samples_local": {
    "10": {
      "temp": 15.2,
      "precip": 0.0,
      "wind": 10.2,
      "wind_dir_deg": 53.0
    },
    "12": {
      "temp": 15.8,
      "precip": 0.0,
      "wind": 9.3,
      "wind_dir_deg": 68.0
    },
    "14": {
      "temp": 13.9,
      "precip": 0.1,
      "wind": 12.6,
      "wind_dir_deg": 107.0
    },
    "16": {
      "temp": 12.8,
      "precip": 0.0,
      "wind": 13.8,
      "wind_dir_deg": 116.0
    }
  },
  "ride_temp_mean": 14.425,
  "ride_wind_mean": 11.475,
  "ride_wind_dir_deg": 90.15435378653126,
  "ride_rain_flag": 0.0,
  "tent_rain_flag": 1.0,
  "daily_precip_sum": 4.1000000000000005,
  "daily_temp_mean": 12.345833333333333,
  "daily_wind_mean": 9.479166666666666,
  "daily_wind_dir_deg": 72.72315316039874
}