{
  "samples_local": {
    "10": {
      "temp": 13.1,
      "precip": 0.2,
      "wind": 10.2,
      "wind_dir_deg": 127.0
    },
    "12": {
      "temp": 11.9,
      "precip": 0.1,
      "wind": 15.7,
      "wind_dir_deg": 131.0
    },
    "14": {
      "temp": 11.1,
      "precip": 0.0,
      "wind": 14.5,
      "wind_dir_deg": 124.0
    },
    "16": {
      "temp": 10.6,
      "precip": 0.0,
      "wind": 10.9,
      "wind_dir_deg": 135.0
    }
  },
  "ride_temp_mean": 11.675,
  "ride_wind_mean": 12.825,
  "ride_wind_dir_deg": 129.0756367568303,
  "ride_rain_flag": 1.0,
  "tent_rain_flag": 1.0,
  "daily_precip_sum": 0.8,
  "daily_temp_mean": 10.808333333333332,
  "daily_wind_mean": 9.295833333333333,
  "daily_wind_dir_deg": 124.13674164014503
}