{
  "samples_local": {
    "10": {
      "temp": 14.3,
      "precip": 0.0,
      "wind": 9.6,
      "wind_dir_deg": 28.0
    },
    "12": {
      "temp": 16.8,
      "precip": 0.0,
      "wind": 7.8,
      "wind_dir_deg": 52.0
    },
    "14": {
      "temp": 13.4,
      "precip": 0.0,
      "wind": 19.9,
      "wind_dir_deg": 124.0
    },
    "16": {
      "temp": 12.4,
      "precip": 0.0,
      "wind": 20.3,
      "wind_dir_deg": 131.0
    }
  },
  "ride_temp_mean": 14.225000000000001,
  "ride_wind_mean": 14.4,
  "ride_wind_dir_deg": 104.73179674935784,
  "ride_rain_flag": 0.0,
  "tent_rain_flag": 1.0,
  "daily_precip_sum": 1.5999999999999999,
  "daily_temp_mean": 12.275,
  "daily_wind_mean": 13.512500000000001,
  "daily_wind_dir_deg": 104.82332421482113
}