{
  "samples_local": {
    "10": {
      "temp": 26.1,
      "precip": 0.2,
      "wind": 11.4,
      "wind_dir_deg": 235.0
    },
    "12": {
      "temp": 30.0,
      "precip": 0.2,
      "wind": 10.5,
      "wind_dir_deg": 243.0
    },
    "14": {
      "temp": 32.0,
      "precip": 0.0,
      "wind": 9.2,
      "wind_dir_deg": 247.0
    },
    "16": {
      "temp": 28.4,
      "precip": 0.9,
      "wind": 8.8,
      "wind_dir_deg": 239.0
    }
  },
  "ride_temp_mean": 29.125,
  "ride_wind_mean": 9.975,
  "ride_wind_dir_deg": 240.75420688543605,
  "ride_rain_flag": 1.0,
  "tent_rain_flag": 1.0,
  "daily_precip_sum": 4.1000000000000005,
  "daily_temp_mean": 25.116666666666664,
  "daily_wind_mean": 8.362499999999999,
  "daily_wind_dir_deg": 247.7154474897951
}