{
  "ride_temp_mean": 9.157142857142857,
  "ride_wind_mean": 7.785714285714286,
  "ride_rain_flag": 1.0,
  "tent_rain_flag": 1.0
}