{
  "ride_temp_mean": 13.428571428571429,
  "ride_wind_mean": 18.900000000000002,
  "ride_rain_flag": 0.0,
  "tent_rain_flag": 0.0
}