{
  "ride_temp_mean": 6.971428571428571,
  "ride_wind_mean": 8.685714285714285,
  "ride_rain_flag": 1.0,
  "tent_rain_flag": 1.0
}