{
  "ride_temp_mean": 15.228571428571428,
  "ride_wind_mean": 22.62857142857143,
  "ride_rain_flag": 1.0,
  "tent_rain_flag": 1.0
}