{
  "samples_local": {
    "10": {
      "temp": 14.9,
      "precip": 0.0,
      "wind": 2.4
    },
    "12": {
      "temp": 16.9,
      "precip": 0.1,
      "wind": 1.5
    },
    "14": {
      "temp": 17.5,
      "precip": 0.0,
      "wind": 0.7
    },
    "16": {
      "temp": 16.4,
      "precip": 0.1,
      "wind": 5.8
    }
  },
  "ride_temp_mean": 16.425,
  "ride_wind_mean": 2.6,
  "ride_rain_flag": 0.0,
  "tent_rain_flag": 1.0,
  "daily_precip_sum": 12.299999999999999,
  "daily_temp_mean": 10.820833333333333,
  "daily_wind_mean": 4.3500000000000005
}