{
  "ride_temp_mean": 14.328571428571427,
  "ride_wind_mean": 26.842857142857145,
  "ride_rain_flag": 1.0,
  "tent_rain_flag": 1.0
}