{
  "ride_temp_mean": 11.442857142857141,
  "ride_wind_mean": 16.514285714285712,
  "ride_rain_flag": 1.0,
  "tent_rain_flag": 1.0
}