{
  "samples_local": {
    "10": {
      "temp": 13.1,
      "precip": 0.0,
      "wind": 34.8,
      "wind_dir_deg": 112.0
    },
    "12": {
      "temp": 12.9,
      "precip": 0.0,
      "wind": 41.0,
      "wind_dir_deg": 118.0
    },
    "14": {
      "temp": 13.1,
      "precip": 0.0,
      "wind": 41.5,
      "wind_dir_deg": 119.0
    },
    "16": {
      "temp": 13.1,
      "precip": 0.0,
      "wind": 39.5,
      "wind_dir_deg": 115.0
    }
  },
  "ride_temp_mean": 13.05,
  "ride_wind_mean": 39.2,
  "ride_wind_dir_deg": 116.17775586028029,
  "ride_rain_flag": 0.0,
  "tent_rain_flag": 1.0,
  "daily_precip_sum": 13.1,
  "daily_temp_mean": 13.045833333333334,
  "daily_wind_mean": 37.93333333333333,
  "daily_wind_dir_deg": 104.40551966300336
}