{
  "ride_temp_mean": 10.028571428571428,
  "ride_wind_mean": 20.842857142857145,
  "ride_rain_flag": 1.0,
  "tent_rain_flag": 1.0
}