{
  "ride_temp_mean": 13.242857142857144,
  "ride_wind_mean": 21.814285714285713,
  "ride_rain_flag": 1.0,
  "tent_rain_flag": 1.0
}