{
  "ride_temp_mean": 13.642857142857142,
  "ride_wind_mean": 25.82857142857143,
  "ride_rain_flag": 1.0,
  "tent_rain_flag": 1.0
}