{
  "samples_local": {
    "10": {
      "temp": 13.2,
      "precip": 0.0,
      "wind": 6.6,
      "wind_dir_deg": 143.0
    },
    "12": {
      "temp": 17.2,
      "precip": 0.0,
      "wind": 15.3,
      "wind_dir_deg": 146.0
    },
    "14": {
      "temp": 19.4,
      "precip": 0.0,
      "wind": 19.2,
      "wind_dir_deg": 130.0
    },
    "16": {
      "temp": 20.5,
      "precip": 0.0,
      "wind": 19.9,
      "wind_dir_deg": 157.0
    }
  },
  "ride_temp_mean": 17.575,
  "ride_wind_mean": 15.25,
  "ride_wind_dir_deg": 144.23947684941277,
  "ride_rain_flag": 0.0,
  "tent_rain_flag": 0.0,
  "daily_precip_sum": 0.0,
  "daily_temp_mean": 12.729166666666666,
  "daily_wind_mean": 12.066666666666668,
  "daily_wind_dir_deg": 147.01399107689622
}