{
  "samples_local": {
    "10": {
      "temp": 14.9,
      "precip": 0.0,
      "wind": 4.4,
      "wind_dir_deg": 207.0
    },
    "12": {
      "temp": 17.0,
      "precip": 0.0,
      "wind": 3.7,
      "wind_dir_deg": 194.0
    },
    "14": {
      "temp": 17.5,
      "precip": 0.0,
      "wind": 7.0,
      "wind_dir_deg": 206.0
    },
    "16": {
      "temp": 16.0,
      "precip": 0.4,
      "wind": 0.0,
      "wind_dir_deg": 90.0
    }
  },
  "ride_temp_mean": 16.35,
  "ride_wind_mean": 3.7750000000000004,
  "ride_wind_dir_deg": 203.36003489113523,
  "ride_rain_flag": 1.0,
  "tent_rain_flag": 1.0,
  "daily_precip_sum": 0.9,
  "daily_temp_mean": 12.416666666666666,
  "daily_wind_mean": 6.104166666666667,
  "daily_wind_dir_deg": 197.38898741489513
}