{
  "ride_temp_mean": 9.928571428571429,
  "ride_wind_mean": 18.74285714285714,
  "ride_rain_flag": 1.0,
  "tent_rain_flag": 1.0
}