{
  "samples_local": {
    "10": {
      "temp": 14.3,
      "precip": 0.0,
      "wind": 9.7
    },
    "12": {
      "temp": 14.9,
      "precip": 0.2,
      "wind": 13.1
    },
    "14": {
      "temp": 15.4,
      "precip": 0.4,
      "wind": 11.2
    },
    "16": {
      "temp": 12.1,
      "precip": 0.9,
      "wind": 6.1
    }
  },
  "ride_temp_mean": 14.175,
  "ride_wind_mean": 10.024999999999999,
  "ride_rain_flag": 1.0,
  "tent_rain_flag": 1.0,
  "daily_precip_sum": 10.8,
  "daily_temp_mean": 11.620833333333332,
  "daily_wind_mean": 7.816666666666666
}