{
  "ride_temp_mean": 26.614285714285717,
  "ride_wind_mean": 10.814285714285715,
  "ride_rain_flag": 1.0,
  "tent_rain_flag": 1.0
}