{
  "ride_temp_mean": -2.15,
  "ride_precip_sum": 0.0,
  "ride_wind_speed": 12.335072068193623,
  "ride_wind_dir": 330.3889595358966,
  "tent_precip_sum": 0.2,
  "tent_temp_mean": -4.41
}