{
  "ride_temp_mean": 0.175,
  "ride_precip_sum": 0.5,
  "ride_wind_speed": 11.666225621904802,
  "ride_wind_dir": 283.8605132285943,
  "tent_precip_sum": 18.6,
  "tent_temp_mean": 0.020000000000000018
}