{
  "ride_temp_mean": 10.525,
  "ride_precip_sum": 0.0,
  "ride_wind_speed": 24.725044597689045,
  "ride_wind_dir": 241.81235558675343,
  "tent_precip_sum": 3.3,
  "tent_temp_mean": 8.455
}