{
  "ride_temp_mean": 5.65,
  "ride_precip_sum": 0.0,
  "ride_wind_speed": 7.3054597323762325,
  "ride_wind_dir": 229.20956241418526,
  "tent_precip_sum": 0.0,
  "tent_temp_mean": 1.725
}