{
  "ride_temp_mean": 5.625,
  "ride_precip_sum": 0.0,
  "ride_wind_speed": 2.844845179633733,
  "ride_wind_dir": 241.85985726010435,
  "tent_precip_sum": 0.0,
  "tent_temp_mean": 4.0649999999999995
}