{
  "ride_temp_mean": 3.9,
  "ride_precip_sum": 0.0,
  "ride_wind_speed": 2.517067733259169,
  "ride_wind_dir": 268.09447981975393,
  "tent_precip_sum": 0.30000000000000004,
  "tent_temp_mean": 0.8949999999999999
}