{
  "ride_temp_mean": 4.125,
  "ride_precip_sum": 0.0,
  "ride_wind_speed": 1.4207893477167663,
  "ride_wind_dir": 98.72748090510862,
  "tent_precip_sum": 0.0,
  "tent_temp_mean": 0.8099999999999999
}