{
  "ride_temp_mean": 4.0,
  "ride_precip_sum": 0.0,
  "ride_wind_speed": 11.603720031815927,
  "ride_wind_dir": 46.202630699970825,
  "tent_precip_sum": 0.30000000000000004,
  "tent_temp_mean": 4.029999999999999
}