{
  "ride_temp_mean": 6.4,
  "ride_precip_sum": 0.0,
  "ride_wind_speed": 12.803555079118528,
  "ride_wind_dir": 330.4340931734622,
  "tent_precip_sum": 0.0,
  "tent_temp_mean": 6.92
}