{
  "ride_temp_mean": 12.25,
  "ride_precip_sum": 1.1,
  "ride_wind_speed": 59.718759493373085,
  "ride_wind_dir": 261.34045181316054,
  "tent_precip_sum": 1.3,
  "tent_temp_mean": 12.405
}