{
  "ride_temp_mean": 0.175,
  "ride_precip_sum": 0.4,
  "ride_wind_speed": 7.866268974347497,
  "ride_wind_dir": 276.64011471776644,
  "tent_precip_sum": 0.8,
  "tent_temp_mean": -0.985
}