{
  "ride_temp_mean": 0.8,
  "ride_precip_sum": 0.0,
  "ride_wind_speed": 14.832019305518077,
  "ride_wind_dir": 280.79472932382424,
  "tent_precip_sum": 6.9,
  "tent_temp_mean": 1.315
}