{
  "ride_temp_mean": 6.725,
  "ride_precip_sum": 3.9,
  "ride_wind_speed": 24.60977136819478,
  "ride_wind_dir": 239.56289840953244,
  "tent_precip_sum": 6.8,
  "tent_temp_mean": 6.425
}