{
  "samples_local": {
    "10": {
      "temp": 27.7,
      "precip": 0.0,
      "wind": 1.3,
      "wind_dir_deg": 124.0
    },
    "12": {
      "temp": 29.1,
      "precip": 0.0,
      "wind": 4.0,
      "wind_dir_deg": 95.0
    },
    "14": {
      "temp": 25.0,
      "precip": 0.0,
      "wind": 1.4,
      "wind_dir_deg": 90.0
    },
    "16": {
      "temp": 26.2,
      "precip": 0.0,
      "wind": 4.6,
      "wind_dir_deg": 45.0
    }
  },
  "ride_temp_mean": 27.0,
  "ride_wind_mean": 2.8249999999999997,
  "ride_wind_dir_deg": 77.36906170482854,
  "ride_rain_flag": 0.0,
  "tent_rain_flag": 0.0,
  "daily_precip_sum": 0.1,
  "daily_temp_mean": 23.15833333333333,
  "daily_wind_mean": 3.2541666666666664,
  "daily_wind_dir_deg": 20.254353771933836
}