{
  "samples_local": {
    "10": {
      "temp": 26.0,
      "precip": 0.0,
      "wind": 2.6,
      "wind_dir_deg": 326.0
    },
    "12": {
      "temp": 28.4,
      "precip": 0.0,
      "wind": 1.1,
      "wind_dir_deg": 108.0
    },
    "14": {
      "temp": 29.5,
      "precip": 0.0,
      "wind": 4.2,
      "wind_dir_deg": 149.0
    },
    "16": {
      "temp": 28.5,
      "precip": 0.0,
      "wind": 6.1,
      "wind_dir_deg": 135.0
    }
  },
  "ride_temp_mean": 28.1,
  "ride_wind_mean": 3.5,
  "ride_wind_dir_deg": 135.13705366908766,
  "ride_rain_flag": 0.0,
  "tent_rain_flag": 1.0,
  "daily_precip_sum": 0.30000000000000004,
  "daily_temp_mean": 22.775000000000002,
  "daily_wind_mean": 5.370833333333334,
  "daily_wind_dir_deg": 165.183830585686
}