{
  "samples_local": {
    "10": {
      "temp": 23.9,
      "precip": 0.0,
      "wind": 6.2,
      "wind_dir_deg": 201.0
    },
    "12": {
      "temp": 25.4,
      "precip": 0.0,
      "wind": 6.5,
      "wind_dir_deg": 186.0
    },
    "14": {
      "temp": 26.2,
      "precip": 0.0,
      "wind": 4.7,
      "wind_dir_deg": 148.0
    },
    "16": {
      "temp": 26.2,
      "precip": 0.0,
      "wind": 7.0,
      "wind_dir_deg": 159.0
    }
  },
  "ride_temp_mean": 25.424999999999997,
  "ride_wind_mean": 6.1,
  "ride_wind_dir_deg": 174.73679999508568,
  "ride_rain_flag": 0.0,
  "tent_rain_flag": 0.0,
  "daily_precip_sum": 0.0,
  "daily_temp_mean": 20.929166666666667,
  "daily_wind_mean": 7.170833333333333,
  "daily_wind_dir_deg": 192.36431354845953
}