{
  "samples_local": {
    "10": {
      "temp": 26.3,
      "precip": 0.0,
      "wind": 1.8,
      "wind_dir_deg": 323.0
    },
    "12": {
      "temp": 28.9,
      "precip": 0.0,
      "wind": 1.1,
      "wind_dir_deg": 270.0
    },
    "14": {
      "temp": 29.9,
      "precip": 0.0,
      "wind": 3.3,
      "wind_dir_deg": 131.0
    },
    "16": {
      "temp": 29.3,
      "precip": 0.0,
      "wind": 9.8,
      "wind_dir_deg": 163.0
    }
  },
  "ride_temp_mean": 28.6,
  "ride_wind_mean": 4.0,
  "ride_wind_dir_deg": 162.56070546645321,
  "ride_rain_flag": 0.0,
  "tent_rain_flag": 1.0,
  "daily_precip_sum": 6.1000000000000005,
  "daily_temp_mean": 22.741666666666664,
  "daily_wind_mean": 5.020833333333333,
  "daily_wind_dir_deg": 205.89382975793072
}