{
  "samples_local": {
    "10": {
      "temp": 25.9,
      "precip": 0.0,
      "wind": 2.9,
      "wind_dir_deg": 210.0
    },
    "12": {
      "temp": 27.6,
      "precip": 0.0,
      "wind": 2.4,
      "wind_dir_deg": 207.0
    },
    "14": {
      "temp": 28.9,
      "precip": 0.0,
      "wind": 4.3,
      "wind_dir_deg": 156.0
    },
    "16": {
      "temp": 28.4,
      "precip": 0.0,
      "wind": 5.8,
      "wind_dir_deg": 173.0
    }
  },
  "ride_temp_mean": 27.7,
  "ride_wind_mean": 3.8499999999999996,
  "ride_wind_dir_deg": 180.33480983133853,
  "ride_rain_flag": 0.0,
  "tent_rain_flag": 0.0,
  "daily_precip_sum": 0.0,
  "daily_temp_mean": 22.933333333333334,
  "daily_wind_mean": 4.854166666666667,
  "daily_wind_dir_deg": 246.1034924826568
}