{
  "samples_local": {
    "10": {
      "temp": 20.0,
      "precip": 0.0,
      "wind": 16.2,
      "wind_dir_deg": 197.0
    },
    "12": {
      "temp": 20.1,
      "precip": 0.0,
      "wind": 17.4,
      "wind_dir_deg": 202.0
    },
    "14": {
      "temp": 20.9,
      "precip": 0.0,
      "wind": 13.9,
      "wind_dir_deg": 205.0
    },
    "16": {
      "temp": 20.1,
      "precip": 0.0,
      "wind": 16.6,
      "wind_dir_deg": 204.0
    }
  },
  "ride_temp_mean": 20.275,
  "ride_wind_mean": 16.025,
  "ride_wind_dir_deg": 201.90590385351962,
  "ride_rain_flag": 0.0,
  "tent_rain_flag": 0.0,
  "daily_precip_sum": 0.0,
  "daily_temp_mean": 18.308333333333334,
  "daily_wind_mean": 13.770833333333334,
  "daily_wind_dir_deg": 205.47674069056694
}