{
  "samples_local": {
    "10": {
      "temp": 21.9,
      "precip": 0.0,
      "wind": 12.1,
      "wind_dir_deg": 197.0
    },
    "12": {
      "temp": 23.1,
      "precip": 0.0,
      "wind": 13.5,
      "wind_dir_deg": 196.0
    },
    "14": {
      "temp": 24.4,
      "precip": 0.0,
      "wind": 11.5,
      "wind_dir_deg": 200.0
    },
    "16": {
      "temp": 24.0,
      "precip": 0.0,
      "wind": 12.8,
      "wind_dir_deg": 202.0
    }
  },
  "ride_temp_mean": 23.35,
  "ride_wind_mean": 12.475,
  "ride_wind_dir_deg": 198.70324687345652,
  "ride_rain_flag": 0.0,
  "tent_rain_flag": 0.0,
  "daily_precip_sum": 0.0,
  "daily_temp_mean": 19.304166666666667,
  "daily_wind_mean": 11.341666666666667,
  "daily_wind_dir_deg": 203.854859967012
}