{
  "samples_local": {
    "10": {
      "temp": 20.1,
      "precip": 0.4,
      "wind": 7.5,
      "wind_dir_deg": 215.0
    },
    "12": {
      "temp": 21.3,
      "precip": 0.1,
      "wind": 4.0,
      "wind_dir_deg": 180.0
    },
    "14": {
      "temp": 22.9,
      "precip": 0.0,
      "wind": 1.8,
      "wind_dir_deg": 53.0
    },
    "16": {
      "temp": 24.4,
      "precip": 0.0,
      "wind": 4.0,
      "wind_dir_deg": 170.0
    }
  },
  "ride_temp_mean": 22.175,
  "ride_wind_mean": 4.325,
  "ride_wind_dir_deg": 189.47555532554154,
  "ride_rain_flag": 1.0,
  "tent_rain_flag": 0.0,
  "daily_precip_sum": 0.6000000000000001,
  "daily_temp_mean": 20.941666666666666,
  "daily_wind_mean": 5.679166666666667,
  "daily_wind_dir_deg": 219.81107498041527
}