{
  "samples_local": {
    "10": {
      "temp": 9.3,
      "precip": 0.0,
      "wind": 2.1,
      "wind_dir_deg": 75.0
    },
    "12": {
      "temp": 12.6,
      "precip": 0.0,
      "wind": 0.9,
      "wind_dir_deg": 79.0
    },
    "14": {
      "temp": 12.5,
      "precip": 0.0,
      "wind": 1.0,
      "wind_dir_deg": 239.0
    },
    "16": {
      "temp": 10.8,
      "precip": 0.0,
      "wind": 3.6,
      "wind_dir_deg": 240.0
    }
  },
  "ride_temp_mean": 11.3,
  "ride_wind_mean": 1.9000000000000001,
  "ride_wind_dir_deg": 213.6012952269294,
  "ride_rain_flag": 0.0,
  "tent_rain_flag": 0.0,
  "daily_precip_sum": 0.0,
  "daily_temp_mean": 7.604166666666667,
  "daily_wind_mean": 3.716666666666667,
  "daily_wind_dir_deg": 275.9491937505629
}