{
  "samples_local": {
    "10": {
      "temp": 7.5,
      "precip": 0.0,
      "wind": 4.2,
      "wind_dir_deg": 310.0
    },
    "12": {
      "temp": 8.1,
      "precip": 0.0,
      "wind": 3.1,
      "wind_dir_deg": 329.0
    },
    "14": {
      "temp": 7.2,
      "precip": 0.0,
      "wind": 2.7,
      "wind_dir_deg": 113.0
    },
    "16": {
      "temp": 7.1,
      "precip": 0.0,
      "wind": 4.7,
      "wind_dir_deg": 130.0
    }
  },
  "ride_temp_mean": 7.475,
  "ride_wind_mean": 3.6750000000000003,
  "ride_wind_dir_deg": 44.79611393389007,
  "ride_rain_flag": 0.0,
  "tent_rain_flag": 0.0,
  "daily_precip_sum": 0.0,
  "daily_temp_mean": 7.079166666666667,
  "daily_wind_mean": 3.595833333333333,
  "daily_wind_dir_deg": 27.904676996494686
}