{
  "samples_local": {
    "10": {
      "temp": 4.8,
      "precip": 0.0,
      "wind": 4.1,
      "wind_dir_deg": 56.0
    },
    "12": {
      "temp": 6.1,
      "precip": 0.0,
      "wind": 4.1,
      "wind_dir_deg": 34.0
    },
    "14": {
      "temp": 5.8,
      "precip": 0.0,
      "wind": 2.9,
      "wind_dir_deg": 11.0
    },
    "16": {
      "temp": 5.8,
      "precip": 0.0,
      "wind": 2.3,
      "wind_dir_deg": 321.0
    }
  },
  "ride_temp_mean": 5.625,
  "ride_wind_mean": 3.3499999999999996,
  "ride_wind_dir_deg": 24.920681863295954,
  "ride_rain_flag": 0.0,
  "tent_rain_flag": 0.0,
  "daily_precip_sum": 0.0,
  "daily_temp_mean": 4.129166666666666,
  "daily_wind_mean": 5.220833333333333,
  "daily_wind_dir_deg": 10.389334947715156
}