{
  "samples_local": {
    "10": {
      "temp": 7.7,
      "precip": 0.0,
      "wind": 2.1,
      "wind_dir_deg": 329.0
    },
    "12": {
      "temp": 8.2,
      "precip": 0.0,
      "wind": 1.4,
      "wind_dir_deg": 67.0
    },
    "14": {
      "temp": 7.6,
      "precip": 0.0,
      "wind": 2.7,
      "wind_dir_deg": 53.0
    },
    "16": {
      "temp": 7.6,
      "precip": 0.0,
      "wind": 3.6,
      "wind_dir_deg": 110.0
    }
  },
  "ride_temp_mean": 7.7749999999999995,
  "ride_wind_mean": 2.45,
  "ride_wind_dir_deg": 64.50128982448177,
  "ride_rain_flag": 0.0,
  "tent_rain_flag": 0.0,
  "daily_precip_sum": 0.0,
  "daily_temp_mean": 7.404166666666666,
  "daily_wind_mean": 3.0124999999999997,
  "daily_wind_dir_deg": 172.6485613833022
}