{
  "samples_local": {
    "10": {
      "temp": 5.5,
      "precip": 0.0,
      "wind": 3.6,
      "wind_dir_deg": 0.0
    },
    "12": {
      "temp": 8.2,
      "precip": 0.0,
      "wind": 4.0,
      "wind_dir_deg": 36.0
    },
    "14": {
      "temp": 7.1,
      "precip": 0.0,
      "wind": 1.9,
      "wind_dir_deg": 331.0
    },
    "16": {
      "temp": 6.8,
      "precip": 0.0,
      "wind": 1.9,
      "wind_dir_deg": 292.0
    }
  },
  "ride_temp_mean": 6.8999999999999995,
  "ride_wind_mean": 2.85,
  "ride_wind_dir_deg": 357.93761435508395,
  "ride_rain_flag": 0.0,
  "tent_rain_flag": 0.0,
  "daily_precip_sum": 0.0,
  "daily_temp_mean": 4.7124999999999995,
  "daily_wind_mean": 4.445833333333334,
  "daily_wind_dir_deg": 9.687946664166418
}