{
  "samples_local": {
    "10": {
      "temp": 7.3,
      "precip": 0.0,
      "wind": 2.4,
      "wind_dir_deg": 13.0
    },
    "12": {
      "temp": 7.6,
      "precip": 0.0,
      "wind": 1.9,
      "wind_dir_deg": 41.0
    },
    "14": {
      "temp": 6.7,
      "precip": 0.0,
      "wind": 2.3,
      "wind_dir_deg": 72.0
    },
    "16": {
      "temp": 6.4,
      "precip": 0.0,
      "wind": 2.3,
      "wind_dir_deg": 113.0
    }
  },
  "ride_temp_mean": 7.0,
  "ride_wind_mean": 2.2249999999999996,
  "ride_wind_dir_deg": 59.523547237637615,
  "ride_rain_flag": 0.0,
  "tent_rain_flag": 0.0,
  "daily_precip_sum": 0.0,
  "daily_temp_mean": 6.704166666666667,
  "daily_wind_mean": 2.8000000000000003,
  "daily_wind_dir_deg": 346.33086351500697
}