{
  "ride_temp_mean": 8.75,
  "ride_precip_sum": 0.2,
  "ride_wind_speed": 32.156017294112196,
  "ride_wind_dir": 232.29668435294053,
  "tent_precip_sum": 3.0,
  "tent_temp_mean": 7.995
}