{
  "ride_temp_mean": 2.275,
  "ride_precip_sum": 0.0,
  "ride_wind_speed": 23.96932779168486,
  "ride_wind_dir": 272.67310221944035,
  "tent_precip_sum": 0.4,
  "tent_temp_mean": 3.05
}