{
  "ride_temp_mean": 8.45,
  "ride_precip_sum": 0.6000000000000001,
  "ride_wind_speed": 29.10251131850399,
  "ride_wind_dir": 219.5626538823778,
  "tent_precip_sum": 3.3,
  "tent_temp_mean": 7.49
}