{
  "ride_temp_mean": -0.175,
  "ride_precip_sum": 0.5,
  "ride_wind_speed": 10.647834124775324,
  "ride_wind_dir": 238.27712787456878,
  "tent_precip_sum": 3.3,
  "tent_temp_mean": -0.8950000000000001
}