{
  "ride_temp_mean": 4.7,
  "ride_precip_sum": 0.0,
  "ride_wind_speed": 9.479803270215744,
  "ride_wind_dir": 227.082266265174,
  "tent_precip_sum": 0.30000000000000004,
  "tent_temp_mean": 2.16
}