{
  "samples_local": {
    "10": {
      "temp": 0.8,
      "precip": 0.0,
      "wind": 11.3,
      "wind_dir_deg": 290.0
    },
    "12": {
      "temp": 1.8,
      "precip": 0.0,
      "wind": 8.4,
      "wind_dir_deg": 286.0
    },
    "14": {
      "temp": 1.1,
      "precip": 0.0,
      "wind": 6.6,
      "wind_dir_deg": 286.0
    },
    "16": {
      "temp": 0.9,
      "precip": 0.0,
      "wind": 5.8,
      "wind_dir_deg": 256.0
    }
  },
  "ride_temp_mean": 1.1500000000000001,
  "ride_wind_mean": 8.025,
  "ride_wind_dir_deg": 282.13964843735243,
  "ride_rain_flag": 0.0,
  "tent_rain_flag": 0.0,
  "daily_precip_sum": 0.0,
  "daily_temp_mean": 0.7083333333333334,
  "daily_wind_mean": 7.166666666666667,
  "daily_wind_dir_deg": 281.11595037015604
}