{
  "samples_local": {
    "10": {
      "temp": 2.2,
      "precip": 0.0,
      "wind": 5.5,
      "wind_dir_deg": 343.0
    },
    "12": {
      "temp": 4.4,
      "precip": 0.0,
      "wind": 3.5,
      "wind_dir_deg": 351.0
    },
    "14": {
      "temp": 5.2,
      "precip": 0.0,
      "wind": 5.2,
      "wind_dir_deg": 340.0
    },
    "16": {
      "temp": 3.8,
      "precip": 0.0,
      "wind": 3.4,
      "wind_dir_deg": 342.0
    }
  },
  "ride_temp_mean": 3.9000000000000004,
  "ride_wind_mean": 4.4,
  "ride_wind_dir_deg": 343.5078042207682,
  "ride_rain_flag": 0.0,
  "tent_rain_flag": 0.0,
  "daily_precip_sum": 0.0,
  "daily_temp_mean": 2.6833333333333336,
  "daily_wind_mean": 5.704166666666667,
  "daily_wind_dir_deg": 336.0498536654126
}