{
  "samples_local": {
    "10": {
      "temp": 5.3,
      "precip": 0.0,
      "wind": 3.5,
      "wind_dir_deg": 336.0
    },
    "12": {
      "temp": 8.3,
      "precip": 0.0,
      "wind": 2.7,
      "wind_dir_deg": 212.0
    },
    "14": {
      "temp": 7.9,
      "precip": 0.0,
      "wind": 3.7,
      "wind_dir_deg": 241.0
    },
    "16": {
      "temp": 6.2,
      "precip": 0.0,
      "wind": 5.4,
      "wind_dir_deg": 256.0
    }
  },
  "ride_temp_mean": 6.925000000000001,
  "ride_wind_mean": 3.825,
  "ride_wind_dir_deg": 259.04797648808204,
  "ride_rain_flag": 0.0,
  "tent_rain_flag": 0.0,
  "daily_precip_sum": 0.0,
  "daily_temp_mean": 5.079166666666667,
  "daily_wind_mean": 3.0208333333333335,
  "daily_wind_dir_deg": 295.2014195266901
}