{
  "samples_local": {
    "10": {
      "temp": 0.9,
      "precip": 0.0,
      "wind": 10.7,
      "wind_dir_deg": 325.0
    },
    "12": {
      "temp": 2.7,
      "precip": 0.0,
      "wind": 10.3,
      "wind_dir_deg": 331.0
    },
    "14": {
      "temp": 3.0,
      "precip": 0.0,
      "wind": 9.9,
      "wind_dir_deg": 327.0
    },
    "16": {
      "temp": 2.6,
      "precip": 0.0,
      "wind": 10.1,
      "wind_dir_deg": 327.0
    }
  },
  "ride_temp_mean": 2.3000000000000003,
  "ride_wind_mean": 10.25,
  "ride_wind_dir_deg": 327.4825773771828,
  "ride_rain_flag": 0.0,
  "tent_rain_flag": 0.0,
  "daily_precip_sum": 0.0,
  "daily_temp_mean": 1.3958333333333333,
  "daily_wind_mean": 10.554166666666667,
  "daily_wind_dir_deg": 332.415226801999
}