{
  "samples_local": {
    "10": {
      "temp": 5.2,
      "precip": 0.0,
      "wind": 11.6,
      "wind_dir_deg": 321.0
    },
    "12": {
      "temp": 5.8,
      "precip": 0.1,
      "wind": 10.9,
      "wind_dir_deg": 329.0
    },
    "14": {
      "temp": 6.2,
      "precip": 0.0,
      "wind": 10.4,
      "wind_dir_deg": 343.0
    },
    "16": {
      "temp": 5.8,
      "precip": 0.0,
      "wind": 6.9,
      "wind_dir_deg": 351.0
    }
  },
  "ride_temp_mean": 5.75,
  "ride_wind_mean": 9.95,
  "ride_wind_dir_deg": 334.12455863815836,
  "ride_rain_flag": 0.0,
  "tent_rain_flag": 0.0,
  "daily_precip_sum": 0.30000000000000004,
  "daily_temp_mean": 5.095833333333333,
  "daily_wind_mean": 9.174999999999999,
  "daily_wind_dir_deg": 330.1107908487268
}