{
  "samples_local": {
    "10": {
      "temp": 7.0,
      "precip": 0.0,
      "wind": 11.9,
      "wind_dir_deg": 359.0
    },
    "12": {
      "temp": 7.3,
      "precip": 0.0,
      "wind": 12.8,
      "wind_dir_deg": 2.0
    },
    "14": {
      "temp": 7.6,
      "precip": 0.0,
      "wind": 9.8,
      "wind_dir_deg": 26.0
    },
    "16": {
      "temp": 7.1,
      "precip": 0.0,
      "wind": 6.4,
      "wind_dir_deg": 10.0
    }
  },
  "ride_temp_mean": 7.25,
  "ride_wind_mean": 10.225000000000001,
  "ride_wind_dir_deg": 8.074383398678378,
  "ride_rain_flag": 0.0,
  "tent_rain_flag": 1.0,
  "daily_precip_sum": 1.6,
  "daily_temp_mean": 6.670833333333333,
  "daily_wind_mean": 10.683333333333332,
  "daily_wind_dir_deg": 359.3561457057666
}