{
  "samples_local": {
    "10": {
      "temp": 7.2,
      "precip": 0.0,
      "wind": 1.6,
      "wind_dir_deg": 63.0
    },
    "12": {
      "temp": 8.4,
      "precip": 0.0,
      "wind": 4.7,
      "wind_dir_deg": 74.0
    },
    "14": {
      "temp": 8.4,
      "precip": 0.0,
      "wind": 9.9,
      "wind_dir_deg": 61.0
    },
    "16": {
      "temp": 7.4,
      "precip": 0.0,
      "wind": 3.8,
      "wind_dir_deg": 73.0
    }
  },
  "ride_temp_mean": 7.8500000000000005,
  "ride_wind_mean": 5.0,
  "ride_wind_dir_deg": 66.49162956006535,
  "ride_rain_flag": 0.0,
  "tent_rain_flag": 1.0,
  "daily_precip_sum": 2.3,
  "daily_temp_mean": 7.1499999999999995,
  "daily_wind_mean": 6.354166666666667,
  "daily_wind_dir_deg": 21.462381580799217
}