{
  "samples_local": {
    "10": {
      "temp": 5.8,
      "precip": 0.0,
      "wind": 11.1,
      "wind_dir_deg": 337.0
    },
    "12": {
      "temp": 6.9,
      "precip": 0.0,
      "wind": 10.7,
      "wind_dir_deg": 344.0
    },
    "14": {
      "temp": 7.0,
      "precip": 0.1,
      "wind": 9.7,
      "wind_dir_deg": 357.0
    },
    "16": {
      "temp": 7.0,
      "precip": 0.0,
      "wind": 9.5,
      "wind_dir_deg": 359.0
    }
  },
  "ride_temp_mean": 6.675,
  "ride_wind_mean": 10.25,
  "ride_wind_dir_deg": 348.65922807019876,
  "ride_rain_flag": 0.0,
  "tent_rain_flag": 0.0,
  "daily_precip_sum": 0.30000000000000004,
  "daily_temp_mean": 6.454166666666667,
  "daily_wind_mean": 9.954166666666667,
  "daily_wind_dir_deg": 351.89317321792504
}