{
  "samples_local": {
    "10": {
      "temp": 5.8,
      "precip": 0.0,
      "wind": 10.2,
      "wind_dir_deg": 336.0
    },
    "12": {
      "temp": 6.8,
      "precip": 0.0,
      "wind": 8.6,
      "wind_dir_deg": 344.0
    },
    "14": {
      "temp": 8.1,
      "precip": 0.0,
      "wind": 6.3,
      "wind_dir_deg": 353.0
    },
    "16": {
      "temp": 6.6,
      "precip": 0.0,
      "wind": 4.7,
      "wind_dir_deg": 342.0
    }
  },
  "ride_temp_mean": 6.824999999999999,
  "ride_wind_mean": 7.449999999999999,
  "ride_wind_dir_deg": 342.8433125850359,
  "ride_rain_flag": 0.0,
  "tent_rain_flag": 0.0,
  "daily_precip_sum": 0.1,
  "daily_temp_mean": 5.916666666666667,
  "daily_wind_mean": 7.483333333333333,
  "daily_wind_dir_deg": 340.1166984057902
}