{
  "samples_local": {
    "10": {
      "temp": 5.2,
      "precip": 0.0,
      "wind": 9.5,
      "wind_dir_deg": 331.0
    },
    "12": {
      "temp": 6.2,
      "precip": 0.0,
      "wind": 7.3,
      "wind_dir_deg": 343.0
    },
    "14": {
      "temp": 6.4,
      "precip": 0.0,
      "wind": 6.0,
      "wind_dir_deg": 331.0
    },
    "16": {
      "temp": 5.9,
      "precip": 0.0,
      "wind": 5.5,
      "wind_dir_deg": 333.0
    }
  },
  "ride_temp_mean": 5.925000000000001,
  "ride_wind_mean": 7.075,
  "ride_wind_dir_deg": 334.4772010633754,
  "ride_rain_flag": 0.0,
  "tent_rain_flag": 0.0,
  "daily_precip_sum": 0.1,
  "daily_temp_mean": 4.820833333333334,
  "daily_wind_mean": 7.341666666666666,
  "daily_wind_dir_deg": 341.94969452127987
}