{
  "samples_local": {
    "10": {
      "temp": 25.8,
      "precip": 0.1,
      "wind": 8.8,
      "wind_dir_deg": 261.0
    },
    "12": {
      "temp": 28.6,
      "precip": 0.1,
      "wind": 8.7,
      "wind_dir_deg": 278.0
    },
    "14": {
      "temp": 30.9,
      "precip": 0.0,
      "wind": 7.4,
      "wind_dir_deg": 271.0
    },
    "16": {
      "temp": 31.4,
      "precip": 0.0,
      "wind": 6.9,
      "wind_dir_deg": 240.0
    }
  },
  "ride_temp_mean": 29.175,
  "ride_wind_mean": 7.95,
  "ride_wind_dir_deg": 263.5166636249295,
  "ride_rain_flag": 0.0,
  "tent_rain_flag": 1.0,
  "daily_precip_sum": 5.8999999999999995,
  "daily_temp_mean": 25.308333333333334,
  "daily_wind_mean": 6.6625000000000005,
  "daily_wind_dir_deg": 249.87538994682905
}