{
  "samples_local": {
    "10": {
      "temp": 10.8,
      "precip": 0.0,
      "wind": 19.6,
      "wind_dir_deg": 248.0
    },
    "12": {
      "temp": 13.9,
      "precip": 0.0,
      "wind": 28.4,
      "wind_dir_deg": 269.0
    },
    "14": {
      "temp": 14.9,
      "precip": 0.0,
      "wind": 29.2,
      "wind_dir_deg": 278.0
    },
    "16": {
      "temp": 14.9,
      "precip": 0.0,
      "wind": 23.2,
      "wind_dir_deg": 277.0
    }
  },
  "ride_temp_mean": 13.625,
  "ride_wind_mean": 25.1,
  "ride_wind_dir_deg": 269.4493929166829,
  "ride_rain_flag": 0.0,
  "tent_rain_flag": 0.0,
  "daily_precip_sum": 0.0,
  "daily_temp_mean": 9.329166666666667,
  "daily_wind_mean": 18.829166666666666,
  "daily_wind_dir_deg": 259.2250392328162
}