{
  "samples_local": {
    "10": {
      "temp": 9.9,
      "precip": 0.0,
      "wind": 24.9,
      "wind_dir_deg": 245.0
    },
    "12": {
      "temp": 13.3,
      "precip": 0.0,
      "wind": 27.6,
      "wind_dir_deg": 256.0
    },
    "14": {
      "temp": 15.6,
      "precip": 0.0,
      "wind": 29.6,
      "wind_dir_deg": 263.0
    },
    "16": {
      "temp": 16.0,
      "precip": 0.0,
      "wind": 23.8,
      "wind_dir_deg": 270.0
    }
  },
  "ride_temp_mean": 13.7,
  "ride_wind_mean": 26.475,
  "ride_wind_dir_deg": 258.52774590786623,
  "ride_rain_flag": 0.0,
  "tent_rain_flag": 0.0,
  "daily_precip_sum": 0.0,
  "daily_temp_mean": 9.674999999999999,
  "daily_wind_mean": 21.645833333333332,
  "daily_wind_dir_deg": 254.34048425618926
}