{
  "samples_local": {
    "10": {
      "temp": 8.3,
      "precip": 0.0,
      "wind": 23.5,
      "wind_dir_deg": 250.0
    },
    "12": {
      "temp": 10.9,
      "precip": 0.0,
      "wind": 22.0,
      "wind_dir_deg": 256.0
    },
    "14": {
      "temp": 13.3,
      "precip": 0.0,
      "wind": 20.9,
      "wind_dir_deg": 259.0
    },
    "16": {
      "temp": 13.6,
      "precip": 0.0,
      "wind": 22.5,
      "wind_dir_deg": 256.0
    }
  },
  "ride_temp_mean": 11.525,
  "ride_wind_mean": 22.225,
  "ride_wind_dir_deg": 255.12032184550264,
  "ride_rain_flag": 0.0,
  "tent_rain_flag": 0.0,
  "daily_precip_sum": 0.0,
  "daily_temp_mean": 9.008333333333333,
  "daily_wind_mean": 20.608333333333334,
  "daily_wind_dir_deg": 254.64610833753142
}