{
  "samples_local": {
    "10": {
      "temp": 13.9,
      "precip": 0.0,
      "wind": 23.5,
      "wind_dir_deg": 288.0
    },
    "12": {
      "temp": 15.3,
      "precip": 0.0,
      "wind": 23.1,
      "wind_dir_deg": 300.0
    },
    "14": {
      "temp": 15.5,
      "precip": 0.1,
      "wind": 16.9,
      "wind_dir_deg": 304.0
    },
    "16": {
      "temp": 15.6,
      "precip": 0.1,
      "wind": 19.0,
      "wind_dir_deg": 303.0
    }
  },
  "ride_temp_mean": 15.075,
  "ride_wind_mean": 20.625,
  "ride_wind_dir_deg": 298.1034126648142,
  "ride_rain_flag": 0.0,
  "tent_rain_flag": 0.0,
  "daily_precip_sum": 0.30000000000000004,
  "daily_temp_mean": 10.816666666666668,
  "daily_wind_mean": 13.595833333333333,
  "daily_wind_dir_deg": 285.1036145339552
}