{
  "samples_local": {
    "10": {
      "temp": 8.8,
      "precip": 0.0,
      "wind": 14.1,
      "wind_dir_deg": 235.0
    },
    "12": {
      "temp": 11.2,
      "precip": 0.0,
      "wind": 12.5,
      "wind_dir_deg": 258.0
    },
    "14": {
      "temp": 13.1,
      "precip": 0.0,
      "wind": 9.1,
      "wind_dir_deg": 261.0
    },
    "16": {
      "temp": 13.4,
      "precip": 0.0,
      "wind": 11.2,
      "wind_dir_deg": 268.0
    }
  },
  "ride_temp_mean": 11.625,
  "ride_wind_mean": 11.725,
  "ride_wind_dir_deg": 254.12534760954088,
  "ride_rain_flag": 0.0,
  "tent_rain_flag": 0.0,
  "daily_precip_sum": 0.0,
  "daily_temp_mean": 8.258333333333333,
  "daily_wind_mean": 10.604166666666666,
  "daily_wind_dir_deg": 242.74942621212773
}