{
  "samples_local": {
    "10": {
      "temp": 8.0,
      "precip": 0.0,
      "wind": 24.5,
      "wind_dir_deg": 263.0
    },
    "12": {
      "temp": 10.8,
      "precip": 0.0,
      "wind": 27.1,
      "wind_dir_deg": 259.0
    },
    "14": {
      "temp": 12.6,
      "precip": 0.0,
      "wind": 28.7,
      "wind_dir_deg": 274.0
    },
    "16": {
      "temp": 12.5,
      "precip": 0.0,
      "wind": 27.0,
      "wind_dir_deg": 261.0
    }
  },
  "ride_temp_mean": 10.975,
  "ride_wind_mean": 26.825,
  "ride_wind_dir_deg": 264.4193632466381,
  "ride_rain_flag": 0.0,
  "tent_rain_flag": 0.0,
  "daily_precip_sum": 0.0,
  "daily_temp_mean": 7.716666666666666,
  "daily_wind_mean": 24.520833333333332,
  "daily_wind_dir_deg": 265.16558563262134
}