{
  "samples_local": {
    "10": {
      "temp": 10.2,
      "precip": 0.0,
      "wind": 24.6,
      "wind_dir_deg": 237.0
    },
    "12": {
      "temp": 13.4,
      "precip": 0.0,
      "wind": 24.8,
      "wind_dir_deg": 244.0
    },
    "14": {
      "temp": 14.9,
      "precip": 0.0,
      "wind": 31.7,
      "wind_dir_deg": 271.0
    },
    "16": {
      "temp": 14.1,
      "precip": 0.4,
      "wind": 28.2,
      "wind_dir_deg": 274.0
    }
  },
  "ride_temp_mean": 13.15,
  "ride_wind_mean": 27.325,
  "ride_wind_dir_deg": 258.04823029009617,
  "ride_rain_flag": 1.0,
  "tent_rain_flag": 1.0,
  "daily_precip_sum": 2.0,
  "daily_temp_mean": 10.095833333333333,
  "daily_wind_mean": 24.041666666666668,
  "daily_wind_dir_deg": 252.47723381235804
}