{
  "samples_local": {
    "10": {
      "temp": 8.6,
      "precip": 0.0,
      "wind": 20.4,
      "wind_dir_deg": 247.0
    },
    "12": {
      "temp": 11.2,
      "precip": 0.0,
      "wind": 20.0,
      "wind_dir_deg": 249.0
    },
    "14": {
      "temp": 13.4,
      "precip": 0.0,
      "wind": 19.4,
      "wind_dir_deg": 251.0
    },
    "16": {
      "temp": 14.1,
      "precip": 0.0,
      "wind": 19.4,
      "wind_dir_deg": 250.0
    }
  },
  "ride_temp_mean": 11.825,
  "ride_wind_mean": 19.799999999999997,
  "ride_wind_dir_deg": 249.21976405844902,
  "ride_rain_flag": 0.0,
  "tent_rain_flag": 0.0,
  "daily_precip_sum": 0.0,
  "daily_temp_mean": 9.283333333333333,
  "daily_wind_mean": 18.770833333333332,
  "daily_wind_dir_deg": 247.6542434581644
}