{
  "samples_local": {
    "10": {
      "temp": 9.6,
      "precip": 0.0,
      "wind": 20.6,
      "wind_dir_deg": 324.0
    },
    "12": {
      "temp": 9.0,
      "precip": 4.6,
      "wind": 14.5,
      "wind_dir_deg": 335.0
    },
    "14": {
      "temp": 14.6,
      "precip": 0.0,
      "wind": 12.6,
      "wind_dir_deg": 326.0
    },
    "16": {
      "temp": 16.2,
      "precip": 0.0,
      "wind": 10.2,
      "wind_dir_deg": 312.0
    }
  },
  "ride_temp_mean": 12.35,
  "ride_wind_mean": 14.475,
  "ride_wind_dir_deg": 325.0836071240341,
  "ride_rain_flag": 1.0,
  "tent_rain_flag": 1.0,
  "daily_precip_sum": 9.5,
  "daily_temp_mean": 10.633333333333333,
  "daily_wind_mean": 12.575000000000001,
  "daily_wind_dir_deg": 303.4865159551743
}