{
  "samples_local": {
    "10": {
      "temp": 12.5,
      "precip": 0.3,
      "wind": 15.8,
      "wind_dir_deg": 289.0
    },
    "12": {
      "temp": 16.0,
      "precip": 0.0,
      "wind": 27.2,
      "wind_dir_deg": 308.0
    },
    "14": {
      "temp": 17.5,
      "precip": 0.0,
      "wind": 17.2,
      "wind_dir_deg": 303.0
    },
    "16": {
      "temp": 16.4,
      "precip": 0.0,
      "wind": 24.3,
      "wind_dir_deg": 287.0
    }
  },
  "ride_temp_mean": 15.6,
  "ride_wind_mean": 21.125,
  "ride_wind_dir_deg": 297.3911880130503,
  "ride_rain_flag": 1.0,
  "tent_rain_flag": 1.0,
  "daily_precip_sum": 2.6,
  "daily_temp_mean": 12.308333333333332,
  "daily_wind_mean": 23.27916666666667,
  "daily_wind_dir_deg": 304.1981370584825
}