{
  "samples_local": {
    "10": {
      "temp": 12.0,
      "precip": 0.0,
      "wind": 3.3,
      "wind_dir_deg": 151.0
    },
    "12": {
      "temp": 15.4,
      "precip": 0.0,
      "wind": 6.6,
      "wind_dir_deg": 107.0
    },
    "14": {
      "temp": 15.9,
      "precip": 0.0,
      "wind": 8.6,
      "wind_dir_deg": 78.0
    },
    "16": {
      "temp": 14.5,
      "precip": 0.0,
      "wind": 2.3,
      "wind_dir_deg": 67.0
    }
  },
  "ride_temp_mean": 14.45,
  "ride_wind_mean": 5.199999999999999,
  "ride_wind_dir_deg": 96.58624188579722,
  "ride_rain_flag": 0.0,
  "tent_rain_flag": 1.0,
  "daily_precip_sum": 0.3,
  "daily_temp_mean": 9.279166666666667,
  "daily_wind_mean": 3.6750000000000003,
  "daily_wind_dir_deg": 128.95725179804265
}