{
  "samples_local": {
    "10": {
      "temp": 10.2,
      "precip": 0.0,
      "wind": 14.0,
      "wind_dir_deg": 252.0
    },
    "12": {
      "temp": 13.2,
      "precip": 0.0,
      "wind": 15.9,
      "wind_dir_deg": 250.0
    },
    "14": {
      "temp": 15.8,
      "precip": 0.0,
      "wind": 15.5,
      "wind_dir_deg": 243.0
    },
    "16": {
      "temp": 16.0,
      "precip": 0.0,
      "wind": 14.7,
      "wind_dir_deg": 248.0
    }
  },
  "ride_temp_mean": 13.8,
  "ride_wind_mean": 15.025,
  "ride_wind_dir_deg": 248.17244732188828,
  "ride_rain_flag": 0.0,
  "tent_rain_flag": 0.0,
  "daily_precip_sum": 0.0,
  "daily_temp_mean": 10.133333333333333,
  "daily_wind_mean": 13.841666666666667,
  "daily_wind_dir_deg": 250.05315294793533
}