{
  "samples_local": {
    "10": {
      "temp": 10.1,
      "precip": 0.0,
      "wind": 24.2,
      "wind_dir_deg": 255.0
    },
    "12": {
      "temp": 11.7,
      "precip": 0.0,
      "wind": 21.8,
      "wind_dir_deg": 266.0
    },
    "14": {
      "temp": 13.0,
      "precip": 0.0,
      "wind": 21.9,
      "wind_dir_deg": 251.0
    },
    "16": {
      "temp": 12.3,
      "precip": 0.0,
      "wind": 18.5,
      "wind_dir_deg": 257.0
    }
  },
  "ride_temp_mean": 11.775,
  "ride_wind_mean": 21.6,
  "ride_wind_dir_deg": 257.1842387154341,
  "ride_rain_flag": 0.0,
  "tent_rain_flag": 0.0,
  "daily_precip_sum": 0.0,
  "daily_temp_mean": 7.916666666666667,
  "daily_wind_mean": 15.529166666666667,
  "daily_wind_dir_deg": 248.87052369471655
}