{
  "samples_local": {
    "10": {
      "temp": 11.6,
      "precip": 0.0,
      "wind": 16.2,
      "wind_dir_deg": 249.0
    },
    "12": {
      "temp": 13.2,
      "precip": 0.0,
      "wind": 26.5,
      "wind_dir_deg": 268.0
    },
    "14": {
      "temp": 14.9,
      "precip": 0.0,
      "wind": 25.7,
      "wind_dir_deg": 275.0
    },
    "16": {
      "temp": 14.8,
      "precip": 0.0,
      "wind": 18.6,
      "wind_dir_deg": 275.0
    }
  },
  "ride_temp_mean": 13.625,
  "ride_wind_mean": 21.75,
  "ride_wind_dir_deg": 268.08322333637693,
  "ride_rain_flag": 0.0,
  "tent_rain_flag": 0.0,
  "daily_precip_sum": 0.0,
  "daily_temp_mean": 9.191666666666666,
  "daily_wind_mean": 15.483333333333334,
  "daily_wind_dir_deg": 259.02914479537304
}