{
  "samples_local": {
    "10": {
      "temp": 10.1,
      "precip": 0.0,
      "wind": 20.9,
      "wind_dir_deg": 248.0
    },
    "12": {
      "temp": 12.4,
      "precip": 0.0,
      "wind": 23.3,
      "wind_dir_deg": 241.0
    },
    "14": {
      "temp": 13.8,
      "precip": 0.0,
      "wind": 27.4,
      "wind_dir_deg": 241.0
    },
    "16": {
      "temp": 13.9,
      "precip": 0.0,
      "wind": 24.6,
      "wind_dir_deg": 242.0
    }
  },
  "ride_temp_mean": 12.55,
  "ride_wind_mean": 24.05,
  "ride_wind_dir_deg": 242.77509032764638,
  "ride_rain_flag": 0.0,
  "tent_rain_flag": 0.0,
  "daily_precip_sum": 0.0,
  "daily_temp_mean": 10.137500000000001,
  "daily_wind_mean": 19.354166666666668,
  "daily_wind_dir_deg": 250.57357635648907
}