{
  "samples_local": {
    "10": {
      "temp": 10.3,
      "precip": 0.0,
      "wind": 24.6,
      "wind_dir_deg": 265.0
    },
    "12": {
      "temp": 12.7,
      "precip": 0.0,
      "wind": 31.4,
      "wind_dir_deg": 273.0
    },
    "14": {
      "temp": 14.1,
      "precip": 0.0,
      "wind": 29.8,
      "wind_dir_deg": 276.0
    },
    "16": {
      "temp": 13.7,
      "precip": 0.0,
      "wind": 28.3,
      "wind_dir_deg": 274.0
    }
  },
  "ride_temp_mean": 12.7,
  "ride_wind_mean": 28.525,
  "ride_wind_dir_deg": 272.3102899260228,
  "ride_rain_flag": 0.0,
  "tent_rain_flag": 0.0,
  "daily_precip_sum": 0.0,
  "daily_temp_mean": 9.229166666666666,
  "daily_wind_mean": 24.616666666666664,
  "daily_wind_dir_deg": 267.7646982148569
}