{
  "samples_local": {
    "10": {
      "temp": 8.9,
      "precip": 0.0,
      "wind": 9.2,
      "wind_dir_deg": 276.0
    },
    "12": {
      "temp": 10.9,
      "precip": 0.0,
      "wind": 10.3,
      "wind_dir_deg": 301.0
    },
    "14": {
      "temp": 12.4,
      "precip": 0.0,
      "wind": 10.7,
      "wind_dir_deg": 297.0
    },
    "16": {
      "temp": 12.1,
      "precip": 0.0,
      "wind": 11.2,
      "wind_dir_deg": 315.0
    }
  },
  "ride_temp_mean": 11.075,
  "ride_wind_mean": 10.35,
  "ride_wind_dir_deg": 298.25710244353934,
  "ride_rain_flag": 0.0,
  "tent_rain_flag": 1.0,
  "daily_precip_sum": 1.7000000000000002,
  "daily_temp_mean": 7.2,
  "daily_wind_mean": 9.529166666666667,
  "daily_wind_dir_deg": 298.25467297259485
}