{
  "samples_local": {
    "10": {
      "temp": 11.6,
      "precip": 0.0,
      "wind": 13.0,
      "wind_dir_deg": 239.0
    },
    "12": {
      "temp": 15.2,
      "precip": 0.0,
      "wind": 14.5,
      "wind_dir_deg": 255.0
    },
    "14": {
      "temp": 17.4,
      "precip": 0.0,
      "wind": 18.2,
      "wind_dir_deg": 279.0
    },
    "16": {
      "temp": 17.3,
      "precip": 0.0,
      "wind": 21.0,
      "wind_dir_deg": 282.0
    }
  },
  "ride_temp_mean": 15.375,
  "ride_wind_mean": 16.675,
  "ride_wind_dir_deg": 267.0910851748634,
  "ride_rain_flag": 0.0,
  "tent_rain_flag": 0.0,
  "daily_precip_sum": 0.1,
  "daily_temp_mean": 11.504166666666668,
  "daily_wind_mean": 16.291666666666668,
  "daily_wind_dir_deg": 260.15273601496847
}