{
  "samples_local": {
    "10": {
      "temp": 9.9,
      "precip": 0.0,
      "wind": 26.3,
      "wind_dir_deg": 314.0
    },
    "12": {
      "temp": 12.6,
      "precip": 0.0,
      "wind": 27.9,
      "wind_dir_deg": 319.0
    },
    "14": {
      "temp": 13.2,
      "precip": 0.0,
      "wind": 32.0,
      "wind_dir_deg": 326.0
    },
    "16": {
      "temp": 12.8,
      "precip": 0.0,
      "wind": 32.0,
      "wind_dir_deg": 323.0
    }
  },
  "ride_temp_mean": 12.125,
  "ride_wind_mean": 29.55,
  "ride_wind_dir_deg": 320.867224752827,
  "ride_rain_flag": 0.0,
  "tent_rain_flag": 1.0,
  "daily_precip_sum": 2.0,
  "daily_temp_mean": 10.020833333333334,
  "daily_wind_mean": 26.087500000000002,
  "daily_wind_dir_deg": 315.9241407981176
}