{
  "samples_local": {
    "10": {
      "temp": 10.4,
      "precip": 0.0,
      "wind": 19.2,
      "wind_dir_deg": 259.0
    },
    "12": {
      "temp": 13.5,
      "precip": 0.0,
      "wind": 22.1,
      "wind_dir_deg": 263.0
    },
    "14": {
      "temp": 14.5,
      "precip": 0.0,
      "wind": 23.2,
      "wind_dir_deg": 268.0
    },
    "16": {
      "temp": 13.4,
      "precip": 0.1,
      "wind": 21.7,
      "wind_dir_deg": 284.0
    }
  },
  "ride_temp_mean": 12.95,
  "ride_wind_mean": 21.55,
  "ride_wind_dir_deg": 268.70852120081014,
  "ride_rain_flag": 0.0,
  "tent_rain_flag": 0.0,
  "daily_precip_sum": 0.2,
  "daily_temp_mean": 9.795833333333333,
  "daily_wind_mean": 19.804166666666667,
  "daily_wind_dir_deg": 267.16430543595084
}