{
  "samples_local": {
    "10": {
      "temp": 9.7,
      "precip": 0.0,
      "wind": 20.9,
      "wind_dir_deg": 245.0
    },
    "12": {
      "temp": 11.4,
      "precip": 0.0,
      "wind": 22.5,
      "wind_dir_deg": 241.0
    },
    "14": {
      "temp": 13.6,
      "precip": 0.0,
      "wind": 22.8,
      "wind_dir_deg": 240.0
    },
    "16": {
      "temp": 14.4,
      "precip": 0.0,
      "wind": 21.0,
      "wind_dir_deg": 234.0
    }
  },
  "ride_temp_mean": 12.275,
  "ride_wind_mean": 21.8,
  "ride_wind_dir_deg": 240.01260243651808,
  "ride_rain_flag": 0.0,
  "tent_rain_flag": 0.0,
  "daily_precip_sum": 0.0,
  "daily_temp_mean": 10.354166666666666,
  "daily_wind_mean": 18.545833333333334,
  "daily_wind_dir_deg": 250.20259616355105
}