{
  "samples_local": {
    "10": {
      "temp": 10.1,
      "precip": 0.0,
      "wind": 24.0,
      "wind_dir_deg": 272.0
    },
    "12": {
      "temp": 11.4,
      "precip": 0.0,
      "wind": 23.6,
      "wind_dir_deg": 273.0
    },
    "14": {
      "temp": 12.9,
      "precip": 0.0,
      "wind": 23.5,
      "wind_dir_deg": 274.0
    },
    "16": {
      "temp": 12.9,
      "precip": 0.0,
      "wind": 22.4,
      "wind_dir_deg": 274.0
    }
  },
  "ride_temp_mean": 11.825,
  "ride_wind_mean": 23.375,
  "ride_wind_dir_deg": 273.2342380736275,
  "ride_rain_flag": 0.0,
  "tent_rain_flag": 0.0,
  "daily_precip_sum": 0.0,
  "daily_temp_mean": 8.504166666666666,
  "daily_wind_mean": 17.662499999999998,
  "daily_wind_dir_deg": 269.78400615772546
}