{
  "samples_local": {
    "10": {
      "temp": 5.0,
      "precip": 0.0,
      "wind": 5.4,
      "wind_dir_deg": 21.0
    },
    "12": {
      "temp": 6.1,
      "precip": 0.1,
      "wind": 4.8,
      "wind_dir_deg": 34.0
    },
    "14": {
      "temp": 7.2,
      "precip": 0.0,
      "wind": 4.5,
      "wind_dir_deg": 43.0
    },
    "16": {
      "temp": 6.7,
      "precip": 0.0,
      "wind": 7.4,
      "wind_dir_deg": 22.0
    }
  },
  "ride_temp_mean": 6.25,
  "ride_wind_mean": 5.525,
  "ride_wind_dir_deg": 28.616015374660094,
  "ride_rain_flag": 0.0,
  "tent_rain_flag": 1.0,
  "daily_precip_sum": 1.4000000000000001,
  "daily_temp_mean": 4.583333333333333,
  "daily_wind_mean": 9.299999999999999,
  "daily_wind_dir_deg": 3.632284761394885
}