{
  "samples_local": {
    "10": {
      "temp": 14.3,
      "precip": 0.0,
      "wind": 13.9,
      "wind_dir_deg": 283.0
    },
    "12": {
      "temp": 14.6,
      "precip": 0.7,
      "wind": 27.3,
      "wind_dir_deg": 325.0
    },
    "14": {
      "temp": 15.4,
      "precip": 0.0,
      "wind": 28.6,
      "wind_dir_deg": 332.0
    },
    "16": {
      "temp": 14.9,
      "precip": 0.0,
      "wind": 25.0,
      "wind_dir_deg": 335.0
    }
  },
  "ride_temp_mean": 14.8,
  "ride_wind_mean": 23.7,
  "ride_wind_dir_deg": 324.06814014660284,
  "ride_rain_flag": 1.0,
  "tent_rain_flag": 0.0,
  "daily_precip_sum": 0.8999999999999999,
  "daily_temp_mean": 12.445833333333333,
  "daily_wind_mean": 17.104166666666668,
  "daily_wind_dir_deg": 311.1213979149699
}