{
  "samples_local": {
    "10": {
      "temp": 10.1,
      "precip": 0.0,
      "wind": 10.7,
      "wind_dir_deg": 224.0
    },
    "12": {
      "temp": 13.4,
      "precip": 0.0,
      "wind": 14.7,
      "wind_dir_deg": 230.0
    },
    "14": {
      "temp": 14.6,
      "precip": 0.0,
      "wind": 14.6,
      "wind_dir_deg": 230.0
    },
    "16": {
      "temp": 14.2,
      "precip": 0.0,
      "wind": 17.1,
      "wind_dir_deg": 230.0
    }
  },
  "ride_temp_mean": 13.075,
  "ride_wind_mean": 14.275,
  "ride_wind_dir_deg": 228.8767012603889,
  "ride_rain_flag": 0.0,
  "tent_rain_flag": 0.0,
  "daily_precip_sum": 0.0,
  "daily_temp_mean": 7.883333333333333,
  "daily_wind_mean": 12.591666666666667,
  "daily_wind_dir_deg": 233.07693278986574
}