{
  "samples_local": {
    "10": {
      "temp": 9.4,
      "precip": 0.0,
      "wind": 12.9,
      "wind_dir_deg": 226.0
    },
    "12": {
      "temp": 13.1,
      "precip": 0.0,
      "wind": 14.1,
      "wind_dir_deg": 227.0
    },
    "14": {
      "temp": 14.8,
      "precip": 0.0,
      "wind": 14.5,
      "wind_dir_deg": 221.0
    },
    "16": {
      "temp": 13.4,
      "precip": 0.0,
      "wind": 16.5,
      "wind_dir_deg": 217.0
    }
  },
  "ride_temp_mean": 12.675,
  "ride_wind_mean": 14.5,
  "ride_wind_dir_deg": 222.4334245469791,
  "ride_rain_flag": 0.0,
  "tent_rain_flag": 0.0,
  "daily_precip_sum": 0.0,
  "daily_temp_mean": 7.220833333333334,
  "daily_wind_mean": 12.920833333333334,
  "daily_wind_dir_deg": 223.09146105802506
}