{
  "samples_local": {
    "10": {
      "temp": 9.8,
      "precip": 0.0,
      "wind": 20.9,
      "wind_dir_deg": 249.0
    },
    "12": {
      "temp": 12.8,
      "precip": 0.0,
      "wind": 22.6,
      "wind_dir_deg": 249.0
    },
    "14": {
      "temp": 14.8,
      "precip": 0.0,
      "wind": 28.3,
      "wind_dir_deg": 232.0
    },
    "16": {
      "temp": 15.6,
      "precip": 0.0,
      "wind": 23.2,
      "wind_dir_deg": 254.0
    }
  },
  "ride_temp_mean": 13.25,
  "ride_wind_mean": 23.75,
  "ride_wind_dir_deg": 245.18160382191206,
  "ride_rain_flag": 0.0,
  "tent_rain_flag": 0.0,
  "daily_precip_sum": 0.0,
  "daily_temp_mean": 10.095833333333333,
  "daily_wind_mean": 19.566666666666666,
  "daily_wind_dir_deg": 249.2485960693785
}