{
  "samples_local": {
    "10": {
      "temp": 11.2,
      "precip": 0.0,
      "wind": 16.4,
      "wind_dir_deg": 247.0
    },
    "12": {
      "temp": 13.6,
      "precip": 0.0,
      "wind": 25.5,
      "wind_dir_deg": 274.0
    },
    "14": {
      "temp": 14.7,
      "precip": 0.0,
      "wind": 24.0,
      "wind_dir_deg": 273.0
    },
    "16": {
      "temp": 14.4,
      "precip": 0.0,
      "wind": 21.3,
      "wind_dir_deg": 266.0
    }
  },
  "ride_temp_mean": 13.475,
  "ride_wind_mean": 21.8,
  "ride_wind_dir_deg": 266.7568286063384,
  "ride_rain_flag": 0.0,
  "tent_rain_flag": 0.0,
  "daily_precip_sum": 0.0,
  "daily_temp_mean": 9.404166666666667,
  "daily_wind_mean": 17.291666666666668,
  "daily_wind_dir_deg": 257.0452555289394
}