{
  "samples_local": {
    "10": {
      "temp": 9.8,
      "precip": 0.0,
      "wind": 7.3,
      "wind_dir_deg": 208.0
    },
    "12": {
      "temp": 13.6,
      "precip": 0.0,
      "wind": 11.1,
      "wind_dir_deg": 238.0
    },
    "14": {
      "temp": 15.2,
      "precip": 0.0,
      "wind": 15.5,
      "wind_dir_deg": 237.0
    },
    "16": {
      "temp": 15.3,
      "precip": 0.0,
      "wind": 17.5,
      "wind_dir_deg": 238.0
    }
  },
  "ride_temp_mean": 13.475,
  "ride_wind_mean": 12.85,
  "ride_wind_dir_deg": 233.55376058709396,
  "ride_rain_flag": 0.0,
  "tent_rain_flag": 0.0,
  "daily_precip_sum": 0.0,
  "daily_temp_mean": 8.558333333333334,
  "daily_wind_mean": 10.241666666666667,
  "daily_wind_dir_deg": 225.61180337024143
}