{
  "samples_local": {
    "10": {
      "temp": 10.7,
      "precip": 0.0,
      "wind": 17.1,
      "wind_dir_deg": 266.0
    },
    "12": {
      "temp": 14.2,
      "precip": 0.0,
      "wind": 21.2,
      "wind_dir_deg": 264.0
    },
    "14": {
      "temp": 16.4,
      "precip": 0.0,
      "wind": 26.0,
      "wind_dir_deg": 274.0
    },
    "16": {
      "temp": 15.8,
      "precip": 0.0,
      "wind": 22.5,
      "wind_dir_deg": 291.0
    }
  },
  "ride_temp_mean": 14.274999999999999,
  "ride_wind_mean": 21.7,
  "ride_wind_dir_deg": 274.34725656452633,
  "ride_rain_flag": 0.0,
  "tent_rain_flag": 0.0,
  "daily_precip_sum": 0.0,
  "daily_temp_mean": 9.9125,
  "daily_wind_mean": 16.412499999999998,
  "daily_wind_dir_deg": 266.99310267310955
}