{
  "samples_local": {
    "10": {
      "temp": 10.6,
      "precip": 0.0,
      "wind": 11.4,
      "wind_dir_deg": 251.0
    },
    "12": {
      "temp": 14.2,
      "precip": 0.0,
      "wind": 16.4,
      "wind_dir_deg": 251.0
    },
    "14": {
      "temp": 15.3,
      "precip": 0.0,
      "wind": 17.4,
      "wind_dir_deg": 259.0
    },
    "16": {
      "temp": 15.1,
      "precip": 0.0,
      "wind": 18.1,
      "wind_dir_deg": 249.0
    }
  },
  "ride_temp_mean": 13.8,
  "ride_wind_mean": 15.825,
  "ride_wind_dir_deg": 252.6243442012787,
  "ride_rain_flag": 0.0,
  "tent_rain_flag": 0.0,
  "daily_precip_sum": 0.0,
  "daily_temp_mean": 8.424999999999999,
  "daily_wind_mean": 14.141666666666666,
  "daily_wind_dir_deg": 250.86817731746723
}