{
  "samples_local": {
    "10": {
      "temp": 8.9,
      "precip": 0.0,
      "wind": 13.6,
      "wind_dir_deg": 229.0
    },
    "12": {
      "temp": 11.3,
      "precip": 0.0,
      "wind": 22.2,
      "wind_dir_deg": 268.0
    },
    "14": {
      "temp": 11.6,
      "precip": 0.0,
      "wind": 19.9,
      "wind_dir_deg": 233.0
    },
    "16": {
      "temp": 12.2,
      "precip": 0.0,
      "wind": 18.7,
      "wind_dir_deg": 239.0
    }
  },
  "ride_temp_mean": 11.0,
  "ride_wind_mean": 18.599999999999998,
  "ride_wind_dir_deg": 244.06619865785353,
  "ride_rain_flag": 0.0,
  "tent_rain_flag": 0.0,
  "daily_precip_sum": 0.1,
  "daily_temp_mean": 6.4375,
  "daily_wind_mean": 14.479166666666666,
  "daily_wind_dir_deg": 238.2041147094132
}