{
  "samples_local": {
    "10": {
      "temp": 10.6,
      "precip": 0.0,
      "wind": 17.9,
      "wind_dir_deg": 242.0
    },
    "12": {
      "temp": 14.2,
      "precip": 0.0,
      "wind": 22.1,
      "wind_dir_deg": 242.0
    },
    "14": {
      "temp": 16.1,
      "precip": 0.0,
      "wind": 26.7,
      "wind_dir_deg": 267.0
    },
    "16": {
      "temp": 17.0,
      "precip": 0.0,
      "wind": 23.7,
      "wind_dir_deg": 258.0
    }
  },
  "ride_temp_mean": 14.475,
  "ride_wind_mean": 22.6,
  "ride_wind_dir_deg": 253.5759895810291,
  "ride_rain_flag": 0.0,
  "tent_rain_flag": 0.0,
  "daily_precip_sum": 0.0,
  "daily_temp_mean": 10.833333333333334,
  "daily_wind_mean": 18.974999999999998,
  "daily_wind_dir_deg": 250.56286795642603
}