{
  "samples_local": {
    "10": {
      "temp": 9.5,
      "precip": 0.0,
      "wind": 15.4,
      "wind_dir_deg": 235.0
    },
    "12": {
      "temp": 13.1,
      "precip": 0.0,
      "wind": 19.5,
      "wind_dir_deg": 239.0
    },
    "14": {
      "temp": 16.0,
      "precip": 0.0,
      "wind": 22.5,
      "wind_dir_deg": 254.0
    },
    "16": {
      "temp": 15.9,
      "precip": 0.0,
      "wind": 21.5,
      "wind_dir_deg": 265.0
    }
  },
  "ride_temp_mean": 13.625,
  "ride_wind_mean": 19.725,
  "ride_wind_dir_deg": 249.57530705403536,
  "ride_rain_flag": 0.0,
  "tent_rain_flag": 0.0,
  "daily_precip_sum": 0.0,
  "daily_temp_mean": 9.754166666666666,
  "daily_wind_mean": 15.620833333333332,
  "daily_wind_dir_deg": 251.81460835779424
}