{
  "samples_local": {
    "10": {
      "temp": 10.2,
      "precip": 0.0,
      "wind": 7.7,
      "wind_dir_deg": 237.0
    },
    "12": {
      "temp": 13.8,
      "precip": 0.0,
      "wind": 8.3,
      "wind_dir_deg": 219.0
    },
    "14": {
      "temp": 16.2,
      "precip": 0.0,
      "wind": 15.9,
      "wind_dir_deg": 243.0
    },
    "16": {
      "temp": 16.4,
      "precip": 0.0,
      "wind": 13.2,
      "wind_dir_deg": 235.0
    }
  },
  "ride_temp_mean": 14.149999999999999,
  "ride_wind_mean": 11.275,
  "ride_wind_dir_deg": 235.2488441112587,
  "ride_rain_flag": 0.0,
  "tent_rain_flag": 0.0,
  "daily_precip_sum": 0.0,
  "daily_temp_mean": 9.866666666666667,
  "daily_wind_mean": 9.991666666666667,
  "daily_wind_dir_deg": 229.83785856300346
}