{
  "samples_local": {
    "10": {
      "temp": 9.4,
      "precip": 0.0,
      "wind": 9.2,
      "wind_dir_deg": 249.0
    },
    "12": {
      "temp": 13.6,
      "precip": 0.0,
      "wind": 12.8,
      "wind_dir_deg": 248.0
    },
    "14": {
      "temp": 14.4,
      "precip": 0.0,
      "wind": 15.4,
      "wind_dir_deg": 249.0
    },
    "16": {
      "temp": 13.9,
      "precip": 0.0,
      "wind": 17.4,
      "wind_dir_deg": 242.0
    }
  },
  "ride_temp_mean": 12.825,
  "ride_wind_mean": 13.7,
  "ride_wind_dir_deg": 246.54493480262823,
  "ride_rain_flag": 0.0,
  "tent_rain_flag": 0.0,
  "daily_precip_sum": 0.0,
  "daily_temp_mean": 7.8500000000000005,
  "daily_wind_mean": 12.075000000000001,
  "daily_wind_dir_deg": 246.74612504585986
}