{
  "samples_local": {
    "10": {
      "temp": 9.1,
      "precip": 0.0,
      "wind": 11.8,
      "wind_dir_deg": 234.0
    },
    "12": {
      "temp": 12.1,
      "precip": 0.0,
      "wind": 15.5,
      "wind_dir_deg": 232.0
    },
    "14": {
      "temp": 13.2,
      "precip": 0.0,
      "wind": 18.0,
      "wind_dir_deg": 236.0
    },
    "16": {
      "temp": 13.2,
      "precip": 0.0,
      "wind": 19.3,
      "wind_dir_deg": 243.0
    }
  },
  "ride_temp_mean": 11.899999999999999,
  "ride_wind_mean": 16.15,
  "ride_wind_dir_deg": 236.76409677936311,
  "ride_rain_flag": 0.0,
  "tent_rain_flag": 0.0,
  "daily_precip_sum": 0.0,
  "daily_temp_mean": 7.466666666666666,
  "daily_wind_mean": 12.020833333333334,
  "daily_wind_dir_deg": 239.46857588358367
}