{
  "samples_local": {
    "10": {
      "temp": 10.1,
      "precip": 0.0,
      "wind": 10.5,
      "wind_dir_deg": 245.0
    },
    "12": {
      "temp": 13.9,
      "precip": 0.0,
      "wind": 15.1,
      "wind_dir_deg": 250.0
    },
    "14": {
      "temp": 15.2,
      "precip": 0.0,
      "wind": 16.5,
      "wind_dir_deg": 254.0
    },
    "16": {
      "temp": 15.2,
      "precip": 0.0,
      "wind": 16.7,
      "wind_dir_deg": 251.0
    }
  },
  "ride_temp_mean": 13.6,
  "ride_wind_mean": 14.7,
  "ride_wind_dir_deg": 250.51452206037288,
  "ride_rain_flag": 0.0,
  "tent_rain_flag": 0.0,
  "daily_precip_sum": 0.0,
  "daily_temp_mean": 8.362499999999999,
  "daily_wind_mean": 12.783333333333333,
  "daily_wind_dir_deg": 245.39409924668462
}