{
  "samples_local": {
    "10": {
      "temp": 7.7,
      "precip": 0.0,
      "wind": 12.9,
      "wind_dir_deg": 237.0
    },
    "12": {
      "temp": 11.6,
      "precip": 0.0,
      "wind": 12.2,
      "wind_dir_deg": 227.0
    },
    "14": {
      "temp": 13.1,
      "precip": 0.0,
      "wind": 15.6,
      "wind_dir_deg": 231.0
    },
    "16": {
      "temp": 11.8,
      "precip": 0.0,
      "wind": 16.6,
      "wind_dir_deg": 229.0
    }
  },
  "ride_temp_mean": 11.05,
  "ride_wind_mean": 14.325,
  "ride_wind_dir_deg": 230.9179043280575,
  "ride_rain_flag": 0.0,
  "tent_rain_flag": 0.0,
  "daily_precip_sum": 0.0,
  "daily_temp_mean": 6.304166666666667,
  "daily_wind_mean": 11.583333333333334,
  "daily_wind_dir_deg": 232.90716347960966
}