{
  "samples_local": {
    "10": {
      "temp": 8.9,
      "precip": 0.0,
      "wind": 14.0,
      "wind_dir_deg": 248.0
    },
    "12": {
      "temp": 12.2,
      "precip": 0.0,
      "wind": 18.3,
      "wind_dir_deg": 253.0
    },
    "14": {
      "temp": 13.6,
      "precip": 0.0,
      "wind": 22.9,
      "wind_dir_deg": 262.0
    },
    "16": {
      "temp": 13.2,
      "precip": 0.0,
      "wind": 21.8,
      "wind_dir_deg": 262.0
    }
  },
  "ride_temp_mean": 11.975,
  "ride_wind_mean": 19.25,
  "ride_wind_dir_deg": 257.3210049224756,
  "ride_rain_flag": 0.0,
  "tent_rain_flag": 0.0,
  "daily_precip_sum": 0.0,
  "daily_temp_mean": 7.445833333333333,
  "daily_wind_mean": 12.820833333333333,
  "daily_wind_dir_deg": 254.26623677222253
}