{
  "ride_temp_mean": 0.35,
  "ride_precip_sum": 1.3,
  "ride_wind_speed": 5.103817976087873,
  "ride_wind_dir": 314.84177435730356,
  "tent_precip_sum": 3.6,
  "tent_temp_mean": 0.305
}