{
  "ride_temp_mean": 1.925,
  "ride_precip_sum": 0.1,
  "ride_wind_speed": 14.074901709386515,
  "ride_wind_dir": 273.68979349296114,
  "tent_precip_sum": 3.7,
  "tent_temp_mean": 2.835
}