{
  "ride_temp_mean": 8.675,
  "ride_precip_sum": 0.0,
  "ride_wind_speed": 21.4815463400474,
  "ride_wind_dir": 191.07491201259558,
  "tent_precip_sum": 2.6,
  "tent_temp_mean": 7.325
}