{
  "ride_temp_mean": 8.4,
  "ride_precip_sum": 0.0,
  "ride_wind_speed": 19.0109499304327,
  "ride_wind_dir": 174.73974430434237,
  "tent_precip_sum": 0.0,
  "tent_temp_mean": 4.2299999999999995
}