{
  "ride_temp_mean": 6.15,
  "ride_precip_sum": 0.6,
  "ride_wind_speed": 23.27390566507725,
  "ride_wind_dir": 83.45653336773256,
  "tent_precip_sum": 3.8,
  "tent_temp_mean": 5.970000000000001
}