{
  "ride_temp_mean": 8.825,
  "ride_precip_sum": 0.0,
  "ride_wind_speed": 14.815672406561411,
  "ride_wind_dir": 19.697180036507007,
  "tent_precip_sum": 0.4,
  "tent_temp_mean": 8.89
}