{
  "ride_temp_mean": 14.15,
  "ride_precip_sum": 0.0,
  "ride_wind_speed": 37.38165615812844,
  "ride_wind_dir": 253.20776105720944,
  "tent_precip_sum": 0.9,
  "tent_temp_mean": 14.175
}