{
  "ride_temp_mean": 13.675,
  "ride_precip_sum": 0.8,
  "ride_wind_speed": 60.81420703591765,
  "ride_wind_dir": 262.7290695122869,
  "tent_precip_sum": 1.5,
  "tent_temp_mean": 13.725
}