{
  "ride_temp_mean": 7.4,
  "ride_precip_sum": 0.0,
  "ride_wind_speed": 2.92828568325359,
  "ride_wind_dir": 280.37027659494845,
  "tent_precip_sum": 0.6,
  "tent_temp_mean": 5.7299999999999995
}