{
  "ride_temp_mean": -0.55,
  "ride_precip_sum": 0.0,
  "ride_wind_speed": 9.306391442636203,
  "ride_wind_dir": 307.76274276656324,
  "tent_precip_sum": 11.6,
  "tent_temp_mean": 0.09999999999999998
}