{
  "ride_temp_mean": 5.65,
  "ride_precip_sum": 1.2,
  "ride_wind_speed": 12.682796368148773,
  "ride_wind_dir": 260.85247125710674,
  "tent_precip_sum": 5.5,
  "tent_temp_mean": 5.865
}