{
  "ride_temp_mean": 5.275,
  "ride_precip_sum": 0.3,
  "ride_wind_speed": 7.341893511759144,
  "ride_wind_dir": 194.17000944629964,
  "tent_precip_sum": 5.2,
  "tent_temp_mean": 4.71
}