{
  "ride_temp_mean": 1.025,
  "ride_precip_sum": 0.0,
  "ride_wind_speed": 23.1584147116546,
  "ride_wind_dir": 268.83505193839466,
  "tent_precip_sum": 3.5,
  "tent_temp_mean": 1.5450000000000002
}