{
  "ride_temp_mean": 2.65,
  "ride_precip_sum": 0.0,
  "ride_wind_speed": 23.055240085795383,
  "ride_wind_dir": 211.8551337746532,
  "tent_precip_sum": 0.0,
  "tent_temp_mean": 1.7850000000000001
}