{
  "ride_temp_mean": 4.675,
  "ride_precip_sum": 0.0,
  "ride_wind_speed": 1.2083924653000906,
  "ride_wind_dir": 70.23138603670213,
  "tent_precip_sum": 0.0,
  "tent_temp_mean": 0.72
}