{
  "ride_temp_mean": -2.55,
  "ride_precip_sum": 0.1,
  "ride_wind_speed": 18.802494491840935,
  "ride_wind_dir": 285.8086255227813,
  "tent_precip_sum": 9.7,
  "tent_temp_mean": -1.585
}