{
  "ride_temp_mean": 5.075,
  "ride_precip_sum": 0.0,
  "ride_wind_speed": 14.60446457025166,
  "ride_wind_dir": 236.504118941378,
  "tent_precip_sum": 0.0,
  "tent_temp_mean": 1.44
}