{
  "samples_local": {
    "10": {
      "temp": 18.3,
      "precip": 0.0,
      "wind": 11.9,
      "wind_dir_deg": 115.0
    },
    "12": {
      "temp": 19.5,
      "precip": 0.0,
      "wind": 12.4,
      "wind_dir_deg": 120.0
    },
    "14": {
      "temp": 18.5,
      "precip": 0.1,
      "wind": 8.6,
      "wind_dir_deg": 123.0
    },
    "16": {
      "temp": 18.6,
      "precip": 0.0,
      "wind": 11.2,
      "wind_dir_deg": 123.0
    }
  },
  "ride_temp_mean": 18.725,
  "ride_wind_mean": 11.025,
  "ride_wind_dir_deg": 119.99882694653871,
  "ride_rain_flag": 0.0,
  "tent_rain_flag": 1.0,
  "daily_precip_sum": 1.3,
  "daily_temp_mean": 17.504166666666666,
  "daily_wind_mean": 10.733333333333334,
  "daily_wind_dir_deg": 111.58019219364763
}