{
  "samples_local": {
    "10": {
      "temp": 22.0,
      "precip": 0.0,
      "wind": 15.9,
      "wind_dir_deg": 87.0
    },
    "12": {
      "temp": 21.9,
      "precip": 0.0,
      "wind": 10.8,
      "wind_dir_deg": 90.0
    },
    "14": {
      "temp": 19.5,
      "precip": 0.1,
      "wind": 4.8,
      "wind_dir_deg": 103.0
    },
    "16": {
      "temp": 19.1,
      "precip": 0.3,
      "wind": 8.3,
      "wind_dir_deg": 88.0
    }
  },
  "ride_temp_mean": 20.625,
  "ride_wind_mean": 9.950000000000001,
  "ride_wind_dir_deg": 89.9392472363819,
  "ride_rain_flag": 1.0,
  "tent_rain_flag": 1.0,
  "daily_precip_sum": 2.7,
  "daily_temp_mean": 18.791666666666668,
  "daily_wind_mean": 9.441666666666666,
  "daily_wind_dir_deg": 81.87821420239737
}