{
  "samples_local": {
    "10": {
      "temp": 15.9,
      "precip": 0.2,
      "wind": 14.0,
      "wind_dir_deg": 162.0
    },
    "12": {
      "temp": 17.0,
      "precip": 0.2,
      "wind": 15.7,
      "wind_dir_deg": 160.0
    },
    "14": {
      "temp": 16.8,
      "precip": 0.4,
      "wind": 17.4,
      "wind_dir_deg": 156.0
    },
    "16": {
      "temp": 14.7,
      "precip": 0.8,
      "wind": 15.8,
      "wind_dir_deg": 168.0
    }
  },
  "ride_temp_mean": 16.1,
  "ride_wind_mean": 15.725,
  "ride_wind_dir_deg": 161.3465914526264,
  "ride_rain_flag": 1.0,
  "tent_rain_flag": 1.0,
  "daily_precip_sum": 13.8,
  "daily_temp_mean": 15.566666666666668,
  "daily_wind_mean": 11.929166666666667,
  "daily_wind_dir_deg": 158.87162565257654
}