{
  "samples_local": {
    "10": {
      "temp": 18.8,
      "precip": 0.1,
      "wind": 14.8,
      "wind_dir_deg": 96.0
    },
    "12": {
      "temp": 19.0,
      "precip": 0.6,
      "wind": 14.5,
      "wind_dir_deg": 104.0
    },
    "14": {
      "temp": 18.5,
      "precip": 0.1,
      "wind": 16.9,
      "wind_dir_deg": 178.0
    },
    "16": {
      "temp": 18.2,
      "precip": 0.0,
      "wind": 17.3,
      "wind_dir_deg": 175.0
    }
  },
  "ride_temp_mean": 18.625,
  "ride_wind_mean": 15.875,
  "ride_wind_dir_deg": 141.75021430934203,
  "ride_rain_flag": 1.0,
  "tent_rain_flag": 1.0,
  "daily_precip_sum": 6.4,
  "daily_temp_mean": 16.979166666666668,
  "daily_wind_mean": 12.120833333333332,
  "daily_wind_dir_deg": 121.4359153683273
}