{
  "samples_local": {
    "10": {
      "temp": 15.6,
      "precip": 0.2,
      "wind": 21.7,
      "wind_dir_deg": 191.0
    },
    "12": {
      "temp": 16.9,
      "precip": 0.0,
      "wind": 22.7,
      "wind_dir_deg": 195.0
    },
    "14": {
      "temp": 17.1,
      "precip": 0.0,
      "wind": 20.2,
      "wind_dir_deg": 184.0
    },
    "16": {
      "temp": 17.3,
      "precip": 0.0,
      "wind": 15.0,
      "wind_dir_deg": 169.0
    }
  },
  "ride_temp_mean": 16.725,
  "ride_wind_mean": 19.9,
  "ride_wind_dir_deg": 186.25653899077332,
  "ride_rain_flag": 1.0,
  "tent_rain_flag": 1.0,
  "daily_precip_sum": 7.8,
  "daily_temp_mean": 16.275000000000002,
  "daily_wind_mean": 11.783333333333333,
  "daily_wind_dir_deg": 181.5781843477425
}