{
  "samples_local": {
    "10": {
      "temp": 18.1,
      "precip": 0.3,
      "wind": 12.3,
      "wind_dir_deg": 175.0
    },
    "12": {
      "temp": 16.7,
      "precip": 0.1,
      "wind": 16.2,
      "wind_dir_deg": 167.0
    },
    "14": {
      "temp": 14.8,
      "precip": 0.1,
      "wind": 17.4,
      "wind_dir_deg": 158.0
    },
    "16": {
      "temp": 17.0,
      "precip": 0.0,
      "wind": 14.3,
      "wind_dir_deg": 155.0
    }
  },
  "ride_temp_mean": 16.65,
  "ride_wind_mean": 15.05,
  "ride_wind_dir_deg": 163.17344603349238,
  "ride_rain_flag": 1.0,
  "tent_rain_flag": 1.0,
  "daily_precip_sum": 10.2,
  "daily_temp_mean": 16.270833333333332,
  "daily_wind_mean": 9.579166666666667,
  "daily_wind_dir_deg": 150.47752285319723
}