{
  "samples_local": {
    "10": {
      "temp": 17.0,
      "precip": 0.2,
      "wind": 16.7,
      "wind_dir_deg": 187.0
    },
    "12": {
      "temp": 16.0,
      "precip": 0.0,
      "wind": 14.5,
      "wind_dir_deg": 199.0
    },
    "14": {
      "temp": 16.1,
      "precip": 0.1,
      "wind": 14.8,
      "wind_dir_deg": 162.0
    },
    "16": {
      "temp": 17.5,
      "precip": 0.0,
      "wind": 14.3,
      "wind_dir_deg": 162.0
    }
  },
  "ride_temp_mean": 16.65,
  "ride_wind_mean": 15.075,
  "ride_wind_dir_deg": 177.79033643098592,
  "ride_rain_flag": 1.0,
  "tent_rain_flag": 1.0,
  "daily_precip_sum": 5.7,
  "daily_temp_mean": 16.145833333333332,
  "daily_wind_mean": 10.004166666666666,
  "daily_wind_dir_deg": 169.93188843975042
}