{
  "samples_local": {
    "10": {
      "temp": 18.4,
      "precip": 0.2,
      "wind": 7.6,
      "wind_dir_deg": 5.0
    },
    "12": {
      "temp": 20.2,
      "precip": 0.7,
      "wind": 24.0,
      "wind_dir_deg": 137.0
    },
    "14": {
      "temp": 19.0,
      "precip": 1.0,
      "wind": 14.0,
      "wind_dir_deg": 145.0
    },
    "16": {
      "temp": 18.2,
      "precip": 0.2,
      "wind": 15.6,
      "wind_dir_deg": 154.0
    }
  },
  "ride_temp_mean": 18.95,
  "ride_wind_mean": 15.3,
  "ride_wind_dir_deg": 138.03479180409715,
  "ride_rain_flag": 1.0,
  "tent_rain_flag": 1.0,
  "daily_precip_sum": 11.4,
  "daily_temp_mean": 17.179166666666667,
  "daily_wind_mean": 11.783333333333333,
  "daily_wind_dir_deg": 163.12392467099585
}