{
  "samples_local": {
    "10": {
      "temp": 19.4,
      "precip": 0.1,
      "wind": 12.2,
      "wind_dir_deg": 92.0
    },
    "12": {
      "temp": 18.5,
      "precip": 0.8,
      "wind": 13.2,
      "wind_dir_deg": 133.0
    },
    "14": {
      "temp": 19.0,
      "precip": 0.0,
      "wind": 17.1,
      "wind_dir_deg": 187.0
    },
    "16": {
      "temp": 18.9,
      "precip": 0.0,
      "wind": 17.3,
      "wind_dir_deg": 179.0
    }
  },
  "ride_temp_mean": 18.95,
  "ride_wind_mean": 14.95,
  "ride_wind_dir_deg": 155.33730747282289,
  "ride_rain_flag": 1.0,
  "tent_rain_flag": 1.0,
  "daily_precip_sum": 2.4,
  "daily_temp_mean": 17.354166666666668,
  "daily_wind_mean": 11.841666666666667,
  "daily_wind_dir_deg": 130.7709517259948
}