{
  "samples_local": {
    "10": {
      "temp": 16.5,
      "precip": 0.0,
      "wind": 19.9,
      "wind_dir_deg": 163.0
    },
    "12": {
      "temp": 17.7,
      "precip": 0.0,
      "wind": 17.1,
      "wind_dir_deg": 155.0
    },
    "14": {
      "temp": 15.9,
      "precip": 0.0,
      "wind": 17.6,
      "wind_dir_deg": 149.0
    },
    "16": {
      "temp": 17.4,
      "precip": 0.0,
      "wind": 12.6,
      "wind_dir_deg": 160.0
    }
  },
  "ride_temp_mean": 16.875,
  "ride_wind_mean": 16.8,
  "ride_wind_dir_deg": 156.73731902506938,
  "ride_rain_flag": 0.0,
  "tent_rain_flag": 0.0,
  "daily_precip_sum": 0.0,
  "daily_temp_mean": 15.854166666666666,
  "daily_wind_mean": 15.470833333333333,
  "daily_wind_dir_deg": 163.96787804294615
}