{
  "samples_local": {
    "10": {
      "temp": 23.0,
      "precip": 0.0,
      "wind": 22.5,
      "wind_dir_deg": 63.0
    },
    "12": {
      "temp": 24.7,
      "precip": 0.0,
      "wind": 26.0,
      "wind_dir_deg": 76.0
    },
    "14": {
      "temp": 22.6,
      "precip": 0.0,
      "wind": 19.9,
      "wind_dir_deg": 107.0
    },
    "16": {
      "temp": 23.2,
      "precip": 0.0,
      "wind": 17.3,
      "wind_dir_deg": 126.0
    }
  },
  "ride_temp_mean": 23.375,
  "ride_wind_mean": 21.425,
  "ride_wind_dir_deg": 89.62106172266277,
  "ride_rain_flag": 0.0,
  "tent_rain_flag": 1.0,
  "daily_precip_sum": 3.8000000000000003,
  "daily_temp_mean": 20.216666666666665,
  "daily_wind_mean": 15.320833333333333,
  "daily_wind_dir_deg": 108.28796969255603
}