{
  "samples_local": {
    "10": {
      "temp": 16.9,
      "precip": 0.2,
      "wind": 17.8,
      "wind_dir_deg": 104.0
    },
    "12": {
      "temp": 18.5,
      "precip": 0.0,
      "wind": 16.2,
      "wind_dir_deg": 89.0
    },
    "14": {
      "temp": 17.3,
      "precip": 0.0,
      "wind": 15.8,
      "wind_dir_deg": 120.0
    },
    "16": {
      "temp": 17.7,
      "precip": 0.0,
      "wind": 16.4,
      "wind_dir_deg": 142.0
    }
  },
  "ride_temp_mean": 17.6,
  "ride_wind_mean": 16.55,
  "ride_wind_dir_deg": 113.4615660087008,
  "ride_rain_flag": 1.0,
  "tent_rain_flag": 1.0,
  "daily_precip_sum": 2.6,
  "daily_temp_mean": 15.758333333333333,
  "daily_wind_mean": 15.058333333333332,
  "daily_wind_dir_deg": 127.72955595710374
}