{
  "samples_local": {
    "10": {
      "temp": 19.0,
      "precip": 0.2,
      "wind": 12.7,
      "wind_dir_deg": 82.0
    },
    "12": {
      "temp": 21.4,
      "precip": 0.1,
      "wind": 12.3,
      "wind_dir_deg": 95.0
    },
    "14": {
      "temp": 19.9,
      "precip": 1.8,
      "wind": 5.4,
      "wind_dir_deg": 53.0
    },
    "16": {
      "temp": 20.2,
      "precip": 0.2,
      "wind": 10.5,
      "wind_dir_deg": 86.0
    }
  },
  "ride_temp_mean": 20.125,
  "ride_wind_mean": 10.225,
  "ride_wind_dir_deg": 83.26599348544471,
  "ride_rain_flag": 1.0,
  "tent_rain_flag": 1.0,
  "daily_precip_sum": 2.8000000000000003,
  "daily_temp_mean": 17.983333333333334,
  "daily_wind_mean": 9.862499999999999,
  "daily_wind_dir_deg": 98.20907405575196
}