{
  "samples_local": {
    "10": {
      "temp": 19.5,
      "precip": 0.1,
      "wind": 14.9,
      "wind_dir_deg": 105.0
    },
    "12": {
      "temp": 21.0,
      "precip": 0.0,
      "wind": 16.4,
      "wind_dir_deg": 116.0
    },
    "14": {
      "temp": 19.8,
      "precip": 0.1,
      "wind": 11.5,
      "wind_dir_deg": 122.0
    },
    "16": {
      "temp": 19.0,
      "precip": 2.6,
      "wind": 13.3,
      "wind_dir_deg": 147.0
    }
  },
  "ride_temp_mean": 19.825,
  "ride_wind_mean": 14.025,
  "ride_wind_dir_deg": 121.52377362027033,
  "ride_rain_flag": 1.0,
  "tent_rain_flag": 1.0,
  "daily_precip_sum": 17.6,
  "daily_temp_mean": 17.775000000000002,
  "daily_wind_mean": 12.379166666666668,
  "daily_wind_dir_deg": 122.75499979199805
}