{
  "samples_local": {
    "10": {
      "temp": 23.5,
      "precip": 0.0,
      "wind": 20.3,
      "wind_dir_deg": 77.0
    },
    "12": {
      "temp": 24.5,
      "precip": 0.1,
      "wind": 19.1,
      "wind_dir_deg": 90.0
    },
    "14": {
      "temp": 23.6,
      "precip": 0.1,
      "wind": 18.4,
      "wind_dir_deg": 101.0
    },
    "16": {
      "temp": 22.7,
      "precip": 0.0,
      "wind": 17.2,
      "wind_dir_deg": 119.0
    }
  },
  "ride_temp_mean": 23.575,
  "ride_wind_mean": 18.75,
  "ride_wind_dir_deg": 95.77724994535913,
  "ride_rain_flag": 0.0,
  "tent_rain_flag": 0.0,
  "daily_precip_sum": 0.4,
  "daily_temp_mean": 20.404166666666665,
  "daily_wind_mean": 12.541666666666666,
  "daily_wind_dir_deg": 100.0501234201206
}