{
  "samples_local": {
    "10": {
      "temp": 16.3,
      "precip": 0.5,
      "wind": 14.3,
      "wind_dir_deg": 115.0
    },
    "12": {
      "temp": 18.6,
      "precip": 0.1,
      "wind": 13.4,
      "wind_dir_deg": 104.0
    },
    "14": {
      "temp": 17.7,
      "precip": 0.9,
      "wind": 14.3,
      "wind_dir_deg": 108.0
    },
    "16": {
      "temp": 18.1,
      "precip": 0.2,
      "wind": 15.2,
      "wind_dir_deg": 112.0
    }
  },
  "ride_temp_mean": 17.675,
  "ride_wind_mean": 14.3,
  "ride_wind_dir_deg": 109.8765348927891,
  "ride_rain_flag": 1.0,
  "tent_rain_flag": 1.0,
  "daily_precip_sum": 3.3000000000000003,
  "daily_temp_mean": 15.475,
  "daily_wind_mean": 12.920833333333334,
  "daily_wind_dir_deg": 117.56304049737503
}