{
  "samples_local": {
    "10": {
      "temp": 16.4,
      "precip": 0.0,
      "wind": 11.6,
      "wind_dir_deg": 173.0
    },
    "12": {
      "temp": 16.8,
      "precip": 0.2,
      "wind": 19.6,
      "wind_dir_deg": 194.0
    },
    "14": {
      "temp": 16.2,
      "precip": 0.0,
      "wind": 16.6,
      "wind_dir_deg": 178.0
    },
    "16": {
      "temp": 17.6,
      "precip": 0.0,
      "wind": 18.0,
      "wind_dir_deg": 164.0
    }
  },
  "ride_temp_mean": 16.75,
  "ride_wind_mean": 16.45,
  "ride_wind_dir_deg": 178.03279026952123,
  "ride_rain_flag": 1.0,
  "tent_rain_flag": 1.0,
  "daily_precip_sum": 4.9,
  "daily_temp_mean": 15.799999999999999,
  "daily_wind_mean": 12.075000000000001,
  "daily_wind_dir_deg": 179.23133136437093
}