{
  "samples_local": {
    "10": {
      "temp": 19.5,
      "precip": 0.2,
      "wind": 12.8,
      "wind_dir_deg": 100.0
    },
    "12": {
      "temp": 21.0,
      "precip": 0.1,
      "wind": 12.0,
      "wind_dir_deg": 106.0
    },
    "14": {
      "temp": 20.9,
      "precip": 0.2,
      "wind": 14.6,
      "wind_dir_deg": 99.0
    },
    "16": {
      "temp": 21.0,
      "precip": 0.1,
      "wind": 15.1,
      "wind_dir_deg": 108.0
    }
  },
  "ride_temp_mean": 20.6,
  "ride_wind_mean": 13.625,
  "ride_wind_dir_deg": 103.26948353462717,
  "ride_rain_flag": 1.0,
  "tent_rain_flag": 1.0,
  "daily_precip_sum": 1.4000000000000001,
  "daily_temp_mean": 17.279166666666665,
  "daily_wind_mean": 11.825000000000001,
  "daily_wind_dir_deg": 99.08447719578356
}