{
  "samples_local": {
    "10": {
      "temp": 18.7,
      "precip": 0.4,
      "wind": 19.4,
      "wind_dir_deg": 108.0
    },
    "12": {
      "temp": 20.7,
      "precip": 0.3,
      "wind": 18.7,
      "wind_dir_deg": 128.0
    },
    "14": {
      "temp": 19.4,
      "precip": 0.8,
      "wind": 11.7,
      "wind_dir_deg": 133.0
    },
    "16": {
      "temp": 19.1,
      "precip": 0.1,
      "wind": 15.2,
      "wind_dir_deg": 158.0
    }
  },
  "ride_temp_mean": 19.475,
  "ride_wind_mean": 16.25,
  "ride_wind_dir_deg": 129.840774168037,
  "ride_rain_flag": 1.0,
  "tent_rain_flag": 1.0,
  "daily_precip_sum": 14.3,
  "daily_temp_mean": 17.604166666666668,
  "daily_wind_mean": 12.333333333333334,
  "daily_wind_dir_deg": 139.70336993272724
}