{
  "samples_local": {
    "10": {
      "temp": 16.5,
      "precip": 0.1,
      "wind": 15.5,
      "wind_dir_deg": 158.0
    },
    "12": {
      "temp": 16.8,
      "precip": 0.0,
      "wind": 15.8,
      "wind_dir_deg": 163.0
    },
    "14": {
      "temp": 16.1,
      "precip": 0.3,
      "wind": 13.8,
      "wind_dir_deg": 141.0
    },
    "16": {
      "temp": 15.4,
      "precip": 0.5,
      "wind": 13.9,
      "wind_dir_deg": 143.0
    }
  },
  "ride_temp_mean": 16.2,
  "ride_wind_mean": 14.75,
  "ride_wind_dir_deg": 151.8300530148361,
  "ride_rain_flag": 1.0,
  "tent_rain_flag": 1.0,
  "daily_precip_sum": 27.8,
  "daily_temp_mean": 15.570833333333333,
  "daily_wind_mean": 9.808333333333334,
  "daily_wind_dir_deg": 146.48716291138646
}