{
  "samples_local": {
    "10": {
      "temp": 20.0,
      "precip": 0.3,
      "wind": 20.7,
      "wind_dir_deg": 59.0
    },
    "12": {
      "temp": 21.2,
      "precip": 0.3,
      "wind": 24.3,
      "wind_dir_deg": 114.0
    },
    "14": {
      "temp": 21.0,
      "precip": 0.1,
      "wind": 15.7,
      "wind_dir_deg": 127.0
    },
    "16": {
      "temp": 20.0,
      "precip": 0.1,
      "wind": 15.7,
      "wind_dir_deg": 148.0
    }
  },
  "ride_temp_mean": 20.55,
  "ride_wind_mean": 19.1,
  "ride_wind_dir_deg": 109.87972704485276,
  "ride_rain_flag": 1.0,
  "tent_rain_flag": 1.0,
  "daily_precip_sum": 7.8,
  "daily_temp_mean": 18.291666666666668,
  "daily_wind_mean": 13.920833333333334,
  "daily_wind_dir_deg": 138.78091496854864
}