{
  "samples_local": {
    "10": {
      "temp": 14.9,
      "precip": 0.1,
      "wind": 12.6,
      "wind_dir_deg": 167.0
    },
    "12": {
      "temp": 15.9,
      "precip": 0.0,
      "wind": 13.4,
      "wind_dir_deg": 166.0
    },
    "14": {
      "temp": 15.5,
      "precip": 0.0,
      "wind": 12.9,
      "wind_dir_deg": 162.0
    },
    "16": {
      "temp": 17.5,
      "precip": 0.0,
      "wind": 16.3,
      "wind_dir_deg": 155.0
    }
  },
  "ride_temp_mean": 15.95,
  "ride_wind_mean": 13.8,
  "ride_wind_dir_deg": 162.04836863813773,
  "ride_rain_flag": 0.0,
  "tent_rain_flag": 1.0,
  "daily_precip_sum": 7.6000000000000005,
  "daily_temp_mean": 15.766666666666666,
  "daily_wind_mean": 10.758333333333333,
  "daily_wind_dir_deg": 160.89143375548815
}