{
  "samples_local": {
    "10": {
      "temp": 21.3,
      "precip": 0.0,
      "wind": 9.2,
      "wind_dir_deg": 359.0
    },
    "12": {
      "temp": 24.6,
      "precip": 0.0,
      "wind": 6.8,
      "wind_dir_deg": 3.0
    },
    "14": {
      "temp": 25.6,
      "precip": 0.0,
      "wind": 7.1,
      "wind_dir_deg": 353.0
    },
    "16": {
      "temp": 26.7,
      "precip": 0.0,
      "wind": 8.0,
      "wind_dir_deg": 337.0
    }
  },
  "ride_temp_mean": 24.55,
  "ride_wind_mean": 7.7749999999999995,
  "ride_wind_dir_deg": 352.88287150655066,
  "ride_rain_flag": 0.0,
  "tent_rain_flag": 1.0,
  "daily_precip_sum": 1.5,
  "daily_temp_mean": 20.366666666666667,
  "daily_wind_mean": 8.645833333333334,
  "daily_wind_dir_deg": 352.93407638378085
}