{
  "samples_local": {
    "10": {
      "temp": 19.8,
      "precip": 0.0,
      "wind": 18.0,
      "wind_dir_deg": 39.0
    },
    "12": {
      "temp": 21.8,
      "precip": 0.1,
      "wind": 18.6,
      "wind_dir_deg": 48.0
    },
    "14": {
      "temp": 22.1,
      "precip": 0.0,
      "wind": 17.5,
      "wind_dir_deg": 68.0
    },
    "16": {
      "temp": 21.0,
      "precip": 0.0,
      "wind": 12.7,
      "wind_dir_deg": 130.0
    }
  },
  "ride_temp_mean": 21.175,
  "ride_wind_mean": 16.7,
  "ride_wind_dir_deg": 64.08953181946958,
  "ride_rain_flag": 0.0,
  "tent_rain_flag": 0.0,
  "daily_precip_sum": 0.30000000000000004,
  "daily_temp_mean": 18.604166666666668,
  "daily_wind_mean": 14.054166666666667,
  "daily_wind_dir_deg": 46.1933452394897
}