{
  "samples_local": {
    "10": {
      "temp": 23.5,
      "precip": 0.0,
      "wind": 15.4,
      "wind_dir_deg": 37.0
    },
    "12": {
      "temp": 25.9,
      "precip": 0.0,
      "wind": 12.9,
      "wind_dir_deg": 50.0
    },
    "14": {
      "temp": 27.8,
      "precip": 0.0,
      "wind": 12.9,
      "wind_dir_deg": 43.0
    },
    "16": {
      "temp": 25.9,
      "precip": 0.1,
      "wind": 16.1,
      "wind_dir_deg": 31.0
    }
  },
  "ride_temp_mean": 25.775,
  "ride_wind_mean": 14.325000000000001,
  "ride_wind_dir_deg": 39.58754727895695,
  "ride_rain_flag": 0.0,
  "tent_rain_flag": 1.0,
  "daily_precip_sum": 1.1,
  "daily_temp_mean": 20.962500000000002,
  "daily_wind_mean": 11.575000000000001,
  "daily_wind_dir_deg": 21.77666609558753
}