{
  "samples_local": {
    "10": {
      "temp": 21.0,
      "precip": 0.0,
      "wind": 14.9,
      "wind_dir_deg": 45.0
    },
    "12": {
      "temp": 23.9,
      "precip": 0.0,
      "wind": 16.9,
      "wind_dir_deg": 47.0
    },
    "14": {
      "temp": 22.4,
      "precip": 0.0,
      "wind": 14.0,
      "wind_dir_deg": 29.0
    },
    "16": {
      "temp": 23.9,
      "precip": 0.0,
      "wind": 7.5,
      "wind_dir_deg": 21.0
    }
  },
  "ride_temp_mean": 22.799999999999997,
  "ride_wind_mean": 13.325,
  "ride_wind_dir_deg": 38.08376468921182,
  "ride_rain_flag": 0.0,
  "tent_rain_flag": 0.0,
  "daily_precip_sum": 0.1,
  "daily_temp_mean": 19.775000000000002,
  "daily_wind_mean": 10.683333333333332,
  "daily_wind_dir_deg": 4.788970522315537
}