{
  "samples_local": {
    "10": {
      "temp": 21.0,
      "precip": 0.0,
      "wind": 8.0,
      "wind_dir_deg": 322.0
    },
    "12": {
      "temp": 25.2,
      "precip": 0.0,
      "wind": 10.6,
      "wind_dir_deg": 336.0
    },
    "14": {
      "temp": 27.1,
      "precip": 0.0,
      "wind": 11.8,
      "wind_dir_deg": 344.0
    },
    "16": {
      "temp": 27.8,
      "precip": 0.0,
      "wind": 10.4,
      "wind_dir_deg": 44.0
    }
  },
  "ride_temp_mean": 25.275,
  "ride_wind_mean": 10.2,
  "ride_wind_dir_deg": 351.39999859992605,
  "ride_rain_flag": 0.0,
  "tent_rain_flag": 0.0,
  "daily_precip_sum": 0.0,
  "daily_temp_mean": 20.408333333333335,
  "daily_wind_mean": 9.308333333333334,
  "daily_wind_dir_deg": 321.81842741429045
}