{
  "ride_temp_mean": 24.271428571428572,
  "ride_wind_mean": 7.3999999999999995,
  "ride_rain_flag": 1.0,
  "tent_rain_flag": 1.0
}