{
  "ride_temp_mean": 15.942857142857145,
  "ride_wind_mean": 8.814285714285713,
  "ride_rain_flag": 0.0,
  "tent_rain_flag": 0.0
}