{
  "samples_local": {
    "10": {
      "temp": 11.8,
      "precip": 0.0,
      "wind": 18.7,
      "wind_dir_deg": 230.0
    },
    "12": {
      "temp": 13.4,
      "precip": 0.0,
      "wind": 17.6,
      "wind_dir_deg": 223.0
    },
    "14": {
      "temp": 14.8,
      "precip": 0.0,
      "wind": 13.8,
      "wind_dir_deg": 206.0
    },
    "16": {
      "temp": 15.4,
      "precip": 0.0,
      "wind": 15.0,
      "wind_dir_deg": 215.0
    }
  },
  "ride_temp_mean": 13.850000000000001,
  "ride_wind_mean": 16.275,
  "ride_wind_dir_deg": 219.57466413472406,
  "ride_rain_flag": 0.0,
  "tent_rain_flag": 0.0,
  "daily_precip_sum": 0.0,
  "daily_temp_mean": 13.6,
  "daily_wind_mean": 20.154166666666665,
  "daily_wind_dir_deg": 227.51935773665096
}