{
  "ride_temp_mean": 17.557142857142857,
  "ride_wind_mean": 16.514285714285712,
  "ride_rain_flag": 0.0,
  "tent_rain_flag": 0.0
}