{
  "ride_temp_mean": 18.62857142857143,
  "ride_wind_mean": 5.314285714285715,
  "ride_rain_flag": 0.0,
  "tent_rain_flag": 0.0
}