{
  "ride_temp_mean": 14.928571428571429,
  "ride_wind_mean": 17.242857142857144,
  "ride_rain_flag": 0.0,
  "tent_rain_flag": 0.0
}