{
  "ride_temp_mean": 14.285714285714286,
  "ride_wind_mean": 16.25714285714286,
  "ride_rain_flag": 0.0,
  "tent_rain_flag": 0.0
}