{
  "ride_temp_mean": 16.22857142857143,
  "ride_wind_mean": 13.585714285714285,
  "ride_rain_flag": 0.0,
  "tent_rain_flag": 0.0
}