{
  "ride_temp_mean": 16.885714285714286,
  "ride_wind_mean": 18.271428571428572,
  "ride_rain_flag": 0.0,
  "tent_rain_flag": 0.0
}