{
  "samples_local": {
    "10": {
      "temp": 11.5,
      "precip": 0.0,
      "wind": 28.0,
      "wind_dir_deg": 226.0
    },
    "12": {
      "temp": 11.3,
      "precip": 0.0,
      "wind": 32.5,
      "wind_dir_deg": 232.0
    },
    "14": {
      "temp": 11.6,
      "precip": 0.0,
      "wind": 37.1,
      "wind_dir_deg": 231.0
    },
    "16": {
      "temp": 11.4,
      "precip": 0.0,
      "wind": 36.4,
      "wind_dir_deg": 235.0
    }
  },
  "ride_temp_mean": 11.45,
  "ride_wind_mean": 33.5,
  "ride_wind_dir_deg": 231.2851828429327,
  "ride_rain_flag": 0.0,
  "tent_rain_flag": 0.0,
  "daily_precip_sum": 0.0,
  "daily_temp_mean": 11.450000000000001,
  "daily_wind_mean": 31.666666666666668,
  "daily_wind_dir_deg": 235.1096114770319
}