{
  "ride_temp_mean": 12.37142857142857,
  "ride_wind_mean": 12.757142857142856,
  "ride_rain_flag": 0.0,
  "tent_rain_flag": 0.0
}