{
  "ride_temp_mean": 13.642857142857142,
  "ride_wind_mean": 16.342857142857145,
  "ride_rain_flag": 0.0,
  "tent_rain_flag": 0.0
}