{
  "ride_temp_mean": 21.87142857142857,
  "ride_wind_mean": 5.914285714285714,
  "ride_rain_flag": 0.0,
  "tent_rain_flag": 0.0
}