{
  "ride_temp_mean": 17.32857142857143,
  "ride_wind_mean": 15.985714285714286,
  "ride_rain_flag": 0.0,
  "tent_rain_flag": 0.0
}