{
  "samples_local": {
    "10": {
      "temp": 14.5,
      "precip": 0.0,
      "wind": 13.7,
      "wind_dir_deg": 13.0
    },
    "12": {
      "temp": 14.6,
      "precip": 0.0,
      "wind": 9.2,
      "wind_dir_deg": 26.0
    },
    "14": {
      "temp": 15.4,
      "precip": 0.0,
      "wind": 15.8,
      "wind_dir_deg": 348.0
    },
    "16": {
      "temp": 15.4,
      "precip": 0.0,
      "wind": 16.7,
      "wind_dir_deg": 336.0
    }
  },
  "ride_temp_mean": 14.975,
  "ride_wind_mean": 13.85,
  "ride_wind_dir_deg": 356.7595795316901,
  "ride_rain_flag": 0.0,
  "tent_rain_flag": 0.0,
  "daily_precip_sum": 0.0,
  "daily_temp_mean": 14.791666666666666,
  "daily_wind_mean": 15.483333333333334,
  "daily_wind_dir_deg": 350.79199865921925
}