{
  "ride_temp_mean": 15.885714285714286,
  "ride_wind_mean": 7.228571428571429,
  "ride_rain_flag": 1.0,
  "tent_rain_flag": 0.0
}