{
  "ride_temp_mean": 15.442857142857141,
  "ride_wind_mean": 8.328571428571427,
  "ride_rain_flag": 0.0,
  "tent_rain_flag": 0.0
}