{
  "ride_temp_mean": 10.214285714285714,
  "ride_wind_mean": 7.685714285714285,
  "ride_rain_flag": 1.0,
  "tent_rain_flag": 0.0
}