{
  "ride_temp_mean": 16.014285714285712,
  "ride_wind_mean": 10.428571428571429,
  "ride_rain_flag": 0.0,
  "tent_rain_flag": 0.0
}