{
  "samples_local": {
    "10": {
      "temp": 10.9,
      "precip": 0.0,
      "wind": 8.4
    },
    "12": {
      "temp": 13.1,
      "precip": 0.0,
      "wind": 11.6
    },
    "14": {
      "temp": 12.5,
      "precip": 0.0,
      "wind": 16.2
    },
    "16": {
      "temp": 10.9,
      "precip": 0.0,
      "wind": 17.9
    }
  },
  "ride_temp_mean": 11.85,
  "ride_wind_mean": 13.524999999999999,
  "ride_rain_flag": 0.0,
  "tent_rain_flag": 0.0,
  "daily_precip_sum": 0.0,
  "daily_temp_mean": 7.8500000000000005,
  "daily_wind_mean": 10.950000000000001
}