{
  "ride_temp_mean": 24.642857142857142,
  "ride_wind_mean": 10.571428571428571,
  "ride_rain_flag": 1.0,
  "tent_rain_flag": 1.0
}