{
  "samples_local": {
    "10": {
      "temp": 28.1,
      "precip": 0.0,
      "wind": 39.3,
      "wind_dir_deg": 244.0
    },
    "12": {
      "temp": 28.2,
      "precip": 0.0,
      "wind": 35.6,
      "wind_dir_deg": 250.0
    },
    "14": {
      "temp": 28.1,
      "precip": 0.0,
      "wind": 35.0,
      "wind_dir_deg": 252.0
    },
    "16": {
      "temp": 27.8,
      "precip": 0.0,
      "wind": 34.7,
      "wind_dir_deg": 253.0
    }
  },
  "ride_temp_mean": 28.05,
  "ride_wind_mean": 36.15,
  "ride_wind_dir_deg": 249.57502991104457,
  "ride_rain_flag": 0.0,
  "tent_rain_flag": 1.0,
  "daily_precip_sum": 6.1000000000000005,
  "daily_temp_mean": 27.133333333333336,
  "daily_wind_mean": 32.2125,
  "daily_wind_dir_deg": 249.46029046059493
}