{
  "ride_temp_mean": -7.0,
  "ride_precip_sum": 0.0,
  "ride_wind_speed": 3.8199353558782536,
  "ride_wind_dir": 318.83478497318293,
  "tent_precip_sum": 0.0,
  "tent_temp_mean": -10.57
}