{
  "ride_temp_mean": -15.725000000000001,
  "ride_precip_sum": 0.0,
  "ride_wind_speed": 4.848937973209833,
  "ride_wind_dir": 308.5229859801521,
  "tent_precip_sum": 0.0,
  "tent_temp_mean": -17.740000000000002
}