{
  "ride_temp_mean": 2.9,
  "ride_precip_sum": 0.6,
  "ride_wind_speed": 24.906673138437338,
  "ride_wind_dir": 258.8536269651414,
  "tent_precip_sum": 4.1,
  "tent_temp_mean": 3.335
}