{
  "ride_temp_mean": 4.225,
  "ride_precip_sum": 0.0,
  "ride_wind_speed": 16.257667920703568,
  "ride_wind_dir": 230.25316651157698,
  "tent_precip_sum": 0.0,
  "tent_temp_mean": 3.69
}