{
  "ride_temp_mean": -1.475,
  "ride_precip_sum": 1.0,
  "ride_wind_speed": 7.410878705232628,
  "ride_wind_dir": 312.1534105844691,
  "tent_precip_sum": 4.6,
  "tent_temp_mean": -1.92
}