{
  "ride_temp_mean": 7.45,
  "ride_precip_sum": 0.30000000000000004,
  "ride_wind_speed": 26.23894627870531,
  "ride_wind_dir": 227.83152691261859,
  "tent_precip_sum": 2.1,
  "tent_temp_mean": 6.755
}