{
  "ride_temp_mean": 6.4,
  "ride_precip_sum": 1.9,
  "ride_wind_speed": 27.992350755633595,
  "ride_wind_dir": 225.18627940304768,
  "tent_precip_sum": 3.4,
  "tent_temp_mean": 6.0
}