{
  "ride_temp_mean": 4.05,
  "ride_precip_sum": 0.0,
  "ride_wind_speed": 1.6728050312189806,
  "ride_wind_dir": 280.43685258916906,
  "tent_precip_sum": 0.0,
  "tent_temp_mean": 2.31
}