{
  "samples_local": {
    "10": {
      "temp": 1.3,
      "precip": 1.8,
      "wind": 15.8,
      "wind_dir_deg": 311.0
    },
    "12": {
      "temp": 1.8,
      "precip": 0.5,
      "wind": 12.0,
      "wind_dir_deg": 303.0
    },
    "14": {
      "temp": 2.3,
      "precip": 0.0,
      "wind": 10.2,
      "wind_dir_deg": 315.0
    },
    "16": {
      "temp": 3.2,
      "precip": 0.9,
      "wind": 10.9,
      "wind_dir_deg": 278.0
    }
  },
  "ride_temp_mean": 2.15,
  "ride_wind_mean": 12.225,
  "ride_wind_dir_deg": 302.65394716537776,
  "ride_rain_flag": 1.0,
  "tent_rain_flag": 1.0,
  "daily_precip_sum": 13.700000000000001,
  "daily_temp_mean": 1.7083333333333333,
  "daily_wind_mean": 9.637500000000001,
  "daily_wind_dir_deg": 305.7917088511694
}