{
  "ride_temp_mean": -0.5,
  "ride_precip_sum": 0.5,
  "ride_wind_speed": 8.102878039403173,
  "ride_wind_dir": 12.38058153586536,
  "tent_precip_sum": 1.0,
  "tent_temp_mean": -0.9550000000000001
}