{
  "ride_temp_mean": 6.3,
  "ride_precip_sum": 0.4,
  "ride_wind_speed": 29.48785637150906,
  "ride_wind_dir": 233.52508074517232,
  "tent_precip_sum": 3.3000000000000003,
  "tent_temp_mean": 5.34
}