{
  "samples_local": {
    "10": {
      "temp": -0.2,
      "precip": 0.0,
      "wind": 14.3,
      "wind_dir_deg": 246.0
    },
    "12": {
      "temp": 0.4,
      "precip": 0.0,
      "wind": 13.2,
      "wind_dir_deg": 235.0
    },
    "14": {
      "temp": 0.6,
      "precip": 0.0,
      "wind": 12.5,
      "wind_dir_deg": 242.0
    },
    "16": {
      "temp": 0.5,
      "precip": 0.0,
      "wind": 10.3,
      "wind_dir_deg": 224.0
    }
  },
  "ride_temp_mean": 0.325,
  "ride_wind_mean": 12.575,
  "ride_wind_dir_deg": 237.63131240216217,
  "ride_rain_flag": 0.0,
  "tent_rain_flag": 0.0,
  "daily_precip_sum": 0.0,
  "daily_temp_mean": -0.10833333333333334,
  "daily_wind_mean": 13.016666666666666,
  "daily_wind_dir_deg": 239.35678392764757
}