{
  "samples_local": {
    "10": {
      "temp": 0.8,
      "precip": 0.0,
      "wind": 10.8,
      "wind_dir_deg": 224.0
    },
    "12": {
      "temp": 1.4,
      "precip": 0.0,
      "wind": 8.8,
      "wind_dir_deg": 237.0
    },
    "14": {
      "temp": 1.5,
      "precip": 0.0,
      "wind": 7.7,
      "wind_dir_deg": 233.0
    },
    "16": {
      "temp": 0.9,
      "precip": 0.0,
      "wind": 5.5,
      "wind_dir_deg": 247.0
    }
  },
  "ride_temp_mean": 1.15,
  "ride_wind_mean": 8.200000000000001,
  "ride_wind_dir_deg": 233.44967393308923,
  "ride_rain_flag": 0.0,
  "tent_rain_flag": 0.0,
  "daily_precip_sum": 0.0,
  "daily_temp_mean": 0.9041666666666667,
  "daily_wind_mean": 8.229166666666666,
  "daily_wind_dir_deg": 233.45134994042414
}