{
  "samples_local": {
    "10": {
      "temp": 0.9,
      "precip": 0.0,
      "wind": 12.7,
      "wind_dir_deg": 257.0
    },
    "12": {
      "temp": 1.4,
      "precip": 0.0,
      "wind": 13.5,
      "wind_dir_deg": 251.0
    },
    "14": {
      "temp": 1.4,
      "precip": 0.0,
      "wind": 11.2,
      "wind_dir_deg": 249.0
    },
    "16": {
      "temp": 1.2,
      "precip": 0.0,
      "wind": 9.5,
      "wind_dir_deg": 238.0
    }
  },
  "ride_temp_mean": 1.2249999999999999,
  "ride_wind_mean": 11.725,
  "ride_wind_dir_deg": 249.52377984039052,
  "ride_rain_flag": 0.0,
  "tent_rain_flag": 0.0,
  "daily_precip_sum": 0.0,
  "daily_temp_mean": 0.5916666666666667,
  "daily_wind_mean": 10.591666666666667,
  "daily_wind_dir_deg": 254.5079650011907
}