{
  "samples_local": {
    "10": {
      "temp": -2.7,
      "precip": 0.0,
      "wind": 14.4,
      "wind_dir_deg": 224.0
    },
    "12": {
      "temp": -1.7,
      "precip": 0.0,
      "wind": 10.1,
      "wind_dir_deg": 224.0
    },
    "14": {
      "temp": -1.3,
      "precip": 0.0,
      "wind": 7.7,
      "wind_dir_deg": 233.0
    },
    "16": {
      "temp": -1.6,
      "precip": 0.0,
      "wind": 6.8,
      "wind_dir_deg": 233.0
    }
  },
  "ride_temp_mean": -1.8250000000000002,
  "ride_wind_mean": 9.75,
  "ride_wind_dir_deg": 227.34393238772066,
  "ride_rain_flag": 0.0,
  "tent_rain_flag": 0.0,
  "daily_precip_sum": 0.0,
  "daily_temp_mean": -2.058333333333333,
  "daily_wind_mean": 9.637500000000001,
  "daily_wind_dir_deg": 220.39182913148744
}