{
  "samples_local": {
    "10": {
      "temp": 0.9,
      "precip": 0.0,
      "wind": 10.0,
      "wind_dir_deg": 17.0
    },
    "12": {
      "temp": 2.8,
      "precip": 0.0,
      "wind": 10.7,
      "wind_dir_deg": 30.0
    },
    "14": {
      "temp": 3.0,
      "precip": 0.0,
      "wind": 13.2,
      "wind_dir_deg": 51.0
    },
    "16": {
      "temp": 3.2,
      "precip": 0.0,
      "wind": 11.7,
      "wind_dir_deg": 43.0
    }
  },
  "ride_temp_mean": 2.475,
  "ride_wind_mean": 11.399999999999999,
  "ride_wind_dir_deg": 36.603285798654326,
  "ride_rain_flag": 0.0,
  "tent_rain_flag": 0.0,
  "daily_precip_sum": 0.0,
  "daily_temp_mean": 2.091666666666667,
  "daily_wind_mean": 8.279166666666667,
  "daily_wind_dir_deg": 61.286310006046506
}