{
  "samples_local": {
    "10": {
      "temp": 2.0,
      "precip": 0.0,
      "wind": 5.1,
      "wind_dir_deg": 238.0
    },
    "12": {
      "temp": 2.3,
      "precip": 0.0,
      "wind": 4.7,
      "wind_dir_deg": 189.0
    },
    "14": {
      "temp": 2.8,
      "precip": 0.0,
      "wind": 5.3,
      "wind_dir_deg": 172.0
    },
    "16": {
      "temp": 2.3,
      "precip": 0.0,
      "wind": 5.8,
      "wind_dir_deg": 175.0
    }
  },
  "ride_temp_mean": 2.3499999999999996,
  "ride_wind_mean": 5.225,
  "ride_wind_dir_deg": 191.7379751128525,
  "ride_rain_flag": 0.0,
  "tent_rain_flag": 0.0,
  "daily_precip_sum": 0.0,
  "daily_temp_mean": 1.6708333333333334,
  "daily_wind_mean": 4.895833333333333,
  "daily_wind_dir_deg": 196.9361897328888
}