{
  "samples_local": {
    "10": {
      "temp": 12.3,
      "precip": 0.1,
      "wind": 9.4,
      "wind_dir_deg": 203.0
    },
    "12": {
      "temp": 14.0,
      "precip": 0.2,
      "wind": 10.8,
      "wind_dir_deg": 201.0
    },
    "14": {
      "temp": 14.4,
      "precip": 0.1,
      "wind": 11.3,
      "wind_dir_deg": 211.0
    },
    "16": {
      "temp": 14.4,
      "precip": 0.1,
      "wind": 12.0,
      "wind_dir_deg": 213.0
    }
  },
  "ride_temp_mean": 13.775,
  "ride_wind_mean": 10.875,
  "ride_wind_dir_deg": 207.34115664963815,
  "ride_rain_flag": 1.0,
  "tent_rain_flag": 1.0,
  "daily_precip_sum": 0.8,
  "daily_temp_mean": 11.341666666666667,
  "daily_wind_mean": 7.9624999999999995,
  "daily_wind_dir_deg": 205.00006894514414
}