{
  "samples_local": {
    "10": {
      "temp": 13.8,
      "precip": 0.0,
      "wind": 15.6,
      "wind_dir_deg": 206.0
    },
    "12": {
      "temp": 15.6,
      "precip": 0.0,
      "wind": 17.7,
      "wind_dir_deg": 204.0
    },
    "14": {
      "temp": 15.2,
      "precip": 0.0,
      "wind": 15.6,
      "wind_dir_deg": 218.0
    },
    "16": {
      "temp": 15.5,
      "precip": 0.0,
      "wind": 15.1,
      "wind_dir_deg": 218.0
    }
  },
  "ride_temp_mean": 15.025,
  "ride_wind_mean": 16.0,
  "ride_wind_dir_deg": 211.20246497140909,
  "ride_rain_flag": 0.0,
  "tent_rain_flag": 0.0,
  "daily_precip_sum": 0.0,
  "daily_temp_mean": 12.045833333333334,
  "daily_wind_mean": 11.020833333333334,
  "daily_wind_dir_deg": 211.3729667183288
}