{
  "samples_local": {
    "10": {
      "temp": 12.8,
      "precip": 0.1,
      "wind": 10.0,
      "wind_dir_deg": 221.0
    },
    "12": {
      "temp": 14.4,
      "precip": 0.1,
      "wind": 9.9,
      "wind_dir_deg": 213.0
    },
    "14": {
      "temp": 14.4,
      "precip": 0.0,
      "wind": 9.7,
      "wind_dir_deg": 211.0
    },
    "16": {
      "temp": 15.1,
      "precip": 0.0,
      "wind": 10.2,
      "wind_dir_deg": 212.0
    }
  },
  "ride_temp_mean": 14.175,
  "ride_wind_mean": 9.95,
  "ride_wind_dir_deg": 214.26303997888814,
  "ride_rain_flag": 0.0,
  "tent_rain_flag": 1.0,
  "daily_precip_sum": 0.8,
  "daily_temp_mean": 12.120833333333332,
  "daily_wind_mean": 7.183333333333334,
  "daily_wind_dir_deg": 213.05990122568085
}