{
  "samples_local": {
    "10": {
      "temp": 11.4,
      "precip": 0.3,
      "wind": 9.2,
      "wind_dir_deg": 206.0
    },
    "12": {
      "temp": 13.0,
      "precip": 0.0,
      "wind": 10.2,
      "wind_dir_deg": 228.0
    },
    "14": {
      "temp": 13.2,
      "precip": 0.0,
      "wind": 14.4,
      "wind_dir_deg": 202.0
    },
    "16": {
      "temp": 13.9,
      "precip": 0.0,
      "wind": 13.1,
      "wind_dir_deg": 201.0
    }
  },
  "ride_temp_mean": 12.875,
  "ride_wind_mean": 11.725,
  "ride_wind_dir_deg": 208.08181474309245,
  "ride_rain_flag": 1.0,
  "tent_rain_flag": 1.0,
  "daily_precip_sum": 1.4000000000000001,
  "daily_temp_mean": 11.579166666666666,
  "daily_wind_mean": 10.112499999999999,
  "daily_wind_dir_deg": 196.0627314070882
}