{
  "samples_local": {
    "10": {
      "temp": 11.7,
      "precip": 0.0,
      "wind": 12.3,
      "wind_dir_deg": 183.0
    },
    "12": {
      "temp": 12.6,
      "precip": 0.1,
      "wind": 6.6,
      "wind_dir_deg": 189.0
    },
    "14": {
      "temp": 12.1,
      "precip": 0.0,
      "wind": 11.2,
      "wind_dir_deg": 178.0
    },
    "16": {
      "temp": 11.7,
      "precip": 0.1,
      "wind": 12.0,
      "wind_dir_deg": 196.0
    }
  },
  "ride_temp_mean": 12.024999999999999,
  "ride_wind_mean": 10.525,
  "ride_wind_dir_deg": 186.31089894947448,
  "ride_rain_flag": 0.0,
  "tent_rain_flag": 1.0,
  "daily_precip_sum": 0.8,
  "daily_temp_mean": 9.825000000000001,
  "daily_wind_mean": 12.358333333333334,
  "daily_wind_dir_deg": 189.97414696414577
}