{
  "samples_local": {
    "10": {
      "temp": 12.4,
      "precip": 0.0,
      "wind": 15.1,
      "wind_dir_deg": 230.0
    },
    "12": {
      "temp": 12.2,
      "precip": 0.0,
      "wind": 13.3,
      "wind_dir_deg": 218.0
    },
    "14": {
      "temp": 12.4,
      "precip": 0.1,
      "wind": 13.8,
      "wind_dir_deg": 219.0
    },
    "16": {
      "temp": 13.1,
      "precip": 0.0,
      "wind": 12.0,
      "wind_dir_deg": 219.0
    }
  },
  "ride_temp_mean": 12.525,
  "ride_wind_mean": 13.55,
  "ride_wind_dir_deg": 221.8126614649013,
  "ride_rain_flag": 0.0,
  "tent_rain_flag": 0.0,
  "daily_precip_sum": 0.2,
  "daily_temp_mean": 10.825000000000001,
  "daily_wind_mean": 11.779166666666667,
  "daily_wind_dir_deg": 220.02214869382004
}