{
  "samples_local": {
    "10": {
      "temp": 10.8,
      "precip": 0.3,
      "wind": 12.8,
      "wind_dir_deg": 169.0
    },
    "12": {
      "temp": 12.1,
      "precip": 0.1,
      "wind": 9.7,
      "wind_dir_deg": 184.0
    },
    "14": {
      "temp": 11.1,
      "precip": 0.0,
      "wind": 10.2,
      "wind_dir_deg": 162.0
    },
    "16": {
      "temp": 11.5,
      "precip": 0.0,
      "wind": 9.8,
      "wind_dir_deg": 163.0
    }
  },
  "ride_temp_mean": 11.375,
  "ride_wind_mean": 10.625,
  "ride_wind_dir_deg": 169.33131398883825,
  "ride_rain_flag": 1.0,
  "tent_rain_flag": 1.0,
  "daily_precip_sum": 2.4,
  "daily_temp_mean": 10.779166666666667,
  "daily_wind_mean": 9.495833333333334,
  "daily_wind_dir_deg": 171.94518643390882
}