{
  "samples_local": {
    "10": {
      "temp": 10.6,
      "precip": 0.1,
      "wind": 11.6,
      "wind_dir_deg": 175.0
    },
    "12": {
      "temp": 11.4,
      "precip": 0.1,
      "wind": 10.7,
      "wind_dir_deg": 192.0
    },
    "14": {
      "temp": 10.9,
      "precip": 0.2,
      "wind": 10.2,
      "wind_dir_deg": 172.0
    },
    "16": {
      "temp": 11.9,
      "precip": 0.1,
      "wind": 11.1,
      "wind_dir_deg": 167.0
    }
  },
  "ride_temp_mean": 11.2,
  "ride_wind_mean": 10.899999999999999,
  "ride_wind_dir_deg": 176.39810433049695,
  "ride_rain_flag": 1.0,
  "tent_rain_flag": 1.0,
  "daily_precip_sum": 1.8,
  "daily_temp_mean": 10.370833333333334,
  "daily_wind_mean": 10.075,
  "daily_wind_dir_deg": 172.93127905939934
}