{
  "samples_local": {
    "10": {
      "temp": 10.2,
      "precip": 0.1,
      "wind": 11.0,
      "wind_dir_deg": 218.0
    },
    "12": {
      "temp": 11.8,
      "precip": 0.0,
      "wind": 11.7,
      "wind_dir_deg": 225.0
    },
    "14": {
      "temp": 12.9,
      "precip": 0.0,
      "wind": 13.6,
      "wind_dir_deg": 217.0
    },
    "16": {
      "temp": 12.9,
      "precip": 0.0,
      "wind": 13.4,
      "wind_dir_deg": 207.0
    }
  },
  "ride_temp_mean": 11.95,
  "ride_wind_mean": 12.425,
  "ride_wind_dir_deg": 216.4122402374539,
  "ride_rain_flag": 0.0,
  "tent_rain_flag": 1.0,
  "daily_precip_sum": 1.0,
  "daily_temp_mean": 10.629166666666666,
  "daily_wind_mean": 9.908333333333333,
  "daily_wind_dir_deg": 210.17951400543697
}