{
  "samples_local": {
    "10": {
      "temp": 15.2,
      "precip": 0.0,
      "wind": 7.1,
      "wind_dir_deg": 246.0
    },
    "12": {
      "temp": 16.9,
      "precip": 0.0,
      "wind": 10.9,
      "wind_dir_deg": 236.0
    },
    "14": {
      "temp": 17.4,
      "precip": 0.0,
      "wind": 11.2,
      "wind_dir_deg": 220.0
    },
    "16": {
      "temp": 17.5,
      "precip": 0.0,
      "wind": 9.3,
      "wind_dir_deg": 208.0
    }
  },
  "ride_temp_mean": 16.75,
  "ride_wind_mean": 9.625,
  "ride_wind_dir_deg": 226.42374749005685,
  "ride_rain_flag": 0.0,
  "tent_rain_flag": 0.0,
  "daily_precip_sum": 0.0,
  "daily_temp_mean": 12.766666666666666,
  "daily_wind_mean": 9.254166666666666,
  "daily_wind_dir_deg": 220.25646669243594
}