{
  "samples_local": {
    "10": {
      "temp": 13.8,
      "precip": 0.0,
      "wind": 7.4,
      "wind_dir_deg": 166.0
    },
    "12": {
      "temp": 14.1,
      "precip": 0.1,
      "wind": 9.2,
      "wind_dir_deg": 159.0
    },
    "14": {
      "temp": 13.9,
      "precip": 0.0,
      "wind": 13.0,
      "wind_dir_deg": 178.0
    },
    "16": {
      "temp": 13.6,
      "precip": 0.0,
      "wind": 13.0,
      "wind_dir_deg": 174.0
    }
  },
  "ride_temp_mean": 13.85,
  "ride_wind_mean": 10.65,
  "ride_wind_dir_deg": 170.60262593957486,
  "ride_rain_flag": 0.0,
  "tent_rain_flag": 0.0,
  "daily_precip_sum": 0.1,
  "daily_temp_mean": 11.933333333333332,
  "daily_wind_mean": 11.979166666666666,
  "daily_wind_dir_deg": 168.2387361442503
}