{
  "samples_local": {
    "10": {
      "temp": 10.9,
      "precip": 0.0,
      "wind": 12.4,
      "wind_dir_deg": 216.0
    },
    "12": {
      "temp": 12.3,
      "precip": 0.0,
      "wind": 13.1,
      "wind_dir_deg": 217.0
    },
    "14": {
      "temp": 13.2,
      "precip": 0.0,
      "wind": 13.0,
      "wind_dir_deg": 208.0
    },
    "16": {
      "temp": 13.1,
      "precip": 0.0,
      "wind": 12.6,
      "wind_dir_deg": 204.0
    }
  },
  "ride_temp_mean": 12.375,
  "ride_wind_mean": 12.775,
  "ride_wind_dir_deg": 211.26370972506615,
  "ride_rain_flag": 0.0,
  "tent_rain_flag": 0.0,
  "daily_precip_sum": 0.1,
  "daily_temp_mean": 9.829166666666667,
  "daily_wind_mean": 9.241666666666665,
  "daily_wind_dir_deg": 215.450210720496
}