{
  "samples_local": {
    "10": {
      "temp": 13.6,
      "precip": 0.0,
      "wind": 10.3,
      "wind_dir_deg": 192.0
    },
    "12": {
      "temp": 16.5,
      "precip": 0.0,
      "wind": 11.2,
      "wind_dir_deg": 228.0
    },
    "14": {
      "temp": 16.6,
      "precip": 0.0,
      "wind": 11.3,
      "wind_dir_deg": 217.0
    },
    "16": {
      "temp": 15.9,
      "precip": 0.0,
      "wind": 10.9,
      "wind_dir_deg": 197.0
    }
  },
  "ride_temp_mean": 15.65,
  "ride_wind_mean": 10.925,
  "ride_wind_dir_deg": 208.9205468056225,
  "ride_rain_flag": 0.0,
  "tent_rain_flag": 0.0,
  "daily_precip_sum": 0.0,
  "daily_temp_mean": 12.433333333333332,
  "daily_wind_mean": 9.479166666666666,
  "daily_wind_dir_deg": 190.00391931842034
}