{
  "samples_local": {
    "10": {
      "temp": 14.7,
      "precip": 0.0,
      "wind": 10.5,
      "wind_dir_deg": 243.0
    },
    "12": {
      "temp": 16.5,
      "precip": 0.0,
      "wind": 13.2,
      "wind_dir_deg": 225.0
    },
    "14": {
      "temp": 17.0,
      "precip": 0.0,
      "wind": 11.9,
      "wind_dir_deg": 215.0
    },
    "16": {
      "temp": 16.6,
      "precip": 0.0,
      "wind": 17.2,
      "wind_dir_deg": 213.0
    }
  },
  "ride_temp_mean": 16.2,
  "ride_wind_mean": 13.2,
  "ride_wind_dir_deg": 222.34606726517472,
  "ride_rain_flag": 0.0,
  "tent_rain_flag": 0.0,
  "daily_precip_sum": 0.0,
  "daily_temp_mean": 12.354166666666666,
  "daily_wind_mean": 12.075000000000001,
  "daily_wind_dir_deg": 229.2187274718738
}