{
  "samples_local": {
    "10": {
      "temp": 12.4,
      "precip": 0.1,
      "wind": 16.2,
      "wind_dir_deg": 201.0
    },
    "12": {
      "temp": 14.2,
      "precip": 0.0,
      "wind": 17.7,
      "wind_dir_deg": 207.0
    },
    "14": {
      "temp": 13.1,
      "precip": 0.0,
      "wind": 13.8,
      "wind_dir_deg": 173.0
    },
    "16": {
      "temp": 13.2,
      "precip": 0.0,
      "wind": 16.7,
      "wind_dir_deg": 166.0
    }
  },
  "ride_temp_mean": 13.225,
  "ride_wind_mean": 16.1,
  "ride_wind_dir_deg": 187.60684804644308,
  "ride_rain_flag": 0.0,
  "tent_rain_flag": 1.0,
  "daily_precip_sum": 0.9,
  "daily_temp_mean": 11.041666666666666,
  "daily_wind_mean": 14.433333333333332,
  "daily_wind_dir_deg": 171.34675450360191
}