{
  "samples_local": {
    "10": {
      "temp": 13.1,
      "precip": 0.0,
      "wind": 10.1,
      "wind_dir_deg": 186.0
    },
    "12": {
      "temp": 16.0,
      "precip": 0.1,
      "wind": 6.2,
      "wind_dir_deg": 201.0
    },
    "14": {
      "temp": 16.8,
      "precip": 0.0,
      "wind": 7.0,
      "wind_dir_deg": 159.0
    },
    "16": {
      "temp": 17.1,
      "precip": 0.0,
      "wind": 7.6,
      "wind_dir_deg": 172.0
    }
  },
  "ride_temp_mean": 15.75,
  "ride_wind_mean": 7.725,
  "ride_wind_dir_deg": 179.44673796083373,
  "ride_rain_flag": 0.0,
  "tent_rain_flag": 0.0,
  "daily_precip_sum": 0.30000000000000004,
  "daily_temp_mean": 12.704166666666666,
  "daily_wind_mean": 9.295833333333333,
  "daily_wind_dir_deg": 175.5438491183728
}