{
  "samples_local": {
    "10": {
      "temp": 9.8,
      "precip": 0.0,
      "wind": 18.1,
      "wind_dir_deg": 223.0
    },
    "12": {
      "temp": 11.8,
      "precip": 0.1,
      "wind": 17.0,
      "wind_dir_deg": 216.0
    },
    "14": {
      "temp": 10.9,
      "precip": 0.1,
      "wind": 15.5,
      "wind_dir_deg": 222.0
    },
    "16": {
      "temp": 11.4,
      "precip": 0.0,
      "wind": 13.0,
      "wind_dir_deg": 219.0
    }
  },
  "ride_temp_mean": 10.975000000000001,
  "ride_wind_mean": 15.9,
  "ride_wind_dir_deg": 220.06808278175748,
  "ride_rain_flag": 0.0,
  "tent_rain_flag": 1.0,
  "daily_precip_sum": 2.3,
  "daily_temp_mean": 9.083333333333334,
  "daily_wind_mean": 13.404166666666667,
  "daily_wind_dir_deg": 216.69581256700576
}