{
  "samples_local": {
    "10": {
      "temp": 14.6,
      "precip": 0.0,
      "wind": 7.4,
      "wind_dir_deg": 219.0
    },
    "12": {
      "temp": 16.7,
      "precip": 0.0,
      "wind": 5.9,
      "wind_dir_deg": 223.0
    },
    "14": {
      "temp": 18.1,
      "precip": 0.0,
      "wind": 6.9,
      "wind_dir_deg": 186.0
    },
    "16": {
      "temp": 18.4,
      "precip": 0.0,
      "wind": 8.0,
      "wind_dir_deg": 190.0
    }
  },
  "ride_temp_mean": 16.95,
  "ride_wind_mean": 7.050000000000001,
  "ride_wind_dir_deg": 203.50972476911548,
  "ride_rain_flag": 0.0,
  "tent_rain_flag": 0.0,
  "daily_precip_sum": 0.0,
  "daily_temp_mean": 12.995833333333332,
  "daily_wind_mean": 7.2124999999999995,
  "daily_wind_dir_deg": 215.6024872768881
}