{
  "samples_local": {
    "10": {
      "temp": 13.6,
      "precip": 0.0,
      "wind": 11.7,
      "wind_dir_deg": 223.0
    },
    "12": {
      "temp": 14.1,
      "precip": 0.0,
      "wind": 11.9,
      "wind_dir_deg": 209.0
    },
    "14": {
      "temp": 14.6,
      "precip": 0.1,
      "wind": 9.9,
      "wind_dir_deg": 224.0
    },
    "16": {
      "temp": 14.9,
      "precip": 0.0,
      "wind": 9.7,
      "wind_dir_deg": 222.0
    }
  },
  "ride_temp_mean": 14.3,
  "ride_wind_mean": 10.8,
  "ride_wind_dir_deg": 219.1604367960823,
  "ride_rain_flag": 0.0,
  "tent_rain_flag": 0.0,
  "daily_precip_sum": 0.30000000000000004,
  "daily_temp_mean": 11.304166666666667,
  "daily_wind_mean": 8.454166666666667,
  "daily_wind_dir_deg": 219.50997037715143
}