{
  "samples_local": {
    "10": {
      "temp": 13.1,
      "precip": 0.0,
      "wind": 9.2,
      "wind_dir_deg": 222.0
    },
    "12": {
      "temp": 15.0,
      "precip": 0.0,
      "wind": 10.7,
      "wind_dir_deg": 228.0
    },
    "14": {
      "temp": 15.4,
      "precip": 0.0,
      "wind": 10.2,
      "wind_dir_deg": 212.0
    },
    "16": {
      "temp": 14.9,
      "precip": 0.0,
      "wind": 11.6,
      "wind_dir_deg": 206.0
    }
  },
  "ride_temp_mean": 14.6,
  "ride_wind_mean": 10.424999999999999,
  "ride_wind_dir_deg": 216.64012544801113,
  "ride_rain_flag": 0.0,
  "tent_rain_flag": 0.0,
  "daily_precip_sum": 0.0,
  "daily_temp_mean": 10.816666666666668,
  "daily_wind_mean": 8.862499999999999,
  "daily_wind_dir_deg": 222.71213079157317
}