{
  "samples_local": {
    "10": {
      "temp": 12.9,
      "precip": 0.0,
      "wind": 10.7,
      "wind_dir_deg": 194.0
    },
    "12": {
      "temp": 14.8,
      "precip": 0.0,
      "wind": 13.0,
      "wind_dir_deg": 219.0
    },
    "14": {
      "temp": 14.4,
      "precip": 0.1,
      "wind": 12.5,
      "wind_dir_deg": 213.0
    },
    "16": {
      "temp": 15.4,
      "precip": 0.0,
      "wind": 12.2,
      "wind_dir_deg": 204.0
    }
  },
  "ride_temp_mean": 14.375,
  "ride_wind_mean": 12.1,
  "ride_wind_dir_deg": 208.15638013542875,
  "ride_rain_flag": 0.0,
  "tent_rain_flag": 0.0,
  "daily_precip_sum": 0.2,
  "daily_temp_mean": 11.512500000000001,
  "daily_wind_mean": 9.008333333333333,
  "daily_wind_dir_deg": 199.73852476943517
}