{
  "samples_local": {
    "10": {
      "temp": 15.1,
      "precip": 0.0,
      "wind": 18.4,
      "wind_dir_deg": 132.0
    },
    "12": {
      "temp": 15.4,
      "precip": 0.0,
      "wind": 19.0,
      "wind_dir_deg": 127.0
    },
    "14": {
      "temp": 16.0,
      "precip": 0.0,
      "wind": 16.0,
      "wind_dir_deg": 123.0
    },
    "16": {
      "temp": 15.4,
      "precip": 0.0,
      "wind": 16.5,
      "wind_dir_deg": 125.0
    }
  },
  "ride_temp_mean": 15.475,
  "ride_wind_mean": 17.475,
  "ride_wind_dir_deg": 126.92751537656557,
  "ride_rain_flag": 0.0,
  "tent_rain_flag": 0.0,
  "daily_precip_sum": 0.0,
  "daily_temp_mean": 13.316666666666668,
  "daily_wind_mean": 15.204166666666666,
  "daily_wind_dir_deg": 130.25420987591554
}