{
  "samples_local": {
    "10": {
      "temp": 15.4,
      "precip": 0.0,
      "wind": 15.9,
      "wind_dir_deg": 115.0
    },
    "12": {
      "temp": 17.5,
      "precip": 0.0,
      "wind": 16.8,
      "wind_dir_deg": 115.0
    },
    "14": {
      "temp": 17.8,
      "precip": 0.0,
      "wind": 14.5,
      "wind_dir_deg": 111.0
    },
    "16": {
      "temp": 18.5,
      "precip": 0.0,
      "wind": 11.9,
      "wind_dir_deg": 124.0
    }
  },
  "ride_temp_mean": 17.3,
  "ride_wind_mean": 14.775,
  "ride_wind_dir_deg": 115.82663523114877,
  "ride_rain_flag": 0.0,
  "tent_rain_flag": 1.0,
  "daily_precip_sum": 0.7000000000000001,
  "daily_temp_mean": 14.754166666666668,
  "daily_wind_mean": 15.3125,
  "daily_wind_dir_deg": 104.81192854836314
}