{
  "samples_local": {
    "10": {
      "temp": 14.9,
      "precip": 0.0,
      "wind": 20.0,
      "wind_dir_deg": 118.0
    },
    "12": {
      "temp": 16.2,
      "precip": 0.0,
      "wind": 18.5,
      "wind_dir_deg": 114.0
    },
    "14": {
      "temp": 17.0,
      "precip": 0.0,
      "wind": 17.5,
      "wind_dir_deg": 109.0
    },
    "16": {
      "temp": 16.9,
      "precip": 0.0,
      "wind": 18.1,
      "wind_dir_deg": 124.0
    }
  },
  "ride_temp_mean": 16.25,
  "ride_wind_mean": 18.525,
  "ride_wind_dir_deg": 116.34070208773522,
  "ride_rain_flag": 0.0,
  "tent_rain_flag": 0.0,
  "daily_precip_sum": 0.0,
  "daily_temp_mean": 13.345833333333333,
  "daily_wind_mean": 16.983333333333334,
  "daily_wind_dir_deg": 118.16030868027576
}