{
  "samples_local": {
    "10": {
      "temp": 16.5,
      "precip": 0.0,
      "wind": 18.5,
      "wind_dir_deg": 128.0
    },
    "12": {
      "temp": 18.9,
      "precip": 0.0,
      "wind": 17.3,
      "wind_dir_deg": 128.0
    },
    "14": {
      "temp": 20.4,
      "precip": 0.0,
      "wind": 14.9,
      "wind_dir_deg": 122.0
    },
    "16": {
      "temp": 20.5,
      "precip": 0.0,
      "wind": 13.7,
      "wind_dir_deg": 130.0
    }
  },
  "ride_temp_mean": 19.075,
  "ride_wind_mean": 16.1,
  "ride_wind_dir_deg": 127.03846335497826,
  "ride_rain_flag": 0.0,
  "tent_rain_flag": 0.0,
  "daily_precip_sum": 0.2,
  "daily_temp_mean": 15.887500000000001,
  "daily_wind_mean": 17.166666666666668,
  "daily_wind_dir_deg": 124.3236908853305
}