{
  "samples_local": {
    "10": {
      "temp": 16.5,
      "precip": 0.0,
      "wind": 13.1,
      "wind_dir_deg": 115.0
    },
    "12": {
      "temp": 18.6,
      "precip": 0.0,
      "wind": 14.6,
      "wind_dir_deg": 120.0
    },
    "14": {
      "temp": 18.8,
      "precip": 0.0,
      "wind": 12.9,
      "wind_dir_deg": 117.0
    },
    "16": {
      "temp": 19.6,
      "precip": 0.0,
      "wind": 12.1,
      "wind_dir_deg": 113.0
    }
  },
  "ride_temp_mean": 18.375,
  "ride_wind_mean": 13.175,
  "ride_wind_dir_deg": 116.4154096991162,
  "ride_rain_flag": 0.0,
  "tent_rain_flag": 0.0,
  "daily_precip_sum": 0.2,
  "daily_temp_mean": 15.004166666666668,
  "daily_wind_mean": 13.783333333333333,
  "daily_wind_dir_deg": 120.22006607336766
}