{
  "samples_local": {
    "10": {
      "temp": 14.6,
      "precip": 0.0,
      "wind": 21.6,
      "wind_dir_deg": 120.0
    },
    "12": {
      "temp": 15.8,
      "precip": 0.0,
      "wind": 20.5,
      "wind_dir_deg": 114.0
    },
    "14": {
      "temp": 16.3,
      "precip": 0.0,
      "wind": 21.1,
      "wind_dir_deg": 113.0
    },
    "16": {
      "temp": 15.9,
      "precip": 0.0,
      "wind": 19.6,
      "wind_dir_deg": 117.0
    }
  },
  "ride_temp_mean": 15.65,
  "ride_wind_mean": 20.700000000000003,
  "ride_wind_dir_deg": 116.02014538051259,
  "ride_rain_flag": 0.0,
  "tent_rain_flag": 0.0,
  "daily_precip_sum": 0.0,
  "daily_temp_mean": 12.945833333333333,
  "daily_wind_mean": 18.683333333333334,
  "daily_wind_dir_deg": 117.82954994923512
}