{
  "ride_temp_mean": 0.875,
  "ride_precip_sum": 0.0,
  "ride_wind_speed": 10.633867977674873,
  "ride_wind_dir": 357.5856057079584,
  "tent_precip_sum": 2.8,
  "tent_temp_mean": -0.3
}