{
  "ride_temp_mean": 8.125,
  "ride_precip_sum": 0.9,
  "ride_wind_speed": 27.98586617721286,
  "ride_wind_dir": 234.23489364291618,
  "tent_precip_sum": 1.4,
  "tent_temp_mean": 7.325
}