{
  "ride_temp_mean": 2.7750000000000004,
  "ride_precip_sum": 0.0,
  "ride_wind_speed": 27.039528440496646,
  "ride_wind_dir": 229.30730543120725,
  "tent_precip_sum": 0.0,
  "tent_temp_mean": 2.3449999999999998
}