{
  "ride_temp_mean": 0.9249999999999999,
  "ride_precip_sum": 0.4,
  "ride_wind_speed": 27.51165824154585,
  "ride_wind_dir": 264.1271523775935,
  "tent_precip_sum": 2.6,
  "tent_temp_mean": 0.985
}