{
  "ride_temp_mean": -1.475,
  "ride_precip_sum": 0.8,
  "ride_wind_speed": 5.9579323574716225,
  "ride_wind_dir": 322.97293597368116,
  "tent_precip_sum": 2.8000000000000003,
  "tent_temp_mean": -1.9649999999999999
}