{
  "ride_temp_mean": -1.45,
  "ride_precip_sum": 0.0,
  "ride_wind_speed": 24.651382173236623,
  "ride_wind_dir": 273.6410967709434,
  "tent_precip_sum": 3.7,
  "tent_temp_mean": -0.335
}