{
  "ride_temp_mean": 5.375,
  "ride_precip_sum": 0.8,
  "ride_wind_speed": 28.28920543676201,
  "ride_wind_dir": 233.64322698088282,
  "tent_precip_sum": 8.1,
  "tent_temp_mean": 5.220000000000001
}