{
  "samples_local": {
    "10": {
      "temp": -1.6,
      "precip": 0.0,
      "wind": 8.1,
      "wind_dir_deg": 225.0
    },
    "12": {
      "temp": -0.1,
      "precip": 0.0,
      "wind": 6.4,
      "wind_dir_deg": 254.0
    },
    "14": {
      "temp": 0.9,
      "precip": 0.0,
      "wind": 3.4,
      "wind_dir_deg": 288.0
    },
    "16": {
      "temp": 0.2,
      "precip": 0.0,
      "wind": 2.6,
      "wind_dir_deg": 16.0
    }
  },
  "ride_temp_mean": -0.15000000000000002,
  "ride_wind_mean": 5.125,
  "ride_wind_dir_deg": 254.6879719968489,
  "ride_rain_flag": 0.0,
  "tent_rain_flag": 0.0,
  "daily_precip_sum": 0.0,
  "daily_temp_mean": -0.09583333333333334,
  "daily_wind_mean": 10.112499999999999,
  "daily_wind_dir_deg": 203.6802007222919
}