{
  "samples_local": {
    "10": {
      "temp": -1.5,
      "precip": 0.0,
      "wind": 3.6,
      "wind_dir_deg": 270.0
    },
    "12": {
      "temp": 0.2,
      "precip": 0.0,
      "wind": 3.5,
      "wind_dir_deg": 336.0
    },
    "14": {
      "temp": 0.8,
      "precip": 0.0,
      "wind": 4.1,
      "wind_dir_deg": 45.0
    },
    "16": {
      "temp": -0.6,
      "precip": 0.0,
      "wind": 5.4,
      "wind_dir_deg": 37.0
    }
  },
  "ride_temp_mean": -0.27499999999999997,
  "ride_wind_mean": 4.15,
  "ride_wind_dir_deg": 6.17041484407207,
  "ride_rain_flag": 0.0,
  "tent_rain_flag": 0.0,
  "daily_precip_sum": 0.0,
  "daily_temp_mean": -1.1958333333333333,
  "daily_wind_mean": 9.620833333333334,
  "daily_wind_dir_deg": 342.3119812739155
}