{
  "samples_local": {
    "10": {
      "temp": -1.0,
      "precip": 0.0,
      "wind": 5.5,
      "wind_dir_deg": 281.0
    },
    "12": {
      "temp": 0.8,
      "precip": 0.0,
      "wind": 1.8,
      "wind_dir_deg": 349.0
    },
    "14": {
      "temp": 1.1,
      "precip": 0.0,
      "wind": 4.7,
      "wind_dir_deg": 32.0
    },
    "16": {
      "temp": 0.0,
      "precip": 0.0,
      "wind": 3.3,
      "wind_dir_deg": 6.0
    }
  },
  "ride_temp_mean": 0.22500000000000003,
  "ride_wind_mean": 3.825,
  "ride_wind_dir_deg": 343.91989241110787,
  "ride_rain_flag": 0.0,
  "tent_rain_flag": 0.0,
  "daily_precip_sum": 0.0,
  "daily_temp_mean": -0.5750000000000001,
  "daily_wind_mean": 8.654166666666667,
  "daily_wind_dir_deg": 312.4882628015111
}