{
  "samples_local": {
    "10": {
      "temp": -0.6,
      "precip": 0.0,
      "wind": 5.7,
      "wind_dir_deg": 252.0
    },
    "12": {
      "temp": 0.6,
      "precip": 0.0,
      "wind": 1.1,
      "wind_dir_deg": 342.0
    },
    "14": {
      "temp": 0.7,
      "precip": 0.0,
      "wind": 6.6,
      "wind_dir_deg": 351.0
    },
    "16": {
      "temp": -0.2,
      "precip": 0.0,
      "wind": 6.3,
      "wind_dir_deg": 24.0
    }
  },
  "ride_temp_mean": 0.12499999999999999,
  "ride_wind_mean": 4.925,
  "ride_wind_dir_deg": 339.8954933345517,
  "ride_rain_flag": 0.0,
  "tent_rain_flag": 0.0,
  "daily_precip_sum": 0.0,
  "daily_temp_mean": -0.5291666666666667,
  "daily_wind_mean": 8.595833333333333,
  "daily_wind_dir_deg": 339.8116320212754
}