{
  "samples_local": {
    "10": {
      "temp": 0.7,
      "precip": 0.0,
      "wind": 9.8,
      "wind_dir_deg": 343.0
    },
    "12": {
      "temp": 4.2,
      "precip": 0.0,
      "wind": 6.5,
      "wind_dir_deg": 341.0
    },
    "14": {
      "temp": 5.3,
      "precip": 0.0,
      "wind": 4.1,
      "wind_dir_deg": 285.0
    },
    "16": {
      "temp": 4.1,
      "precip": 0.0,
      "wind": 8.9,
      "wind_dir_deg": 328.0
    }
  },
  "ride_temp_mean": 3.5749999999999997,
  "ride_wind_mean": 7.325,
  "ride_wind_dir_deg": 330.48573964995427,
  "ride_rain_flag": 0.0,
  "tent_rain_flag": 0.0,
  "daily_precip_sum": 0.0,
  "daily_temp_mean": 0.00833333333333329,
  "daily_wind_mean": 12.266666666666666,
  "daily_wind_dir_deg": 343.27078700652845
}