{
  "samples_local": {
    "10": {
      "temp": -1.3,
      "precip": 0.0,
      "wind": 7.1,
      "wind_dir_deg": 336.0
    },
    "12": {
      "temp": 2.7,
      "precip": 0.0,
      "wind": 8.1,
      "wind_dir_deg": 339.0
    },
    "14": {
      "temp": 5.3,
      "precip": 0.0,
      "wind": 9.7,
      "wind_dir_deg": 345.0
    },
    "16": {
      "temp": 4.4,
      "precip": 0.0,
      "wind": 9.2,
      "wind_dir_deg": 334.0
    }
  },
  "ride_temp_mean": 2.775,
  "ride_wind_mean": 8.524999999999999,
  "ride_wind_dir_deg": 338.73124757471214,
  "ride_rain_flag": 0.0,
  "tent_rain_flag": 0.0,
  "daily_precip_sum": 0.0,
  "daily_temp_mean": -0.3958333333333333,
  "daily_wind_mean": 9.904166666666667,
  "daily_wind_dir_deg": 342.31341931330616
}