{
  "samples_local": {
    "10": {
      "temp": -1.5,
      "precip": 0.0,
      "wind": 8.7,
      "wind_dir_deg": 330.0
    },
    "12": {
      "temp": 1.8,
      "precip": 0.0,
      "wind": 10.0,
      "wind_dir_deg": 334.0
    },
    "14": {
      "temp": 2.0,
      "precip": 0.0,
      "wind": 9.8,
      "wind_dir_deg": 324.0
    },
    "16": {
      "temp": 1.1,
      "precip": 0.0,
      "wind": 10.2,
      "wind_dir_deg": 315.0
    }
  },
  "ride_temp_mean": 0.8500000000000001,
  "ride_wind_mean": 9.675,
  "ride_wind_dir_deg": 325.56768742923305,
  "ride_rain_flag": 0.0,
  "tent_rain_flag": 0.0,
  "daily_precip_sum": 0.0,
  "daily_temp_mean": -2.1458333333333335,
  "daily_wind_mean": 10.083333333333334,
  "daily_wind_dir_deg": 327.9029889484653
}