{
  "samples_local": {
    "10": {
      "temp": -0.2,
      "precip": 0.0,
      "wind": 10.4,
      "wind_dir_deg": 284.0
    },
    "12": {
      "temp": 2.5,
      "precip": 0.0,
      "wind": 11.4,
      "wind_dir_deg": 298.0
    },
    "14": {
      "temp": 3.7,
      "precip": 0.0,
      "wind": 11.3,
      "wind_dir_deg": 301.0
    },
    "16": {
      "temp": 2.7,
      "precip": 0.0,
      "wind": 9.5,
      "wind_dir_deg": 295.0
    }
  },
  "ride_temp_mean": 2.1750000000000003,
  "ride_wind_mean": 10.65,
  "ride_wind_dir_deg": 294.72035171550715,
  "ride_rain_flag": 0.0,
  "tent_rain_flag": 0.0,
  "daily_precip_sum": 0.0,
  "daily_temp_mean": -1.0541666666666667,
  "daily_wind_mean": 10.762500000000001,
  "daily_wind_dir_deg": 293.4859669846919
}