{
  "samples_local": {
    "10": {
      "temp": -2.8,
      "precip": 0.0,
      "wind": 4.4,
      "wind_dir_deg": 279.0
    },
    "12": {
      "temp": 0.8,
      "precip": 0.0,
      "wind": 4.5,
      "wind_dir_deg": 299.0
    },
    "14": {
      "temp": 1.4,
      "precip": 0.0,
      "wind": 6.3,
      "wind_dir_deg": 294.0
    },
    "16": {
      "temp": 0.6,
      "precip": 0.0,
      "wind": 7.2,
      "wind_dir_deg": 273.0
    }
  },
  "ride_temp_mean": 2.7755575615628914e-17,
  "ride_wind_mean": 5.6,
  "ride_wind_dir_deg": 285.3053763184198,
  "ride_rain_flag": 0.0,
  "tent_rain_flag": 0.0,
  "daily_precip_sum": 0.0,
  "daily_temp_mean": -3.6041666666666665,
  "daily_wind_mean": 7.008333333333333,
  "daily_wind_dir_deg": 305.77260273988253
}