{
  "samples_local": {
    "10": {
      "temp": -0.5,
      "precip": 0.0,
      "wind": 6.4,
      "wind_dir_deg": 308.0
    },
    "12": {
      "temp": 3.6,
      "precip": 0.0,
      "wind": 6.1,
      "wind_dir_deg": 315.0
    },
    "14": {
      "temp": 5.6,
      "precip": 0.0,
      "wind": 6.6,
      "wind_dir_deg": 292.0
    },
    "16": {
      "temp": 4.6,
      "precip": 0.0,
      "wind": 8.2,
      "wind_dir_deg": 285.0
    }
  },
  "ride_temp_mean": 3.3249999999999997,
  "ride_wind_mean": 6.824999999999999,
  "ride_wind_dir_deg": 298.7734792621736,
  "ride_rain_flag": 0.0,
  "tent_rain_flag": 0.0,
  "daily_precip_sum": 0.0,
  "daily_temp_mean": -0.9666666666666667,
  "daily_wind_mean": 7.8625,
  "daily_wind_dir_deg": 313.5570292902666
}