{
  "samples_local": {
    "10": {
      "temp": -2.3,
      "precip": 0.0,
      "wind": 9.7,
      "wind_dir_deg": 292.0
    },
    "12": {
      "temp": 1.5,
      "precip": 0.0,
      "wind": 9.6,
      "wind_dir_deg": 283.0
    },
    "14": {
      "temp": 3.2,
      "precip": 0.0,
      "wind": 9.5,
      "wind_dir_deg": 279.0
    },
    "16": {
      "temp": 3.2,
      "precip": 0.0,
      "wind": 10.6,
      "wind_dir_deg": 288.0
    }
  },
  "ride_temp_mean": 1.4000000000000001,
  "ride_wind_mean": 9.85,
  "ride_wind_dir_deg": 285.5967058681461,
  "ride_rain_flag": 0.0,
  "tent_rain_flag": 0.0,
  "daily_precip_sum": 0.0,
  "daily_temp_mean": -2.5500000000000003,
  "daily_wind_mean": 9.683333333333334,
  "daily_wind_dir_deg": 286.099977945834
}