{
  "samples_local": {
    "10": {
      "temp": 4.2,
      "precip": 0.1,
      "wind": 20.6,
      "wind_dir_deg": 43.0
    },
    "12": {
      "temp": 6.0,
      "precip": 0.0,
      "wind": 21.3,
      "wind_dir_deg": 51.0
    },
    "14": {
      "temp": 5.8,
      "precip": 0.2,
      "wind": 19.1,
      "wind_dir_deg": 58.0
    },
    "16": {
      "temp": 7.0,
      "precip": 0.1,
      "wind": 22.0,
      "wind_dir_deg": 69.0
    }
  },
  "ride_temp_mean": 5.75,
  "ride_wind_mean": 20.75,
  "ride_wind_dir_deg": 55.38732277084512,
  "ride_rain_flag": 1.0,
  "tent_rain_flag": 1.0,
  "daily_precip_sum": 3.8000000000000003,
  "daily_temp_mean": 4.558333333333334,
  "daily_wind_mean": 18.462500000000002,
  "daily_wind_dir_deg": 52.589834262512966
}