{
  "samples_local": {
    "10": {
      "temp": 0.4,
      "precip": 0.0,
      "wind": 6.4,
      "wind_dir_deg": 29.0
    },
    "12": {
      "temp": 2.5,
      "precip": 0.0,
      "wind": 5.7,
      "wind_dir_deg": 336.0
    },
    "14": {
      "temp": 2.7,
      "precip": 0.0,
      "wind": 8.8,
      "wind_dir_deg": 343.0
    },
    "16": {
      "temp": -0.2,
      "precip": 0.0,
      "wind": 6.0,
      "wind_dir_deg": 299.0
    }
  },
  "ride_temp_mean": 1.35,
  "ride_wind_mean": 6.7250000000000005,
  "ride_wind_dir_deg": 342.3613393151215,
  "ride_rain_flag": 0.0,
  "tent_rain_flag": 0.0,
  "daily_precip_sum": 0.0,
  "daily_temp_mean": -1.2666666666666668,
  "daily_wind_mean": 7.266666666666667,
  "daily_wind_dir_deg": 349.73513708972916
}