{
  "samples_local": {
    "10": {
      "temp": 2.2,
      "precip": 0.0,
      "wind": 11.5,
      "wind_dir_deg": 10.0
    },
    "12": {
      "temp": 4.1,
      "precip": 0.0,
      "wind": 11.7,
      "wind_dir_deg": 4.0
    },
    "14": {
      "temp": 5.0,
      "precip": 0.0,
      "wind": 13.0,
      "wind_dir_deg": 340.0
    },
    "16": {
      "temp": 4.1,
      "precip": 0.2,
      "wind": 14.2,
      "wind_dir_deg": 1.0
    }
  },
  "ride_temp_mean": 3.8499999999999996,
  "ride_wind_mean": 12.6,
  "ride_wind_dir_deg": 358.39401074956766,
  "ride_rain_flag": 1.0,
  "tent_rain_flag": 1.0,
  "daily_precip_sum": 2.1,
  "daily_temp_mean": 2.9791666666666665,
  "daily_wind_mean": 12.829166666666666,
  "daily_wind_dir_deg": 14.138261617560204
}