{
  "samples_local": {
    "10": {
      "temp": 3.4,
      "precip": 0.0,
      "wind": 14.6,
      "wind_dir_deg": 27.0
    },
    "12": {
      "temp": 4.8,
      "precip": 0.0,
      "wind": 16.8,
      "wind_dir_deg": 21.0
    },
    "14": {
      "temp": 4.7,
      "precip": 0.0,
      "wind": 16.2,
      "wind_dir_deg": 359.0
    },
    "16": {
      "temp": 3.5,
      "precip": 0.0,
      "wind": 17.0,
      "wind_dir_deg": 343.0
    }
  },
  "ride_temp_mean": 4.1,
  "ride_wind_mean": 16.15,
  "ride_wind_dir_deg": 6.896423379048315,
  "ride_rain_flag": 0.0,
  "tent_rain_flag": 1.0,
  "daily_precip_sum": 0.7000000000000001,
  "daily_temp_mean": 3.0833333333333335,
  "daily_wind_mean": 16.270833333333332,
  "daily_wind_dir_deg": 20.037749687307894
}