{
  "samples_local": {
    "10": {
      "temp": 4.7,
      "precip": 0.0,
      "wind": 18.6,
      "wind_dir_deg": 17.0
    },
    "12": {
      "temp": 5.5,
      "precip": 0.0,
      "wind": 21.6,
      "wind_dir_deg": 24.0
    },
    "14": {
      "temp": 5.2,
      "precip": 0.0,
      "wind": 16.3,
      "wind_dir_deg": 17.0
    },
    "16": {
      "temp": 5.2,
      "precip": 0.0,
      "wind": 13.8,
      "wind_dir_deg": 14.0
    }
  },
  "ride_temp_mean": 5.15,
  "ride_wind_mean": 17.575000000000003,
  "ride_wind_dir_deg": 18.56040875477663,
  "ride_rain_flag": 0.0,
  "tent_rain_flag": 1.0,
  "daily_precip_sum": 1.4,
  "daily_temp_mean": 3.654166666666667,
  "daily_wind_mean": 15.020833333333334,
  "daily_wind_dir_deg": 18.96805295073534
}