{
  "samples_local": {
    "10": {
      "temp": 3.8,
      "precip": 0.0,
      "wind": 16.6,
      "wind_dir_deg": 354.0
    },
    "12": {
      "temp": 4.2,
      "precip": 0.0,
      "wind": 15.2,
      "wind_dir_deg": 353.0
    },
    "14": {
      "temp": 4.7,
      "precip": 0.0,
      "wind": 18.9,
      "wind_dir_deg": 15.0
    },
    "16": {
      "temp": 3.7,
      "precip": 0.2,
      "wind": 14.6,
      "wind_dir_deg": 0.0
    }
  },
  "ride_temp_mean": 4.1,
  "ride_wind_mean": 16.325,
  "ride_wind_dir_deg": 1.159143716341191,
  "ride_rain_flag": 1.0,
  "tent_rain_flag": 1.0,
  "daily_precip_sum": 3.3000000000000003,
  "daily_temp_mean": 3.0208333333333335,
  "daily_wind_mean": 14.379166666666668,
  "daily_wind_dir_deg": 13.082397867733846
}