{
  "samples_local": {
    "10": {
      "temp": 4.7,
      "precip": 0.0,
      "wind": 16.2,
      "wind_dir_deg": 12.0
    },
    "12": {
      "temp": 5.9,
      "precip": 0.0,
      "wind": 23.8,
      "wind_dir_deg": 40.0
    },
    "14": {
      "temp": 5.7,
      "precip": 0.0,
      "wind": 19.2,
      "wind_dir_deg": 19.0
    },
    "16": {
      "temp": 4.9,
      "precip": 0.2,
      "wind": 16.7,
      "wind_dir_deg": 11.0
    }
  },
  "ride_temp_mean": 5.300000000000001,
  "ride_wind_mean": 18.975,
  "ride_wind_dir_deg": 22.270532654839485,
  "ride_rain_flag": 1.0,
  "tent_rain_flag": 1.0,
  "daily_precip_sum": 4.3999999999999995,
  "daily_temp_mean": 3.8083333333333336,
  "daily_wind_mean": 14.929166666666667,
  "daily_wind_dir_deg": 19.473089215784796
}