{
  "samples_local": {
    "10": {
      "temp": 0.4,
      "precip": 0.0,
      "wind": 22.9,
      "wind_dir_deg": 35.0
    },
    "12": {
      "temp": 1.0,
      "precip": 0.0,
      "wind": 26.9,
      "wind_dir_deg": 30.0
    },
    "14": {
      "temp": 0.9,
      "precip": 0.1,
      "wind": 21.6,
      "wind_dir_deg": 25.0
    },
    "16": {
      "temp": 0.9,
      "precip": 0.2,
      "wind": 19.5,
      "wind_dir_deg": 19.0
    }
  },
  "ride_temp_mean": 0.8,
  "ride_wind_mean": 22.725,
  "ride_wind_dir_deg": 27.71408849775463,
  "ride_rain_flag": 1.0,
  "tent_rain_flag": 1.0,
  "daily_precip_sum": 5.6000000000000005,
  "daily_temp_mean": 0.6208333333333333,
  "daily_wind_mean": 21.316666666666666,
  "daily_wind_dir_deg": 31.28556401867837
}