{
  "samples_local": {
    "10": {
      "temp": 2.7,
      "precip": 0.0,
      "wind": 19.5,
      "wind_dir_deg": 78.0
    },
    "12": {
      "temp": 2.3,
      "precip": 0.6,
      "wind": 21.3,
      "wind_dir_deg": 87.0
    },
    "14": {
      "temp": 2.5,
      "precip": 0.3,
      "wind": 17.7,
      "wind_dir_deg": 96.0
    },
    "16": {
      "temp": 2.9,
      "precip": 0.1,
      "wind": 11.2,
      "wind_dir_deg": 105.0
    }
  },
  "ride_temp_mean": 2.6,
  "ride_wind_mean": 17.425,
  "ride_wind_dir_deg": 89.64997221866719,
  "ride_rain_flag": 1.0,
  "tent_rain_flag": 1.0,
  "daily_precip_sum": 3.6999999999999997,
  "daily_temp_mean": 0.8583333333333334,
  "daily_wind_mean": 13.258333333333333,
  "daily_wind_dir_deg": 89.20602180537105
}