{
  "samples_local": {
    "10": {
      "temp": 4.1,
      "precip": 0.0,
      "wind": 17.7,
      "wind_dir_deg": 102.0
    },
    "12": {
      "temp": 6.6,
      "precip": 0.0,
      "wind": 15.5,
      "wind_dir_deg": 115.0
    },
    "14": {
      "temp": 5.9,
      "precip": 0.1,
      "wind": 13.4,
      "wind_dir_deg": 114.0
    },
    "16": {
      "temp": 6.6,
      "precip": 0.0,
      "wind": 17.1,
      "wind_dir_deg": 112.0
    }
  },
  "ride_temp_mean": 5.8,
  "ride_wind_mean": 15.925,
  "ride_wind_dir_deg": 110.37856093227043,
  "ride_rain_flag": 0.0,
  "tent_rain_flag": 1.0,
  "daily_precip_sum": 0.7000000000000001,
  "daily_temp_mean": 2.7624999999999997,
  "daily_wind_mean": 12.4125,
  "daily_wind_dir_deg": 95.33458060516739
}