{
  "samples_local": {
    "10": {
      "temp": 3.6,
      "precip": 0.0,
      "wind": 7.6,
      "wind_dir_deg": 98.0
    },
    "12": {
      "temp": 5.6,
      "precip": 0.0,
      "wind": 8.4,
      "wind_dir_deg": 121.0
    },
    "14": {
      "temp": 6.6,
      "precip": 0.0,
      "wind": 9.2,
      "wind_dir_deg": 101.0
    },
    "16": {
      "temp": 6.8,
      "precip": 0.1,
      "wind": 9.2,
      "wind_dir_deg": 101.0
    }
  },
  "ride_temp_mean": 5.6499999999999995,
  "ride_wind_mean": 8.6,
  "ride_wind_dir_deg": 105.17814078884538,
  "ride_rain_flag": 0.0,
  "tent_rain_flag": 1.0,
  "daily_precip_sum": 1.6,
  "daily_temp_mean": 3.216666666666667,
  "daily_wind_mean": 11.541666666666666,
  "daily_wind_dir_deg": 70.65528121241812
}