{
  "samples_local": {
    "10": {
      "temp": 4.3,
      "precip": 0.0,
      "wind": 16.3,
      "wind_dir_deg": 104.0
    },
    "12": {
      "temp": 6.3,
      "precip": 0.0,
      "wind": 18.1,
      "wind_dir_deg": 97.0
    },
    "14": {
      "temp": 5.6,
      "precip": 0.7,
      "wind": 23.2,
      "wind_dir_deg": 103.0
    },
    "16": {
      "temp": 5.2,
      "precip": 0.0,
      "wind": 14.9,
      "wind_dir_deg": 122.0
    }
  },
  "ride_temp_mean": 5.35,
  "ride_wind_mean": 18.125,
  "ride_wind_dir_deg": 105.59420642441813,
  "ride_rain_flag": 1.0,
  "tent_rain_flag": 1.0,
  "daily_precip_sum": 0.8999999999999999,
  "daily_temp_mean": 2.5708333333333333,
  "daily_wind_mean": 14.870833333333332,
  "daily_wind_dir_deg": 86.31925372756405
}