{
  "ride_temp_mean": 25.900000000000002,
  "ride_wind_mean": 11.285714285714286,
  "ride_rain_flag": 1.0,
  "tent_rain_flag": 1.0
}