{
  "ride_temp_mean": 25.785714285714285,
  "ride_wind_mean": 10.285714285714286,
  "ride_rain_flag": 1.0,
  "tent_rain_flag": 1.0
}