{
  "ride_temp_mean": 13.37142857142857,
  "ride_wind_mean": 16.285714285714285,
  "ride_rain_flag": 0.0,
  "tent_rain_flag": 0.0
}