{
  "samples_local": {
    "10": {
      "temp": 11.8,
      "precip": 0.0,
      "wind": 33.6,
      "wind_dir_deg": 313.0
    },
    "12": {
      "temp": 11.8,
      "precip": 0.0,
      "wind": 35.2,
      "wind_dir_deg": 318.0
    },
    "14": {
      "temp": 12.4,
      "precip": 0.0,
      "wind": 34.5,
      "wind_dir_deg": 322.0
    },
    "16": {
      "temp": 12.3,
      "precip": 0.0,
      "wind": 30.6,
      "wind_dir_deg": 313.0
    }
  },
  "ride_temp_mean": 12.075000000000001,
  "ride_wind_mean": 33.475,
  "ride_wind_dir_deg": 316.6324187035773,
  "ride_rain_flag": 0.0,
  "tent_rain_flag": 0.0,
  "daily_precip_sum": 0.0,
  "daily_temp_mean": 11.858333333333334,
  "daily_wind_mean": 29.729166666666668,
  "daily_wind_dir_deg": 304.71174041263964
}