{
  "ride_temp_mean": 15.914285714285715,
  "ride_wind_mean": 11.071428571428571,
  "ride_rain_flag": 0.0,
  "tent_rain_flag": 0.0
}