{
  "ride_temp_mean": 13.957142857142857,
  "ride_wind_mean": 12.542857142857143,
  "ride_rain_flag": 0.0,
  "tent_rain_flag": 0.0
}