{
  "ride_temp_mean": 8.057142857142857,
  "ride_wind_mean": 13.700000000000001,
  "ride_rain_flag": 0.0,
  "tent_rain_flag": 0.0
}