{
  "ride_temp_mean": 13.928571428571429,
  "ride_wind_mean": 16.271428571428572,
  "ride_rain_flag": 0.0,
  "tent_rain_flag": 0.0
}