{
  "samples_local": {
    "10": {
      "temp": 12.4,
      "precip": 0.0,
      "wind": 20.3,
      "wind_dir_deg": 318.0
    },
    "12": {
      "temp": 13.6,
      "precip": 0.0,
      "wind": 22.8,
      "wind_dir_deg": 311.0
    },
    "14": {
      "temp": 14.8,
      "precip": 0.0,
      "wind": 19.0,
      "wind_dir_deg": 317.0
    },
    "16": {
      "temp": 15.0,
      "precip": 0.0,
      "wind": 14.9,
      "wind_dir_deg": 315.0
    }
  },
  "ride_temp_mean": 13.95,
  "ride_wind_mean": 19.25,
  "ride_wind_dir_deg": 315.1006242878216,
  "ride_rain_flag": 0.0,
  "tent_rain_flag": 0.0,
  "daily_precip_sum": 0.0,
  "daily_temp_mean": 13.674999999999999,
  "daily_wind_mean": 24.46666666666667,
  "daily_wind_dir_deg": 313.7289680659848
}