{
  "ride_temp_mean": 13.714285714285714,
  "ride_wind_mean": 16.428571428571427,
  "ride_rain_flag": 0.0,
  "tent_rain_flag": 0.0
}