{
  "ride_temp_mean": 16.242857142857144,
  "ride_wind_mean": 18.585714285714285,
  "ride_rain_flag": 0.0,
  "tent_rain_flag": 0.0
}