{
  "samples_local": {
    "10": {
      "temp": 28.0,
      "precip": 0.1,
      "wind": 37.0,
      "wind_dir_deg": 249.0
    },
    "12": {
      "temp": 28.0,
      "precip": 1.3,
      "wind": 37.3,
      "wind_dir_deg": 250.0
    },
    "14": {
      "temp": 28.0,
      "precip": 0.0,
      "wind": 34.3,
      "wind_dir_deg": 247.0
    },
    "16": {
      "temp": 28.0,
      "precip": 0.0,
      "wind": 34.1,
      "wind_dir_deg": 248.0
    }
  },
  "ride_temp_mean": 28.0,
  "ride_wind_mean": 35.675,
  "ride_wind_dir_deg": 248.54170008793676,
  "ride_rain_flag": 1.0,
  "tent_rain_flag": 1.0,
  "daily_precip_sum": 2.5,
  "daily_temp_mean": 27.670833333333334,
  "daily_wind_mean": 34.15833333333333,
  "daily_wind_dir_deg": 245.95301067987248
}