{
  "ride_temp_mean": 26.37142857142857,
  "ride_wind_mean": 14.385714285714286,
  "ride_rain_flag": 1.0,
  "tent_rain_flag": 1.0
}