{
  "samples_local": {
    "10": {
      "temp": 6.4,
      "precip": 0.0,
      "wind": 10.5,
      "wind_dir_deg": 41.0
    },
    "12": {
      "temp": 8.1,
      "precip": 0.2,
      "wind": 13.4,
      "wind_dir_deg": 59.0
    },
    "14": {
      "temp": 8.6,
      "precip": 0.2,
      "wind": 15.1,
      "wind_dir_deg": 65.0
    },
    "16": {
      "temp": 7.2,
      "precip": 0.0,
      "wind": 11.7,
      "wind_dir_deg": 56.0
    }
  },
  "ride_temp_mean": 7.575,
  "ride_wind_mean": 12.675,
  "ride_wind_dir_deg": 56.395232219332456,
  "ride_rain_flag": 1.0,
  "tent_rain_flag": 1.0,
  "daily_precip_sum": 4.1000000000000005,
  "daily_temp_mean": 6.666666666666667,
  "daily_wind_mean": 11.604166666666666,
  "daily_wind_dir_deg": 53.74011179499644
}