{
  "samples_local": {
    "10": {
      "temp": 6.1,
      "precip": 0.2,
      "wind": 10.0,
      "wind_dir_deg": 26.0
    },
    "12": {
      "temp": 7.4,
      "precip": 0.1,
      "wind": 10.2,
      "wind_dir_deg": 48.0
    },
    "14": {
      "temp": 8.0,
      "precip": 0.4,
      "wind": 9.2,
      "wind_dir_deg": 69.0
    },
    "16": {
      "temp": 6.3,
      "precip": 0.1,
      "wind": 4.8,
      "wind_dir_deg": 63.0
    }
  },
  "ride_temp_mean": 6.95,
  "ride_wind_mean": 8.549999999999999,
  "ride_wind_dir_deg": 49.38975103816398,
  "ride_rain_flag": 1.0,
  "tent_rain_flag": 1.0,
  "daily_precip_sum": 2.4,
  "daily_temp_mean": 6.0249999999999995,
  "daily_wind_mean": 9.745833333333334,
  "daily_wind_dir_deg": 53.73676023614314
}