{
  "samples_local": {
    "10": {
      "temp": 4.2,
      "precip": 0.0,
      "wind": 10.0,
      "wind_dir_deg": 255.0
    },
    "12": {
      "temp": 4.4,
      "precip": 0.1,
      "wind": 10.8,
      "wind_dir_deg": 249.0
    },
    "14": {
      "temp": 4.1,
      "precip": 0.6,
      "wind": 9.4,
      "wind_dir_deg": 227.0
    },
    "16": {
      "temp": 3.8,
      "precip": 0.6,
      "wind": 11.7,
      "wind_dir_deg": 225.0
    }
  },
  "ride_temp_mean": 4.125,
  "ride_wind_mean": 10.475,
  "ride_wind_dir_deg": 238.78500315991613,
  "ride_rain_flag": 1.0,
  "tent_rain_flag": 1.0,
  "daily_precip_sum": 12.1,
  "daily_temp_mean": 3.9499999999999997,
  "daily_wind_mean": 13.245833333333332,
  "daily_wind_dir_deg": 250.65837115144905
}