{
  "samples_local": {
    "10": {
      "temp": 2.7,
      "precip": 1.6,
      "wind": 16.9,
      "wind_dir_deg": 254.0
    },
    "12": {
      "temp": 2.3,
      "precip": 0.3,
      "wind": 16.8,
      "wind_dir_deg": 247.0
    },
    "14": {
      "temp": 3.8,
      "precip": 0.1,
      "wind": 14.9,
      "wind_dir_deg": 238.0
    },
    "16": {
      "temp": 2.9,
      "precip": 0.1,
      "wind": 19.3,
      "wind_dir_deg": 241.0
    }
  },
  "ride_temp_mean": 2.925,
  "ride_wind_mean": 16.975,
  "ride_wind_dir_deg": 245.05761584329247,
  "ride_rain_flag": 1.0,
  "tent_rain_flag": 1.0,
  "daily_precip_sum": 14.0,
  "daily_temp_mean": 3.0124999999999997,
  "daily_wind_mean": 17.849999999999998,
  "daily_wind_dir_deg": 250.86423102265522
}