{
  "samples_local": {
    "10": {
      "temp": 3.5,
      "precip": 0.1,
      "wind": 23.7,
      "wind_dir_deg": 253.0
    },
    "12": {
      "temp": 3.5,
      "precip": 0.2,
      "wind": 23.8,
      "wind_dir_deg": 250.0
    },
    "14": {
      "temp": 1.9,
      "precip": 0.2,
      "wind": 25.1,
      "wind_dir_deg": 232.0
    },
    "16": {
      "temp": 1.0,
      "precip": 0.2,
      "wind": 23.7,
      "wind_dir_deg": 228.0
    }
  },
  "ride_temp_mean": 2.475,
  "ride_wind_mean": 24.075,
  "ride_wind_dir_deg": 240.63214104112393,
  "ride_rain_flag": 1.0,
  "tent_rain_flag": 1.0,
  "daily_precip_sum": 6.6000000000000005,
  "daily_temp_mean": 2.5541666666666667,
  "daily_wind_mean": 22.9875,
  "daily_wind_dir_deg": 245.54725704439016
}