{
  "samples_local": {
    "10": {
      "temp": 6.6,
      "precip": 0.2,
      "wind": 4.8,
      "wind_dir_deg": 318.0
    },
    "12": {
      "temp": 7.1,
      "precip": 0.2,
      "wind": 4.7,
      "wind_dir_deg": 279.0
    },
    "14": {
      "temp": 7.2,
      "precip": 0.5,
      "wind": 10.3,
      "wind_dir_deg": 245.0
    },
    "16": {
      "temp": 6.5,
      "precip": 0.5,
      "wind": 16.6,
      "wind_dir_deg": 236.0
    }
  },
  "ride_temp_mean": 6.85,
  "ride_wind_mean": 9.100000000000001,
  "ride_wind_dir_deg": 253.21936182093762,
  "ride_rain_flag": 1.0,
  "tent_rain_flag": 1.0,
  "daily_precip_sum": 7.2,
  "daily_temp_mean": 6.0874999999999995,
  "daily_wind_mean": 11.220833333333333,
  "daily_wind_dir_deg": 265.66024349006045
}