{
  "samples_local": {
    "10": {
      "temp": 7.4,
      "precip": 0.0,
      "wind": 12.9,
      "wind_dir_deg": 60.0
    },
    "12": {
      "temp": 8.6,
      "precip": 0.0,
      "wind": 12.6,
      "wind_dir_deg": 70.0
    },
    "14": {
      "temp": 8.8,
      "precip": 0.0,
      "wind": 8.0,
      "wind_dir_deg": 85.0
    },
    "16": {
      "temp": 4.9,
      "precip": 0.0,
      "wind": 8.3,
      "wind_dir_deg": 92.0
    }
  },
  "ride_temp_mean": 7.425000000000001,
  "ride_wind_mean": 10.45,
  "ride_wind_dir_deg": 74.12851531274788,
  "ride_rain_flag": 0.0,
  "tent_rain_flag": 1.0,
  "daily_precip_sum": 3.4,
  "daily_temp_mean": 5.441666666666666,
  "daily_wind_mean": 7.9750000000000005,
  "daily_wind_dir_deg": 30.438983457204756
}