{
  "ride_temp_mean": -10.7,
  "ride_precip_sum": 0.0,
  "ride_wind_speed": 5.689701698693878,
  "ride_wind_dir": 304.830102076454,
  "tent_precip_sum": 0.0,
  "tent_temp_mean": -12.77
}