{
  "ride_temp_mean": -2.75,
  "ride_precip_sum": 0.6000000000000001,
  "ride_wind_speed": 7.566118369792398,
  "ride_wind_dir": 280.3291761815387,
  "tent_precip_sum": 1.7000000000000002,
  "tent_temp_mean": -3.34
}