{
  "ride_temp_mean": -2.475,
  "ride_precip_sum": 0.2,
  "ride_wind_speed": 17.565277596331224,
  "ride_wind_dir": 282.94551989718764,
  "tent_precip_sum": 4.8,
  "tent_temp_mean": -1.415
}