{
  "ride_temp_mean": 3.9,
  "ride_precip_sum": 0.6,
  "ride_wind_speed": 26.011409028645783,
  "ride_wind_dir": 215.4798343656321,
  "tent_precip_sum": 3.0,
  "tent_temp_mean": 3.55
}