{
  "ride_temp_mean": 6.025,
  "ride_precip_sum": 0.0,
  "ride_wind_speed": 8.113986290104092,
  "ride_wind_dir": 103.52013857364972,
  "tent_precip_sum": 0.0,
  "tent_temp_mean": 6.154999999999999
}