{
  "ride_temp_mean": 13.325,
  "ride_precip_sum": 0.0,
  "ride_wind_speed": 4.629475603513742,
  "ride_wind_dir": 209.02016075153657,
  "tent_precip_sum": 0.0,
  "tent_temp_mean": 13.59
}