{
  "ride_temp_mean": 14.7,
  "ride_precip_sum": 1.0,
  "ride_wind_speed": 18.329016762859776,
  "ride_wind_dir": 242.19906735392527,
  "tent_precip_sum": 2.9,
  "tent_temp_mean": 14.775
}