{
  "ride_temp_mean": 1.25,
  "ride_precip_sum": 0.1,
  "ride_wind_speed": 11.828523163439138,
  "ride_wind_dir": 279.2266641501688,
  "tent_precip_sum": 16.4,
  "tent_temp_mean": 0.9800000000000001
}