{
  "ride_temp_mean": 6.325,
  "ride_precip_sum": 0.0,
  "ride_wind_speed": 17.447006202684555,
  "ride_wind_dir": 242.01140162873463,
  "tent_precip_sum": 0.0,
  "tent_temp_mean": 5.295
}