{
  "ride_temp_mean": 10.275,
  "ride_precip_sum": 0.0,
  "ride_wind_speed": 28.36020608192737,
  "ride_wind_dir": 241.24575412419603,
  "tent_precip_sum": 2.8000000000000003,
  "tent_temp_mean": 8.32
}