{
  "ride_temp_mean": 6.225,
  "ride_precip_sum": 0.0,
  "ride_wind_speed": 15.06046581224735,
  "ride_wind_dir": 241.23977598515552,
  "tent_precip_sum": 0.0,
  "tent_temp_mean": 1.8050000000000002
}