{"temperature_c": 9.6, "precipitation_mm": 0.15, "wind_speed_ms": 11.1, "wind_dir_deg": 354.2346751892217, "wind_var_deg": 90.95197219839656, "_match_days": 10}