{"temperature_c": 2.25, "precipitation_mm": 0.0, "wind_speed_ms": 4.3, "wind_dir_deg": 61.52763069256243, "wind_var_deg": 49.85058986201937, "_match_days": 10}