{"temperature_c": 17.45, "precipitation_mm": 0.2, "wind_speed_ms": 7.4, "wind_dir_deg": 248.28558169022162, "wind_var_deg": 90.999653657555, "_match_days": 10}