{"temperature_c": 15.812500000000002, "precipitation_mm": 0.5, "rain_probability": 0.6, "rain_typical_mm": 1.6500000000000001, "wind_speed_ms": 4.666666666666667, "wind_dir_deg": 311.4618575190852, "wind_var_deg": 95.95103574528059, "_years_start": 2016, "_years_end": 2025, "_provider": "openmeteo", "temp_p25": 14.799999999999999, "temp_p75": 19.05, "temp_std": 3.6797121150981362, "temp_hist_p25": 14.799999999999999, "temp_hist_p75": 19.05, "temp_day_p25": 14.174999999999999, "temp_day_p75": 19.5, "temp_day_median": 16.6, "_daytime_points": 10, "_daytime_samples": 40, "_temp_source": "hourly_daytime", "_match_days": 10}