{"temperature_c": 17.637500000000003, "precipitation_mm": 3.45, "rain_probability": 0.9, "rain_typical_mm": 3.6, "wind_speed_ms": 1.2083333333333333, "wind_dir_deg": 325.36039423031156, "wind_var_deg": 78.59164014351114, "_years_start": 2016, "_years_end": 2025, "_provider": "openmeteo", "temp_p25": 16.675, "temp_p75": 22.375, "temp_std": 3.84156869000152, "temp_hist_p25": 16.675, "temp_hist_p75": 22.375, "temp_day_p25": 16.175, "temp_day_p75": 22.125, "temp_day_median": 18.2, "_daytime_points": 10, "_daytime_samples": 40, "_temp_source": "hourly_daytime", "_match_days": 10}