{"temperature_c": 7.95, "precipitation_mm": 1.0, "wind_speed_ms": 10.05, "wind_dir_deg": 351.79470440185725, "wind_var_deg": 83.82652905740431, "_match_days": 10}