{"temperature_c": 17.5125, "precipitation_mm": 0.55, "rain_probability": 0.5, "rain_typical_mm": 2.1, "wind_speed_ms": 4.138888888888889, "wind_dir_deg": 285.8766382683242, "wind_var_deg": 58.22700808005272, "_years_start": 2016, "_years_end": 2025, "_provider": "openmeteo", "temp_p25": 14.487499999999999, "temp_p75": 20.075000000000003, "temp_std": 3.4606366827507333, "temp_hist_p25": 14.487499999999999, "temp_hist_p75": 20.075000000000003, "temp_day_p25": 14.4, "temp_day_p75": 20.425, "temp_day_median": 17.45, "_daytime_points": 10, "_daytime_samples": 40, "_temp_source": "hourly_daytime", "_match_days": 10}