{"temperature_c": 7.300000000000001, "precipitation_mm": 0.1, "wind_speed_ms": 12.85, "wind_dir_deg": 186.6827437223871, "wind_var_deg": 71.54645570206075, "_match_days": 10}