{"temperature_c": 12.5, "precipitation_mm": 1.2999999999999998, "wind_speed_ms": 5.85, "wind_dir_deg": 257.98239038966466, "wind_var_deg": 63.580671915060336, "_match_days": 10}