{"temperature_c": 8.8, "precipitation_mm": 4.15, "wind_speed_ms": 11.649999999999999, "wind_dir_deg": 332.88158118485705, "wind_var_deg": 97.54616567337307, "_match_days": 10}