{"temperature_c": 16.7875, "precipitation_mm": 15.8, "rain_probability": 0.8, "rain_typical_mm": 21.3, "wind_speed_ms": 1.2222222222222223, "wind_dir_deg": 145.44473399624303, "wind_var_deg": 52.42591858049355, "_years_start": 2016, "_years_end": 2025, "_provider": "openmeteo", "temp_p25": 15.09375, "temp_p75": 19.0625, "temp_std": 3.3229354492677095, "temp_hist_p25": 15.09375, "temp_hist_p75": 19.0625, "temp_day_p25": 14.725000000000001, "temp_day_p75": 19.150000000000002, "temp_day_median": 16.9, "_daytime_points": 10, "_daytime_samples": 40, "_temp_source": "hourly_daytime", "_match_days": 10}