{"temperature_c": 7.550000000000001, "temp_p25": 7.550000000000001, "temp_p75": 7.550000000000001, "temp_std": 0.0, "precipitation_mm": 6.7, "rain_probability": 1.0, "rain_typical_mm": 6.7, "wind_speed_ms": 2.388888888888889, "wind_dir_deg": 113.0, "wind_var_deg": 8.537736462515939e-07, "temp_hist_p25": 7.550000000000001, "temp_hist_p75": 7.550000000000001, "temp_day_p25": 6.775, "temp_day_p75": 7.875, "temp_day_median": 7.1, "_offline": true, "_provider": "open-meteo", "_tile_id": "r18_c17", "_match_days": 1, "_temp_source": "offline_tile", "_samples_daily": 1, "_samples_day_means": 1, "_samples_day_hours": 4, "_samples_rain": 1, "_samples_wind": 1}