{"temperature_c": 12.55, "precipitation_mm": 1.3, "wind_speed_ms": 8.5, "wind_dir_deg": 20.804023247850857, "wind_var_deg": 42.6054309614331, "_match_days": 10}