{"temperature_c": 15.75, "precipitation_mm": 0.2, "wind_speed_ms": 12.3, "wind_dir_deg": 317.4164828285086, "wind_var_deg": 109.46536327823314, "_match_days": 10}