{"temperature_c": 16.0, "precipitation_mm": 0.0, "wind_speed_ms": 12.2, "wind_dir_deg": 331.3587696644408, "wind_var_deg": 57.593975266768794, "_match_days": 10}