{"temperature_c": 19.549999999999997, "precipitation_mm": 1.55, "rain_probability": 0.8, "rain_typical_mm": 2.25, "wind_speed_ms": 2.694444444444444, "wind_dir_deg": 66.9589109136315, "wind_var_deg": 71.61368200957165, "_years_start": 2016, "_years_end": 2025, "_provider": "openmeteo", "temp_p25": 16.85625, "temp_p75": 21.69375, "temp_std": 2.811793244532748, "temp_hist_p25": 16.85625, "temp_hist_p75": 21.69375, "temp_day_p25": 16.525000000000002, "temp_day_p75": 21.85, "temp_day_median": 19.4, "_daytime_points": 10, "_daytime_samples": 40, "_temp_source": "hourly_daytime", "_match_days": 10}