{"temperature_c": 12.799999999999999, "temp_p25": 12.799999999999999, "temp_p75": 12.799999999999999, "temp_std": 0.0, "precipitation_mm": 5.5, "rain_probability": 1.0, "rain_typical_mm": 5.5, "wind_speed_ms": 0.8611111111111112, "wind_dir_deg": 156.0, "wind_var_deg": 0.0, "temp_hist_p25": 12.799999999999999, "temp_hist_p75": 12.799999999999999, "temp_day_p25": 12.175, "temp_day_p75": 13.675, "temp_day_median": 13.05, "_offline": true, "_provider": "open-meteo", "_tile_id": "r26_c34", "_match_days": 1, "_temp_source": "offline_tile", "_samples_daily": 1, "_samples_day_means": 1, "_samples_day_hours": 4, "_samples_rain": 1, "_samples_wind": 1, "_years_start": 2025, "_years_end": 2025}