{"temperature_c": 5.65, "precipitation_mm": 0.3, "wind_speed_ms": 11.9, "wind_dir_deg": 287.05575253980174, "wind_var_deg": 35.89521543625659, "_match_days": 10}