{"temperature_c": 12.95, "precipitation_mm": 4.85, "rain_probability": 0.6, "rain_typical_mm": 11.600000000000001, "wind_speed_ms": 1.7222222222222219, "wind_dir_deg": 50.214530404904615, "wind_var_deg": 135.9124444278157, "_years_start": 2016, "_years_end": 2025, "_provider": "openmeteo", "temp_p25": 10.35, "temp_p75": 13.593749999999998, "temp_std": 3.303202991037638, "temp_hist_p25": 10.35, "temp_hist_p75": 13.593749999999998, "temp_day_p25": 9.6, "temp_day_p75": 14.925, "temp_day_median": 11.899999999999999, "_daytime_points": 10, "_daytime_samples": 40, "_temp_source": "hourly_daytime", "_match_days": 10}