{"temperature_c": 5.65, "precipitation_mm": 0.55, "wind_speed_ms": 14.45, "wind_dir_deg": 349.6146846724913, "wind_var_deg": 95.36232957465725, "_match_days": 10}