{"temperature_c": 9.2, "precipitation_mm": 0.1, "wind_speed_ms": 16.5, "wind_dir_deg": 38.733732850606295, "wind_var_deg": 84.36075110669944, "_match_days": 10}