{"temperature_c": 9.55, "precipitation_mm": 0.1, "wind_speed_ms": 20.15, "wind_dir_deg": 3.018092893362641, "wind_var_deg": 135.70551778293415, "_match_days": 10}