{"temperature_c": 3.8, "precipitation_mm": 0.0, "wind_speed_ms": 8.9, "wind_dir_deg": 219.99876875898173, "wind_var_deg": 89.69657886410903, "_match_days": 10}