{"temperature_c": 0.19999999999999998, "precipitation_mm": 0.6, "wind_speed_ms": 7.15, "wind_dir_deg": 239.65101855849022, "wind_var_deg": 25.80863637833575, "_match_days": 10}