{"temperature_c": 6.35, "precipitation_mm": 0.25, "wind_speed_ms": 9.25, "wind_dir_deg": 144.27124253487833, "wind_var_deg": 78.90641148835222, "_match_days": 10}