{"temperature_c": 5.300000000000001, "precipitation_mm": 0.0, "wind_speed_ms": 5.8, "wind_dir_deg": 303.12361559172945, "wind_var_deg": 31.267210556494803, "_match_days": 10}