{"temperature_c": 4.95, "precipitation_mm": 0.0, "wind_speed_ms": 4.0, "wind_dir_deg": 331.14290781753124, "wind_var_deg": 58.37580535016456, "_match_days": 10}