{"temperature_c": 21.1375, "precipitation_mm": 0.8500000000000001, "rain_probability": 0.8, "rain_typical_mm": 1.35, "wind_speed_ms": 1.3888888888888888, "wind_dir_deg": 248.21210693687914, "wind_var_deg": 79.50608477012618, "_years_start": 2016, "_years_end": 2025, "_provider": "openmeteo", "temp_p25": 17.8, "temp_p75": 23.58125, "temp_std": 3.3873440923531812, "temp_hist_p25": 17.8, "temp_hist_p75": 23.58125, "temp_day_p25": 17.95, "temp_day_p75": 23.25, "temp_day_median": 20.9, "_daytime_points": 10, "_daytime_samples": 40, "_temp_source": "hourly_daytime", "_match_days": 10}