{"temperature_c": 19.75, "precipitation_mm": 0.5, "rain_probability": 0.6, "rain_typical_mm": 1.05, "wind_speed_ms": 1.4305555555555556, "wind_dir_deg": 316.67868865574957, "wind_var_deg": 78.23229514472132, "_years_start": 2016, "_years_end": 2025, "_provider": "openmeteo", "temp_p25": 18.20625, "temp_p75": 22.775, "temp_std": 3.7837349272907583, "temp_hist_p25": 18.20625, "temp_hist_p75": 22.775, "temp_day_p25": 17.875, "temp_day_p75": 22.025, "temp_day_median": 19.8, "_daytime_points": 10, "_daytime_samples": 40, "_temp_source": "hourly_daytime", "_match_days": 10}