{"temperature_c": 7.8500000000000005, "precipitation_mm": 2.7, "wind_speed_ms": 5.55, "wind_dir_deg": 289.0837055914283, "wind_var_deg": 91.01597002241252, "_match_days": 10}