{"temperature_c": 15.225000000000001, "precipitation_mm": 0.7, "rain_probability": 0.6, "rain_typical_mm": 4.4, "wind_speed_ms": 2.0416666666666665, "wind_dir_deg": 306.639117618133, "wind_var_deg": 110.91340068289459, "_years_start": 2016, "_years_end": 2025, "_provider": "openmeteo", "temp_p25": 11.96875, "temp_p75": 17.0125, "temp_std": 3.0909343247633068, "temp_hist_p25": 11.96875, "temp_hist_p75": 17.0125, "temp_day_p25": 12.025, "temp_day_p75": 17.0, "temp_day_median": 15.25, "_daytime_points": 10, "_daytime_samples": 40, "_temp_source": "hourly_daytime", "_match_days": 10}