{"temperature_c": 18.4, "precipitation_mm": 0.35, "wind_speed_ms": 11.05, "wind_dir_deg": 294.6263965211663, "wind_var_deg": 38.46788045468115, "_match_days": 10}