{"temperature_c": 22.724999999999998, "temp_p25": 22.724999999999998, "temp_p75": 22.724999999999998, "temp_std": 0.0, "precipitation_mm": 9.2, "rain_probability": 1.0, "rain_typical_mm": 9.2, "wind_speed_ms": 4.972222222222221, "wind_dir_deg": 245.00000000000003, "wind_var_deg": 0.0, "temp_hist_p25": 22.724999999999998, "temp_hist_p75": 22.724999999999998, "temp_day_p25": 22.325000000000003, "temp_day_p75": 23.35, "temp_day_median": 22.950000000000003, "_offline": true, "_provider": "open-meteo", "_tile_id": "r32_c32", "_match_days": 1, "_temp_source": "offline_tile", "_samples_daily": 1, "_samples_day_means": 1, "_samples_day_hours": 4, "_samples_rain": 1, "_samples_wind": 1}