{"temperature_c": 9.350000000000001, "precipitation_mm": 1.45, "wind_speed_ms": 7.55, "wind_dir_deg": 310.436513532668, "wind_var_deg": 62.15208347444947, "_match_days": 10}