{"temperature_c": 3.8, "precipitation_mm": 0.05, "wind_speed_ms": 7.85, "wind_dir_deg": 144.02618775565156, "wind_var_deg": 79.45968315837015, "_match_days": 10}