{"temperature_c": 16.25, "precipitation_mm": 0.3, "wind_speed_ms": 9.8, "wind_dir_deg": 312.3055743637958, "wind_var_deg": 79.52077362442013, "_match_days": 10}