{"temperature_c": 7.3, "precipitation_mm": 0.5, "wind_speed_ms": 17.4, "wind_dir_deg": 297.3110911858984, "wind_var_deg": 42.028545356934664, "_match_days": 10}