{"temperature_c": 23.125, "precipitation_mm": 1.55, "rain_probability": 0.6, "rain_typical_mm": 3.9, "wind_speed_ms": 2.0416666666666665, "wind_dir_deg": 321.7763472441306, "wind_var_deg": 72.30623575984121, "_years_start": 2016, "_years_end": 2025, "_provider": "openmeteo", "temp_p25": 18.4125, "temp_p75": 24.2375, "temp_std": 3.956343008385396, "temp_hist_p25": 18.4125, "temp_hist_p75": 24.2375, "temp_day_p25": 17.95, "temp_day_p75": 24.924999999999997, "temp_day_median": 22.5, "_daytime_points": 10, "_daytime_samples": 40, "_temp_source": "hourly_daytime", "_match_days": 10}