{"temperature_c": 21.325000000000003, "precipitation_mm": 0.0, "rain_probability": 0.25, "rain_typical_mm": 1.4, "wind_speed_ms": 2.833333333333333, "wind_dir_deg": 230.8562880080322, "wind_var_deg": 82.25460011456815, "_years_start": 2022, "_years_end": 2025, "_provider": "openmeteo", "temp_p25": 17.887500000000003, "temp_p75": 24.16875, "temp_std": 3.7000580654227573, "temp_hist_p25": 17.887500000000003, "temp_hist_p75": 24.16875, "temp_day_p25": 17.15, "temp_day_p75": 25.05, "temp_day_median": 20.5, "_daytime_points": 4, "_daytime_samples": 16, "_temp_source": "hourly_daytime", "_match_days": 4}