{"temperature_c": 5.1, "precipitation_mm": 0.25, "wind_speed_ms": 18.45, "wind_dir_deg": 324.41578933110793, "wind_var_deg": 37.134091382068064, "_match_days": 10}