{"temperature_c": 6.4, "precipitation_mm": 0.05, "wind_speed_ms": 13.5, "wind_dir_deg": 328.0568456228511, "wind_var_deg": 60.25637720572949, "_match_days": 10}