{"temperature_c": 5.6, "precipitation_mm": 0.0, "wind_speed_ms": 8.7, "wind_dir_deg": 191.2756686398894, "wind_var_deg": 87.64205426257533, "_match_days": 10}