{"temperature_c": 18.2625, "precipitation_mm": 0.75, "rain_probability": 0.7, "rain_typical_mm": 1.4, "wind_speed_ms": 3.888888888888889, "wind_dir_deg": 325.2162561707888, "wind_var_deg": 56.80043981135855, "_years_start": 2016, "_years_end": 2025, "_provider": "openmeteo", "temp_p25": 16.2125, "temp_p75": 19.987500000000004, "temp_std": 3.421326497135285, "temp_hist_p25": 16.2125, "temp_hist_p75": 19.987500000000004, "temp_day_p25": 16.575000000000003, "temp_day_p75": 21.0, "temp_day_median": 18.35, "_daytime_points": 10, "_daytime_samples": 40, "_temp_source": "hourly_daytime", "_match_days": 10}