{"temperature_c": 24.737499999999997, "precipitation_mm": 1.2, "rain_probability": 0.9, "rain_typical_mm": 1.5, "wind_speed_ms": 1.0694444444444444, "wind_dir_deg": 189.62744460378576, "wind_var_deg": 50.88846053158499, "_years_start": 2016, "_years_end": 2025, "_provider": "openmeteo", "temp_p25": 22.00625, "temp_p75": 27.03125, "temp_std": 2.916101850073141, "temp_hist_p25": 22.00625, "temp_hist_p75": 27.03125, "temp_day_p25": 21.675, "temp_day_p75": 27.225, "temp_day_median": 24.3, "_daytime_points": 10, "_daytime_samples": 40, "_temp_source": "hourly_daytime", "_match_days": 10}