{"temperature_c": 21.875000000000004, "temp_p25": 21.875000000000004, "temp_p75": 21.875000000000004, "temp_std": 0.0, "precipitation_mm": 0.0, "rain_probability": 0.0, "rain_typical_mm": 0.0, "wind_speed_ms": 1.1944444444444444, "wind_dir_deg": 219.00000000000003, "wind_var_deg": 0.0, "temp_hist_p25": 21.875000000000004, "temp_hist_p75": 21.875000000000004, "temp_day_p25": 21.55, "temp_day_p75": 22.725, "temp_day_median": 22.4, "_offline": true, "_provider": "open-meteo", "_tile_id": "r18_c20", "_match_days": 1, "_temp_source": "offline_tile", "_samples_daily": 1, "_samples_day_means": 1, "_samples_day_hours": 4, "_samples_rain": 1, "_samples_wind": 1}