{"temperature_c": 10.149999999999999, "precipitation_mm": 1.35, "wind_speed_ms": 8.95, "wind_dir_deg": 288.8238787913419, "wind_var_deg": 56.74021317452318, "_match_days": 10}