{"temperature_c": 14.3, "precipitation_mm": 0.8, "wind_speed_ms": 14.35, "wind_dir_deg": 331.58690797539384, "wind_var_deg": 58.995023271458365, "_match_days": 10}