{"temperature_c": 13.100000000000001, "temp_p25": 13.100000000000001, "temp_p75": 13.100000000000001, "temp_std": 0.0, "precipitation_mm": 0.2, "rain_probability": 1.0, "rain_typical_mm": 0.2, "wind_speed_ms": 1.3611111111111112, "wind_dir_deg": 56.0, "wind_var_deg": 0.0, "temp_hist_p25": 13.100000000000001, "temp_hist_p75": 13.100000000000001, "temp_day_p25": 12.225000000000001, "temp_day_p75": 14.425, "temp_day_median": 13.55, "_offline": true, "_provider": "open-meteo", "_tile_id": "r20_c15", "_match_days": 1, "_temp_source": "offline_tile", "_samples_daily": 1, "_samples_day_means": 1, "_samples_day_hours": 4, "_samples_rain": 1, "_samples_wind": 1}