{"temperature_c": 3.6999999999999997, "precipitation_mm": 0.0, "wind_speed_ms": 5.699999999999999, "wind_dir_deg": 348.36313956852774, "wind_var_deg": 43.143534353106475, "_match_days": 10}