{"temperature_c": 19.25, "precipitation_mm": 0.0, "wind_speed_ms": 5.85, "wind_dir_deg": 275.63609578080593, "wind_var_deg": 62.791101165361724, "_match_days": 10}