{"temperature_c": 14.037500000000001, "precipitation_mm": 8.55, "rain_probability": 0.9, "rain_typical_mm": 8.9, "wind_speed_ms": 2.791666666666667, "wind_dir_deg": 280.65668504712187, "wind_var_deg": 78.87456866562448, "_years_start": 2016, "_years_end": 2025, "_provider": "openmeteo", "temp_p25": 12.59375, "temp_p75": 16.30625, "temp_std": 3.461214562837733, "temp_hist_p25": 12.59375, "temp_hist_p75": 16.30625, "temp_day_p25": 12.05, "temp_day_p75": 16.924999999999997, "temp_day_median": 14.35, "_daytime_points": 10, "_daytime_samples": 40, "_temp_source": "hourly_daytime", "_match_days": 10}