{"temperature_c": 18.0, "precipitation_mm": 0.1, "wind_speed_ms": 5.6, "wind_dir_deg": 299.4042434335085, "wind_var_deg": 99.55947594808056, "_match_days": 10}