{"temperature_c": 19.200000000000003, "precipitation_mm": 0.3, "wind_speed_ms": 10.35, "wind_dir_deg": 354.6575031167616, "wind_var_deg": 70.287106430205, "_match_days": 10}