{"temperature_c": 26.725, "precipitation_mm": 0.0, "rain_probability": 0.4, "rain_typical_mm": 4.3, "wind_speed_ms": 2.6666666666666665, "wind_dir_deg": 65.8053408725024, "wind_var_deg": 52.33714807155292, "_years_start": 2016, "_years_end": 2025, "_provider": "openmeteo", "temp_p25": 25.5125, "temp_p75": 29.49375, "temp_std": 2.982486378845679, "temp_hist_p25": 25.5125, "temp_hist_p75": 29.49375, "temp_day_p25": 25.375, "temp_day_p75": 30.225, "temp_day_median": 26.55, "_daytime_points": 10, "_daytime_samples": 40, "_temp_source": "hourly_daytime", "_match_days": 10}