{"temperature_c": 21.675, "precipitation_mm": 0.0, "rain_probability": 0.25, "rain_typical_mm": 0.7, "wind_speed_ms": 2.0972222222222223, "wind_dir_deg": 144.4435346530429, "wind_var_deg": 23.583438896753268, "_years_start": 2022, "_years_end": 2025, "_provider": "openmeteo", "temp_p25": 21.21875, "temp_p75": 23.4, "temp_std": 2.998039724136422, "temp_hist_p25": 21.21875, "temp_hist_p75": 23.4, "temp_day_p25": 20.725, "temp_day_p75": 23.549999999999997, "temp_day_median": 22.4, "_daytime_points": 4, "_daytime_samples": 16, "_temp_source": "hourly_daytime", "_match_days": 4}