{"temperature_c": 12.75, "precipitation_mm": 0.35, "wind_speed_ms": 5.050000000000001, "wind_dir_deg": 266.0281418253385, "wind_var_deg": 60.15114052152007, "_match_days": 10}