{"temperature_c": 24.849999999999998, "temp_p25": 24.849999999999998, "temp_p75": 24.849999999999998, "temp_std": 0.0, "precipitation_mm": 0.6, "rain_probability": 1.0, "rain_typical_mm": 0.6, "wind_speed_ms": 0.9444444444444444, "wind_dir_deg": 270.0, "wind_var_deg": 0.0, "temp_hist_p25": 24.849999999999998, "temp_hist_p75": 24.849999999999998, "temp_day_p25": 24.225, "temp_day_p75": 25.525, "temp_day_median": 24.9, "_offline": true, "_provider": "open-meteo", "_tile_id": "r21_c22", "_match_days": 1, "_temp_source": "offline_tile", "_samples_daily": 1, "_samples_day_means": 1, "_samples_day_hours": 4, "_samples_rain": 1, "_samples_wind": 1}