{"temperature_c": 10.3, "precipitation_mm": 2.3499999999999996, "wind_speed_ms": 5.75, "wind_dir_deg": 240.21639469284597, "wind_var_deg": 65.7763981590634, "_match_days": 10}