{"temperature_c": 18.4, "precipitation_mm": 1.05, "wind_speed_ms": 6.65, "wind_dir_deg": 257.4102594238657, "wind_var_deg": 87.87599061573243, "_match_days": 10}