{"temperature_c": 18.387500000000003, "precipitation_mm": 0.25, "rain_probability": 0.5, "rain_typical_mm": 0.6, "wind_speed_ms": 2.2500000000000004, "wind_dir_deg": 220.44558524804737, "wind_var_deg": 74.0896666581904, "_years_start": 2022, "_years_end": 2025, "_provider": "openmeteo", "temp_p25": 16.575000000000003, "temp_p75": 18.84375, "temp_std": 3.410341579299646, "temp_hist_p25": 16.575000000000003, "temp_hist_p75": 18.84375, "temp_day_p25": 15.674999999999999, "temp_day_p75": 19.175, "temp_day_median": 18.5, "_daytime_points": 4, "_daytime_samples": 16, "_temp_source": "hourly_daytime", "_match_days": 4}