{"temperature_c": 23.1125, "precipitation_mm": 0.25, "rain_probability": 0.5, "rain_typical_mm": 1.15, "wind_speed_ms": 3.3888888888888884, "wind_dir_deg": 215.76410690069267, "wind_var_deg": 105.37893066377042, "_years_start": 2022, "_years_end": 2025, "_provider": "openmeteo", "temp_p25": 22.325, "temp_p75": 23.587500000000002, "temp_std": 1.5800514232138156, "temp_hist_p25": 22.325, "temp_hist_p75": 23.587500000000002, "temp_day_p25": 20.9, "temp_day_p75": 24.775, "temp_day_median": 23.0, "_daytime_points": 4, "_daytime_samples": 16, "_temp_source": "hourly_daytime", "_match_days": 4}