{"temperature_c": 24.799999999999997, "temp_p25": 24.799999999999997, "temp_p75": 24.799999999999997, "temp_std": 0.0, "precipitation_mm": 0.0, "rain_probability": 0.0, "rain_typical_mm": 0.0, "wind_speed_ms": 1.611111111111111, "wind_dir_deg": 193.99999999999997, "wind_var_deg": 8.537736462515939e-07, "temp_hist_p25": 24.799999999999997, "temp_hist_p75": 24.799999999999997, "temp_day_p25": 24.225, "temp_day_p75": 25.875, "temp_day_median": 25.3, "_offline": true, "_provider": "open-meteo", "_tile_id": "r21_c22", "_match_days": 1, "_temp_source": "offline_tile", "_samples_daily": 1, "_samples_day_means": 1, "_samples_day_hours": 4, "_samples_rain": 1, "_samples_wind": 1}