{"temperature_c": 5.9, "precipitation_mm": 0.0, "wind_speed_ms": 10.05, "wind_dir_deg": 90.9815743846919, "wind_var_deg": 89.65803195887162, "_match_days": 10}