{"temperature_c": 20.625, "precipitation_mm": 1.5, "rain_probability": 0.5, "rain_typical_mm": 3.1, "wind_speed_ms": 2.2500000000000004, "wind_dir_deg": 0.6293002902071809, "wind_var_deg": 90.8325530596904, "_years_start": 2022, "_years_end": 2025, "_provider": "openmeteo", "temp_p25": 18.175, "temp_p75": 22.31875, "temp_std": 2.93701458755315, "temp_hist_p25": 18.175, "temp_hist_p75": 22.31875, "temp_day_p25": 16.5, "temp_day_p75": 22.700000000000003, "temp_day_median": 20.6, "_daytime_points": 4, "_daytime_samples": 16, "_temp_source": "hourly_daytime", "_match_days": 4}