{"temperature_c": 8.0, "precipitation_mm": 0.8500000000000001, "wind_speed_ms": 10.0, "wind_dir_deg": 347.9403194646645, "wind_var_deg": 140.20014786766512, "_match_days": 10}