{"temperature_c": 6.800000000000001, "precipitation_mm": 0.55, "wind_speed_ms": 4.0, "wind_dir_deg": 318.88760277982095, "wind_var_deg": 50.41845896046453, "_match_days": 10}