{"temperature_c": 14.237499999999999, "precipitation_mm": 2.5, "rain_probability": 0.8, "rain_typical_mm": 3.5, "wind_speed_ms": 3.333333333333333, "wind_dir_deg": 11.680193055787386, "wind_var_deg": 84.37967656763318, "_years_start": 2016, "_years_end": 2025, "_provider": "openmeteo", "temp_p25": 9.975, "temp_p75": 16.099999999999998, "temp_std": 4.877402613071839, "temp_hist_p25": 9.975, "temp_hist_p75": 16.099999999999998, "temp_day_p25": 10.075, "temp_day_p75": 17.45, "temp_day_median": 13.8, "_daytime_points": 10, "_daytime_samples": 40, "_temp_source": "hourly_daytime", "_match_days": 10}