{"temperature_c": 15.600000000000001, "precipitation_mm": 0.6499999999999999, "wind_speed_ms": 7.5, "wind_dir_deg": 274.4546670821504, "wind_var_deg": 57.27300289911725, "_match_days": 10}