{"temperature_c": 12.55, "precipitation_mm": 1.65, "rain_probability": 0.9, "rain_typical_mm": 1.7, "wind_speed_ms": 1.9583333333333333, "wind_dir_deg": 300.18981648322705, "wind_var_deg": 57.462019491991725, "_years_start": 2016, "_years_end": 2025, "_provider": "openmeteo", "temp_day_p25": 14.799999999999999, "temp_day_p75": 18.575, "temp_day_median": 16.9, "temp_hist_p25": 15.4375, "temp_hist_p75": 19.0, "_temp_source": "daily+hourly", "_match_days": 10}