{"temperature_c": 5.35, "precipitation_mm": 0.0, "wind_speed_ms": 4.2, "wind_dir_deg": 302.9673233358157, "wind_var_deg": 104.14508095560527, "_match_days": 10}