{"temperature_c": 21.9, "precipitation_mm": 0.0, "wind_speed_ms": 13.05, "wind_dir_deg": 353.226607455538, "wind_var_deg": 102.74921998038452, "_match_days": 10}