{"temperature_c": 24.700000000000003, "precipitation_mm": 0.8, "rain_probability": 0.7, "rain_typical_mm": 1.0, "wind_speed_ms": 1.375, "wind_dir_deg": 178.37983117448954, "wind_var_deg": 61.97237495259783, "_years_start": 2016, "_years_end": 2025, "_provider": "openmeteo", "temp_p25": 23.474999999999998, "temp_p75": 25.981250000000003, "temp_std": 1.7755703309077908, "temp_hist_p25": 23.474999999999998, "temp_hist_p75": 25.981250000000003, "temp_day_p25": 23.025000000000002, "temp_day_p75": 26.0, "temp_day_median": 24.65, "_daytime_points": 10, "_daytime_samples": 40, "_temp_source": "hourly_daytime", "_match_days": 10}