{"temperature_c": 9.25, "precipitation_mm": 2.45, "rain_probability": 0.7, "rain_typical_mm": 4.5, "wind_speed_ms": 1.3194444444444444, "wind_dir_deg": 51.89075027799996, "wind_var_deg": 118.64688014856384, "_years_start": 2016, "_years_end": 2025, "_provider": "openmeteo", "temp_p25": 7.90625, "temp_p75": 11.68125, "temp_std": 3.1992782389157712, "temp_hist_p25": 7.90625, "temp_hist_p75": 11.68125, "temp_day_p25": 7.9, "temp_day_p75": 12.55, "temp_day_median": 9.05, "_daytime_points": 10, "_daytime_samples": 40, "_temp_source": "hourly_daytime", "_match_days": 10}