{"temperature_c": 9.95, "precipitation_mm": 0.1, "wind_speed_ms": 13.8, "wind_dir_deg": 181.60429399640245, "wind_var_deg": 42.24956454828198, "_match_days": 10}