{"temperature_c": 25.0, "precipitation_mm": 0.6, "rain_probability": 0.6, "rain_typical_mm": 3.45, "wind_speed_ms": 1.0416666666666667, "wind_dir_deg": 184.20607257536386, "wind_var_deg": 67.62076962355306, "_years_start": 2016, "_years_end": 2025, "_provider": "openmeteo", "temp_p25": 21.025, "temp_p75": 28.18125, "temp_std": 3.710829590536327, "temp_hist_p25": 21.025, "temp_hist_p75": 28.18125, "temp_day_p25": 21.299999999999997, "temp_day_p75": 28.35, "temp_day_median": 25.4, "_daytime_points": 10, "_daytime_samples": 40, "_temp_source": "hourly_daytime", "_match_days": 10}