{"temperature_c": 3.5999999999999996, "precipitation_mm": 0.0, "wind_speed_ms": 8.1, "wind_dir_deg": 284.4814301898868, "wind_var_deg": 73.17695284003078, "_match_days": 10}