{"temperature_c": 20.150000000000002, "precipitation_mm": 1.1, "rain_probability": 0.6, "rain_typical_mm": 10.399999999999999, "wind_speed_ms": 1.402777777777778, "wind_dir_deg": 273.802466614954, "wind_var_deg": 90.33491295364846, "_years_start": 2016, "_years_end": 2025, "_provider": "openmeteo", "temp_p25": 18.65625, "temp_p75": 20.8625, "temp_std": 2.063249863685928, "temp_hist_p25": 18.65625, "temp_hist_p75": 20.8625, "temp_day_p25": 18.3, "temp_day_p75": 21.4, "temp_day_median": 20.3, "_daytime_points": 10, "_daytime_samples": 40, "_temp_source": "hourly_daytime", "_match_days": 10}