{"temperature_c": 27.2125, "precipitation_mm": 0.1, "rain_probability": 0.5, "rain_typical_mm": 0.5, "wind_speed_ms": 2.5555555555555554, "wind_dir_deg": 88.59315056332963, "wind_var_deg": 84.30730721221995, "_years_start": 2016, "_years_end": 2025, "_provider": "openmeteo", "temp_p25": 26.35, "temp_p75": 29.2125, "temp_std": 3.4342612014813314, "temp_hist_p25": 26.35, "temp_hist_p75": 29.2125, "temp_day_p25": 25.950000000000003, "temp_day_p75": 29.825, "temp_day_median": 27.3, "_daytime_points": 10, "_daytime_samples": 40, "_temp_source": "hourly_daytime", "_match_days": 10}