{"temperature_c": 19.9, "precipitation_mm": 0.0, "wind_speed_ms": 13.600000000000001, "wind_dir_deg": 303.4004465256977, "wind_var_deg": 42.13818601016719, "_match_days": 10}