{"temperature_c": 1.05, "precipitation_mm": 0.55, "wind_speed_ms": 5.4, "wind_dir_deg": 248.926338650135, "wind_var_deg": 58.34107701315747, "_match_days": 10}