{"temperature_c": 11.1, "precipitation_mm": 0.7, "wind_speed_ms": 11.95, "wind_dir_deg": 342.1432145926041, "wind_var_deg": 69.21768734491972, "_match_days": 10}