{"temperature_c": 6.300000000000001, "precipitation_mm": 2.4, "wind_speed_ms": 7.6, "wind_dir_deg": 246.2493851601419, "wind_var_deg": 49.62976735221985, "_match_days": 10}