{"temperature_c": 12.55, "precipitation_mm": 0.5, "wind_speed_ms": 6.45, "wind_dir_deg": 266.7625666746472, "wind_var_deg": 58.58650807150423, "_match_days": 10}