{"temperature_c": 7.0, "precipitation_mm": 0.0, "wind_speed_ms": 14.55, "wind_dir_deg": 337.6944122022958, "wind_var_deg": 49.59236232660238, "_match_days": 10}