{"temperature_c": 9.45, "precipitation_mm": 0.0, "wind_speed_ms": 12.0, "wind_dir_deg": 323.6067563348077, "wind_var_deg": 42.56024730255882, "_match_days": 10}