{"temperature_c": 15.1875, "precipitation_mm": 1.05, "rain_probability": 0.5, "rain_typical_mm": 9.200000000000001, "wind_speed_ms": 2.1944444444444446, "wind_dir_deg": 238.89403987837989, "wind_var_deg": 68.58877918979779, "_years_start": 2022, "_years_end": 2025, "_provider": "openmeteo", "temp_p25": 11.75, "temp_p75": 18.31875, "temp_std": 4.189435187170223, "temp_hist_p25": 11.75, "temp_hist_p75": 18.31875, "temp_day_p25": 10.775, "temp_day_p75": 18.675, "temp_day_median": 15.15, "_daytime_points": 4, "_daytime_samples": 16, "_temp_source": "hourly_daytime", "_match_days": 4}