{"temperature_c": 5.85, "precipitation_mm": 0.5, "wind_speed_ms": 7.0, "wind_dir_deg": 309.5728317386668, "wind_var_deg": 60.23727608626804, "_match_days": 10}