{"temperature_c": 6.5, "precipitation_mm": 0.0, "wind_speed_ms": 9.25, "wind_dir_deg": 125.53616891656473, "wind_var_deg": 100.12143937858784, "_match_days": 10}