{"temperature_c": 4.85, "precipitation_mm": 2.3, "wind_speed_ms": 10.75, "wind_dir_deg": 31.9923339381086, "wind_var_deg": 67.81497689325639, "_match_days": 10}