{
  "ride_temp_mean": 7.575,
  "ride_precip_sum": 0.7000000000000001,
  "ride_wind_speed": 27.280294991189788,
  "ride_wind_dir": 220.2565799469626,
  "tent_precip_sum": 5.2,
  "tent_temp_mean": 6.965000000000001
}