{
  "samples_local": {
    "10": {
      "temp": -0.6,
      "precip": 0.1,
      "wind": 13.5,
      "wind_dir_deg": 351.0
    },
    "12": {
      "temp": 0.8,
      "precip": 0.9,
      "wind": 13.1,
      "wind_dir_deg": 351.0
    },
    "14": {
      "temp": 0.3,
      "precip": 0.4,
      "wind": 16.6,
      "wind_dir_deg": 342.0
    },
    "16": {
      "temp": 0.6,
      "precip": 0.8,
      "wind": 20.6,
      "wind_dir_deg": 354.0
    }
  },
  "ride_temp_mean": 0.275,
  "ride_wind_mean": 15.950000000000001,
  "ride_wind_dir_deg": 349.631404366997,
  "ride_rain_flag": 1.0,
  "tent_rain_flag": 1.0,
  "daily_precip_sum": 7.7,
  "daily_temp_mean": -0.8958333333333334,
  "daily_wind_mean": 14.737499999999999,
  "daily_wind_dir_deg": 358.3306938582509
}