{
  "samples_local": {
    "10": {
      "temp": -1.4,
      "precip": 0.5,
      "wind": 12.9,
      "wind_dir_deg": 342.0
    },
    "12": {
      "temp": -0.6,
      "precip": 1.1,
      "wind": 15.3,
      "wind_dir_deg": 345.0
    },
    "14": {
      "temp": -1.8,
      "precip": 1.4,
      "wind": 13.8,
      "wind_dir_deg": 311.0
    },
    "16": {
      "temp": 0.2,
      "precip": 0.2,
      "wind": 15.4,
      "wind_dir_deg": 344.0
    }
  },
  "ride_temp_mean": -0.9,
  "ride_wind_mean": 14.350000000000001,
  "ride_wind_dir_deg": 336.05451841349014,
  "ride_rain_flag": 1.0,
  "tent_rain_flag": 1.0,
  "daily_precip_sum": 7.8,
  "daily_temp_mean": -1.0333333333333334,
  "daily_wind_mean": 15.358333333333334,
  "daily_wind_dir_deg": 358.11898222768167
}