{
  "samples_local": {
    "10": {
      "temp": -2.5,
      "precip": 0.0,
      "wind": 18.8,
      "wind_dir_deg": 17.0
    },
    "12": {
      "temp": -0.8,
      "precip": 0.1,
      "wind": 16.2,
      "wind_dir_deg": 12.0
    },
    "14": {
      "temp": 0.4,
      "precip": 0.5,
      "wind": 16.1,
      "wind_dir_deg": 10.0
    },
    "16": {
      "temp": -0.8,
      "precip": 0.8,
      "wind": 17.7,
      "wind_dir_deg": 358.0
    }
  },
  "ride_temp_mean": -0.925,
  "ride_wind_mean": 17.2,
  "ride_wind_dir_deg": 9.308822247669923,
  "ride_rain_flag": 1.0,
  "tent_rain_flag": 1.0,
  "daily_precip_sum": 9.200000000000001,
  "daily_temp_mean": -2.345833333333333,
  "daily_wind_mean": 16.279166666666665,
  "daily_wind_dir_deg": 17.5972782784944
}