{
  "samples_local": {
    "10": {
      "temp": -1.3,
      "precip": 0.1,
      "wind": 13.3,
      "wind_dir_deg": 311.0
    },
    "12": {
      "temp": 0.4,
      "precip": 0.3,
      "wind": 12.0,
      "wind_dir_deg": 311.0
    },
    "14": {
      "temp": -0.9,
      "precip": 0.7,
      "wind": 6.9,
      "wind_dir_deg": 276.0
    },
    "16": {
      "temp": -0.7,
      "precip": 1.3,
      "wind": 3.6,
      "wind_dir_deg": 264.0
    }
  },
  "ride_temp_mean": -0.625,
  "ride_wind_mean": 8.950000000000001,
  "ride_wind_dir_deg": 299.8400785340335,
  "ride_rain_flag": 1.0,
  "tent_rain_flag": 1.0,
  "daily_precip_sum": 12.5,
  "daily_temp_mean": -2.0749999999999997,
  "daily_wind_mean": 10.029166666666667,
  "daily_wind_dir_deg": 300.1499189117688
}