{
  "samples_local": {
    "10": {
      "temp": -3.2,
      "precip": 0.0,
      "wind": 13.8,
      "wind_dir_deg": 354.0
    },
    "12": {
      "temp": -1.4,
      "precip": 0.0,
      "wind": 13.4,
      "wind_dir_deg": 354.0
    },
    "14": {
      "temp": -0.8,
      "precip": 0.0,
      "wind": 11.6,
      "wind_dir_deg": 353.0
    },
    "16": {
      "temp": -1.9,
      "precip": 0.0,
      "wind": 8.1,
      "wind_dir_deg": 347.0
    }
  },
  "ride_temp_mean": -1.825,
  "ride_wind_mean": 11.725,
  "ride_wind_dir_deg": 352.5451124863555,
  "ride_rain_flag": 0.0,
  "tent_rain_flag": 0.0,
  "daily_precip_sum": 0.30000000000000004,
  "daily_temp_mean": -2.9416666666666664,
  "daily_wind_mean": 11.0375,
  "daily_wind_dir_deg": 4.783569702239788
}