{
  "samples_local": {
    "10": {
      "temp": -2.9,
      "precip": 0.0,
      "wind": 11.3,
      "wind_dir_deg": 353.0
    },
    "12": {
      "temp": -0.8,
      "precip": 0.0,
      "wind": 8.4,
      "wind_dir_deg": 353.0
    },
    "14": {
      "temp": -0.5,
      "precip": 0.0,
      "wind": 8.2,
      "wind_dir_deg": 337.0
    },
    "16": {
      "temp": -1.1,
      "precip": 0.0,
      "wind": 4.1,
      "wind_dir_deg": 315.0
    }
  },
  "ride_temp_mean": -1.325,
  "ride_wind_mean": 8.0,
  "ride_wind_dir_deg": 344.1740257085056,
  "ride_rain_flag": 0.0,
  "tent_rain_flag": 1.0,
  "daily_precip_sum": 0.6000000000000001,
  "daily_temp_mean": -2.5749999999999997,
  "daily_wind_mean": 9.458333333333334,
  "daily_wind_dir_deg": 2.313485806931851
}