{
  "ride_temp_mean": 1.55,
  "ride_precip_sum": 0.1,
  "ride_wind_speed": 17.51543076070779,
  "ride_wind_dir": 309.990506093542,
  "tent_precip_sum": 0.30000000000000004,
  "tent_temp_mean": 0.905
}