{
  "ride_temp_mean": 2.175,
  "ride_precip_sum": 0.0,
  "ride_wind_speed": 2.8938872061595946,
  "ride_wind_dir": 262.7188031773038,
  "tent_precip_sum": 0.0,
  "tent_temp_mean": -0.7649999999999999
}