{
  "ride_temp_mean": 1.2249999999999999,
  "ride_precip_sum": 0.0,
  "ride_wind_speed": 8.094068350317128,
  "ride_wind_dir": 273.0298674900992,
  "tent_precip_sum": 1.3,
  "tent_temp_mean": 0.12499999999999997
}