{
  "ride_temp_mean": -7.625,
  "ride_precip_sum": 0.0,
  "ride_wind_speed": 1.2166960573539893,
  "ride_wind_dir": 263.9139229834325,
  "tent_precip_sum": 0.0,
  "tent_temp_mean": -11.98
}