{
  "ride_temp_mean": 4.55,
  "ride_precip_sum": 0.0,
  "ride_wind_speed": 2.741616928324893,
  "ride_wind_dir": 225.98341843410435,
  "tent_precip_sum": 0.9,
  "tent_temp_mean": 2.46
}