{
  "ride_temp_mean": 9.275,
  "ride_precip_sum": 0.0,
  "ride_wind_speed": 3.8438238350491685,
  "ride_wind_dir": 217.51278191979281,
  "tent_precip_sum": 0.0,
  "tent_temp_mean": 7.225
}