{
  "samples_local": {
    "10": {
      "temp": 18.0,
      "precip": 0.0,
      "wind": 9.1,
      "wind_dir_deg": 198.0
    },
    "12": {
      "temp": 18.5,
      "precip": 0.0,
      "wind": 9.5,
      "wind_dir_deg": 144.0
    },
    "14": {
      "temp": 18.4,
      "precip": 0.0,
      "wind": 14.5,
      "wind_dir_deg": 161.0
    },
    "16": {
      "temp": 18.1,
      "precip": 0.0,
      "wind": 15.3,
      "wind_dir_deg": 168.0
    }
  },
  "ride_temp_mean": 18.25,
  "ride_wind_mean": 12.1,
  "ride_wind_dir_deg": 166.66098426735414,
  "ride_rain_flag": 0.0,
  "tent_rain_flag": 0.0,
  "daily_precip_sum": 0.0,
  "daily_temp_mean": 18.474999999999998,
  "daily_wind_mean": 12.629166666666668,
  "daily_wind_dir_deg": 170.16214650095299
}