{
  "samples_local": {
    "10": {
      "temp": 17.2,
      "precip": 0.0,
      "wind": 1.3,
      "wind_dir_deg": 236.0
    },
    "12": {
      "temp": 20.5,
      "precip": 0.0,
      "wind": 2.2,
      "wind_dir_deg": 171.0
    },
    "14": {
      "temp": 22.1,
      "precip": 0.0,
      "wind": 4.1,
      "wind_dir_deg": 105.0
    },
    "16": {
      "temp": 20.3,
      "precip": 0.0,
      "wind": 10.3,
      "wind_dir_deg": 85.0
    }
  },
  "ride_temp_mean": 20.025,
  "ride_wind_mean": 4.4750000000000005,
  "ride_wind_dir_deg": 102.79609112591231,
  "ride_rain_flag": 0.0,
  "tent_rain_flag": 0.0,
  "daily_precip_sum": 0.0,
  "daily_temp_mean": 13.733333333333334,
  "daily_wind_mean": 4.983333333333333,
  "daily_wind_dir_deg": 265.1932649309812
}