{
  "samples_local": {
    "10": {
      "temp": 14.9,
      "precip": 0.0,
      "wind": 5.5,
      "wind_dir_deg": 142.0
    },
    "12": {
      "temp": 17.1,
      "precip": 0.0,
      "wind": 6.9,
      "wind_dir_deg": 185.0
    },
    "14": {
      "temp": 17.9,
      "precip": 0.0,
      "wind": 8.8,
      "wind_dir_deg": 176.0
    },
    "16": {
      "temp": 17.0,
      "precip": 0.0,
      "wind": 9.5,
      "wind_dir_deg": 165.0
    }
  },
  "ride_temp_mean": 16.725,
  "ride_wind_mean": 7.675000000000001,
  "ride_wind_dir_deg": 168.6430942908479,
  "ride_rain_flag": 0.0,
  "tent_rain_flag": 0.0,
  "daily_precip_sum": 0.0,
  "daily_temp_mean": 11.941666666666668,
  "daily_wind_mean": 6.683333333333334,
  "daily_wind_dir_deg": 139.66089608197234
}