{
  "samples_local": {
    "10": {
      "temp": 14.6,
      "precip": 0.0,
      "wind": 18.0,
      "wind_dir_deg": 221.0
    },
    "12": {
      "temp": 15.2,
      "precip": 0.0,
      "wind": 15.9,
      "wind_dir_deg": 225.0
    },
    "14": {
      "temp": 16.3,
      "precip": 0.0,
      "wind": 14.6,
      "wind_dir_deg": 207.0
    },
    "16": {
      "temp": 17.1,
      "precip": 0.0,
      "wind": 14.0,
      "wind_dir_deg": 173.0
    }
  },
  "ride_temp_mean": 15.8,
  "ride_wind_mean": 15.625,
  "ride_wind_dir_deg": 208.40231591670252,
  "ride_rain_flag": 0.0,
  "tent_rain_flag": 0.0,
  "daily_precip_sum": 0.0,
  "daily_temp_mean": 15.991666666666667,
  "daily_wind_mean": 16.470833333333335,
  "daily_wind_dir_deg": 208.44384282618125
}