{
  "ride_temp_mean": -2.15,
  "ride_precip_sum": 0.0,
  "ride_wind_speed": 1.4134905782125822,
  "ride_wind_dir": 145.7528953211405,
  "tent_precip_sum": 0.1,
  "tent_temp_mean": -4.4350000000000005
}