{
  "ride_temp_mean": 4.425,
  "ride_precip_sum": 0.0,
  "ride_wind_speed": 2.665672097289264,
  "ride_wind_dir": 340.4474948037868,
  "tent_precip_sum": 0.0,
  "tent_temp_mean": 0.085
}