{
  "ride_temp_mean": 5.725,
  "ride_precip_sum": 0.0,
  "ride_wind_speed": 1.135845213036123,
  "ride_wind_dir": 135.0,
  "tent_precip_sum": 0.0,
  "tent_temp_mean": 3.4899999999999998
}