{
  "ride_temp_mean": 4.0,
  "ride_precip_sum": 0.0,
  "ride_wind_speed": 0.6903980372460781,
  "ride_wind_dir": 67.167307172204,
  "tent_precip_sum": 1.2,
  "tent_temp_mean": 2.08
}