{
  "ride_temp_mean": 2.975,
  "ride_precip_sum": 0.0,
  "ride_wind_speed": 2.5114161231824745,
  "ride_wind_dir": 95.42931969475671,
  "tent_precip_sum": 0.0,
  "tent_temp_mean": 0.6
}