{
  "samples_local": {
    "10": {
      "temp": 26.9,
      "precip": 0.1,
      "wind": 15.8,
      "wind_dir_deg": 249.0
    },
    "12": {
      "temp": 29.9,
      "precip": 0.0,
      "wind": 14.5,
      "wind_dir_deg": 239.0
    },
    "14": {
      "temp": 30.8,
      "precip": 0.0,
      "wind": 15.1,
      "wind_dir_deg": 239.0
    },
    "16": {
      "temp": 27.9,
      "precip": 0.9,
      "wind": 12.7,
      "wind_dir_deg": 225.0
    }
  },
  "ride_temp_mean": 28.875,
  "ride_wind_mean": 14.525,
  "ride_wind_dir_deg": 238.6723058840465,
  "ride_rain_flag": 1.0,
  "tent_rain_flag": 1.0,
  "daily_precip_sum": 3.3000000000000003,
  "daily_temp_mean": 25.25,
  "daily_wind_mean": 10.883333333333333,
  "daily_wind_dir_deg": 227.37507395847936
}