{
  "samples_local": {
    "10": {
      "temp": 11.4,
      "precip": 0.0,
      "wind": 11.0,
      "wind_dir_deg": 177.0
    },
    "12": {
      "temp": 13.9,
      "precip": 0.0,
      "wind": 13.0,
      "wind_dir_deg": 166.0
    },
    "14": {
      "temp": 14.4,
      "precip": 0.0,
      "wind": 12.5,
      "wind_dir_deg": 173.0
    },
    "16": {
      "temp": 13.8,
      "precip": 0.0,
      "wind": 13.9,
      "wind_dir_deg": 149.0
    }
  },
  "ride_temp_mean": 13.375,
  "ride_wind_mean": 12.6,
  "ride_wind_dir_deg": 165.48872166730325,
  "ride_rain_flag": 0.0,
  "tent_rain_flag": 0.0,
  "daily_precip_sum": 0.0,
  "daily_temp_mean": 9.779166666666667,
  "daily_wind_mean": 7.520833333333333,
  "daily_wind_dir_deg": 164.11212165525114
}