{
  "samples_local": {
    "10": {
      "temp": 9.4,
      "precip": 0.0,
      "wind": 11.5,
      "wind_dir_deg": 200.0
    },
    "12": {
      "temp": 11.7,
      "precip": 0.1,
      "wind": 12.0,
      "wind_dir_deg": 219.0
    },
    "14": {
      "temp": 11.9,
      "precip": 0.0,
      "wind": 13.5,
      "wind_dir_deg": 222.0
    },
    "16": {
      "temp": 12.7,
      "precip": 0.0,
      "wind": 11.1,
      "wind_dir_deg": 226.0
    }
  },
  "ride_temp_mean": 11.425,
  "ride_wind_mean": 12.025,
  "ride_wind_dir_deg": 216.96318787199394,
  "ride_rain_flag": 0.0,
  "tent_rain_flag": 1.0,
  "daily_precip_sum": 0.6000000000000001,
  "daily_temp_mean": 8.895833333333334,
  "daily_wind_mean": 8.916666666666666,
  "daily_wind_dir_deg": 201.65567739621565
}