{
  "samples_local": {
    "10": {
      "temp": 10.6,
      "precip": 0.0,
      "wind": 15.9,
      "wind_dir_deg": 194.0
    },
    "12": {
      "temp": 12.0,
      "precip": 0.0,
      "wind": 14.4,
      "wind_dir_deg": 193.0
    },
    "14": {
      "temp": 12.4,
      "precip": 0.0,
      "wind": 14.1,
      "wind_dir_deg": 193.0
    },
    "16": {
      "temp": 12.1,
      "precip": 0.0,
      "wind": 15.5,
      "wind_dir_deg": 185.0
    }
  },
  "ride_temp_mean": 11.775,
  "ride_wind_mean": 14.975,
  "ride_wind_dir_deg": 191.19801394271735,
  "ride_rain_flag": 0.0,
  "tent_rain_flag": 0.0,
  "daily_precip_sum": 0.0,
  "daily_temp_mean": 9.424999999999999,
  "daily_wind_mean": 12.804166666666667,
  "daily_wind_dir_deg": 192.02853140035458
}