{
  "samples_local": {
    "10": {
      "temp": 10.9,
      "precip": 0.0,
      "wind": 9.8,
      "wind_dir_deg": 166.0
    },
    "12": {
      "temp": 13.8,
      "precip": 0.2,
      "wind": 9.6,
      "wind_dir_deg": 206.0
    },
    "14": {
      "temp": 14.8,
      "precip": 0.2,
      "wind": 10.9,
      "wind_dir_deg": 219.0
    },
    "16": {
      "temp": 15.4,
      "precip": 0.0,
      "wind": 10.2,
      "wind_dir_deg": 219.0
    }
  },
  "ride_temp_mean": 13.725000000000001,
  "ride_wind_mean": 10.125,
  "ride_wind_dir_deg": 203.63923897544248,
  "ride_rain_flag": 1.0,
  "tent_rain_flag": 1.0,
  "daily_precip_sum": 2.1,
  "daily_temp_mean": 10.933333333333332,
  "daily_wind_mean": 8.195833333333333,
  "daily_wind_dir_deg": 191.58216587729484
}