{
  "samples_local": {
    "10": {
      "temp": 9.2,
      "precip": 0.1,
      "wind": 9.3,
      "wind_dir_deg": 195.0
    },
    "12": {
      "temp": 10.6,
      "precip": 0.0,
      "wind": 11.4,
      "wind_dir_deg": 205.0
    },
    "14": {
      "temp": 11.8,
      "precip": 0.0,
      "wind": 12.5,
      "wind_dir_deg": 210.0
    },
    "16": {
      "temp": 13.2,
      "precip": 0.1,
      "wind": 10.8,
      "wind_dir_deg": 208.0
    }
  },
  "ride_temp_mean": 11.2,
  "ride_wind_mean": 11.0,
  "ride_wind_dir_deg": 205.05199836060413,
  "ride_rain_flag": 0.0,
  "tent_rain_flag": 0.0,
  "daily_precip_sum": 0.30000000000000004,
  "daily_temp_mean": 8.733333333333333,
  "daily_wind_mean": 9.35,
  "daily_wind_dir_deg": 190.26901481300575
}