{
  "samples_local": {
    "10": {
      "temp": 10.4,
      "precip": 0.0,
      "wind": 3.3,
      "wind_dir_deg": 193.0
    },
    "12": {
      "temp": 12.6,
      "precip": 0.0,
      "wind": 10.2,
      "wind_dir_deg": 221.0
    },
    "14": {
      "temp": 13.3,
      "precip": 0.1,
      "wind": 9.4,
      "wind_dir_deg": 222.0
    },
    "16": {
      "temp": 14.2,
      "precip": 0.1,
      "wind": 8.8,
      "wind_dir_deg": 226.0
    }
  },
  "ride_temp_mean": 12.625,
  "ride_wind_mean": 7.925,
  "ride_wind_dir_deg": 219.86768289860325,
  "ride_rain_flag": 0.0,
  "tent_rain_flag": 0.0,
  "daily_precip_sum": 0.30000000000000004,
  "daily_temp_mean": 9.354166666666666,
  "daily_wind_mean": 6.204166666666667,
  "daily_wind_dir_deg": 202.1617840740731
}