{
  "samples_local": {
    "10": {
      "temp": 11.5,
      "precip": 0.1,
      "wind": 5.3,
      "wind_dir_deg": 142.0
    },
    "12": {
      "temp": 12.0,
      "precip": 0.1,
      "wind": 7.1,
      "wind_dir_deg": 170.0
    },
    "14": {
      "temp": 14.6,
      "precip": 0.2,
      "wind": 10.9,
      "wind_dir_deg": 200.0
    },
    "16": {
      "temp": 14.0,
      "precip": 0.0,
      "wind": 12.5,
      "wind_dir_deg": 203.0
    }
  },
  "ride_temp_mean": 13.025,
  "ride_wind_mean": 8.95,
  "ride_wind_dir_deg": 187.12768430686867,
  "ride_rain_flag": 1.0,
  "tent_rain_flag": 1.0,
  "daily_precip_sum": 0.9,
  "daily_temp_mean": 10.808333333333332,
  "daily_wind_mean": 6.741666666666667,
  "daily_wind_dir_deg": 175.28174794580377
}