{
  "samples_local": {
    "10": {
      "temp": 9.5,
      "precip": 0.0,
      "wind": 4.2,
      "wind_dir_deg": 173.0
    },
    "12": {
      "temp": 11.6,
      "precip": 0.0,
      "wind": 9.3,
      "wind_dir_deg": 195.0
    },
    "14": {
      "temp": 12.4,
      "precip": 0.1,
      "wind": 12.4,
      "wind_dir_deg": 180.0
    },
    "16": {
      "temp": 11.9,
      "precip": 0.0,
      "wind": 13.9,
      "wind_dir_deg": 177.0
    }
  },
  "ride_temp_mean": 11.35,
  "ride_wind_mean": 9.950000000000001,
  "ride_wind_dir_deg": 181.6961663631592,
  "ride_rain_flag": 0.0,
  "tent_rain_flag": 0.0,
  "daily_precip_sum": 0.30000000000000004,
  "daily_temp_mean": 8.429166666666667,
  "daily_wind_mean": 7.9125000000000005,
  "daily_wind_dir_deg": 206.64705361500063
}