{
  "samples_local": {
    "10": {
      "temp": 10.1,
      "precip": 0.0,
      "wind": 6.8,
      "wind_dir_deg": 169.0
    },
    "12": {
      "temp": 13.4,
      "precip": 0.1,
      "wind": 13.5,
      "wind_dir_deg": 183.0
    },
    "14": {
      "temp": 13.2,
      "precip": 0.0,
      "wind": 13.4,
      "wind_dir_deg": 194.0
    },
    "16": {
      "temp": 13.4,
      "precip": 0.0,
      "wind": 13.9,
      "wind_dir_deg": 190.0
    }
  },
  "ride_temp_mean": 12.525,
  "ride_wind_mean": 11.9,
  "ride_wind_dir_deg": 186.17007656151407,
  "ride_rain_flag": 0.0,
  "tent_rain_flag": 0.0,
  "daily_precip_sum": 0.2,
  "daily_temp_mean": 10.029166666666667,
  "daily_wind_mean": 9.391666666666667,
  "daily_wind_dir_deg": 184.31026968206712
}