{
  "samples_local": {
    "10": {
      "temp": 8.5,
      "precip": 0.0,
      "wind": 9.4,
      "wind_dir_deg": 132.0
    },
    "12": {
      "temp": 8.9,
      "precip": 0.1,
      "wind": 11.5,
      "wind_dir_deg": 158.0
    },
    "14": {
      "temp": 8.8,
      "precip": 0.1,
      "wind": 10.8,
      "wind_dir_deg": 179.0
    },
    "16": {
      "temp": 8.0,
      "precip": 0.1,
      "wind": 8.9,
      "wind_dir_deg": 172.0
    }
  },
  "ride_temp_mean": 8.55,
  "ride_wind_mean": 10.15,
  "ride_wind_dir_deg": 160.8172358425362,
  "ride_rain_flag": 0.0,
  "tent_rain_flag": 1.0,
  "daily_precip_sum": 3.3000000000000003,
  "daily_temp_mean": 6.254166666666666,
  "daily_wind_mean": 8.441666666666666,
  "daily_wind_dir_deg": 122.93610594151414
}