{
  "samples_local": {
    "10": {
      "temp": 11.4,
      "precip": 0.0,
      "wind": 10.3,
      "wind_dir_deg": 165.0
    },
    "12": {
      "temp": 13.9,
      "precip": 0.1,
      "wind": 13.9,
      "wind_dir_deg": 159.0
    },
    "14": {
      "temp": 14.1,
      "precip": 0.1,
      "wind": 16.7,
      "wind_dir_deg": 150.0
    },
    "16": {
      "temp": 13.9,
      "precip": 0.0,
      "wind": 18.2,
      "wind_dir_deg": 150.0
    }
  },
  "ride_temp_mean": 13.325,
  "ride_wind_mean": 14.775,
  "ride_wind_dir_deg": 154.72360276327436,
  "ride_rain_flag": 0.0,
  "tent_rain_flag": 0.0,
  "daily_precip_sum": 0.4,
  "daily_temp_mean": 10.566666666666666,
  "daily_wind_mean": 13.295833333333334,
  "daily_wind_dir_deg": 143.4785276314709
}