{
  "samples_local": {
    "10": {
      "temp": 9.9,
      "precip": 0.0,
      "wind": 17.2,
      "wind_dir_deg": 209.0
    },
    "12": {
      "temp": 11.9,
      "precip": 0.1,
      "wind": 15.8,
      "wind_dir_deg": 195.0
    },
    "14": {
      "temp": 12.2,
      "precip": 0.0,
      "wind": 15.5,
      "wind_dir_deg": 190.0
    },
    "16": {
      "temp": 12.9,
      "precip": 0.0,
      "wind": 15.9,
      "wind_dir_deg": 189.0
    }
  },
  "ride_temp_mean": 11.725,
  "ride_wind_mean": 16.1,
  "ride_wind_dir_deg": 196.03190095396715,
  "ride_rain_flag": 0.0,
  "tent_rain_flag": 1.0,
  "daily_precip_sum": 2.1,
  "daily_temp_mean": 9.066666666666666,
  "daily_wind_mean": 12.529166666666667,
  "daily_wind_dir_deg": 187.72088279597347
}