{
  "samples_local": {
    "10": {
      "temp": 8.8,
      "precip": 0.0,
      "wind": 11.0,
      "wind_dir_deg": 184.0
    },
    "12": {
      "temp": 10.1,
      "precip": 0.0,
      "wind": 13.2,
      "wind_dir_deg": 182.0
    },
    "14": {
      "temp": 10.4,
      "precip": 0.2,
      "wind": 13.9,
      "wind_dir_deg": 178.0
    },
    "16": {
      "temp": 9.8,
      "precip": 0.0,
      "wind": 14.7,
      "wind_dir_deg": 188.0
    }
  },
  "ride_temp_mean": 9.775,
  "ride_wind_mean": 13.2,
  "ride_wind_dir_deg": 183.03406950507838,
  "ride_rain_flag": 1.0,
  "tent_rain_flag": 0.0,
  "daily_precip_sum": 0.4,
  "daily_temp_mean": 7.9125000000000005,
  "daily_wind_mean": 10.416666666666666,
  "daily_wind_dir_deg": 189.24866844944393
}