{
  "samples_local": {
    "10": {
      "temp": 11.6,
      "precip": 0.0,
      "wind": 7.0,
      "wind_dir_deg": 247.0
    },
    "12": {
      "temp": 14.9,
      "precip": 0.1,
      "wind": 9.4,
      "wind_dir_deg": 232.0
    },
    "14": {
      "temp": 14.5,
      "precip": 0.2,
      "wind": 14.2,
      "wind_dir_deg": 187.0
    },
    "16": {
      "temp": 14.5,
      "precip": 0.0,
      "wind": 14.3,
      "wind_dir_deg": 186.0
    }
  },
  "ride_temp_mean": 13.875,
  "ride_wind_mean": 11.225,
  "ride_wind_dir_deg": 204.86983821487559,
  "ride_rain_flag": 1.0,
  "tent_rain_flag": 1.0,
  "daily_precip_sum": 0.7000000000000001,
  "daily_temp_mean": 10.3375,
  "daily_wind_mean": 8.170833333333333,
  "daily_wind_dir_deg": 184.23517536856136
}