{
  "samples_local": {
    "10": {
      "temp": 11.7,
      "precip": 0.0,
      "wind": 8.7,
      "wind_dir_deg": 220.0
    },
    "12": {
      "temp": 13.3,
      "precip": 0.0,
      "wind": 14.7,
      "wind_dir_deg": 215.0
    },
    "14": {
      "temp": 12.7,
      "precip": 0.0,
      "wind": 14.2,
      "wind_dir_deg": 196.0
    },
    "16": {
      "temp": 12.3,
      "precip": 0.0,
      "wind": 13.1,
      "wind_dir_deg": 193.0
    }
  },
  "ride_temp_mean": 12.5,
  "ride_wind_mean": 12.674999999999999,
  "ride_wind_dir_deg": 204.83790697122717,
  "ride_rain_flag": 0.0,
  "tent_rain_flag": 0.0,
  "daily_precip_sum": 0.0,
  "daily_temp_mean": 9.595833333333333,
  "daily_wind_mean": 9.270833333333334,
  "daily_wind_dir_deg": 190.79861644572406
}