{
  "samples_local": {
    "10": {
      "temp": 13.2,
      "precip": 0.0,
      "wind": 24.1,
      "wind_dir_deg": 182.0
    },
    "12": {
      "temp": 15.3,
      "precip": 0.0,
      "wind": 30.2,
      "wind_dir_deg": 195.0
    },
    "14": {
      "temp": 16.1,
      "precip": 0.0,
      "wind": 28.5,
      "wind_dir_deg": 193.0
    },
    "16": {
      "temp": 15.9,
      "precip": 0.0,
      "wind": 27.9,
      "wind_dir_deg": 194.0
    }
  },
  "ride_temp_mean": 15.125,
  "ride_wind_mean": 27.675,
  "ride_wind_dir_deg": 191.41117686677856,
  "ride_rain_flag": 0.0,
  "tent_rain_flag": 0.0,
  "daily_precip_sum": 0.0,
  "daily_temp_mean": 12.604166666666666,
  "daily_wind_mean": 21.40833333333333,
  "daily_wind_dir_deg": 180.91674791369826
}