{
  "samples_local": {
    "10": {
      "temp": 12.4,
      "precip": 0.0,
      "wind": 11.2,
      "wind_dir_deg": 195.0
    },
    "12": {
      "temp": 14.3,
      "precip": 0.0,
      "wind": 12.5,
      "wind_dir_deg": 174.0
    },
    "14": {
      "temp": 14.8,
      "precip": 0.0,
      "wind": 13.5,
      "wind_dir_deg": 168.0
    },
    "16": {
      "temp": 14.0,
      "precip": 0.0,
      "wind": 12.8,
      "wind_dir_deg": 174.0
    }
  },
  "ride_temp_mean": 13.875,
  "ride_wind_mean": 12.5,
  "ride_wind_dir_deg": 177.02911309625358,
  "ride_rain_flag": 0.0,
  "tent_rain_flag": 0.0,
  "daily_precip_sum": 0.0,
  "daily_temp_mean": 10.908333333333333,
  "daily_wind_mean": 10.954166666666666,
  "daily_wind_dir_deg": 171.5069816437981
}