{
  "samples_local": {
    "10": {
      "temp": 8.0,
      "precip": 0.0,
      "wind": 17.8,
      "wind_dir_deg": 138.0
    },
    "12": {
      "temp": 9.7,
      "precip": 0.0,
      "wind": 18.4,
      "wind_dir_deg": 129.0
    },
    "14": {
      "temp": 11.9,
      "precip": 0.0,
      "wind": 14.8,
      "wind_dir_deg": 128.0
    },
    "16": {
      "temp": 12.8,
      "precip": 0.0,
      "wind": 14.5,
      "wind_dir_deg": 135.0
    }
  },
  "ride_temp_mean": 10.6,
  "ride_wind_mean": 16.375,
  "ride_wind_dir_deg": 132.54740514422724,
  "ride_rain_flag": 0.0,
  "tent_rain_flag": 0.0,
  "daily_precip_sum": 0.0,
  "daily_temp_mean": 7.941666666666666,
  "daily_wind_mean": 15.616666666666667,
  "daily_wind_dir_deg": 120.26210612556139
}