{
  "samples_local": {
    "10": {
      "temp": 7.6,
      "precip": 0.1,
      "wind": 14.8,
      "wind_dir_deg": 123.0
    },
    "12": {
      "temp": 9.2,
      "precip": 0.1,
      "wind": 14.3,
      "wind_dir_deg": 130.0
    },
    "14": {
      "temp": 9.9,
      "precip": 0.1,
      "wind": 15.9,
      "wind_dir_deg": 136.0
    },
    "16": {
      "temp": 10.9,
      "precip": 0.0,
      "wind": 14.8,
      "wind_dir_deg": 143.0
    }
  },
  "ride_temp_mean": 9.4,
  "ride_wind_mean": 14.950000000000001,
  "ride_wind_dir_deg": 133.08089514613982,
  "ride_rain_flag": 0.0,
  "tent_rain_flag": 0.0,
  "daily_precip_sum": 0.6000000000000001,
  "daily_temp_mean": 7.454166666666667,
  "daily_wind_mean": 11.208333333333334,
  "daily_wind_dir_deg": 115.26946739567023
}