{
  "samples_local": {
    "10": {
      "temp": 7.2,
      "precip": 0.1,
      "wind": 15.7,
      "wind_dir_deg": 140.0
    },
    "12": {
      "temp": 9.2,
      "precip": 0.1,
      "wind": 16.2,
      "wind_dir_deg": 134.0
    },
    "14": {
      "temp": 10.0,
      "precip": 0.0,
      "wind": 15.8,
      "wind_dir_deg": 145.0
    },
    "16": {
      "temp": 11.3,
      "precip": 0.0,
      "wind": 15.5,
      "wind_dir_deg": 148.0
    }
  },
  "ride_temp_mean": 9.425,
  "ride_wind_mean": 15.8,
  "ride_wind_dir_deg": 141.67637886528166,
  "ride_rain_flag": 0.0,
  "tent_rain_flag": 0.0,
  "daily_precip_sum": 0.6000000000000001,
  "daily_temp_mean": 7.616666666666667,
  "daily_wind_mean": 12.5375,
  "daily_wind_dir_deg": 129.55201917447596
}