{
  "samples_local": {
    "10": {
      "temp": 7.6,
      "precip": 0.0,
      "wind": 26.4,
      "wind_dir_deg": 148.0
    },
    "12": {
      "temp": 8.6,
      "precip": 0.0,
      "wind": 24.0,
      "wind_dir_deg": 143.0
    },
    "14": {
      "temp": 7.9,
      "precip": 0.1,
      "wind": 24.8,
      "wind_dir_deg": 135.0
    },
    "16": {
      "temp": 6.8,
      "precip": 0.0,
      "wind": 21.3,
      "wind_dir_deg": 136.0
    }
  },
  "ride_temp_mean": 7.725,
  "ride_wind_mean": 24.125,
  "ride_wind_dir_deg": 140.76515380373786,
  "ride_rain_flag": 0.0,
  "tent_rain_flag": 0.0,
  "daily_precip_sum": 0.30000000000000004,
  "daily_temp_mean": 6.820833333333333,
  "daily_wind_mean": 21.0625,
  "daily_wind_dir_deg": 137.7513429372297
}