{
  "samples_local": {
    "10": {
      "temp": 6.4,
      "precip": 0.0,
      "wind": 13.1,
      "wind_dir_deg": 180.0
    },
    "12": {
      "temp": 7.6,
      "precip": 0.0,
      "wind": 12.7,
      "wind_dir_deg": 172.0
    },
    "14": {
      "temp": 8.9,
      "precip": 0.0,
      "wind": 12.7,
      "wind_dir_deg": 173.0
    },
    "16": {
      "temp": 9.6,
      "precip": 0.0,
      "wind": 12.1,
      "wind_dir_deg": 173.0
    }
  },
  "ride_temp_mean": 8.125,
  "ride_wind_mean": 12.649999999999999,
  "ride_wind_dir_deg": 174.55945710871197,
  "ride_rain_flag": 0.0,
  "tent_rain_flag": 1.0,
  "daily_precip_sum": 1.0,
  "daily_temp_mean": 6.633333333333333,
  "daily_wind_mean": 9.970833333333333,
  "daily_wind_dir_deg": 167.82721903746574
}