{
  "samples_local": {
    "10": {
      "temp": 7.8,
      "precip": 0.0,
      "wind": 12.9,
      "wind_dir_deg": 159.0
    },
    "12": {
      "temp": 9.2,
      "precip": 0.1,
      "wind": 13.7,
      "wind_dir_deg": 153.0
    },
    "14": {
      "temp": 10.1,
      "precip": 0.0,
      "wind": 13.2,
      "wind_dir_deg": 152.0
    },
    "16": {
      "temp": 10.5,
      "precip": 0.0,
      "wind": 12.0,
      "wind_dir_deg": 152.0
    }
  },
  "ride_temp_mean": 9.4,
  "ride_wind_mean": 12.95,
  "ride_wind_dir_deg": 154.00636136070761,
  "ride_rain_flag": 0.0,
  "tent_rain_flag": 1.0,
  "daily_precip_sum": 0.7000000000000001,
  "daily_temp_mean": 7.566666666666666,
  "daily_wind_mean": 10.862499999999999,
  "daily_wind_dir_deg": 151.5342088617187
}