{
  "samples_local": {
    "10": {
      "temp": 7.7,
      "precip": 0.1,
      "wind": 13.3,
      "wind_dir_deg": 132.0
    },
    "12": {
      "temp": 8.9,
      "precip": 0.1,
      "wind": 14.5,
      "wind_dir_deg": 124.0
    },
    "14": {
      "temp": 9.1,
      "precip": 0.1,
      "wind": 16.4,
      "wind_dir_deg": 136.0
    },
    "16": {
      "temp": 9.6,
      "precip": 0.0,
      "wind": 13.6,
      "wind_dir_deg": 151.0
    }
  },
  "ride_temp_mean": 8.825,
  "ride_wind_mean": 14.45,
  "ride_wind_dir_deg": 135.57517915762105,
  "ride_rain_flag": 0.0,
  "tent_rain_flag": 0.0,
  "daily_precip_sum": 0.7000000000000001,
  "daily_temp_mean": 7.1000000000000005,
  "daily_wind_mean": 10.679166666666667,
  "daily_wind_dir_deg": 110.93864083955054
}