{
  "samples_local": {
    "10": {
      "temp": 27.5,
      "precip": 0.1,
      "wind": 21.1,
      "wind_dir_deg": 240.0
    },
    "12": {
      "temp": 28.5,
      "precip": 0.3,
      "wind": 21.0,
      "wind_dir_deg": 242.0
    },
    "14": {
      "temp": 27.0,
      "precip": 0.4,
      "wind": 21.2,
      "wind_dir_deg": 236.0
    },
    "16": {
      "temp": 25.8,
      "precip": 0.5,
      "wind": 14.9,
      "wind_dir_deg": 247.0
    }
  },
  "ride_temp_mean": 27.2,
  "ride_wind_mean": 19.55,
  "ride_wind_dir_deg": 240.7856150329012,
  "ride_rain_flag": 1.0,
  "tent_rain_flag": 1.0,
  "daily_precip_sum": 6.2,
  "daily_temp_mean": 25.608333333333334,
  "daily_wind_mean": 17.229166666666668,
  "daily_wind_dir_deg": 244.42170177651053
}