{
  "samples_local": {
    "10": {
      "temp": 7.9,
      "precip": 0.1,
      "wind": 13.9,
      "wind_dir_deg": 183.0
    },
    "12": {
      "temp": 9.8,
      "precip": 0.1,
      "wind": 13.9,
      "wind_dir_deg": 177.0
    },
    "14": {
      "temp": 9.7,
      "precip": 0.0,
      "wind": 12.5,
      "wind_dir_deg": 175.0
    },
    "16": {
      "temp": 10.6,
      "precip": 0.0,
      "wind": 11.5,
      "wind_dir_deg": 177.0
    }
  },
  "ride_temp_mean": 9.5,
  "ride_wind_mean": 12.95,
  "ride_wind_dir_deg": 178.12624636147882,
  "ride_rain_flag": 0.0,
  "tent_rain_flag": 0.0,
  "daily_precip_sum": 0.7000000000000001,
  "daily_temp_mean": 8.033333333333333,
  "daily_wind_mean": 10.541666666666666,
  "daily_wind_dir_deg": 170.69800658317877
}