{
  "samples_local": {
    "10": {
      "temp": 17.9,
      "precip": 0.3,
      "wind": 25.4,
      "wind_dir_deg": 83.0
    },
    "12": {
      "temp": 18.0,
      "precip": 0.1,
      "wind": 22.7,
      "wind_dir_deg": 92.0
    },
    "14": {
      "temp": 19.9,
      "precip": 0.0,
      "wind": 16.3,
      "wind_dir_deg": 98.0
    },
    "16": {
      "temp": 19.4,
      "precip": 0.0,
      "wind": 19.5,
      "wind_dir_deg": 95.0
    }
  },
  "ride_temp_mean": 18.799999999999997,
  "ride_wind_mean": 20.975,
  "ride_wind_dir_deg": 91.142685632157,
  "ride_rain_flag": 1.0,
  "tent_rain_flag": 1.0,
  "daily_precip_sum": 4.6,
  "daily_temp_mean": 16.941666666666666,
  "daily_wind_mean": 15.595833333333333,
  "daily_wind_dir_deg": 80.39426523032614
}