{
  "samples_local": {
    "10": {
      "temp": 23.0,
      "precip": 0.6,
      "wind": 14.1,
      "wind_dir_deg": 96.0
    },
    "12": {
      "temp": 21.6,
      "precip": 0.4,
      "wind": 19.8,
      "wind_dir_deg": 88.0
    },
    "14": {
      "temp": 18.7,
      "precip": 0.8,
      "wind": 12.0,
      "wind_dir_deg": 97.0
    },
    "16": {
      "temp": 18.2,
      "precip": 0.3,
      "wind": 7.4,
      "wind_dir_deg": 47.0
    }
  },
  "ride_temp_mean": 20.375,
  "ride_wind_mean": 13.325,
  "ride_wind_dir_deg": 86.86398624899698,
  "ride_rain_flag": 1.0,
  "tent_rain_flag": 1.0,
  "daily_precip_sum": 4.6000000000000005,
  "daily_temp_mean": 18.441666666666666,
  "daily_wind_mean": 9.833333333333334,
  "daily_wind_dir_deg": 63.97676335374581
}