{
  "samples_local": {
    "10": {
      "temp": 18.1,
      "precip": 0.0,
      "wind": 24.4,
      "wind_dir_deg": 77.0
    },
    "12": {
      "temp": 20.1,
      "precip": 0.0,
      "wind": 27.2,
      "wind_dir_deg": 75.0
    },
    "14": {
      "temp": 20.8,
      "precip": 0.0,
      "wind": 28.3,
      "wind_dir_deg": 75.0
    },
    "16": {
      "temp": 20.1,
      "precip": 0.0,
      "wind": 25.4,
      "wind_dir_deg": 72.0
    }
  },
  "ride_temp_mean": 19.775000000000002,
  "ride_wind_mean": 26.325,
  "ride_wind_dir_deg": 74.73990666324028,
  "ride_rain_flag": 0.0,
  "tent_rain_flag": 1.0,
  "daily_precip_sum": 4.6000000000000005,
  "daily_temp_mean": 18.2375,
  "daily_wind_mean": 21.791666666666668,
  "daily_wind_dir_deg": 61.37304945884216
}