{
  "samples_local": {
    "10": {
      "temp": 18.5,
      "precip": 0.0,
      "wind": 23.8,
      "wind_dir_deg": 25.0
    },
    "12": {
      "temp": 19.9,
      "precip": 0.0,
      "wind": 31.6,
      "wind_dir_deg": 23.0
    },
    "14": {
      "temp": 17.9,
      "precip": 0.0,
      "wind": 41.4,
      "wind_dir_deg": 25.0
    },
    "16": {
      "temp": 17.0,
      "precip": 0.0,
      "wind": 38.5,
      "wind_dir_deg": 35.0
    }
  },
  "ride_temp_mean": 18.325,
  "ride_wind_mean": 33.825,
  "ride_wind_dir_deg": 27.373333854590726,
  "ride_rain_flag": 0.0,
  "tent_rain_flag": 1.0,
  "daily_precip_sum": 7.6,
  "daily_temp_mean": 15.487499999999999,
  "daily_wind_mean": 25.991666666666664,
  "daily_wind_dir_deg": 18.158828180646196
}