{
  "samples_local": {
    "10": {
      "temp": 15.4,
      "precip": 0.2,
      "wind": 21.1,
      "wind_dir_deg": 330.0
    },
    "12": {
      "temp": 18.6,
      "precip": 0.2,
      "wind": 25.2,
      "wind_dir_deg": 9.0
    },
    "14": {
      "temp": 16.0,
      "precip": 0.6,
      "wind": 35.7,
      "wind_dir_deg": 348.0
    },
    "16": {
      "temp": 14.3,
      "precip": 0.7,
      "wind": 33.2,
      "wind_dir_deg": 23.0
    }
  },
  "ride_temp_mean": 16.075,
  "ride_wind_mean": 28.8,
  "ride_wind_dir_deg": 359.44204241036584,
  "ride_rain_flag": 1.0,
  "tent_rain_flag": 1.0,
  "daily_precip_sum": 16.7,
  "daily_temp_mean": 13.858333333333334,
  "daily_wind_mean": 23.920833333333334,
  "daily_wind_dir_deg": 5.228337345737032
}