{
  "samples_local": {
    "10": {
      "temp": 18.1,
      "precip": 0.0,
      "wind": 32.6,
      "wind_dir_deg": 38.0
    },
    "12": {
      "temp": 17.1,
      "precip": 0.0,
      "wind": 36.6,
      "wind_dir_deg": 39.0
    },
    "14": {
      "temp": 17.6,
      "precip": 0.0,
      "wind": 36.3,
      "wind_dir_deg": 50.0
    },
    "16": {
      "temp": 17.3,
      "precip": 0.0,
      "wind": 31.9,
      "wind_dir_deg": 70.0
    }
  },
  "ride_temp_mean": 17.525000000000002,
  "ride_wind_mean": 34.35,
  "ride_wind_dir_deg": 48.78194474967319,
  "ride_rain_flag": 0.0,
  "tent_rain_flag": 1.0,
  "daily_precip_sum": 6.6,
  "daily_temp_mean": 16.566666666666666,
  "daily_wind_mean": 24.458333333333332,
  "daily_wind_dir_deg": 37.1632622564137
}