{
  "samples_local": {
    "10": {
      "temp": 18.1,
      "precip": 0.1,
      "wind": 24.0,
      "wind_dir_deg": 324.0
    },
    "12": {
      "temp": 21.2,
      "precip": 0.0,
      "wind": 22.0,
      "wind_dir_deg": 2.0
    },
    "14": {
      "temp": 20.8,
      "precip": 1.4,
      "wind": 19.6,
      "wind_dir_deg": 43.0
    },
    "16": {
      "temp": 21.2,
      "precip": 0.0,
      "wind": 31.3,
      "wind_dir_deg": 47.0
    }
  },
  "ride_temp_mean": 20.325,
  "ride_wind_mean": 24.225,
  "ride_wind_dir_deg": 16.558840674219255,
  "ride_rain_flag": 1.0,
  "tent_rain_flag": 1.0,
  "daily_precip_sum": 2.2,
  "daily_temp_mean": 16.283333333333335,
  "daily_wind_mean": 19.408333333333335,
  "daily_wind_dir_deg": 13.39959306764797
}