{
  "samples_local": {
    "10": {
      "temp": 18.8,
      "precip": 0.3,
      "wind": 17.3,
      "wind_dir_deg": 17.0
    },
    "12": {
      "temp": 21.9,
      "precip": 0.0,
      "wind": 23.4,
      "wind_dir_deg": 47.0
    },
    "14": {
      "temp": 21.6,
      "precip": 0.0,
      "wind": 22.1,
      "wind_dir_deg": 53.0
    },
    "16": {
      "temp": 22.6,
      "precip": 0.0,
      "wind": 21.3,
      "wind_dir_deg": 74.0
    }
  },
  "ride_temp_mean": 21.225,
  "ride_wind_mean": 21.025,
  "ride_wind_dir_deg": 49.403432651596574,
  "ride_rain_flag": 1.0,
  "tent_rain_flag": 1.0,
  "daily_precip_sum": 1.3,
  "daily_temp_mean": 18.891666666666666,
  "daily_wind_mean": 15.745833333333332,
  "daily_wind_dir_deg": 36.19287480092203
}