{
  "samples_local": {
    "10": {
      "temp": 2.7,
      "precip": 0.0,
      "wind": 24.9,
      "wind_dir_deg": 75.0
    },
    "12": {
      "temp": 3.5,
      "precip": 0.0,
      "wind": 25.2,
      "wind_dir_deg": 81.0
    },
    "14": {
      "temp": 4.1,
      "precip": 0.0,
      "wind": 25.9,
      "wind_dir_deg": 84.0
    },
    "16": {
      "temp": 3.1,
      "precip": 0.0,
      "wind": 20.9,
      "wind_dir_deg": 82.0
    }
  },
  "ride_temp_mean": 3.35,
  "ride_wind_mean": 24.224999999999998,
  "ride_wind_dir_deg": 80.47725727149975,
  "ride_rain_flag": 0.0,
  "tent_rain_flag": 1.0,
  "daily_precip_sum": 1.6,
  "daily_temp_mean": 2.3666666666666667,
  "daily_wind_mean": 18.929166666666667,
  "daily_wind_dir_deg": 84.97676619586161
}