{
  "samples_local": {
    "10": {
      "temp": 1.5,
      "precip": 0.0,
      "wind": 25.1,
      "wind_dir_deg": 83.0
    },
    "12": {
      "temp": 3.2,
      "precip": 0.1,
      "wind": 27.8,
      "wind_dir_deg": 80.0
    },
    "14": {
      "temp": 3.8,
      "precip": 0.0,
      "wind": 34.6,
      "wind_dir_deg": 90.0
    },
    "16": {
      "temp": 2.5,
      "precip": 0.0,
      "wind": 23.6,
      "wind_dir_deg": 88.0
    }
  },
  "ride_temp_mean": 2.75,
  "ride_wind_mean": 27.775000000000002,
  "ride_wind_dir_deg": 85.49211217443155,
  "ride_rain_flag": 0.0,
  "tent_rain_flag": 1.0,
  "daily_precip_sum": 8.5,
  "daily_temp_mean": 1.5250000000000001,
  "daily_wind_mean": 21.400000000000002,
  "daily_wind_dir_deg": 94.469413609127
}