{
  "samples_local": {
    "10": {
      "temp": -1.9,
      "precip": 0.0,
      "wind": 13.9,
      "wind_dir_deg": 91.0
    },
    "12": {
      "temp": -0.4,
      "precip": 0.0,
      "wind": 18.7,
      "wind_dir_deg": 79.0
    },
    "14": {
      "temp": -0.3,
      "precip": 0.0,
      "wind": 18.4,
      "wind_dir_deg": 89.0
    },
    "16": {
      "temp": -1.1,
      "precip": 0.0,
      "wind": 11.7,
      "wind_dir_deg": 88.0
    }
  },
  "ride_temp_mean": -0.925,
  "ride_wind_mean": 15.674999999999999,
  "ride_wind_dir_deg": 86.27862356426272,
  "ride_rain_flag": 0.0,
  "tent_rain_flag": 1.0,
  "daily_precip_sum": 17.2,
  "daily_temp_mean": -1.1708333333333334,
  "daily_wind_mean": 14.145833333333334,
  "daily_wind_dir_deg": 91.50724016407526
}