{
  "samples_local": {
    "10": {
      "temp": 0.8,
      "precip": 0.1,
      "wind": 18.0,
      "wind_dir_deg": 97.0
    },
    "12": {
      "temp": 2.2,
      "precip": 0.0,
      "wind": 24.0,
      "wind_dir_deg": 94.0
    },
    "14": {
      "temp": 2.7,
      "precip": 0.1,
      "wind": 22.6,
      "wind_dir_deg": 84.0
    },
    "16": {
      "temp": 1.1,
      "precip": 0.0,
      "wind": 22.4,
      "wind_dir_deg": 81.0
    }
  },
  "ride_temp_mean": 1.7000000000000002,
  "ride_wind_mean": 21.75,
  "ride_wind_dir_deg": 88.67494528282805,
  "ride_rain_flag": 0.0,
  "tent_rain_flag": 1.0,
  "daily_precip_sum": 16.3,
  "daily_temp_mean": 1.7000000000000002,
  "daily_wind_mean": 20.733333333333334,
  "daily_wind_dir_deg": 94.47625934370603
}