{
  "samples_local": {
    "10": {
      "temp": -0.3,
      "precip": 0.0,
      "wind": 24.7,
      "wind_dir_deg": 90.0
    },
    "12": {
      "temp": 0.7,
      "precip": 0.0,
      "wind": 28.0,
      "wind_dir_deg": 97.0
    },
    "14": {
      "temp": 1.1,
      "precip": 0.0,
      "wind": 27.9,
      "wind_dir_deg": 91.0
    },
    "16": {
      "temp": 0.8,
      "precip": 0.0,
      "wind": 23.8,
      "wind_dir_deg": 92.0
    }
  },
  "ride_temp_mean": 0.5750000000000001,
  "ride_wind_mean": 26.1,
  "ride_wind_dir_deg": 92.59968395986073,
  "ride_rain_flag": 0.0,
  "tent_rain_flag": 1.0,
  "daily_precip_sum": 0.30000000000000004,
  "daily_temp_mean": -0.27499999999999997,
  "daily_wind_mean": 22.4375,
  "daily_wind_dir_deg": 98.39877939308383
}