{
  "samples_local": {
    "10": {
      "temp": 0.9,
      "precip": 0.0,
      "wind": 16.1,
      "wind_dir_deg": 80.0
    },
    "12": {
      "temp": 1.3,
      "precip": 0.0,
      "wind": 17.5,
      "wind_dir_deg": 73.0
    },
    "14": {
      "temp": 2.5,
      "precip": 0.0,
      "wind": 17.3,
      "wind_dir_deg": 82.0
    },
    "16": {
      "temp": 1.2,
      "precip": 0.0,
      "wind": 13.0,
      "wind_dir_deg": 59.0
    }
  },
  "ride_temp_mean": 1.475,
  "ride_wind_mean": 15.975000000000001,
  "ride_wind_dir_deg": 74.38125859919842,
  "ride_rain_flag": 0.0,
  "tent_rain_flag": 1.0,
  "daily_precip_sum": 1.0,
  "daily_temp_mean": 1.0875000000000001,
  "daily_wind_mean": 15.795833333333334,
  "daily_wind_dir_deg": 86.66208566484374
}