{
  "samples_local": {
    "10": {
      "temp": 1.9,
      "precip": 0.0,
      "wind": 18.9,
      "wind_dir_deg": 86.0
    },
    "12": {
      "temp": 2.3,
      "precip": 0.0,
      "wind": 18.4,
      "wind_dir_deg": 93.0
    },
    "14": {
      "temp": 2.6,
      "precip": 0.1,
      "wind": 19.7,
      "wind_dir_deg": 98.0
    },
    "16": {
      "temp": 2.2,
      "precip": 0.0,
      "wind": 14.8,
      "wind_dir_deg": 88.0
    }
  },
  "ride_temp_mean": 2.25,
  "ride_wind_mean": 17.95,
  "ride_wind_dir_deg": 91.49740240164562,
  "ride_rain_flag": 0.0,
  "tent_rain_flag": 1.0,
  "daily_precip_sum": 1.4000000000000001,
  "daily_temp_mean": 1.6208333333333333,
  "daily_wind_mean": 17.412499999999998,
  "daily_wind_dir_deg": 91.39010267932429
}