{
  "samples_local": {
    "10": {
      "temp": 0.6,
      "precip": 0.0,
      "wind": 13.5,
      "wind_dir_deg": 82.0
    },
    "12": {
      "temp": 2.0,
      "precip": 0.0,
      "wind": 15.4,
      "wind_dir_deg": 72.0
    },
    "14": {
      "temp": 2.8,
      "precip": 0.0,
      "wind": 15.0,
      "wind_dir_deg": 77.0
    },
    "16": {
      "temp": 1.0,
      "precip": 0.1,
      "wind": 15.9,
      "wind_dir_deg": 65.0
    }
  },
  "ride_temp_mean": 1.5999999999999999,
  "ride_wind_mean": 14.95,
  "ride_wind_dir_deg": 73.65215577700087,
  "ride_rain_flag": 0.0,
  "tent_rain_flag": 1.0,
  "daily_precip_sum": 4.7,
  "daily_temp_mean": 0.45416666666666666,
  "daily_wind_mean": 12.591666666666667,
  "daily_wind_dir_deg": 76.80022363349929
}