{
  "samples_local": {
    "10": {
      "temp": 0.2,
      "precip": 0.0,
      "wind": 13.7,
      "wind_dir_deg": 65.0
    },
    "12": {
      "temp": 1.0,
      "precip": 0.0,
      "wind": 14.7,
      "wind_dir_deg": 71.0
    },
    "14": {
      "temp": 2.3,
      "precip": 0.1,
      "wind": 16.2,
      "wind_dir_deg": 69.0
    },
    "16": {
      "temp": 1.6,
      "precip": 0.0,
      "wind": 13.5,
      "wind_dir_deg": 59.0
    }
  },
  "ride_temp_mean": 1.275,
  "ride_wind_mean": 14.524999999999999,
  "ride_wind_dir_deg": 66.24206275154398,
  "ride_rain_flag": 0.0,
  "tent_rain_flag": 1.0,
  "daily_precip_sum": 2.4,
  "daily_temp_mean": 0.8166666666666668,
  "daily_wind_mean": 14.604166666666666,
  "daily_wind_dir_deg": 85.75276169382107
}