{
  "samples_local": {
    "10": {
      "temp": 2.8,
      "precip": 0.0,
      "wind": 22.0,
      "wind_dir_deg": 95.0
    },
    "12": {
      "temp": 3.3,
      "precip": 0.0,
      "wind": 22.9,
      "wind_dir_deg": 88.0
    },
    "14": {
      "temp": 3.5,
      "precip": 0.0,
      "wind": 20.1,
      "wind_dir_deg": 85.0
    },
    "16": {
      "temp": 2.7,
      "precip": 0.0,
      "wind": 12.6,
      "wind_dir_deg": 92.0
    }
  },
  "ride_temp_mean": 3.075,
  "ride_wind_mean": 19.4,
  "ride_wind_dir_deg": 89.85652145173185,
  "ride_rain_flag": 0.0,
  "tent_rain_flag": 1.0,
  "daily_precip_sum": 0.30000000000000004,
  "daily_temp_mean": 2.1750000000000003,
  "daily_wind_mean": 19.283333333333335,
  "daily_wind_dir_deg": 89.69724136661074
}