{
  "samples_local": {
    "10": {
      "temp": 3.0,
      "precip": 0.1,
      "wind": 18.2,
      "wind_dir_deg": 82.0
    },
    "12": {
      "temp": 3.3,
      "precip": 0.1,
      "wind": 21.1,
      "wind_dir_deg": 88.0
    },
    "14": {
      "temp": 3.5,
      "precip": 0.3,
      "wind": 13.1,
      "wind_dir_deg": 90.0
    },
    "16": {
      "temp": 2.7,
      "precip": 0.0,
      "wind": 16.6,
      "wind_dir_deg": 96.0
    }
  },
  "ride_temp_mean": 3.125,
  "ride_wind_mean": 17.25,
  "ride_wind_dir_deg": 88.72108110785769,
  "ride_rain_flag": 1.0,
  "tent_rain_flag": 1.0,
  "daily_precip_sum": 1.7000000000000002,
  "daily_temp_mean": 2.4875000000000003,
  "daily_wind_mean": 17.616666666666667,
  "daily_wind_dir_deg": 93.27037984018659
}