{
  "samples_local": {
    "10": {
      "temp": 11.8,
      "precip": 2.0,
      "wind": 2.1,
      "wind_dir_deg": 218.0
    },
    "12": {
      "temp": 12.8,
      "precip": 0.7,
      "wind": 5.3,
      "wind_dir_deg": 188.0
    },
    "14": {
      "temp": 12.4,
      "precip": 0.2,
      "wind": 11.2,
      "wind_dir_deg": 159.0
    },
    "16": {
      "temp": 10.6,
      "precip": 0.3,
      "wind": 14.1,
      "wind_dir_deg": 136.0
    }
  },
  "ride_temp_mean": 11.9,
  "ride_wind_mean": 8.174999999999999,
  "ride_wind_dir_deg": 156.81670440374,
  "ride_rain_flag": 1.0,
  "tent_rain_flag": 1.0,
  "daily_precip_sum": 18.400000000000002,
  "daily_temp_mean": 10.616666666666667,
  "daily_wind_mean": 6.4875,
  "daily_wind_dir_deg": 150.18350481447976
}