{
  "samples_local": {
    "10": {
      "temp": 13.2,
      "precip": 0.0,
      "wind": 8.8,
      "wind_dir_deg": 105.0
    },
    "12": {
      "temp": 15.1,
      "precip": 0.0,
      "wind": 7.3,
      "wind_dir_deg": 107.0
    },
    "14": {
      "temp": 15.5,
      "precip": 0.1,
      "wind": 1.4,
      "wind_dir_deg": 220.0
    },
    "16": {
      "temp": 15.1,
      "precip": 0.1,
      "wind": 7.9,
      "wind_dir_deg": 123.0
    }
  },
  "ride_temp_mean": 14.725,
  "ride_wind_mean": 6.3500000000000005,
  "ride_wind_dir_deg": 114.77356607248299,
  "ride_rain_flag": 0.0,
  "tent_rain_flag": 1.0,
  "daily_precip_sum": 1.6,
  "daily_temp_mean": 11.7875,
  "daily_wind_mean": 6.904166666666666,
  "daily_wind_dir_deg": 125.16778990980174
}