{
  "samples_local": {
    "10": {
      "temp": 10.9,
      "precip": 0.8,
      "wind": 7.3,
      "wind_dir_deg": 171.0
    },
    "12": {
      "temp": 11.1,
      "precip": 1.0,
      "wind": 5.1,
      "wind_dir_deg": 163.0
    },
    "14": {
      "temp": 9.7,
      "precip": 1.6,
      "wind": 18.5,
      "wind_dir_deg": 120.0
    },
    "16": {
      "temp": 9.8,
      "precip": 0.8,
      "wind": 12.4,
      "wind_dir_deg": 118.0
    }
  },
  "ride_temp_mean": 10.375,
  "ride_wind_mean": 10.825,
  "ride_wind_dir_deg": 132.53416820843444,
  "ride_rain_flag": 1.0,
  "tent_rain_flag": 1.0,
  "daily_precip_sum": 20.400000000000002,
  "daily_temp_mean": 9.975,
  "daily_wind_mean": 7.454166666666667,
  "daily_wind_dir_deg": 145.26981849807618
}