{
  "samples_local": {
    "10": {
      "temp": 11.1,
      "precip": 0.0,
      "wind": 18.3,
      "wind_dir_deg": 254.0
    },
    "12": {
      "temp": 13.8,
      "precip": 0.0,
      "wind": 21.0,
      "wind_dir_deg": 240.0
    },
    "14": {
      "temp": 12.1,
      "precip": 0.0,
      "wind": 17.1,
      "wind_dir_deg": 227.0
    },
    "16": {
      "temp": 12.8,
      "precip": 0.0,
      "wind": 18.5,
      "wind_dir_deg": 217.0
    }
  },
  "ride_temp_mean": 12.45,
  "ride_wind_mean": 18.725,
  "ride_wind_dir_deg": 234.757034686751,
  "ride_rain_flag": 0.0,
  "tent_rain_flag": 1.0,
  "daily_precip_sum": 0.9,
  "daily_temp_mean": 10.279166666666667,
  "daily_wind_mean": 15.566666666666668,
  "daily_wind_dir_deg": 231.70072204726435
}