{
  "samples_local": {
    "10": {
      "temp": 9.1,
      "precip": 0.0,
      "wind": 17.2,
      "wind_dir_deg": 240.0
    },
    "12": {
      "temp": 10.9,
      "precip": 0.0,
      "wind": 14.5,
      "wind_dir_deg": 218.0
    },
    "14": {
      "temp": 11.6,
      "precip": 0.0,
      "wind": 19.8,
      "wind_dir_deg": 222.0
    },
    "16": {
      "temp": 10.9,
      "precip": 0.1,
      "wind": 16.9,
      "wind_dir_deg": 205.0
    }
  },
  "ride_temp_mean": 10.625,
  "ride_wind_mean": 17.1,
  "ride_wind_dir_deg": 221.4531273055945,
  "ride_rain_flag": 0.0,
  "tent_rain_flag": 1.0,
  "daily_precip_sum": 8.3,
  "daily_temp_mean": 9.674999999999999,
  "daily_wind_mean": 15.829166666666666,
  "daily_wind_dir_deg": 222.28030640224694
}