{
  "samples_local": {
    "10": {
      "temp": 11.9,
      "precip": 0.1,
      "wind": 7.1,
      "wind_dir_deg": 173.0
    },
    "12": {
      "temp": 13.4,
      "precip": 0.1,
      "wind": 6.6,
      "wind_dir_deg": 164.0
    },
    "14": {
      "temp": 13.7,
      "precip": 0.0,
      "wind": 6.8,
      "wind_dir_deg": 158.0
    },
    "16": {
      "temp": 12.8,
      "precip": 0.1,
      "wind": 11.1,
      "wind_dir_deg": 171.0
    }
  },
  "ride_temp_mean": 12.95,
  "ride_wind_mean": 7.8999999999999995,
  "ride_wind_dir_deg": 167.19549162405917,
  "ride_rain_flag": 0.0,
  "tent_rain_flag": 1.0,
  "daily_precip_sum": 2.0,
  "daily_temp_mean": 10.1625,
  "daily_wind_mean": 8.866666666666667,
  "daily_wind_dir_deg": 162.10866977095918
}