{
  "samples_local": {
    "10": {
      "temp": 10.9,
      "precip": 0.5,
      "wind": 7.3,
      "wind_dir_deg": 239.0
    },
    "12": {
      "temp": 12.9,
      "precip": 0.1,
      "wind": 7.8,
      "wind_dir_deg": 212.0
    },
    "14": {
      "temp": 12.8,
      "precip": 0.1,
      "wind": 10.4,
      "wind_dir_deg": 208.0
    },
    "16": {
      "temp": 12.1,
      "precip": 0.0,
      "wind": 12.8,
      "wind_dir_deg": 184.0
    }
  },
  "ride_temp_mean": 12.175,
  "ride_wind_mean": 9.575,
  "ride_wind_dir_deg": 206.56939662570377,
  "ride_rain_flag": 1.0,
  "tent_rain_flag": 1.0,
  "daily_precip_sum": 6.4,
  "daily_temp_mean": 10.129166666666666,
  "daily_wind_mean": 8.508333333333333,
  "daily_wind_dir_deg": 206.87280919005894
}