{
  "samples_local": {
    "10": {
      "temp": 9.8,
      "precip": 0.3,
      "wind": 14.5,
      "wind_dir_deg": 231.0
    },
    "12": {
      "temp": 10.8,
      "precip": 0.0,
      "wind": 13.8,
      "wind_dir_deg": 215.0
    },
    "14": {
      "temp": 11.1,
      "precip": 1.0,
      "wind": 14.4,
      "wind_dir_deg": 206.0
    },
    "16": {
      "temp": 10.9,
      "precip": 1.1,
      "wind": 13.1,
      "wind_dir_deg": 195.0
    }
  },
  "ride_temp_mean": 10.65,
  "ride_wind_mean": 13.95,
  "ride_wind_dir_deg": 212.113553465205,
  "ride_rain_flag": 1.0,
  "tent_rain_flag": 1.0,
  "daily_precip_sum": 3.8000000000000003,
  "daily_temp_mean": 10.012500000000001,
  "daily_wind_mean": 13.829166666666666,
  "daily_wind_dir_deg": 217.1384763652873
}