{
  "samples_local": {
    "10": {
      "temp": 10.9,
      "precip": 0.1,
      "wind": 13.9,
      "wind_dir_deg": 200.0
    },
    "12": {
      "temp": 11.4,
      "precip": 0.1,
      "wind": 18.0,
      "wind_dir_deg": 221.0
    },
    "14": {
      "temp": 11.0,
      "precip": 0.0,
      "wind": 15.7,
      "wind_dir_deg": 219.0
    },
    "16": {
      "temp": 10.9,
      "precip": 0.0,
      "wind": 15.8,
      "wind_dir_deg": 222.0
    }
  },
  "ride_temp_mean": 11.05,
  "ride_wind_mean": 15.85,
  "ride_wind_dir_deg": 216.19255591736663,
  "ride_rain_flag": 0.0,
  "tent_rain_flag": 1.0,
  "daily_precip_sum": 13.6,
  "daily_temp_mean": 10.395833333333334,
  "daily_wind_mean": 11.941666666666668,
  "daily_wind_dir_deg": 211.2797217680048
}