{
  "samples_local": {
    "10": {
      "temp": 8.9,
      "precip": 0.1,
      "wind": 14.2,
      "wind_dir_deg": 232.0
    },
    "12": {
      "temp": 10.6,
      "precip": 0.5,
      "wind": 12.2,
      "wind_dir_deg": 213.0
    },
    "14": {
      "temp": 11.1,
      "precip": 0.2,
      "wind": 8.1,
      "wind_dir_deg": 217.0
    },
    "16": {
      "temp": 10.9,
      "precip": 0.3,
      "wind": 13.0,
      "wind_dir_deg": 191.0
    }
  },
  "ride_temp_mean": 10.375,
  "ride_wind_mean": 11.875,
  "ride_wind_dir_deg": 213.3984213148888,
  "ride_rain_flag": 1.0,
  "tent_rain_flag": 1.0,
  "daily_precip_sum": 9.1,
  "daily_temp_mean": 9.491666666666667,
  "daily_wind_mean": 11.520833333333334,
  "daily_wind_dir_deg": 222.15000448908336
}