{
  "samples_local": {
    "10": {
      "temp": 11.4,
      "precip": 0.1,
      "wind": 10.6,
      "wind_dir_deg": 247.0
    },
    "12": {
      "temp": 10.7,
      "precip": 0.4,
      "wind": 12.8,
      "wind_dir_deg": 215.0
    },
    "14": {
      "temp": 10.4,
      "precip": 0.1,
      "wind": 15.5,
      "wind_dir_deg": 220.0
    },
    "16": {
      "temp": 10.1,
      "precip": 0.0,
      "wind": 16.6,
      "wind_dir_deg": 221.0
    }
  },
  "ride_temp_mean": 10.65,
  "ride_wind_mean": 13.875,
  "ride_wind_dir_deg": 224.1993232390353,
  "ride_rain_flag": 1.0,
  "tent_rain_flag": 1.0,
  "daily_precip_sum": 5.8,
  "daily_temp_mean": 9.916666666666666,
  "daily_wind_mean": 9.516666666666667,
  "daily_wind_dir_deg": 222.65997564097015
}