{
  "samples_local": {
    "10": {
      "temp": 12.4,
      "precip": 0.0,
      "wind": 4.3,
      "wind_dir_deg": 180.0
    },
    "12": {
      "temp": 13.8,
      "precip": 0.0,
      "wind": 8.1,
      "wind_dir_deg": 185.0
    },
    "14": {
      "temp": 11.6,
      "precip": 0.8,
      "wind": 8.0,
      "wind_dir_deg": 224.0
    },
    "16": {
      "temp": 11.2,
      "precip": 0.0,
      "wind": 15.0,
      "wind_dir_deg": 213.0
    }
  },
  "ride_temp_mean": 12.25,
  "ride_wind_mean": 8.85,
  "ride_wind_dir_deg": 205.1765135227584,
  "ride_rain_flag": 1.0,
  "tent_rain_flag": 1.0,
  "daily_precip_sum": 2.3000000000000003,
  "daily_temp_mean": 10.304166666666667,
  "daily_wind_mean": 6.670833333333333,
  "daily_wind_dir_deg": 204.86061258168527
}