{
  "samples_local": {
    "10": {
      "temp": 11.5,
      "precip": 0.2,
      "wind": 10.7,
      "wind_dir_deg": 215.0
    },
    "12": {
      "temp": 11.4,
      "precip": 0.8,
      "wind": 11.9,
      "wind_dir_deg": 210.0
    },
    "14": {
      "temp": 10.9,
      "precip": 0.2,
      "wind": 13.2,
      "wind_dir_deg": 194.0
    },
    "16": {
      "temp": 11.0,
      "precip": 0.0,
      "wind": 13.7,
      "wind_dir_deg": 202.0
    }
  },
  "ride_temp_mean": 11.2,
  "ride_wind_mean": 12.375,
  "ride_wind_dir_deg": 204.60211857843774,
  "ride_rain_flag": 1.0,
  "tent_rain_flag": 1.0,
  "daily_precip_sum": 5.0,
  "daily_temp_mean": 10.933333333333332,
  "daily_wind_mean": 9.370833333333334,
  "daily_wind_dir_deg": 200.4981087679064
}