{
  "samples_local": {
    "10": {
      "temp": 11.8,
      "precip": 0.0,
      "wind": 24.1,
      "wind_dir_deg": 244.0
    },
    "12": {
      "temp": 12.5,
      "precip": 0.0,
      "wind": 22.0,
      "wind_dir_deg": 241.0
    },
    "14": {
      "temp": 13.1,
      "precip": 0.0,
      "wind": 20.1,
      "wind_dir_deg": 248.0
    },
    "16": {
      "temp": 13.6,
      "precip": 0.0,
      "wind": 15.6,
      "wind_dir_deg": 235.0
    }
  },
  "ride_temp_mean": 12.75,
  "ride_wind_mean": 20.45,
  "ride_wind_dir_deg": 242.4615462303292,
  "ride_rain_flag": 0.0,
  "tent_rain_flag": 0.0,
  "daily_precip_sum": 0.0,
  "daily_temp_mean": 11.083333333333334,
  "daily_wind_mean": 16.508333333333333,
  "daily_wind_dir_deg": 230.8868273879554
}