{
  "samples_local": {
    "10": {
      "temp": 10.9,
      "precip": 0.0,
      "wind": 12.7,
      "wind_dir_deg": 230.0
    },
    "12": {
      "temp": 11.3,
      "precip": 0.2,
      "wind": 13.8,
      "wind_dir_deg": 215.0
    },
    "14": {
      "temp": 10.1,
      "precip": 0.1,
      "wind": 15.2,
      "wind_dir_deg": 210.0
    },
    "16": {
      "temp": 9.8,
      "precip": 0.1,
      "wind": 15.7,
      "wind_dir_deg": 211.0
    }
  },
  "ride_temp_mean": 10.525,
  "ride_wind_mean": 14.35,
  "ride_wind_dir_deg": 215.87346382461806,
  "ride_rain_flag": 1.0,
  "tent_rain_flag": 1.0,
  "daily_precip_sum": 3.0,
  "daily_temp_mean": 10.075000000000001,
  "daily_wind_mean": 11.083333333333334,
  "daily_wind_dir_deg": 213.03098190091384
}