{
  "samples_local": {
    "10": {
      "temp": 11.0,
      "precip": 0.0,
      "wind": 14.6,
      "wind_dir_deg": 243.0
    },
    "12": {
      "temp": 11.9,
      "precip": 0.0,
      "wind": 12.2,
      "wind_dir_deg": 237.0
    },
    "14": {
      "temp": 11.6,
      "precip": 0.0,
      "wind": 15.2,
      "wind_dir_deg": 207.0
    },
    "16": {
      "temp": 11.0,
      "precip": 0.6,
      "wind": 17.1,
      "wind_dir_deg": 212.0
    }
  },
  "ride_temp_mean": 11.375,
  "ride_wind_mean": 14.775,
  "ride_wind_dir_deg": 223.49536117669032,
  "ride_rain_flag": 1.0,
  "tent_rain_flag": 1.0,
  "daily_precip_sum": 2.5,
  "daily_temp_mean": 9.958333333333334,
  "daily_wind_mean": 15.833333333333334,
  "daily_wind_dir_deg": 227.45357419245266
}