{
  "samples_local": {
    "10": {
      "temp": 21.8,
      "precip": 0.0,
      "wind": 15.5,
      "wind_dir_deg": 245.0
    },
    "12": {
      "temp": 23.5,
      "precip": 0.0,
      "wind": 13.4,
      "wind_dir_deg": 243.0
    },
    "14": {
      "temp": 24.0,
      "precip": 0.0,
      "wind": 12.7,
      "wind_dir_deg": 227.0
    },
    "16": {
      "temp": 24.6,
      "precip": 0.0,
      "wind": 11.8,
      "wind_dir_deg": 250.0
    }
  },
  "ride_temp_mean": 23.475,
  "ride_wind_mean": 13.35,
  "ride_wind_dir_deg": 241.3496351612095,
  "ride_rain_flag": 0.0,
  "tent_rain_flag": 0.0,
  "daily_precip_sum": 0.0,
  "daily_temp_mean": 19.316666666666666,
  "daily_wind_mean": 13.933333333333332,
  "daily_wind_dir_deg": 238.7859255913514
}