{
  "samples_local": {
    "10": {
      "temp": 17.8,
      "precip": 0.0,
      "wind": 10.3,
      "wind_dir_deg": 258.0
    },
    "12": {
      "temp": 19.6,
      "precip": 0.0,
      "wind": 10.8,
      "wind_dir_deg": 249.0
    },
    "14": {
      "temp": 20.6,
      "precip": 0.0,
      "wind": 7.8,
      "wind_dir_deg": 248.0
    },
    "16": {
      "temp": 19.9,
      "precip": 0.0,
      "wind": 10.5,
      "wind_dir_deg": 243.0
    }
  },
  "ride_temp_mean": 19.475,
  "ride_wind_mean": 9.85,
  "ride_wind_dir_deg": 249.5516856324893,
  "ride_rain_flag": 0.0,
  "tent_rain_flag": 0.0,
  "daily_precip_sum": 0.0,
  "daily_temp_mean": 16.008333333333333,
  "daily_wind_mean": 11.345833333333333,
  "daily_wind_dir_deg": 247.17529579103103
}