{
  "samples_local": {
    "10": {
      "temp": 18.7,
      "precip": 0.0,
      "wind": 10.4,
      "wind_dir_deg": 256.0
    },
    "12": {
      "temp": 21.1,
      "precip": 0.0,
      "wind": 11.8,
      "wind_dir_deg": 232.0
    },
    "14": {
      "temp": 21.6,
      "precip": 0.0,
      "wind": 13.0,
      "wind_dir_deg": 226.0
    },
    "16": {
      "temp": 21.8,
      "precip": 0.0,
      "wind": 13.0,
      "wind_dir_deg": 199.0
    }
  },
  "ride_temp_mean": 20.8,
  "ride_wind_mean": 12.05,
  "ride_wind_dir_deg": 226.6719170462843,
  "ride_rain_flag": 0.0,
  "tent_rain_flag": 0.0,
  "daily_precip_sum": 0.0,
  "daily_temp_mean": 16.054166666666667,
  "daily_wind_mean": 11.075000000000001,
  "daily_wind_dir_deg": 245.99881191282273
}