{
  "samples_local": {
    "10": {
      "temp": 20.1,
      "precip": 0.0,
      "wind": 12.8,
      "wind_dir_deg": 259.0
    },
    "12": {
      "temp": 20.9,
      "precip": 0.0,
      "wind": 11.8,
      "wind_dir_deg": 243.0
    },
    "14": {
      "temp": 22.3,
      "precip": 0.0,
      "wind": 10.0,
      "wind_dir_deg": 240.0
    },
    "16": {
      "temp": 21.8,
      "precip": 0.0,
      "wind": 11.5,
      "wind_dir_deg": 221.0
    }
  },
  "ride_temp_mean": 21.275,
  "ride_wind_mean": 11.525,
  "ride_wind_dir_deg": 241.332059013444,
  "ride_rain_flag": 0.0,
  "tent_rain_flag": 0.0,
  "daily_precip_sum": 0.0,
  "daily_temp_mean": 17.479166666666668,
  "daily_wind_mean": 10.991666666666667,
  "daily_wind_dir_deg": 225.90073400932738
}