{
  "samples_local": {
    "10": {
      "temp": 21.6,
      "precip": 0.0,
      "wind": 15.0,
      "wind_dir_deg": 240.0
    },
    "12": {
      "temp": 23.5,
      "precip": 0.0,
      "wind": 13.3,
      "wind_dir_deg": 229.0
    },
    "14": {
      "temp": 23.5,
      "precip": 0.0,
      "wind": 12.8,
      "wind_dir_deg": 220.0
    },
    "16": {
      "temp": 23.7,
      "precip": 0.0,
      "wind": 12.5,
      "wind_dir_deg": 237.0
    }
  },
  "ride_temp_mean": 23.075,
  "ride_wind_mean": 13.4,
  "ride_wind_dir_deg": 231.80549112676678,
  "ride_rain_flag": 0.0,
  "tent_rain_flag": 0.0,
  "daily_precip_sum": 0.0,
  "daily_temp_mean": 19.133333333333333,
  "daily_wind_mean": 12.683333333333332,
  "daily_wind_dir_deg": 228.73283289036513
}