{
  "samples_local": {
    "10": {
      "temp": 19.7,
      "precip": 0.0,
      "wind": 13.8,
      "wind_dir_deg": 255.0
    },
    "12": {
      "temp": 20.8,
      "precip": 0.0,
      "wind": 13.4,
      "wind_dir_deg": 250.0
    },
    "14": {
      "temp": 22.1,
      "precip": 0.0,
      "wind": 9.7,
      "wind_dir_deg": 255.0
    },
    "16": {
      "temp": 22.2,
      "precip": 0.0,
      "wind": 10.3,
      "wind_dir_deg": 241.0
    }
  },
  "ride_temp_mean": 21.2,
  "ride_wind_mean": 11.8,
  "ride_wind_dir_deg": 250.53275728385498,
  "ride_rain_flag": 0.0,
  "tent_rain_flag": 0.0,
  "daily_precip_sum": 0.0,
  "daily_temp_mean": 17.795833333333334,
  "daily_wind_mean": 11.908333333333333,
  "daily_wind_dir_deg": 239.05924646101383
}