{
  "samples_local": {
    "10": {
      "temp": 21.9,
      "precip": 0.0,
      "wind": 17.3,
      "wind_dir_deg": 253.0
    },
    "12": {
      "temp": 23.2,
      "precip": 0.0,
      "wind": 19.7,
      "wind_dir_deg": 252.0
    },
    "14": {
      "temp": 23.5,
      "precip": 0.0,
      "wind": 15.8,
      "wind_dir_deg": 246.0
    },
    "16": {
      "temp": 23.5,
      "precip": 0.0,
      "wind": 16.3,
      "wind_dir_deg": 245.0
    }
  },
  "ride_temp_mean": 23.025,
  "ride_wind_mean": 17.275,
  "ride_wind_dir_deg": 249.22751105394622,
  "ride_rain_flag": 0.0,
  "tent_rain_flag": 0.0,
  "daily_precip_sum": 0.0,
  "daily_temp_mean": 18.537499999999998,
  "daily_wind_mean": 12.487499999999999,
  "daily_wind_dir_deg": 245.35319621589707
}