{
  "samples_local": {
    "10": {
      "temp": 20.5,
      "precip": 0.0,
      "wind": 17.0,
      "wind_dir_deg": 253.0
    },
    "12": {
      "temp": 22.5,
      "precip": 0.0,
      "wind": 17.9,
      "wind_dir_deg": 260.0
    },
    "14": {
      "temp": 23.3,
      "precip": 0.0,
      "wind": 16.9,
      "wind_dir_deg": 250.0
    },
    "16": {
      "temp": 23.8,
      "precip": 0.0,
      "wind": 15.6,
      "wind_dir_deg": 244.0
    }
  },
  "ride_temp_mean": 22.525,
  "ride_wind_mean": 16.849999999999998,
  "ride_wind_dir_deg": 252.02305766786125,
  "ride_rain_flag": 0.0,
  "tent_rain_flag": 0.0,
  "daily_precip_sum": 0.0,
  "daily_temp_mean": 18.595833333333335,
  "daily_wind_mean": 13.316666666666668,
  "daily_wind_dir_deg": 244.2733805062222
}