{
  "samples_local": {
    "10": {
      "temp": 20.9,
      "precip": 0.0,
      "wind": 19.4,
      "wind_dir_deg": 271.0
    },
    "12": {
      "temp": 23.0,
      "precip": 0.0,
      "wind": 24.5,
      "wind_dir_deg": 271.0
    },
    "14": {
      "temp": 23.6,
      "precip": 0.0,
      "wind": 20.1,
      "wind_dir_deg": 279.0
    },
    "16": {
      "temp": 23.5,
      "precip": 0.0,
      "wind": 15.8,
      "wind_dir_deg": 271.0
    }
  },
  "ride_temp_mean": 22.75,
  "ride_wind_mean": 19.95,
  "ride_wind_dir_deg": 273.0126039085907,
  "ride_rain_flag": 0.0,
  "tent_rain_flag": 0.0,
  "daily_precip_sum": 0.0,
  "daily_temp_mean": 19.070833333333333,
  "daily_wind_mean": 15.591666666666667,
  "daily_wind_dir_deg": 256.85104827352177
}