{
  "samples_local": {
    "10": {
      "temp": 16.5,
      "precip": 0.0,
      "wind": 15.0,
      "wind_dir_deg": 243.0
    },
    "12": {
      "temp": 17.0,
      "precip": 0.0,
      "wind": 14.6,
      "wind_dir_deg": 237.0
    },
    "14": {
      "temp": 18.5,
      "precip": 0.0,
      "wind": 14.8,
      "wind_dir_deg": 241.0
    },
    "16": {
      "temp": 18.3,
      "precip": 0.0,
      "wind": 14.6,
      "wind_dir_deg": 230.0
    }
  },
  "ride_temp_mean": 17.575,
  "ride_wind_mean": 14.75,
  "ride_wind_dir_deg": 237.80034291128842,
  "ride_rain_flag": 0.0,
  "tent_rain_flag": 0.0,
  "daily_precip_sum": 0.0,
  "daily_temp_mean": 13.766666666666666,
  "daily_wind_mean": 12.683333333333332,
  "daily_wind_dir_deg": 228.37517464034218
}