{
  "samples_local": {
    "10": {
      "temp": 19.0,
      "precip": 0.0,
      "wind": 19.1,
      "wind_dir_deg": 254.0
    },
    "12": {
      "temp": 19.8,
      "precip": 0.0,
      "wind": 20.7,
      "wind_dir_deg": 257.0
    },
    "14": {
      "temp": 21.0,
      "precip": 0.0,
      "wind": 16.9,
      "wind_dir_deg": 259.0
    },
    "16": {
      "temp": 22.4,
      "precip": 0.0,
      "wind": 14.8,
      "wind_dir_deg": 264.0
    }
  },
  "ride_temp_mean": 20.55,
  "ride_wind_mean": 17.875,
  "ride_wind_dir_deg": 258.11910342735,
  "ride_rain_flag": 0.0,
  "tent_rain_flag": 0.0,
  "daily_precip_sum": 0.0,
  "daily_temp_mean": 17.670833333333334,
  "daily_wind_mean": 15.141666666666666,
  "daily_wind_dir_deg": 242.41647053941858
}