{
  "samples_local": {
    "10": {
      "temp": 18.0,
      "precip": 0.0,
      "wind": 15.6,
      "wind_dir_deg": 263.0
    },
    "12": {
      "temp": 20.5,
      "precip": 0.0,
      "wind": 18.1,
      "wind_dir_deg": 264.0
    },
    "14": {
      "temp": 19.7,
      "precip": 0.0,
      "wind": 16.6,
      "wind_dir_deg": 268.0
    },
    "16": {
      "temp": 20.0,
      "precip": 0.0,
      "wind": 16.3,
      "wind_dir_deg": 252.0
    }
  },
  "ride_temp_mean": 19.55,
  "ride_wind_mean": 16.650000000000002,
  "ride_wind_dir_deg": 261.8345042419635,
  "ride_rain_flag": 0.0,
  "tent_rain_flag": 0.0,
  "daily_precip_sum": 0.0,
  "daily_temp_mean": 17.095833333333335,
  "daily_wind_mean": 14.375,
  "daily_wind_dir_deg": 259.2668821708884
}