{
  "samples_local": {
    "10": {
      "temp": 18.0,
      "precip": 0.0,
      "wind": 15.3,
      "wind_dir_deg": 236.0
    },
    "12": {
      "temp": 18.7,
      "precip": 0.1,
      "wind": 14.8,
      "wind_dir_deg": 231.0
    },
    "14": {
      "temp": 19.4,
      "precip": 0.0,
      "wind": 16.1,
      "wind_dir_deg": 220.0
    },
    "16": {
      "temp": 19.4,
      "precip": 0.0,
      "wind": 10.5,
      "wind_dir_deg": 218.0
    }
  },
  "ride_temp_mean": 18.875,
  "ride_wind_mean": 14.175,
  "ride_wind_dir_deg": 226.8177841890099,
  "ride_rain_flag": 0.0,
  "tent_rain_flag": 0.0,
  "daily_precip_sum": 0.1,
  "daily_temp_mean": 15.229166666666666,
  "daily_wind_mean": 10.808333333333332,
  "daily_wind_dir_deg": 233.69612198380048
}