{
  "samples_local": {
    "10": {
      "temp": 19.9,
      "precip": 0.0,
      "wind": 18.2,
      "wind_dir_deg": 243.0
    },
    "12": {
      "temp": 22.0,
      "precip": 0.0,
      "wind": 18.5,
      "wind_dir_deg": 249.0
    },
    "14": {
      "temp": 22.7,
      "precip": 0.0,
      "wind": 18.4,
      "wind_dir_deg": 258.0
    },
    "16": {
      "temp": 22.8,
      "precip": 0.0,
      "wind": 18.2,
      "wind_dir_deg": 262.0
    }
  },
  "ride_temp_mean": 21.85,
  "ride_wind_mean": 18.325,
  "ride_wind_dir_deg": 252.99990645650482,
  "ride_rain_flag": 0.0,
  "tent_rain_flag": 0.0,
  "daily_precip_sum": 0.0,
  "daily_temp_mean": 19.004166666666666,
  "daily_wind_mean": 14.766666666666666,
  "daily_wind_dir_deg": 253.38801994229416
}