{
  "samples_local": {
    "10": {
      "temp": 18.0,
      "precip": 0.0,
      "wind": 16.3,
      "wind_dir_deg": 264.0
    },
    "12": {
      "temp": 20.2,
      "precip": 0.0,
      "wind": 20.6,
      "wind_dir_deg": 265.0
    },
    "14": {
      "temp": 19.8,
      "precip": 0.0,
      "wind": 18.1,
      "wind_dir_deg": 276.0
    },
    "16": {
      "temp": 21.2,
      "precip": 0.0,
      "wind": 15.6,
      "wind_dir_deg": 262.0
    }
  },
  "ride_temp_mean": 19.8,
  "ride_wind_mean": 17.650000000000002,
  "ride_wind_dir_deg": 266.9183386155196,
  "ride_rain_flag": 0.0,
  "tent_rain_flag": 0.0,
  "daily_precip_sum": 0.0,
  "daily_temp_mean": 17.162499999999998,
  "daily_wind_mean": 14.1875,
  "daily_wind_dir_deg": 264.642636347105
}