{
  "samples_local": {
    "10": {
      "temp": 19.5,
      "precip": 0.0,
      "wind": 14.4,
      "wind_dir_deg": 233.0
    },
    "12": {
      "temp": 21.3,
      "precip": 0.0,
      "wind": 13.2,
      "wind_dir_deg": 227.0
    },
    "14": {
      "temp": 20.9,
      "precip": 0.0,
      "wind": 14.5,
      "wind_dir_deg": 235.0
    },
    "16": {
      "temp": 21.4,
      "precip": 0.0,
      "wind": 13.5,
      "wind_dir_deg": 222.0
    }
  },
  "ride_temp_mean": 20.775,
  "ride_wind_mean": 13.9,
  "ride_wind_dir_deg": 229.4285932205332,
  "ride_rain_flag": 0.0,
  "tent_rain_flag": 0.0,
  "daily_precip_sum": 0.0,
  "daily_temp_mean": 17.720833333333335,
  "daily_wind_mean": 11.950000000000001,
  "daily_wind_dir_deg": 228.89866624219562
}