{
  "samples_local": {
    "10": {
      "temp": 17.5,
      "precip": 0.0,
      "wind": 13.5,
      "wind_dir_deg": 245.0
    },
    "12": {
      "temp": 20.6,
      "precip": 0.1,
      "wind": 13.5,
      "wind_dir_deg": 254.0
    },
    "14": {
      "temp": 17.5,
      "precip": 0.8,
      "wind": 14.1,
      "wind_dir_deg": 255.0
    },
    "16": {
      "temp": 20.6,
      "precip": 0.0,
      "wind": 10.7,
      "wind_dir_deg": 250.0
    }
  },
  "ride_temp_mean": 19.05,
  "ride_wind_mean": 12.95,
  "ride_wind_dir_deg": 251.1022650267688,
  "ride_rain_flag": 1.0,
  "tent_rain_flag": 1.0,
  "daily_precip_sum": 1.1,
  "daily_temp_mean": 16.270833333333332,
  "daily_wind_mean": 10.345833333333333,
  "daily_wind_dir_deg": 242.55683127599693
}