{
  "samples_local": {
    "10": {
      "temp": 20.6,
      "precip": 0.0,
      "wind": 15.5,
      "wind_dir_deg": 258.0
    },
    "12": {
      "temp": 22.7,
      "precip": 0.0,
      "wind": 18.1,
      "wind_dir_deg": 263.0
    },
    "14": {
      "temp": 24.0,
      "precip": 0.0,
      "wind": 16.7,
      "wind_dir_deg": 256.0
    },
    "16": {
      "temp": 24.2,
      "precip": 0.0,
      "wind": 14.1,
      "wind_dir_deg": 251.0
    }
  },
  "ride_temp_mean": 22.875,
  "ride_wind_mean": 16.1,
  "ride_wind_dir_deg": 257.35435051838806,
  "ride_rain_flag": 0.0,
  "tent_rain_flag": 0.0,
  "daily_precip_sum": 0.0,
  "daily_temp_mean": 19.329166666666666,
  "daily_wind_mean": 13.866666666666667,
  "daily_wind_dir_deg": 253.51086833838582
}