{
  "samples_local": {
    "10": {
      "temp": 20.5,
      "precip": 0.0,
      "wind": 15.3,
      "wind_dir_deg": 262.0
    },
    "12": {
      "temp": 21.5,
      "precip": 0.0,
      "wind": 18.4,
      "wind_dir_deg": 276.0
    },
    "14": {
      "temp": 23.0,
      "precip": 0.0,
      "wind": 16.1,
      "wind_dir_deg": 280.0
    },
    "16": {
      "temp": 23.0,
      "precip": 0.0,
      "wind": 11.5,
      "wind_dir_deg": 274.0
    }
  },
  "ride_temp_mean": 22.0,
  "ride_wind_mean": 15.325,
  "ride_wind_dir_deg": 273.19427642840265,
  "ride_rain_flag": 0.0,
  "tent_rain_flag": 0.0,
  "daily_precip_sum": 0.0,
  "daily_temp_mean": 18.720833333333335,
  "daily_wind_mean": 13.516666666666666,
  "daily_wind_dir_deg": 252.25603255185234
}