{
  "samples_local": {
    "10": {
      "temp": 18.5,
      "precip": 0.0,
      "wind": 13.0,
      "wind_dir_deg": 270.0
    },
    "12": {
      "temp": 20.1,
      "precip": 0.0,
      "wind": 13.7,
      "wind_dir_deg": 275.0
    },
    "14": {
      "temp": 20.6,
      "precip": 0.0,
      "wind": 12.6,
      "wind_dir_deg": 257.0
    },
    "16": {
      "temp": 21.0,
      "precip": 0.0,
      "wind": 10.5,
      "wind_dir_deg": 254.0
    }
  },
  "ride_temp_mean": 20.05,
  "ride_wind_mean": 12.45,
  "ride_wind_dir_deg": 264.7147612432184,
  "ride_rain_flag": 0.0,
  "tent_rain_flag": 0.0,
  "daily_precip_sum": 0.0,
  "daily_temp_mean": 17.191666666666666,
  "daily_wind_mean": 11.291666666666666,
  "daily_wind_dir_deg": 262.7997267608151
}