{
  "samples_local": {
    "10": {
      "temp": 17.5,
      "precip": 0.0,
      "wind": 19.6,
      "wind_dir_deg": 253.0
    },
    "12": {
      "temp": 19.3,
      "precip": 0.0,
      "wind": 19.8,
      "wind_dir_deg": 251.0
    },
    "14": {
      "temp": 20.7,
      "precip": 0.0,
      "wind": 20.5,
      "wind_dir_deg": 236.0
    },
    "16": {
      "temp": 19.9,
      "precip": 0.0,
      "wind": 18.0,
      "wind_dir_deg": 237.0
    }
  },
  "ride_temp_mean": 19.35,
  "ride_wind_mean": 19.475,
  "ride_wind_dir_deg": 244.32102980402675,
  "ride_rain_flag": 0.0,
  "tent_rain_flag": 0.0,
  "daily_precip_sum": 0.0,
  "daily_temp_mean": 15.674999999999999,
  "daily_wind_mean": 12.208333333333334,
  "daily_wind_dir_deg": 245.49864980228094
}