{
  "ride_temp_mean": 7.6,
  "ride_precip_sum": 0.0,
  "ride_wind_speed": 5.431481607331297,
  "ride_wind_dir": 237.86301750832564,
  "tent_precip_sum": 3.9,
  "tent_temp_mean": 6.62
}