{
  "ride_temp_mean": 10.0,
  "ride_precip_sum": 0.0,
  "ride_wind_speed": 2.598419881198703,
  "ride_wind_dir": 268.0345118174757,
  "tent_precip_sum": 0.0,
  "tent_temp_mean": 8.015
}