{
  "ride_temp_mean": 5.2749999999999995,
  "ride_precip_sum": 0.0,
  "ride_wind_speed": 0.9073627416163548,
  "ride_wind_dir": 319.30191799126345,
  "tent_precip_sum": 0.1,
  "tent_temp_mean": 3.55
}