{
  "samples_local": {
    "10": {
      "temp": 26.4,
      "precip": 0.1,
      "wind": 11.7,
      "wind_dir_deg": 297.0
    },
    "12": {
      "temp": 29.5,
      "precip": 0.0,
      "wind": 10.9,
      "wind_dir_deg": 297.0
    },
    "14": {
      "temp": 31.1,
      "precip": 0.0,
      "wind": 13.2,
      "wind_dir_deg": 290.0
    },
    "16": {
      "temp": 28.6,
      "precip": 0.3,
      "wind": 16.4,
      "wind_dir_deg": 285.0
    }
  },
  "ride_temp_mean": 28.9,
  "ride_wind_mean": 13.049999999999999,
  "ride_wind_dir_deg": 291.4603732615112,
  "ride_rain_flag": 1.0,
  "tent_rain_flag": 1.0,
  "daily_precip_sum": 2.9,
  "daily_temp_mean": 25.183333333333334,
  "daily_wind_mean": 7.329166666666667,
  "daily_wind_dir_deg": 277.6228753069739
}