{
  "ride_temp_mean": 18.385714285714283,
  "ride_wind_mean": 16.442857142857143,
  "ride_rain_flag": 0.0,
  "tent_rain_flag": 0.0
}