{
  "samples_local": {
    "10": {
      "temp": 12.8,
      "precip": 0.0,
      "wind": 3.6,
      "wind_dir_deg": 147.0
    },
    "12": {
      "temp": 12.9,
      "precip": 0.0,
      "wind": 13.4,
      "wind_dir_deg": 114.0
    },
    "14": {
      "temp": 10.4,
      "precip": 0.7,
      "wind": 9.4,
      "wind_dir_deg": 119.0
    },
    "16": {
      "temp": 8.5,
      "precip": 2.7,
      "wind": 12.1,
      "wind_dir_deg": 122.0
    }
  },
  "ride_temp_mean": 11.15,
  "ride_wind_mean": 9.625,
  "ride_wind_dir_deg": 120.74116537208374,
  "ride_rain_flag": 1.0,
  "tent_rain_flag": 1.0,
  "daily_precip_sum": 12.200000000000001,
  "daily_temp_mean": 7.558333333333334,
  "daily_wind_mean": 5.566666666666666,
  "daily_wind_dir_deg": 92.28777491153323
}