{
  "ride_temp_mean": 20.157142857142855,
  "ride_wind_mean": 18.771428571428572,
  "ride_rain_flag": 0.0,
  "tent_rain_flag": 0.0
}