{
  "ride_temp_mean": 16.985714285714288,
  "ride_wind_mean": 29.314285714285713,
  "ride_rain_flag": 0.0,
  "tent_rain_flag": 1.0
}