{
  "ride_temp_mean": 24.014285714285712,
  "ride_wind_mean": 12.114285714285714,
  "ride_rain_flag": 0.0,
  "tent_rain_flag": 0.0
}