{
  "ride_temp_mean": 10.857142857142858,
  "ride_wind_mean": 23.585714285714285,
  "ride_rain_flag": 1.0,
  "tent_rain_flag": 1.0
}