{
  "samples_local": {
    "10": {
      "temp": 16.5,
      "precip": 0.0,
      "wind": 16.8,
      "wind_dir_deg": 113.0
    },
    "12": {
      "temp": 16.7,
      "precip": 0.0,
      "wind": 15.8,
      "wind_dir_deg": 109.0
    },
    "14": {
      "temp": 17.1,
      "precip": 0.0,
      "wind": 15.9,
      "wind_dir_deg": 115.0
    },
    "16": {
      "temp": 17.8,
      "precip": 0.0,
      "wind": 13.3,
      "wind_dir_deg": 142.0
    }
  },
  "ride_temp_mean": 17.025,
  "ride_wind_mean": 15.450000000000001,
  "ride_wind_dir_deg": 118.60888170593142,
  "ride_rain_flag": 0.0,
  "tent_rain_flag": 0.0,
  "daily_precip_sum": 0.0,
  "daily_temp_mean": 16.983333333333334,
  "daily_wind_mean": 13.450000000000001,
  "daily_wind_dir_deg": 119.53719845183917
}