{
  "ride_temp_mean": 22.785714285714285,
  "ride_wind_mean": 9.585714285714285,
  "ride_rain_flag": 0.0,
  "tent_rain_flag": 0.0
}