{
  "ride_temp_mean": 17.714285714285715,
  "ride_wind_mean": 13.057142857142859,
  "ride_rain_flag": 0.0,
  "tent_rain_flag": 0.0
}