{
  "ride_temp_mean": 15.957142857142857,
  "ride_wind_mean": 29.557142857142857,
  "ride_rain_flag": 0.0,
  "tent_rain_flag": 1.0
}