{
  "samples_local": {
    "10": {
      "temp": 26.8,
      "precip": 0.0,
      "wind": 14.7,
      "wind_dir_deg": 352.0
    },
    "12": {
      "temp": 26.5,
      "precip": 0.6,
      "wind": 19.0,
      "wind_dir_deg": 305.0
    },
    "14": {
      "temp": 26.5,
      "precip": 0.5,
      "wind": 18.5,
      "wind_dir_deg": 294.0
    },
    "16": {
      "temp": 26.1,
      "precip": 0.1,
      "wind": 22.2,
      "wind_dir_deg": 262.0
    }
  },
  "ride_temp_mean": 26.475,
  "ride_wind_mean": 18.6,
  "ride_wind_dir_deg": 297.882331840617,
  "ride_rain_flag": 1.0,
  "tent_rain_flag": 1.0,
  "daily_precip_sum": 35.0,
  "daily_temp_mean": 26.329166666666666,
  "daily_wind_mean": 19.775000000000002,
  "daily_wind_dir_deg": 298.28931397585256
}