{
  "samples_local": {
    "10": {
      "temp": 13.7,
      "precip": 0.2,
      "wind": 22.2
    },
    "12": {
      "temp": 14.6,
      "precip": 1.2,
      "wind": 16.9
    },
    "14": {
      "temp": 14.6,
      "precip": 2.2,
      "wind": 20.2
    },
    "16": {
      "temp": 15.1,
      "precip": 0.0,
      "wind": 13.9
    }
  },
  "ride_temp_mean": 14.5,
  "ride_wind_mean": 18.3,
  "ride_rain_flag": 1.0,
  "tent_rain_flag": 1.0,
  "daily_precip_sum": 14.600000000000001,
  "daily_temp_mean": 13.558333333333332,
  "daily_wind_mean": 18.504166666666666
}