{
  "ride_temp_mean": -16.375,
  "ride_precip_sum": 0.0,
  "ride_wind_speed": 3.441739124648785,
  "ride_wind_dir": 288.5225739265235,
  "tent_precip_sum": 0.30000000000000004,
  "tent_temp_mean": -16.19
}