{
  "ride_temp_mean": -4.075,
  "ride_precip_sum": 0.0,
  "ride_wind_speed": 4.189964308399803,
  "ride_wind_dir": 278.7313742374281,
  "tent_precip_sum": 0.0,
  "tent_temp_mean": -7.49
}