{
  "ride_temp_mean": -6.875,
  "ride_precip_sum": 0.1,
  "ride_wind_speed": 4.178685849463277,
  "ride_wind_dir": 345.2602910693646,
  "tent_precip_sum": 0.4,
  "tent_temp_mean": -8.925
}