{
  "ride_temp_mean": -0.625,
  "ride_precip_sum": 0.0,
  "ride_wind_speed": 4.066853260401031,
  "ride_wind_dir": 335.42722989506217,
  "tent_precip_sum": 1.1,
  "tent_temp_mean": -5.225
}