{
  "ride_temp_mean": -0.175,
  "ride_precip_sum": 0.0,
  "ride_wind_speed": 20.769031220233135,
  "ride_wind_dir": 282.88139883870343,
  "tent_precip_sum": 2.4,
  "tent_temp_mean": 0.9099999999999999
}