{
  "ride_temp_mean": 7.425,
  "ride_precip_sum": 0.0,
  "ride_wind_speed": 19.436145924394825,
  "ride_wind_dir": 243.3800922124242,
  "tent_precip_sum": 0.9,
  "tent_temp_mean": 5.654999999999999
}