{
  "ride_temp_mean": 6.925,
  "ride_precip_sum": 0.6,
  "ride_wind_speed": 25.313912509980227,
  "ride_wind_dir": 240.49329471717175,
  "tent_precip_sum": 7.8999999999999995,
  "tent_temp_mean": 6.5
}