{
  "ride_temp_mean": -0.2,
  "ride_precip_sum": 0.4,
  "ride_wind_speed": 9.5823723898118,
  "ride_wind_dir": 265.01988881974034,
  "tent_precip_sum": 1.2000000000000002,
  "tent_temp_mean": -0.8800000000000001
}