{
  "ride_temp_mean": 0.95,
  "ride_precip_sum": 0.0,
  "ride_wind_speed": 16.27110421901671,
  "ride_wind_dir": 275.07147516943843,
  "tent_precip_sum": 8.9,
  "tent_temp_mean": 1.3599999999999999
}