{
  "ride_temp_mean": 9.075000000000001,
  "ride_precip_sum": 0.0,
  "ride_wind_speed": 15.961935652837884,
  "ride_wind_dir": 237.1474096476637,
  "tent_precip_sum": 1.3,
  "tent_temp_mean": 6.56
}