{
  "ride_temp_mean": 7.5,
  "ride_precip_sum": 0.0,
  "ride_wind_speed": 5.253998002514855,
  "ride_wind_dir": 238.49451648460695,
  "tent_precip_sum": 0.0,
  "tent_temp_mean": 2.76
}