{
  "ride_temp_mean": -3.325,
  "ride_precip_sum": 0.8,
  "ride_wind_speed": 6.985602867369203,
  "ride_wind_dir": 258.7627924723491,
  "tent_precip_sum": 2.1,
  "tent_temp_mean": -4.005
}