{
  "ride_temp_mean": -1.85,
  "ride_precip_sum": 0.0,
  "ride_wind_speed": 13.150570887920304,
  "ride_wind_dir": 287.7924959453941,
  "tent_precip_sum": 11.4,
  "tent_temp_mean": -1.655
}