{
  "samples_local": {
    "10": {
      "temp": 13.1,
      "precip": 0.3,
      "wind": 10.7,
      "wind_dir_deg": 228.0
    },
    "12": {
      "temp": 14.7,
      "precip": 0.0,
      "wind": 9.9,
      "wind_dir_deg": 249.0
    },
    "14": {
      "temp": 16.9,
      "precip": 0.0,
      "wind": 6.8,
      "wind_dir_deg": 270.0
    },
    "16": {
      "temp": 16.5,
      "precip": 0.1,
      "wind": 5.1,
      "wind_dir_deg": 333.0
    }
  },
  "ride_temp_mean": 15.299999999999999,
  "ride_wind_mean": 8.125,
  "ride_wind_dir_deg": 256.81531378876804,
  "ride_rain_flag": 1.0,
  "tent_rain_flag": 1.0,
  "daily_precip_sum": 2.8,
  "daily_temp_mean": 12.770833333333334,
  "daily_wind_mean": 7.770833333333333,
  "daily_wind_dir_deg": 226.52898533366215
}