{
  "samples_local": {
    "10": {
      "temp": 15.4,
      "precip": 0.0,
      "wind": 6.8,
      "wind_dir_deg": 22.0
    },
    "12": {
      "temp": 16.5,
      "precip": 0.0,
      "wind": 9.3,
      "wind_dir_deg": 8.0
    },
    "14": {
      "temp": 17.1,
      "precip": 0.0,
      "wind": 9.9,
      "wind_dir_deg": 16.0
    },
    "16": {
      "temp": 17.1,
      "precip": 0.0,
      "wind": 10.8,
      "wind_dir_deg": 349.0
    }
  },
  "ride_temp_mean": 16.525000000000002,
  "ride_wind_mean": 9.200000000000001,
  "ride_wind_dir_deg": 7.213116230179821,
  "ride_rain_flag": 0.0,
  "tent_rain_flag": 0.0,
  "daily_precip_sum": 0.1,
  "daily_temp_mean": 13.920833333333334,
  "daily_wind_mean": 7.820833333333333,
  "daily_wind_dir_deg": 354.78174033355714
}