{
  "samples_local": {
    "10": {
      "temp": 20.3,
      "precip": 0.0,
      "wind": 6.8,
      "wind_dir_deg": 349.0
    },
    "12": {
      "temp": 21.6,
      "precip": 0.0,
      "wind": 4.5,
      "wind_dir_deg": 7.0
    },
    "14": {
      "temp": 21.5,
      "precip": 0.0,
      "wind": 8.3,
      "wind_dir_deg": 359.0
    },
    "16": {
      "temp": 21.4,
      "precip": 0.0,
      "wind": 9.1,
      "wind_dir_deg": 15.0
    }
  },
  "ride_temp_mean": 21.2,
  "ride_wind_mean": 7.175,
  "ride_wind_dir_deg": 2.9632180105714383,
  "ride_rain_flag": 0.0,
  "tent_rain_flag": 1.0,
  "daily_precip_sum": 7.699999999999999,
  "daily_temp_mean": 18.508333333333333,
  "daily_wind_mean": 5.758333333333333,
  "daily_wind_dir_deg": 348.7307074131559
}