{
  "samples_local": {
    "10": {
      "temp": 15.2,
      "precip": 0.0,
      "wind": 10.3,
      "wind_dir_deg": 19.0
    },
    "12": {
      "temp": 17.4,
      "precip": 0.0,
      "wind": 10.8,
      "wind_dir_deg": 21.0
    },
    "14": {
      "temp": 17.5,
      "precip": 0.0,
      "wind": 12.4,
      "wind_dir_deg": 19.0
    },
    "16": {
      "temp": 17.2,
      "precip": 0.0,
      "wind": 11.4,
      "wind_dir_deg": 5.0
    }
  },
  "ride_temp_mean": 16.825,
  "ride_wind_mean": 11.225000000000001,
  "ride_wind_dir_deg": 15.941040039078075,
  "ride_rain_flag": 0.0,
  "tent_rain_flag": 0.0,
  "daily_precip_sum": 0.0,
  "daily_temp_mean": 14.383333333333333,
  "daily_wind_mean": 9.379166666666666,
  "daily_wind_dir_deg": 11.38319103973464
}