{
  "samples_local": {
    "10": {
      "temp": 15.1,
      "precip": 0.0,
      "wind": 4.4,
      "wind_dir_deg": 55.0
    },
    "12": {
      "temp": 17.6,
      "precip": 0.1,
      "wind": 8.0,
      "wind_dir_deg": 18.0
    },
    "14": {
      "temp": 18.8,
      "precip": 0.1,
      "wind": 13.5,
      "wind_dir_deg": 16.0
    },
    "16": {
      "temp": 18.6,
      "precip": 0.0,
      "wind": 11.9,
      "wind_dir_deg": 2.0
    }
  },
  "ride_temp_mean": 17.525000000000002,
  "ride_wind_mean": 9.45,
  "ride_wind_dir_deg": 16.266095155967662,
  "ride_rain_flag": 0.0,
  "tent_rain_flag": 1.0,
  "daily_precip_sum": 3.9,
  "daily_temp_mean": 15.341666666666667,
  "daily_wind_mean": 8.583333333333334,
  "daily_wind_dir_deg": 24.16216961759386
}