{
  "samples_local": {
    "10": {
      "temp": 14.7,
      "precip": 0.0,
      "wind": 9.3,
      "wind_dir_deg": 328.0
    },
    "12": {
      "temp": 17.6,
      "precip": 0.0,
      "wind": 8.4,
      "wind_dir_deg": 344.0
    },
    "14": {
      "temp": 18.3,
      "precip": 0.0,
      "wind": 11.4,
      "wind_dir_deg": 325.0
    },
    "16": {
      "temp": 19.5,
      "precip": 0.0,
      "wind": 12.2,
      "wind_dir_deg": 335.0
    }
  },
  "ride_temp_mean": 17.525,
  "ride_wind_mean": 10.325,
  "ride_wind_dir_deg": 332.4848757214965,
  "ride_rain_flag": 0.0,
  "tent_rain_flag": 0.0,
  "daily_precip_sum": 0.0,
  "daily_temp_mean": 14.895833333333334,
  "daily_wind_mean": 9.391666666666667,
  "daily_wind_dir_deg": 324.6185895351369
}