{
  "samples_local": {
    "10": {
      "temp": 15.5,
      "precip": 0.0,
      "wind": 4.2,
      "wind_dir_deg": 54.0
    },
    "12": {
      "temp": 18.4,
      "precip": 0.0,
      "wind": 5.6,
      "wind_dir_deg": 4.0
    },
    "14": {
      "temp": 19.0,
      "precip": 0.1,
      "wind": 15.2,
      "wind_dir_deg": 5.0
    },
    "16": {
      "temp": 18.5,
      "precip": 0.0,
      "wind": 12.5,
      "wind_dir_deg": 12.0
    }
  },
  "ride_temp_mean": 17.85,
  "ride_wind_mean": 9.375,
  "ride_wind_dir_deg": 12.282206477169268,
  "ride_rain_flag": 0.0,
  "tent_rain_flag": 1.0,
  "daily_precip_sum": 2.6999999999999997,
  "daily_temp_mean": 15.254166666666668,
  "daily_wind_mean": 8.633333333333333,
  "daily_wind_dir_deg": 24.423537544313717
}