{
  "samples_local": {
    "10": {
      "temp": 17.0,
      "precip": 0.1,
      "wind": 6.6,
      "wind_dir_deg": 145.0
    },
    "12": {
      "temp": 18.5,
      "precip": 0.1,
      "wind": 4.3,
      "wind_dir_deg": 195.0
    },
    "14": {
      "temp": 20.5,
      "precip": 0.1,
      "wind": 3.8,
      "wind_dir_deg": 90.0
    },
    "16": {
      "temp": 19.8,
      "precip": 0.0,
      "wind": 7.1,
      "wind_dir_deg": 36.0
    }
  },
  "ride_temp_mean": 18.95,
  "ride_wind_mean": 5.449999999999999,
  "ride_wind_dir_deg": 109.71936106508622,
  "ride_rain_flag": 0.0,
  "tent_rain_flag": 1.0,
  "daily_precip_sum": 1.9000000000000001,
  "daily_temp_mean": 16.162499999999998,
  "daily_wind_mean": 4.683333333333334,
  "daily_wind_dir_deg": 104.57692805832852
}