{
  "ride_temp_mean": 6.05,
  "ride_precip_sum": 0.0,
  "ride_wind_speed": 5.656684554904238,
  "ride_wind_dir": 346.1235313895751,
  "tent_precip_sum": 0.0,
  "tent_temp_mean": 3.145
}