{
  "ride_temp_mean": 12.025,
  "ride_precip_sum": 1.2999999999999998,
  "ride_wind_speed": 33.923772458667166,
  "ride_wind_dir": 255.1595794824513,
  "tent_precip_sum": 5.2,
  "tent_temp_mean": 11.66
}