{
  "ride_temp_mean": -17.5,
  "ride_precip_sum": 0.2,
  "ride_wind_speed": 2.9081548482954807,
  "ride_wind_dir": 342.28901490830776,
  "tent_precip_sum": 0.2,
  "tent_temp_mean": -17.265
}