{
  "ride_temp_mean": -9.75,
  "ride_precip_sum": 0.0,
  "ride_wind_speed": 2.981289844790771,
  "ride_wind_dir": 275.3138256839734,
  "tent_precip_sum": 7.6,
  "tent_temp_mean": -9.485
}