{
  "ride_temp_mean": -12.7,
  "ride_precip_sum": 0.0,
  "ride_wind_speed": 2.634085250940616,
  "ride_wind_dir": 329.05739319366546,
  "tent_precip_sum": 0.0,
  "tent_temp_mean": -13.709999999999999
}