{
  "ride_temp_mean": -16.075,
  "ride_precip_sum": 0.0,
  "ride_wind_speed": 3.2742828066789937,
  "ride_wind_dir": 332.03741316696266,
  "tent_precip_sum": 0.0,
  "tent_temp_mean": -18.28
}