{
  "ride_temp_mean": -10.85,
  "ride_precip_sum": 0.0,
  "ride_wind_speed": 7.544588430971443,
  "ride_wind_dir": 289.2748409626582,
  "tent_precip_sum": 0.4,
  "tent_temp_mean": -12.135
}