{
  "ride_temp_mean": -10.175,
  "ride_precip_sum": 0.0,
  "ride_wind_speed": 2.6721997152468933,
  "ride_wind_dir": 307.21574578211835,
  "tent_precip_sum": 0.0,
  "tent_temp_mean": -12.575
}