{
  "ride_temp_mean": -1.9749999999999999,
  "ride_precip_sum": 0.0,
  "ride_wind_speed": 0.6665481073734414,
  "ride_wind_dir": 126.75647277663563,
  "tent_precip_sum": 0.0,
  "tent_temp_mean": -7.925
}