{
  "ride_temp_mean": 10.075,
  "ride_precip_sum": 0.0,
  "ride_wind_speed": 7.796509874657069,
  "ride_wind_dir": 332.50352997363336,
  "tent_precip_sum": 0.0,
  "tent_temp_mean": 4.835
}