{
  "ride_temp_mean": 9.525,
  "ride_precip_sum": 0.5,
  "ride_wind_speed": 1.0920865061542888,
  "ride_wind_dir": 336.03681798085546,
  "tent_precip_sum": 6.4,
  "tent_temp_mean": 7.575
}