{
  "ride_temp_mean": 0.65,
  "ride_precip_sum": 0.8,
  "ride_wind_speed": 3.4140120408753316,
  "ride_wind_dir": 333.21450830230793,
  "tent_precip_sum": 3.0,
  "tent_temp_mean": 0.3
}