{
  "ride_temp_mean": 2.85,
  "ride_precip_sum": 0.0,
  "ride_wind_speed": 13.238998207949754,
  "ride_wind_dir": 281.9018437954268,
  "tent_precip_sum": 1.9000000000000001,
  "tent_temp_mean": 3.0149999999999997
}