{
  "ride_temp_mean": 8.475,
  "ride_precip_sum": 0.0,
  "ride_wind_speed": 26.70675067978579,
  "ride_wind_dir": 202.0869371295734,
  "tent_precip_sum": 1.0,
  "tent_temp_mean": 7.220000000000001
}