{
  "samples_local": {
    "10": {
      "temp": 19.5,
      "precip": 0.0,
      "wind": 8.2,
      "wind_dir_deg": 285.0
    },
    "12": {
      "temp": 21.3,
      "precip": 0.0,
      "wind": 12.3,
      "wind_dir_deg": 277.0
    },
    "14": {
      "temp": 22.2,
      "precip": 0.0,
      "wind": 16.3,
      "wind_dir_deg": 284.0
    },
    "16": {
      "temp": 22.5,
      "precip": 0.0,
      "wind": 17.7,
      "wind_dir_deg": 287.0
    }
  },
  "ride_temp_mean": 21.375,
  "ride_wind_mean": 13.625,
  "ride_wind_dir_deg": 283.54746488153336,
  "ride_rain_flag": 0.0,
  "tent_rain_flag": 0.0,
  "daily_precip_sum": 0.0,
  "daily_temp_mean": 17.654166666666665,
  "daily_wind_mean": 9.995833333333334,
  "daily_wind_dir_deg": 287.7262352235178
}