{
  "samples_local": {
    "10": {
      "temp": 20.4,
      "precip": 0.0,
      "wind": 15.5,
      "wind_dir_deg": 292.0
    },
    "12": {
      "temp": 22.8,
      "precip": 0.0,
      "wind": 15.9,
      "wind_dir_deg": 288.0
    },
    "14": {
      "temp": 23.4,
      "precip": 0.0,
      "wind": 17.9,
      "wind_dir_deg": 279.0
    },
    "16": {
      "temp": 22.2,
      "precip": 0.0,
      "wind": 18.7,
      "wind_dir_deg": 272.0
    }
  },
  "ride_temp_mean": 22.2,
  "ride_wind_mean": 17.0,
  "ride_wind_dir_deg": 282.14416854922234,
  "ride_rain_flag": 0.0,
  "tent_rain_flag": 0.0,
  "daily_precip_sum": 0.0,
  "daily_temp_mean": 17.258333333333333,
  "daily_wind_mean": 15.933333333333332,
  "daily_wind_dir_deg": 277.0838826121686
}