{
  "samples_local": {
    "10": {
      "temp": 19.5,
      "precip": 0.0,
      "wind": 3.9,
      "wind_dir_deg": 248.0
    },
    "12": {
      "temp": 23.1,
      "precip": 0.0,
      "wind": 6.7,
      "wind_dir_deg": 234.0
    },
    "14": {
      "temp": 25.3,
      "precip": 0.0,
      "wind": 13.3,
      "wind_dir_deg": 257.0
    },
    "16": {
      "temp": 25.0,
      "precip": 0.0,
      "wind": 15.1,
      "wind_dir_deg": 269.0
    }
  },
  "ride_temp_mean": 23.225,
  "ride_wind_mean": 9.75,
  "ride_wind_dir_deg": 256.86683478884083,
  "ride_rain_flag": 0.0,
  "tent_rain_flag": 0.0,
  "daily_precip_sum": 0.0,
  "daily_temp_mean": 17.795833333333334,
  "daily_wind_mean": 10.308333333333334,
  "daily_wind_dir_deg": 262.9390623678755
}