{
  "samples_local": {
    "10": {
      "temp": 19.5,
      "precip": 0.0,
      "wind": 16.8,
      "wind_dir_deg": 285.0
    },
    "12": {
      "temp": 21.5,
      "precip": 0.0,
      "wind": 16.8,
      "wind_dir_deg": 285.0
    },
    "14": {
      "temp": 22.5,
      "precip": 0.0,
      "wind": 16.2,
      "wind_dir_deg": 287.0
    },
    "16": {
      "temp": 22.7,
      "precip": 0.0,
      "wind": 19.4,
      "wind_dir_deg": 280.0
    }
  },
  "ride_temp_mean": 21.55,
  "ride_wind_mean": 17.3,
  "ride_wind_dir_deg": 284.0671114675031,
  "ride_rain_flag": 0.0,
  "tent_rain_flag": 0.0,
  "daily_precip_sum": 0.0,
  "daily_temp_mean": 17.287499999999998,
  "daily_wind_mean": 17.345833333333335,
  "daily_wind_dir_deg": 285.16602820511594
}