{
  "samples_local": {
    "10": {
      "temp": 21.6,
      "precip": 0.0,
      "wind": 21.8,
      "wind_dir_deg": 308.0
    },
    "12": {
      "temp": 23.8,
      "precip": 0.0,
      "wind": 24.6,
      "wind_dir_deg": 305.0
    },
    "14": {
      "temp": 25.1,
      "precip": 0.0,
      "wind": 23.3,
      "wind_dir_deg": 305.0
    },
    "16": {
      "temp": 24.6,
      "precip": 0.0,
      "wind": 22.9,
      "wind_dir_deg": 314.0
    }
  },
  "ride_temp_mean": 23.775000000000002,
  "ride_wind_mean": 23.15,
  "ride_wind_dir_deg": 307.92981916261783,
  "ride_rain_flag": 0.0,
  "tent_rain_flag": 0.0,
  "daily_precip_sum": 0.0,
  "daily_temp_mean": 19.779166666666665,
  "daily_wind_mean": 18.45,
  "daily_wind_dir_deg": 304.78771549379405
}