{
  "samples_local": {
    "10": {
      "temp": 21.2,
      "precip": 0.0,
      "wind": 20.0,
      "wind_dir_deg": 293.0
    },
    "12": {
      "temp": 23.5,
      "precip": 0.0,
      "wind": 21.5,
      "wind_dir_deg": 293.0
    },
    "14": {
      "temp": 25.3,
      "precip": 0.0,
      "wind": 21.7,
      "wind_dir_deg": 294.0
    },
    "16": {
      "temp": 25.2,
      "precip": 0.0,
      "wind": 21.2,
      "wind_dir_deg": 291.0
    }
  },
  "ride_temp_mean": 23.8,
  "ride_wind_mean": 21.1,
  "ride_wind_dir_deg": 292.75478267009316,
  "ride_rain_flag": 0.0,
  "tent_rain_flag": 0.0,
  "daily_precip_sum": 0.0,
  "daily_temp_mean": 19.866666666666667,
  "daily_wind_mean": 16.679166666666667,
  "daily_wind_dir_deg": 288.4028579428864
}