{
  "samples_local": {
    "10": {
      "temp": 18.5,
      "precip": 0.0,
      "wind": 12.2,
      "wind_dir_deg": 214.0
    },
    "12": {
      "temp": 21.0,
      "precip": 0.0,
      "wind": 14.1,
      "wind_dir_deg": 232.0
    },
    "14": {
      "temp": 22.3,
      "precip": 0.0,
      "wind": 16.4,
      "wind_dir_deg": 244.0
    },
    "16": {
      "temp": 21.5,
      "precip": 0.0,
      "wind": 15.0,
      "wind_dir_deg": 246.0
    }
  },
  "ride_temp_mean": 20.825,
  "ride_wind_mean": 14.424999999999999,
  "ride_wind_dir_deg": 235.32271652706342,
  "ride_rain_flag": 0.0,
  "tent_rain_flag": 0.0,
  "daily_precip_sum": 0.0,
  "daily_temp_mean": 16.7375,
  "daily_wind_mean": 14.916666666666666,
  "daily_wind_dir_deg": 217.7945820493737
}