{
  "samples_local": {
    "10": {
      "temp": 21.2,
      "precip": 0.0,
      "wind": 20.1,
      "wind_dir_deg": 299.0
    },
    "12": {
      "temp": 23.3,
      "precip": 0.0,
      "wind": 21.7,
      "wind_dir_deg": 294.0
    },
    "14": {
      "temp": 24.5,
      "precip": 0.0,
      "wind": 22.3,
      "wind_dir_deg": 288.0
    },
    "16": {
      "temp": 23.8,
      "precip": 0.0,
      "wind": 21.0,
      "wind_dir_deg": 292.0
    }
  },
  "ride_temp_mean": 23.2,
  "ride_wind_mean": 21.275,
  "ride_wind_dir_deg": 293.1145027794974,
  "ride_rain_flag": 0.0,
  "tent_rain_flag": 0.0,
  "daily_precip_sum": 0.0,
  "daily_temp_mean": 19.170833333333334,
  "daily_wind_mean": 16.520833333333332,
  "daily_wind_dir_deg": 290.3471653887822
}