{
  "samples_local": {
    "10": {
      "temp": 20.5,
      "precip": 0.0,
      "wind": 14.0,
      "wind_dir_deg": 270.0
    },
    "12": {
      "temp": 23.0,
      "precip": 0.0,
      "wind": 15.1,
      "wind_dir_deg": 269.0
    },
    "14": {
      "temp": 24.7,
      "precip": 0.0,
      "wind": 18.4,
      "wind_dir_deg": 272.0
    },
    "16": {
      "temp": 25.0,
      "precip": 0.0,
      "wind": 18.4,
      "wind_dir_deg": 282.0
    }
  },
  "ride_temp_mean": 23.3,
  "ride_wind_mean": 16.474999999999998,
  "ride_wind_dir_deg": 273.6734311136076,
  "ride_rain_flag": 0.0,
  "tent_rain_flag": 0.0,
  "daily_precip_sum": 0.0,
  "daily_temp_mean": 19.162499999999998,
  "daily_wind_mean": 13.866666666666667,
  "daily_wind_dir_deg": 269.93460349517727
}