{
  "samples_local": {
    "10": {
      "temp": 20.7,
      "precip": 0.0,
      "wind": 8.9,
      "wind_dir_deg": 256.0
    },
    "12": {
      "temp": 23.2,
      "precip": 0.0,
      "wind": 10.1,
      "wind_dir_deg": 253.0
    },
    "14": {
      "temp": 24.5,
      "precip": 0.0,
      "wind": 15.8,
      "wind_dir_deg": 271.0
    },
    "16": {
      "temp": 24.4,
      "precip": 0.0,
      "wind": 13.0,
      "wind_dir_deg": 276.0
    }
  },
  "ride_temp_mean": 23.2,
  "ride_wind_mean": 11.95,
  "ride_wind_dir_deg": 265.77763034070574,
  "ride_rain_flag": 0.0,
  "tent_rain_flag": 0.0,
  "daily_precip_sum": 0.0,
  "daily_temp_mean": 18.275000000000002,
  "daily_wind_mean": 10.279166666666667,
  "daily_wind_dir_deg": 250.66957386269178
}