{
  "samples_local": {
    "10": {
      "temp": 20.3,
      "precip": 0.0,
      "wind": 14.3,
      "wind_dir_deg": 258.0
    },
    "12": {
      "temp": 22.6,
      "precip": 0.0,
      "wind": 18.9,
      "wind_dir_deg": 262.0
    },
    "14": {
      "temp": 24.0,
      "precip": 0.0,
      "wind": 19.5,
      "wind_dir_deg": 272.0
    },
    "16": {
      "temp": 24.2,
      "precip": 0.0,
      "wind": 20.2,
      "wind_dir_deg": 275.0
    }
  },
  "ride_temp_mean": 22.775,
  "ride_wind_mean": 18.225,
  "ride_wind_dir_deg": 267.4959757118651,
  "ride_rain_flag": 0.0,
  "tent_rain_flag": 0.0,
  "daily_precip_sum": 0.0,
  "daily_temp_mean": 18.133333333333333,
  "daily_wind_mean": 15.879166666666668,
  "daily_wind_dir_deg": 256.59271411361345
}