{
  "samples_local": {
    "10": {
      "temp": 18.7,
      "precip": 0.0,
      "wind": 14.7,
      "wind_dir_deg": 298.0
    },
    "12": {
      "temp": 21.1,
      "precip": 0.0,
      "wind": 15.5,
      "wind_dir_deg": 292.0
    },
    "14": {
      "temp": 21.8,
      "precip": 0.0,
      "wind": 18.1,
      "wind_dir_deg": 287.0
    },
    "16": {
      "temp": 20.6,
      "precip": 0.0,
      "wind": 18.8,
      "wind_dir_deg": 290.0
    }
  },
  "ride_temp_mean": 20.55,
  "ride_wind_mean": 16.775,
  "ride_wind_dir_deg": 291.40338026619867,
  "ride_rain_flag": 0.0,
  "tent_rain_flag": 0.0,
  "daily_precip_sum": 0.0,
  "daily_temp_mean": 16.133333333333333,
  "daily_wind_mean": 16.129166666666666,
  "daily_wind_dir_deg": 293.0135690266092
}