{
  "samples_local": {
    "10": {
      "temp": 20.8,
      "precip": 0.0,
      "wind": 15.8,
      "wind_dir_deg": 271.0
    },
    "12": {
      "temp": 22.8,
      "precip": 0.0,
      "wind": 19.5,
      "wind_dir_deg": 268.0
    },
    "14": {
      "temp": 24.4,
      "precip": 0.0,
      "wind": 21.7,
      "wind_dir_deg": 276.0
    },
    "16": {
      "temp": 24.5,
      "precip": 0.0,
      "wind": 22.0,
      "wind_dir_deg": 275.0
    }
  },
  "ride_temp_mean": 23.125,
  "ride_wind_mean": 19.75,
  "ride_wind_dir_deg": 272.7475889143908,
  "ride_rain_flag": 0.0,
  "tent_rain_flag": 0.0,
  "daily_precip_sum": 0.0,
  "daily_temp_mean": 18.183333333333334,
  "daily_wind_mean": 16.229166666666668,
  "daily_wind_dir_deg": 259.10595360616566
}