{
  "samples_local": {
    "10": {
      "temp": 20.6,
      "precip": 0.0,
      "wind": 16.4,
      "wind_dir_deg": 285.0
    },
    "12": {
      "temp": 23.1,
      "precip": 0.0,
      "wind": 19.0,
      "wind_dir_deg": 285.0
    },
    "14": {
      "temp": 25.0,
      "precip": 0.0,
      "wind": 21.3,
      "wind_dir_deg": 292.0
    },
    "16": {
      "temp": 24.8,
      "precip": 0.0,
      "wind": 21.0,
      "wind_dir_deg": 292.0
    }
  },
  "ride_temp_mean": 23.375,
  "ride_wind_mean": 19.425,
  "ride_wind_dir_deg": 288.8111949320485,
  "ride_rain_flag": 0.0,
  "tent_rain_flag": 0.0,
  "daily_precip_sum": 0.0,
  "daily_temp_mean": 19.416666666666668,
  "daily_wind_mean": 15.754166666666668,
  "daily_wind_dir_deg": 288.5542373136798
}