{
  "samples_local": {
    "10": {
      "temp": 20.5,
      "precip": 0.0,
      "wind": 16.2,
      "wind_dir_deg": 267.0
    },
    "12": {
      "temp": 22.4,
      "precip": 0.0,
      "wind": 17.6,
      "wind_dir_deg": 270.0
    },
    "14": {
      "temp": 24.4,
      "precip": 0.0,
      "wind": 18.5,
      "wind_dir_deg": 277.0
    },
    "16": {
      "temp": 24.3,
      "precip": 0.0,
      "wind": 19.6,
      "wind_dir_deg": 284.0
    }
  },
  "ride_temp_mean": 22.9,
  "ride_wind_mean": 17.975,
  "ride_wind_dir_deg": 274.9383993566838,
  "ride_rain_flag": 0.0,
  "tent_rain_flag": 0.0,
  "daily_precip_sum": 0.0,
  "daily_temp_mean": 18.858333333333334,
  "daily_wind_mean": 15.395833333333334,
  "daily_wind_dir_deg": 268.03584099498636
}