{
  "samples_local": {
    "10": {
      "temp": 20.5,
      "precip": 0.0,
      "wind": 11.4,
      "wind_dir_deg": 246.0
    },
    "12": {
      "temp": 24.0,
      "precip": 0.0,
      "wind": 14.1,
      "wind_dir_deg": 257.0
    },
    "14": {
      "temp": 26.0,
      "precip": 0.0,
      "wind": 17.2,
      "wind_dir_deg": 250.0
    },
    "16": {
      "temp": 25.5,
      "precip": 0.0,
      "wind": 17.2,
      "wind_dir_deg": 250.0
    }
  },
  "ride_temp_mean": 24.0,
  "ride_wind_mean": 14.975,
  "ride_wind_dir_deg": 250.88489229021243,
  "ride_rain_flag": 0.0,
  "tent_rain_flag": 0.0,
  "daily_precip_sum": 0.0,
  "daily_temp_mean": 19.241666666666667,
  "daily_wind_mean": 11.916666666666666,
  "daily_wind_dir_deg": 247.76358998092252
}