{
  "samples_local": {
    "10": {
      "temp": 18.0,
      "precip": 0.0,
      "wind": 15.5,
      "wind_dir_deg": 292.0
    },
    "12": {
      "temp": 20.1,
      "precip": 0.0,
      "wind": 15.4,
      "wind_dir_deg": 286.0
    },
    "14": {
      "temp": 21.5,
      "precip": 0.0,
      "wind": 15.9,
      "wind_dir_deg": 295.0
    },
    "16": {
      "temp": 21.5,
      "precip": 0.0,
      "wind": 15.1,
      "wind_dir_deg": 288.0
    }
  },
  "ride_temp_mean": 20.275,
  "ride_wind_mean": 15.475,
  "ride_wind_dir_deg": 290.30184228946257,
  "ride_rain_flag": 0.0,
  "tent_rain_flag": 0.0,
  "daily_precip_sum": 0.0,
  "daily_temp_mean": 17.008333333333333,
  "daily_wind_mean": 15.658333333333333,
  "daily_wind_dir_deg": 283.42907539214764
}