{
  "samples_local": {
    "10": {
      "temp": 19.6,
      "precip": 0.0,
      "wind": 17.9,
      "wind_dir_deg": 261.0
    },
    "12": {
      "temp": 22.2,
      "precip": 0.0,
      "wind": 23.5,
      "wind_dir_deg": 259.0
    },
    "14": {
      "temp": 21.5,
      "precip": 0.0,
      "wind": 28.5,
      "wind_dir_deg": 245.0
    },
    "16": {
      "temp": 21.4,
      "precip": 0.0,
      "wind": 25.0,
      "wind_dir_deg": 243.0
    }
  },
  "ride_temp_mean": 21.175,
  "ride_wind_mean": 23.725,
  "ride_wind_dir_deg": 250.95153111618896,
  "ride_rain_flag": 0.0,
  "tent_rain_flag": 0.0,
  "daily_precip_sum": 0.0,
  "daily_temp_mean": 15.854166666666666,
  "daily_wind_mean": 21.858333333333334,
  "daily_wind_dir_deg": 249.36576039844894
}