{
  "samples_local": {
    "10": {
      "temp": 20.9,
      "precip": 0.0,
      "wind": 12.5,
      "wind_dir_deg": 252.0
    },
    "12": {
      "temp": 24.0,
      "precip": 0.0,
      "wind": 14.5,
      "wind_dir_deg": 263.0
    },
    "14": {
      "temp": 25.6,
      "precip": 0.0,
      "wind": 15.8,
      "wind_dir_deg": 258.0
    },
    "16": {
      "temp": 25.2,
      "precip": 0.0,
      "wind": 15.6,
      "wind_dir_deg": 263.0
    }
  },
  "ride_temp_mean": 23.925,
  "ride_wind_mean": 14.6,
  "ride_wind_dir_deg": 259.29572484759024,
  "ride_rain_flag": 0.0,
  "tent_rain_flag": 0.0,
  "daily_precip_sum": 0.0,
  "daily_temp_mean": 19.408333333333335,
  "daily_wind_mean": 12.854166666666666,
  "daily_wind_dir_deg": 258.26860129461085
}