{
  "samples_local": {
    "10": {
      "temp": 20.3,
      "precip": 0.0,
      "wind": 12.6,
      "wind_dir_deg": 257.0
    },
    "12": {
      "temp": 23.4,
      "precip": 0.0,
      "wind": 13.8,
      "wind_dir_deg": 261.0
    },
    "14": {
      "temp": 24.8,
      "precip": 0.0,
      "wind": 16.2,
      "wind_dir_deg": 269.0
    },
    "16": {
      "temp": 24.6,
      "precip": 0.0,
      "wind": 16.2,
      "wind_dir_deg": 270.0
    }
  },
  "ride_temp_mean": 23.275,
  "ride_wind_mean": 14.7,
  "ride_wind_dir_deg": 264.8294691140289,
  "ride_rain_flag": 0.0,
  "tent_rain_flag": 0.0,
  "daily_precip_sum": 0.0,
  "daily_temp_mean": 19.145833333333332,
  "daily_wind_mean": 13.508333333333333,
  "daily_wind_dir_deg": 255.32746331684143
}