{
  "samples_local": {
    "10": {
      "temp": 21.1,
      "precip": 0.0,
      "wind": 12.1,
      "wind_dir_deg": 258.0
    },
    "12": {
      "temp": 23.5,
      "precip": 0.0,
      "wind": 15.5,
      "wind_dir_deg": 266.0
    },
    "14": {
      "temp": 25.0,
      "precip": 0.0,
      "wind": 17.0,
      "wind_dir_deg": 274.0
    },
    "16": {
      "temp": 25.1,
      "precip": 0.0,
      "wind": 17.0,
      "wind_dir_deg": 276.0
    }
  },
  "ride_temp_mean": 23.675,
  "ride_wind_mean": 15.4,
  "ride_wind_dir_deg": 269.40600497773255,
  "ride_rain_flag": 0.0,
  "tent_rain_flag": 0.0,
  "daily_precip_sum": 0.0,
  "daily_temp_mean": 19.412499999999998,
  "daily_wind_mean": 13.520833333333334,
  "daily_wind_dir_deg": 259.1621108696239
}