{
  "samples_local": {
    "10": {
      "temp": 20.2,
      "precip": 0.0,
      "wind": 8.3,
      "wind_dir_deg": 275.0
    },
    "12": {
      "temp": 22.8,
      "precip": 0.0,
      "wind": 13.7,
      "wind_dir_deg": 270.0
    },
    "14": {
      "temp": 24.5,
      "precip": 0.0,
      "wind": 18.7,
      "wind_dir_deg": 281.0
    },
    "16": {
      "temp": 24.2,
      "precip": 0.0,
      "wind": 22.3,
      "wind_dir_deg": 288.0
    }
  },
  "ride_temp_mean": 22.925,
  "ride_wind_mean": 15.75,
  "ride_wind_dir_deg": 280.3000766134984,
  "ride_rain_flag": 0.0,
  "tent_rain_flag": 0.0,
  "daily_precip_sum": 0.0,
  "daily_temp_mean": 18.108333333333334,
  "daily_wind_mean": 12.858333333333334,
  "daily_wind_dir_deg": 279.28886619664354
}