{
  "samples_local": {
    "10": {
      "temp": 20.8,
      "precip": 0.0,
      "wind": 20.0,
      "wind_dir_deg": 300.0
    },
    "12": {
      "temp": 22.8,
      "precip": 0.0,
      "wind": 21.1,
      "wind_dir_deg": 297.0
    },
    "14": {
      "temp": 24.2,
      "precip": 0.0,
      "wind": 21.9,
      "wind_dir_deg": 300.0
    },
    "16": {
      "temp": 24.0,
      "precip": 0.0,
      "wind": 21.8,
      "wind_dir_deg": 301.0
    }
  },
  "ride_temp_mean": 22.95,
  "ride_wind_mean": 21.2,
  "ride_wind_dir_deg": 299.51076708942014,
  "ride_rain_flag": 0.0,
  "tent_rain_flag": 0.0,
  "daily_precip_sum": 0.0,
  "daily_temp_mean": 19.254166666666666,
  "daily_wind_mean": 17.754166666666666,
  "daily_wind_dir_deg": 294.4430173098064
}