{
  "samples_local": {
    "10": {
      "temp": 21.4,
      "precip": 0.0,
      "wind": 11.8,
      "wind_dir_deg": 290.0
    },
    "12": {
      "temp": 23.9,
      "precip": 0.0,
      "wind": 11.6,
      "wind_dir_deg": 286.0
    },
    "14": {
      "temp": 25.1,
      "precip": 0.0,
      "wind": 14.7,
      "wind_dir_deg": 287.0
    },
    "16": {
      "temp": 24.9,
      "precip": 0.0,
      "wind": 16.4,
      "wind_dir_deg": 285.0
    }
  },
  "ride_temp_mean": 23.825,
  "ride_wind_mean": 13.625,
  "ride_wind_dir_deg": 286.834614358403,
  "ride_rain_flag": 0.0,
  "tent_rain_flag": 0.0,
  "daily_precip_sum": 0.0,
  "daily_temp_mean": 18.920833333333334,
  "daily_wind_mean": 13.487499999999999,
  "daily_wind_dir_deg": 281.9724976085454
}