{
  "samples_local": {
    "10": {
      "temp": 18.6,
      "precip": 0.0,
      "wind": 6.0,
      "wind_dir_deg": 163.0
    },
    "12": {
      "temp": 21.7,
      "precip": 0.0,
      "wind": 5.8,
      "wind_dir_deg": 202.0
    },
    "14": {
      "temp": 25.8,
      "precip": 0.0,
      "wind": 8.7,
      "wind_dir_deg": 210.0
    },
    "16": {
      "temp": 25.0,
      "precip": 0.0,
      "wind": 13.4,
      "wind_dir_deg": 239.0
    }
  },
  "ride_temp_mean": 22.775,
  "ride_wind_mean": 8.475,
  "ride_wind_dir_deg": 212.46246335285852,
  "ride_rain_flag": 0.0,
  "tent_rain_flag": 1.0,
  "daily_precip_sum": 0.3,
  "daily_temp_mean": 18.691666666666666,
  "daily_wind_mean": 10.891666666666666,
  "daily_wind_dir_deg": 213.03833360830828
}