{
  "samples_local": {
    "10": {
      "temp": 12.2,
      "precip": 1.5,
      "wind": 9.2,
      "wind_dir_deg": 186.0
    },
    "12": {
      "temp": 11.9,
      "precip": 2.7,
      "wind": 9.2,
      "wind_dir_deg": 211.0
    },
    "14": {
      "temp": 11.1,
      "precip": 2.1,
      "wind": 12.8,
      "wind_dir_deg": 202.0
    },
    "16": {
      "temp": 12.4,
      "precip": 0.1,
      "wind": 11.8,
      "wind_dir_deg": 189.0
    }
  },
  "ride_temp_mean": 11.9,
  "ride_wind_mean": 10.75,
  "ride_wind_dir_deg": 196.92376126541285,
  "ride_rain_flag": 1.0,
  "tent_rain_flag": 1.0,
  "daily_precip_sum": 12.6,
  "daily_temp_mean": 10.929166666666667,
  "daily_wind_mean": 7.566666666666666,
  "daily_wind_dir_deg": 183.93509724463854
}