{
  "samples_local": {
    "10": {
      "temp": 11.6,
      "precip": 0.1,
      "wind": 12.6,
      "wind_dir_deg": 62.0
    },
    "12": {
      "temp": 13.3,
      "precip": 0.2,
      "wind": 15.2,
      "wind_dir_deg": 59.0
    },
    "14": {
      "temp": 14.1,
      "precip": 0.1,
      "wind": 14.9,
      "wind_dir_deg": 67.0
    },
    "16": {
      "temp": 13.4,
      "precip": 0.1,
      "wind": 16.4,
      "wind_dir_deg": 57.0
    }
  },
  "ride_temp_mean": 13.1,
  "ride_wind_mean": 14.774999999999999,
  "ride_wind_dir_deg": 61.09997914528287,
  "ride_rain_flag": 1.0,
  "tent_rain_flag": 1.0,
  "daily_precip_sum": 14.299999999999999,
  "daily_temp_mean": 10.533333333333333,
  "daily_wind_mean": 10.920833333333334,
  "daily_wind_dir_deg": 73.61194245049222
}