{
  "samples_local": {
    "10": {
      "temp": 23.5,
      "precip": 0.0,
      "wind": 15.5,
      "wind_dir_deg": 140.0
    },
    "12": {
      "temp": 26.0,
      "precip": 0.0,
      "wind": 13.6,
      "wind_dir_deg": 124.0
    },
    "14": {
      "temp": 27.1,
      "precip": 0.0,
      "wind": 15.1,
      "wind_dir_deg": 99.0
    },
    "16": {
      "temp": 26.5,
      "precip": 0.0,
      "wind": 20.1,
      "wind_dir_deg": 80.0
    }
  },
  "ride_temp_mean": 25.775,
  "ride_wind_mean": 16.075,
  "ride_wind_dir_deg": 108.15947015060254,
  "ride_rain_flag": 0.0,
  "tent_rain_flag": 0.0,
  "daily_precip_sum": 0.0,
  "daily_temp_mean": 20.920833333333334,
  "daily_wind_mean": 16.654166666666665,
  "daily_wind_dir_deg": 111.34529378459007
}