{
  "samples_local": {
    "10": {
      "temp": 15.7,
      "precip": 0.0,
      "wind": 21.9,
      "wind_dir_deg": 128.0
    },
    "12": {
      "temp": 17.5,
      "precip": 0.0,
      "wind": 23.0,
      "wind_dir_deg": 125.0
    },
    "14": {
      "temp": 18.6,
      "precip": 0.0,
      "wind": 23.0,
      "wind_dir_deg": 126.0
    },
    "16": {
      "temp": 18.5,
      "precip": 0.0,
      "wind": 23.0,
      "wind_dir_deg": 124.0
    }
  },
  "ride_temp_mean": 17.575,
  "ride_wind_mean": 22.725,
  "ride_wind_dir_deg": 125.72269807545933,
  "ride_rain_flag": 0.0,
  "tent_rain_flag": 0.0,
  "daily_precip_sum": 0.0,
  "daily_temp_mean": 15.137500000000001,
  "daily_wind_mean": 23.84583333333333,
  "daily_wind_dir_deg": 123.9120646824606
}