{
  "samples_local": {
    "10": {
      "temp": 18.6,
      "precip": 0.0,
      "wind": 10.6,
      "wind_dir_deg": 122.0
    },
    "12": {
      "temp": 20.1,
      "precip": 0.0,
      "wind": 9.9,
      "wind_dir_deg": 122.0
    },
    "14": {
      "temp": 20.0,
      "precip": 0.0,
      "wind": 11.4,
      "wind_dir_deg": 96.0
    },
    "16": {
      "temp": 15.6,
      "precip": 1.9,
      "wind": 14.2,
      "wind_dir_deg": 97.0
    }
  },
  "ride_temp_mean": 18.575,
  "ride_wind_mean": 11.525,
  "ride_wind_dir_deg": 107.84678785949711,
  "ride_rain_flag": 1.0,
  "tent_rain_flag": 1.0,
  "daily_precip_sum": 2.5,
  "daily_temp_mean": 14.950000000000001,
  "daily_wind_mean": 8.674999999999999,
  "daily_wind_dir_deg": 108.05618496026176
}