{
  "samples_local": {
    "10": {
      "temp": 16.3,
      "precip": 6.8,
      "wind": 4.1,
      "wind_dir_deg": 304.0
    },
    "12": {
      "temp": 18.6,
      "precip": 0.1,
      "wind": 3.1,
      "wind_dir_deg": 90.0
    },
    "14": {
      "temp": 17.3,
      "precip": 3.6,
      "wind": 1.9,
      "wind_dir_deg": 17.0
    },
    "16": {
      "temp": 17.4,
      "precip": 0.0,
      "wind": 1.7,
      "wind_dir_deg": 148.0
    }
  },
  "ride_temp_mean": 17.4,
  "ride_wind_mean": 2.6999999999999997,
  "ride_wind_dir_deg": 23.4501456685079,
  "ride_rain_flag": 1.0,
  "tent_rain_flag": 1.0,
  "daily_precip_sum": 19.9,
  "daily_temp_mean": 14.070833333333333,
  "daily_wind_mean": 3.3541666666666665,
  "daily_wind_dir_deg": 97.90037927658665
}