{
  "samples_local": {
    "10": {
      "temp": 13.1,
      "precip": 0.0,
      "wind": 11.0,
      "wind_dir_deg": 131.0
    },
    "12": {
      "temp": 15.0,
      "precip": 0.0,
      "wind": 11.6,
      "wind_dir_deg": 122.0
    },
    "14": {
      "temp": 15.6,
      "precip": 0.0,
      "wind": 14.4,
      "wind_dir_deg": 99.0
    },
    "16": {
      "temp": 12.9,
      "precip": 0.0,
      "wind": 17.2,
      "wind_dir_deg": 83.0
    }
  },
  "ride_temp_mean": 14.15,
  "ride_wind_mean": 13.55,
  "ride_wind_dir_deg": 105.29643579938295,
  "ride_rain_flag": 0.0,
  "tent_rain_flag": 1.0,
  "daily_precip_sum": 0.5,
  "daily_temp_mean": 10.408333333333333,
  "daily_wind_mean": 13.270833333333334,
  "daily_wind_dir_deg": 97.12381828628133
}