{
  "samples_local": {
    "10": {
      "temp": 10.6,
      "precip": 0.0,
      "wind": 11.8,
      "wind_dir_deg": 51.0
    },
    "12": {
      "temp": 12.0,
      "precip": 0.0,
      "wind": 15.3,
      "wind_dir_deg": 58.0
    },
    "14": {
      "temp": 12.1,
      "precip": 0.0,
      "wind": 17.0,
      "wind_dir_deg": 64.0
    },
    "16": {
      "temp": 11.1,
      "precip": 0.1,
      "wind": 16.8,
      "wind_dir_deg": 63.0
    }
  },
  "ride_temp_mean": 11.45,
  "ride_wind_mean": 15.225000000000001,
  "ride_wind_dir_deg": 59.70277858947168,
  "ride_rain_flag": 0.0,
  "tent_rain_flag": 1.0,
  "daily_precip_sum": 13.0,
  "daily_temp_mean": 9.191666666666666,
  "daily_wind_mean": 10.112499999999999,
  "daily_wind_dir_deg": 54.494251118248144
}