{
  "samples_local": {
    "10": {
      "temp": 10.9,
      "precip": 0.0,
      "wind": 10.7,
      "wind_dir_deg": 188.0
    },
    "12": {
      "temp": 12.2,
      "precip": 0.0,
      "wind": 11.5,
      "wind_dir_deg": 180.0
    },
    "14": {
      "temp": 13.2,
      "precip": 0.0,
      "wind": 15.2,
      "wind_dir_deg": 166.0
    },
    "16": {
      "temp": 10.9,
      "precip": 0.1,
      "wind": 17.3,
      "wind_dir_deg": 171.0
    }
  },
  "ride_temp_mean": 11.8,
  "ride_wind_mean": 13.675,
  "ride_wind_dir_deg": 174.8145012115981,
  "ride_rain_flag": 0.0,
  "tent_rain_flag": 1.0,
  "daily_precip_sum": 1.1,
  "daily_temp_mean": 7.566666666666666,
  "daily_wind_mean": 11.354166666666666,
  "daily_wind_dir_deg": 185.4362616328159
}