{
  "samples_local": {
    "10": {
      "temp": 16.5,
      "precip": 0.0,
      "wind": 10.2,
      "wind_dir_deg": 107.0
    },
    "12": {
      "temp": 18.3,
      "precip": 0.0,
      "wind": 7.3,
      "wind_dir_deg": 128.0
    },
    "14": {
      "temp": 19.5,
      "precip": 0.0,
      "wind": 10.3,
      "wind_dir_deg": 91.0
    },
    "16": {
      "temp": 18.7,
      "precip": 0.1,
      "wind": 10.3,
      "wind_dir_deg": 94.0
    }
  },
  "ride_temp_mean": 18.25,
  "ride_wind_mean": 9.525,
  "ride_wind_dir_deg": 103.06785270287469,
  "ride_rain_flag": 0.0,
  "tent_rain_flag": 0.0,
  "daily_precip_sum": 0.30000000000000004,
  "daily_temp_mean": 14.762500000000001,
  "daily_wind_mean": 7.7625,
  "daily_wind_dir_deg": 101.9614611042233
}