{
  "samples_local": {
    "10": {
      "temp": 16.4,
      "precip": 0.0,
      "wind": 14.7,
      "wind_dir_deg": 82.0
    },
    "12": {
      "temp": 16.5,
      "precip": 0.0,
      "wind": 14.4,
      "wind_dir_deg": 98.0
    },
    "14": {
      "temp": 16.4,
      "precip": 0.1,
      "wind": 11.0,
      "wind_dir_deg": 101.0
    },
    "16": {
      "temp": 16.2,
      "precip": 0.0,
      "wind": 12.9,
      "wind_dir_deg": 134.0
    }
  },
  "ride_temp_mean": 16.375,
  "ride_wind_mean": 13.25,
  "ride_wind_dir_deg": 102.69939770093174,
  "ride_rain_flag": 0.0,
  "tent_rain_flag": 0.0,
  "daily_precip_sum": 0.1,
  "daily_temp_mean": 14.404166666666667,
  "daily_wind_mean": 12.612499999999999,
  "daily_wind_dir_deg": 111.11193439658643
}