{
  "samples_local": {
    "10": {
      "temp": 18.4,
      "precip": 0.0,
      "wind": 5.1,
      "wind_dir_deg": 100.0
    },
    "12": {
      "temp": 20.1,
      "precip": 0.0,
      "wind": 11.4,
      "wind_dir_deg": 86.0
    },
    "14": {
      "temp": 20.8,
      "precip": 0.0,
      "wind": 12.1,
      "wind_dir_deg": 96.0
    },
    "16": {
      "temp": 19.4,
      "precip": 0.0,
      "wind": 12.1,
      "wind_dir_deg": 130.0
    }
  },
  "ride_temp_mean": 19.675,
  "ride_wind_mean": 10.175,
  "ride_wind_dir_deg": 103.61851595412861,
  "ride_rain_flag": 0.0,
  "tent_rain_flag": 0.0,
  "daily_precip_sum": 0.1,
  "daily_temp_mean": 15.891666666666666,
  "daily_wind_mean": 8.658333333333333,
  "daily_wind_dir_deg": 149.2992623662899
}