{
  "samples_local": {
    "10": {
      "temp": 17.1,
      "precip": 0.0,
      "wind": 17.5,
      "wind_dir_deg": 100.0
    },
    "12": {
      "temp": 19.1,
      "precip": 0.0,
      "wind": 19.9,
      "wind_dir_deg": 100.0
    },
    "14": {
      "temp": 19.2,
      "precip": 0.0,
      "wind": 21.8,
      "wind_dir_deg": 100.0
    },
    "16": {
      "temp": 18.4,
      "precip": 0.0,
      "wind": 21.3,
      "wind_dir_deg": 114.0
    }
  },
  "ride_temp_mean": 18.45,
  "ride_wind_mean": 20.125,
  "ride_wind_dir_deg": 103.691534163298,
  "ride_rain_flag": 0.0,
  "tent_rain_flag": 0.0,
  "daily_precip_sum": 0.0,
  "daily_temp_mean": 13.670833333333334,
  "daily_wind_mean": 15.620833333333332,
  "daily_wind_dir_deg": 111.74485869715653
}