{
  "samples_local": {
    "10": {
      "temp": 14.3,
      "precip": 0.0,
      "wind": 28.9,
      "wind_dir_deg": 104.0
    },
    "12": {
      "temp": 14.9,
      "precip": 0.0,
      "wind": 30.4,
      "wind_dir_deg": 96.0
    },
    "14": {
      "temp": 13.8,
      "precip": 0.0,
      "wind": 32.5,
      "wind_dir_deg": 97.0
    },
    "16": {
      "temp": 13.6,
      "precip": 0.3,
      "wind": 28.1,
      "wind_dir_deg": 106.0
    }
  },
  "ride_temp_mean": 14.15,
  "ride_wind_mean": 29.975,
  "ride_wind_dir_deg": 100.54233092630079,
  "ride_rain_flag": 1.0,
  "tent_rain_flag": 0.0,
  "daily_precip_sum": 0.5,
  "daily_temp_mean": 12.445833333333333,
  "daily_wind_mean": 26.741666666666664,
  "daily_wind_dir_deg": 105.47373717251747
}