{
  "samples_local": {
    "10": {
      "temp": 13.0,
      "precip": 0.0,
      "wind": 27.0,
      "wind_dir_deg": 108.0
    },
    "12": {
      "temp": 13.6,
      "precip": 0.0,
      "wind": 27.1,
      "wind_dir_deg": 107.0
    },
    "14": {
      "temp": 12.6,
      "precip": 0.0,
      "wind": 27.8,
      "wind_dir_deg": 107.0
    },
    "16": {
      "temp": 12.4,
      "precip": 0.0,
      "wind": 29.6,
      "wind_dir_deg": 117.0
    }
  },
  "ride_temp_mean": 12.9,
  "ride_wind_mean": 27.875,
  "ride_wind_dir_deg": 109.89271433821165,
  "ride_rain_flag": 0.0,
  "tent_rain_flag": 1.0,
  "daily_precip_sum": 0.30000000000000004,
  "daily_temp_mean": 11.875,
  "daily_wind_mean": 25.916666666666668,
  "daily_wind_dir_deg": 118.86714063226464
}