{
  "samples_local": {
    "10": {
      "temp": 16.3,
      "precip": 0.0,
      "wind": 9.1,
      "wind_dir_deg": 100.0
    },
    "12": {
      "temp": 19.3,
      "precip": 0.0,
      "wind": 13.4,
      "wind_dir_deg": 107.0
    },
    "14": {
      "temp": 19.6,
      "precip": 0.0,
      "wind": 17.0,
      "wind_dir_deg": 106.0
    },
    "16": {
      "temp": 19.1,
      "precip": 0.0,
      "wind": 18.7,
      "wind_dir_deg": 125.0
    }
  },
  "ride_temp_mean": 18.575000000000003,
  "ride_wind_mean": 14.55,
  "ride_wind_dir_deg": 111.37064318331016,
  "ride_rain_flag": 0.0,
  "tent_rain_flag": 0.0,
  "daily_precip_sum": 0.0,
  "daily_temp_mean": 14.733333333333334,
  "daily_wind_mean": 10.65,
  "daily_wind_dir_deg": 117.3674155536944
}