{
  "samples_local": {
    "10": {
      "temp": 15.8,
      "precip": 0.0,
      "wind": 7.2,
      "wind_dir_deg": 192.0
    },
    "12": {
      "temp": 17.0,
      "precip": 0.0,
      "wind": 7.5,
      "wind_dir_deg": 165.0
    },
    "14": {
      "temp": 16.5,
      "precip": 0.0,
      "wind": 15.0,
      "wind_dir_deg": 159.0
    },
    "16": {
      "temp": 15.6,
      "precip": 0.0,
      "wind": 12.9,
      "wind_dir_deg": 159.0
    }
  },
  "ride_temp_mean": 16.225,
  "ride_wind_mean": 10.65,
  "ride_wind_dir_deg": 165.48460553622772,
  "ride_rain_flag": 0.0,
  "tent_rain_flag": 0.0,
  "daily_precip_sum": 0.0,
  "daily_temp_mean": 13.245833333333332,
  "daily_wind_mean": 9.879166666666666,
  "daily_wind_dir_deg": 155.6211200567683
}