{
  "samples_local": {
    "10": {
      "temp": 15.9,
      "precip": 0.1,
      "wind": 13.0,
      "wind_dir_deg": 88.0
    },
    "12": {
      "temp": 17.3,
      "precip": 0.1,
      "wind": 15.4,
      "wind_dir_deg": 97.0
    },
    "14": {
      "temp": 17.4,
      "precip": 0.0,
      "wind": 17.5,
      "wind_dir_deg": 104.0
    },
    "16": {
      "temp": 17.1,
      "precip": 0.0,
      "wind": 18.5,
      "wind_dir_deg": 103.0
    }
  },
  "ride_temp_mean": 16.925,
  "ride_wind_mean": 16.1,
  "ride_wind_dir_deg": 98.81905136302112,
  "ride_rain_flag": 0.0,
  "tent_rain_flag": 1.0,
  "daily_precip_sum": 4.6000000000000005,
  "daily_temp_mean": 13.299999999999999,
  "daily_wind_mean": 11.808333333333332,
  "daily_wind_dir_deg": 71.41517857042663
}