{
  "samples_local": {
    "10": {
      "temp": 17.3,
      "precip": 0.0,
      "wind": 10.2,
      "wind_dir_deg": 126.0
    },
    "12": {
      "temp": 19.0,
      "precip": 0.0,
      "wind": 11.8,
      "wind_dir_deg": 121.0
    },
    "14": {
      "temp": 20.0,
      "precip": 0.0,
      "wind": 12.6,
      "wind_dir_deg": 103.0
    },
    "16": {
      "temp": 19.5,
      "precip": 0.0,
      "wind": 17.2,
      "wind_dir_deg": 127.0
    }
  },
  "ride_temp_mean": 18.95,
  "ride_wind_mean": 12.95,
  "ride_wind_dir_deg": 119.6458837698097,
  "ride_rain_flag": 0.0,
  "tent_rain_flag": 0.0,
  "daily_precip_sum": 0.0,
  "daily_temp_mean": 15.033333333333333,
  "daily_wind_mean": 9.216666666666667,
  "daily_wind_dir_deg": 117.61693252101543
}