{
  "samples_local": {
    "10": {
      "temp": 13.1,
      "precip": 0.0,
      "wind": 4.7,
      "wind_dir_deg": 184.0
    },
    "12": {
      "temp": 14.4,
      "precip": 0.0,
      "wind": 5.2,
      "wind_dir_deg": 146.0
    },
    "14": {
      "temp": 14.6,
      "precip": 0.0,
      "wind": 9.0,
      "wind_dir_deg": 112.0
    },
    "16": {
      "temp": 15.4,
      "precip": 0.0,
      "wind": 12.4,
      "wind_dir_deg": 167.0
    }
  },
  "ride_temp_mean": 14.375,
  "ride_wind_mean": 7.825,
  "ride_wind_dir_deg": 150.71514388235857,
  "ride_rain_flag": 0.0,
  "tent_rain_flag": 1.0,
  "daily_precip_sum": 0.30000000000000004,
  "daily_temp_mean": 11.612499999999999,
  "daily_wind_mean": 8.299999999999999,
  "daily_wind_dir_deg": 183.65145482318138
}