{
  "samples_local": {
    "10": {
      "temp": 15.3,
      "precip": 0.0,
      "wind": 16.7,
      "wind_dir_deg": 90.0
    },
    "12": {
      "temp": 18.9,
      "precip": 0.0,
      "wind": 22.3,
      "wind_dir_deg": 92.0
    },
    "14": {
      "temp": 20.8,
      "precip": 0.0,
      "wind": 23.8,
      "wind_dir_deg": 98.0
    },
    "16": {
      "temp": 20.7,
      "precip": 0.0,
      "wind": 24.5,
      "wind_dir_deg": 98.0
    }
  },
  "ride_temp_mean": 18.925,
  "ride_wind_mean": 21.825,
  "ride_wind_dir_deg": 94.93768979817872,
  "ride_rain_flag": 0.0,
  "tent_rain_flag": 0.0,
  "daily_precip_sum": 0.0,
  "daily_temp_mean": 13.904166666666667,
  "daily_wind_mean": 16.558333333333334,
  "daily_wind_dir_deg": 101.16400822255645
}