{
  "samples_local": {
    "10": {
      "temp": 18.8,
      "precip": 0.0,
      "wind": 10.8,
      "wind_dir_deg": 54.0
    },
    "12": {
      "temp": 18.1,
      "precip": 0.8,
      "wind": 9.8,
      "wind_dir_deg": 52.0
    },
    "14": {
      "temp": 19.6,
      "precip": 0.0,
      "wind": 14.9,
      "wind_dir_deg": 54.0
    },
    "16": {
      "temp": 19.8,
      "precip": 0.2,
      "wind": 13.5,
      "wind_dir_deg": 89.0
    }
  },
  "ride_temp_mean": 19.075000000000003,
  "ride_wind_mean": 12.25,
  "ride_wind_dir_deg": 63.03368975484955,
  "ride_rain_flag": 1.0,
  "tent_rain_flag": 1.0,
  "daily_precip_sum": 8.0,
  "daily_temp_mean": 17.579166666666666,
  "daily_wind_mean": 9.895833333333334,
  "daily_wind_dir_deg": 41.7579987522779
}