{
  "samples_local": {
    "10": {
      "temp": 18.0,
      "precip": 0.1,
      "wind": 24.5,
      "wind_dir_deg": 70.0
    },
    "12": {
      "temp": 18.9,
      "precip": 0.2,
      "wind": 20.9,
      "wind_dir_deg": 59.0
    },
    "14": {
      "temp": 17.9,
      "precip": 1.2,
      "wind": 22.4,
      "wind_dir_deg": 79.0
    },
    "16": {
      "temp": 20.1,
      "precip": 0.1,
      "wind": 23.9,
      "wind_dir_deg": 76.0
    }
  },
  "ride_temp_mean": 18.725,
  "ride_wind_mean": 22.924999999999997,
  "ride_wind_dir_deg": 71.26940635039045,
  "ride_rain_flag": 1.0,
  "tent_rain_flag": 1.0,
  "daily_precip_sum": 3.9,
  "daily_temp_mean": 17.525000000000002,
  "daily_wind_mean": 17.429166666666667,
  "daily_wind_dir_deg": 67.40787009536206
}