{
  "samples_local": {
    "10": {
      "temp": 17.6,
      "precip": 0.0,
      "wind": 14.7,
      "wind_dir_deg": 73.0
    },
    "12": {
      "temp": 17.7,
      "precip": 0.4,
      "wind": 10.7,
      "wind_dir_deg": 63.0
    },
    "14": {
      "temp": 18.8,
      "precip": 0.1,
      "wind": 7.7,
      "wind_dir_deg": 66.0
    },
    "16": {
      "temp": 16.4,
      "precip": 2.1,
      "wind": 13.8,
      "wind_dir_deg": 64.0
    }
  },
  "ride_temp_mean": 17.625,
  "ride_wind_mean": 11.725,
  "ride_wind_dir_deg": 66.91860640110752,
  "ride_rain_flag": 1.0,
  "tent_rain_flag": 1.0,
  "daily_precip_sum": 4.1000000000000005,
  "daily_temp_mean": 15.908333333333333,
  "daily_wind_mean": 8.129166666666666,
  "daily_wind_dir_deg": 72.86033348846127
}