{
  "samples_local": {
    "10": {
      "temp": 16.7,
      "precip": 0.3,
      "wind": 12.1,
      "wind_dir_deg": 80.0
    },
    "12": {
      "temp": 17.7,
      "precip": 0.2,
      "wind": 12.7,
      "wind_dir_deg": 97.0
    },
    "14": {
      "temp": 16.9,
      "precip": 3.5,
      "wind": 13.8,
      "wind_dir_deg": 108.0
    },
    "16": {
      "temp": 18.5,
      "precip": 0.1,
      "wind": 11.6,
      "wind_dir_deg": 133.0
    }
  },
  "ride_temp_mean": 17.45,
  "ride_wind_mean": 12.55,
  "ride_wind_dir_deg": 104.14113006308298,
  "ride_rain_flag": 1.0,
  "tent_rain_flag": 1.0,
  "daily_precip_sum": 16.900000000000002,
  "daily_temp_mean": 16.066666666666666,
  "daily_wind_mean": 11.470833333333333,
  "daily_wind_dir_deg": 84.4837393560689
}