{
  "samples_local": {
    "10": {
      "temp": 14.9,
      "precip": 0.5,
      "wind": 20.4,
      "wind_dir_deg": 87.0
    },
    "12": {
      "temp": 18.3,
      "precip": 0.0,
      "wind": 21.6,
      "wind_dir_deg": 87.0
    },
    "14": {
      "temp": 19.4,
      "precip": 0.0,
      "wind": 24.1,
      "wind_dir_deg": 99.0
    },
    "16": {
      "temp": 19.3,
      "precip": 0.1,
      "wind": 28.5,
      "wind_dir_deg": 108.0
    }
  },
  "ride_temp_mean": 17.975,
  "ride_wind_mean": 23.65,
  "ride_wind_dir_deg": 96.37809355768121,
  "ride_rain_flag": 1.0,
  "tent_rain_flag": 1.0,
  "daily_precip_sum": 2.3000000000000003,
  "daily_temp_mean": 15.424999999999999,
  "daily_wind_mean": 18.733333333333334,
  "daily_wind_dir_deg": 92.75778952442477
}