{
  "samples_local": {
    "10": {
      "temp": 17.2,
      "precip": 0.1,
      "wind": 17.9,
      "wind_dir_deg": 80.0
    },
    "12": {
      "temp": 16.7,
      "precip": 1.3,
      "wind": 20.0,
      "wind_dir_deg": 88.0
    },
    "14": {
      "temp": 18.0,
      "precip": 1.8,
      "wind": 16.9,
      "wind_dir_deg": 88.0
    },
    "16": {
      "temp": 16.4,
      "precip": 6.0,
      "wind": 17.1,
      "wind_dir_deg": 102.0
    }
  },
  "ride_temp_mean": 17.075,
  "ride_wind_mean": 17.975,
  "ride_wind_dir_deg": 89.32372610372238,
  "ride_rain_flag": 1.0,
  "tent_rain_flag": 1.0,
  "daily_precip_sum": 13.700000000000001,
  "daily_temp_mean": 15.991666666666667,
  "daily_wind_mean": 13.491666666666667,
  "daily_wind_dir_deg": 76.1750914216824
}