{
  "samples_local": {
    "10": {
      "temp": 18.5,
      "precip": 0.0,
      "wind": 7.9,
      "wind_dir_deg": 86.0
    },
    "12": {
      "temp": 19.9,
      "precip": 0.0,
      "wind": 10.2,
      "wind_dir_deg": 97.0
    },
    "14": {
      "temp": 18.9,
      "precip": 0.5,
      "wind": 2.9,
      "wind_dir_deg": 120.0
    },
    "16": {
      "temp": 19.8,
      "precip": 0.1,
      "wind": 8.6,
      "wind_dir_deg": 141.0
    }
  },
  "ride_temp_mean": 19.275,
  "ride_wind_mean": 7.3999999999999995,
  "ride_wind_dir_deg": 108.79745358085052,
  "ride_rain_flag": 1.0,
  "tent_rain_flag": 0.0,
  "daily_precip_sum": 0.8,
  "daily_temp_mean": 16.724999999999998,
  "daily_wind_mean": 9.295833333333333,
  "daily_wind_dir_deg": 92.17876851594514
}