{
  "samples_local": {
    "10": {
      "temp": 15.9,
      "precip": 0.0,
      "wind": 13.8,
      "wind_dir_deg": 39.0
    },
    "12": {
      "temp": 18.6,
      "precip": 0.1,
      "wind": 13.8,
      "wind_dir_deg": 77.0
    },
    "14": {
      "temp": 17.1,
      "precip": 0.1,
      "wind": 17.8,
      "wind_dir_deg": 88.0
    },
    "16": {
      "temp": 18.0,
      "precip": 0.1,
      "wind": 18.7,
      "wind_dir_deg": 101.0
    }
  },
  "ride_temp_mean": 17.400000000000002,
  "ride_wind_mean": 16.025,
  "ride_wind_dir_deg": 79.42292417639231,
  "ride_rain_flag": 0.0,
  "tent_rain_flag": 1.0,
  "daily_precip_sum": 2.0,
  "daily_temp_mean": 14.875,
  "daily_wind_mean": 11.183333333333332,
  "daily_wind_dir_deg": 83.60292478972593
}