{
  "ride_temp_mean": 0.09999999999999999,
  "ride_precip_sum": 0.1,
  "ride_wind_speed": 8.162585103285954,
  "ride_wind_dir": 348.39815145614995,
  "tent_precip_sum": 18.9,
  "tent_temp_mean": -0.16000000000000003
}