{
  "ride_temp_mean": 8.475,
  "ride_precip_sum": 0.1,
  "ride_wind_speed": 25.668771615693817,
  "ride_wind_dir": 218.81440240787828,
  "tent_precip_sum": 4.2,
  "tent_temp_mean": 6.959999999999999
}