{
  "samples_local": {
    "10": {
      "temp": 21.8,
      "precip": 3.0,
      "wind": 10.3,
      "wind_dir_deg": 65.0
    },
    "12": {
      "temp": 24.5,
      "precip": 0.2,
      "wind": 10.3,
      "wind_dir_deg": 61.0
    },
    "14": {
      "temp": 26.0,
      "precip": 0.0,
      "wind": 10.0,
      "wind_dir_deg": 60.0
    },
    "16": {
      "temp": 23.6,
      "precip": 0.0,
      "wind": 14.0,
      "wind_dir_deg": 162.0
    }
  },
  "ride_temp_mean": 23.975,
  "ride_wind_mean": 11.15,
  "ride_wind_dir_deg": 88.11389942890713,
  "ride_rain_flag": 1.0,
  "tent_rain_flag": 1.0,
  "daily_precip_sum": 8.0,
  "daily_temp_mean": 21.745833333333334,
  "daily_wind_mean": 10.420833333333333,
  "daily_wind_dir_deg": 11.755776216557138
}