{
  "samples_local": {
    "10": {
      "temp": 24.6,
      "precip": 0.0,
      "wind": 9.8,
      "wind_dir_deg": 66.0
    },
    "12": {
      "temp": 23.5,
      "precip": 0.0,
      "wind": 14.7,
      "wind_dir_deg": 59.0
    },
    "14": {
      "temp": 23.9,
      "precip": 0.0,
      "wind": 12.5,
      "wind_dir_deg": 33.0
    },
    "16": {
      "temp": 22.9,
      "precip": 0.1,
      "wind": 13.2,
      "wind_dir_deg": 47.0
    }
  },
  "ride_temp_mean": 23.725,
  "ride_wind_mean": 12.55,
  "ride_wind_dir_deg": 50.76508571587425,
  "ride_rain_flag": 0.0,
  "tent_rain_flag": 1.0,
  "daily_precip_sum": 2.3000000000000003,
  "daily_temp_mean": 20.0625,
  "daily_wind_mean": 11.129166666666668,
  "daily_wind_dir_deg": 50.59067189967777
}