{
  "samples_local": {
    "10": {
      "temp": 25.2,
      "precip": 0.0,
      "wind": 23.2,
      "wind_dir_deg": 97.0
    },
    "12": {
      "temp": 27.1,
      "precip": 0.0,
      "wind": 19.4,
      "wind_dir_deg": 101.0
    },
    "14": {
      "temp": 27.2,
      "precip": 0.0,
      "wind": 16.9,
      "wind_dir_deg": 92.0
    },
    "16": {
      "temp": 27.9,
      "precip": 0.0,
      "wind": 14.4,
      "wind_dir_deg": 68.0
    }
  },
  "ride_temp_mean": 26.85,
  "ride_wind_mean": 18.474999999999998,
  "ride_wind_dir_deg": 91.36616108994394,
  "ride_rain_flag": 0.0,
  "tent_rain_flag": 1.0,
  "daily_precip_sum": 3.6,
  "daily_temp_mean": 22.570833333333336,
  "daily_wind_mean": 16.087500000000002,
  "daily_wind_dir_deg": 70.32287103954673
}