{
  "samples_local": {
    "10": {
      "temp": 23.8,
      "precip": 0.0,
      "wind": 14.3,
      "wind_dir_deg": 56.0
    },
    "12": {
      "temp": 25.3,
      "precip": 0.0,
      "wind": 14.3,
      "wind_dir_deg": 72.0
    },
    "14": {
      "temp": 22.8,
      "precip": 0.3,
      "wind": 14.0,
      "wind_dir_deg": 48.0
    },
    "16": {
      "temp": 24.0,
      "precip": 0.0,
      "wind": 15.1,
      "wind_dir_deg": 62.0
    }
  },
  "ride_temp_mean": 23.975,
  "ride_wind_mean": 14.425,
  "ride_wind_dir_deg": 59.58999739714653,
  "ride_rain_flag": 1.0,
  "tent_rain_flag": 1.0,
  "daily_precip_sum": 18.7,
  "daily_temp_mean": 21.033333333333335,
  "daily_wind_mean": 14.208333333333334,
  "daily_wind_dir_deg": 48.192294955518946
}