{
  "samples_local": {
    "10": {
      "temp": 23.8,
      "precip": 0.0,
      "wind": 21.1,
      "wind_dir_deg": 115.0
    },
    "12": {
      "temp": 24.6,
      "precip": 0.1,
      "wind": 16.2,
      "wind_dir_deg": 91.0
    },
    "14": {
      "temp": 22.1,
      "precip": 0.0,
      "wind": 11.3,
      "wind_dir_deg": 73.0
    },
    "16": {
      "temp": 25.0,
      "precip": 0.0,
      "wind": 12.3,
      "wind_dir_deg": 85.0
    }
  },
  "ride_temp_mean": 23.875,
  "ride_wind_mean": 15.225000000000001,
  "ride_wind_dir_deg": 94.72382746062897,
  "ride_rain_flag": 0.0,
  "tent_rain_flag": 1.0,
  "daily_precip_sum": 3.6,
  "daily_temp_mean": 20.683333333333334,
  "daily_wind_mean": 14.7125,
  "daily_wind_dir_deg": 65.17806799018058
}