{
  "samples_local": {
    "10": {
      "temp": 27.2,
      "precip": 0.0,
      "wind": 20.1,
      "wind_dir_deg": 119.0
    },
    "12": {
      "temp": 29.2,
      "precip": 0.0,
      "wind": 14.4,
      "wind_dir_deg": 112.0
    },
    "14": {
      "temp": 28.6,
      "precip": 0.0,
      "wind": 16.5,
      "wind_dir_deg": 100.0
    },
    "16": {
      "temp": 24.8,
      "precip": 0.4,
      "wind": 11.9,
      "wind_dir_deg": 95.0
    }
  },
  "ride_temp_mean": 27.45,
  "ride_wind_mean": 15.725000000000001,
  "ride_wind_dir_deg": 107.87667103538206,
  "ride_rain_flag": 1.0,
  "tent_rain_flag": 1.0,
  "daily_precip_sum": 7.1,
  "daily_temp_mean": 23.8625,
  "daily_wind_mean": 12.320833333333333,
  "daily_wind_dir_deg": 84.03025787398781
}