{
  "samples_local": {
    "10": {
      "temp": 26.8,
      "precip": 0.0,
      "wind": 17.7,
      "wind_dir_deg": 96.0
    },
    "12": {
      "temp": 27.2,
      "precip": 0.0,
      "wind": 14.3,
      "wind_dir_deg": 100.0
    },
    "14": {
      "temp": 24.8,
      "precip": 0.0,
      "wind": 16.8,
      "wind_dir_deg": 100.0
    },
    "16": {
      "temp": 24.2,
      "precip": 0.0,
      "wind": 10.3,
      "wind_dir_deg": 102.0
    }
  },
  "ride_temp_mean": 25.75,
  "ride_wind_mean": 14.775,
  "ride_wind_dir_deg": 99.15084679929396,
  "ride_rain_flag": 0.0,
  "tent_rain_flag": 1.0,
  "daily_precip_sum": 10.700000000000001,
  "daily_temp_mean": 22.224999999999998,
  "daily_wind_mean": 12.416666666666666,
  "daily_wind_dir_deg": 69.3813295217962
}