{
  "samples_local": {
    "10": {
      "temp": 22.1,
      "precip": 0.0,
      "wind": 24.4,
      "wind_dir_deg": 76.0
    },
    "12": {
      "temp": 22.8,
      "precip": 0.0,
      "wind": 21.7,
      "wind_dir_deg": 79.0
    },
    "14": {
      "temp": 23.1,
      "precip": 0.0,
      "wind": 21.0,
      "wind_dir_deg": 78.0
    },
    "16": {
      "temp": 23.4,
      "precip": 0.0,
      "wind": 19.0,
      "wind_dir_deg": 80.0
    }
  },
  "ride_temp_mean": 22.85,
  "ride_wind_mean": 21.525,
  "ride_wind_dir_deg": 78.12665320249715,
  "ride_rain_flag": 0.0,
  "tent_rain_flag": 1.0,
  "daily_precip_sum": 0.30000000000000004,
  "daily_temp_mean": 21.079166666666666,
  "daily_wind_mean": 16.366666666666667,
  "daily_wind_dir_deg": 76.60896951118275
}