{
  "samples_local": {
    "10": {
      "temp": 22.7,
      "precip": 0.0,
      "wind": 14.9,
      "wind_dir_deg": 83.0
    },
    "12": {
      "temp": 24.0,
      "precip": 0.2,
      "wind": 23.8,
      "wind_dir_deg": 72.0
    },
    "14": {
      "temp": 25.9,
      "precip": 0.0,
      "wind": 20.4,
      "wind_dir_deg": 69.0
    },
    "16": {
      "temp": 26.0,
      "precip": 0.0,
      "wind": 17.3,
      "wind_dir_deg": 91.0
    }
  },
  "ride_temp_mean": 24.65,
  "ride_wind_mean": 19.1,
  "ride_wind_dir_deg": 77.62917791099028,
  "ride_rain_flag": 1.0,
  "tent_rain_flag": 1.0,
  "daily_precip_sum": 14.899999999999999,
  "daily_temp_mean": 21.758333333333336,
  "daily_wind_mean": 13.816666666666668,
  "daily_wind_dir_deg": 82.53705297635986
}