{
  "samples_local": {
    "10": {
      "temp": 28.2,
      "precip": 0.0,
      "wind": 24.0,
      "wind_dir_deg": 71.0
    },
    "12": {
      "temp": 27.6,
      "precip": 0.0,
      "wind": 24.8,
      "wind_dir_deg": 103.0
    },
    "14": {
      "temp": 27.4,
      "precip": 0.0,
      "wind": 21.3,
      "wind_dir_deg": 87.0
    },
    "16": {
      "temp": 27.5,
      "precip": 0.0,
      "wind": 18.8,
      "wind_dir_deg": 94.0
    }
  },
  "ride_temp_mean": 27.675,
  "ride_wind_mean": 22.225,
  "ride_wind_dir_deg": 88.6561298197492,
  "ride_rain_flag": 0.0,
  "tent_rain_flag": 1.0,
  "daily_precip_sum": 0.6000000000000001,
  "daily_temp_mean": 24.15416666666667,
  "daily_wind_mean": 16.720833333333335,
  "daily_wind_dir_deg": 54.89211115129075
}