{
  "samples_local": {
    "10": {
      "temp": 22.0,
      "precip": 0.0,
      "wind": 23.7,
      "wind_dir_deg": 73.0
    },
    "12": {
      "temp": 23.6,
      "precip": 0.0,
      "wind": 23.4,
      "wind_dir_deg": 79.0
    },
    "14": {
      "temp": 24.0,
      "precip": 0.0,
      "wind": 23.8,
      "wind_dir_deg": 75.0
    },
    "16": {
      "temp": 24.1,
      "precip": 0.0,
      "wind": 23.0,
      "wind_dir_deg": 80.0
    }
  },
  "ride_temp_mean": 23.425,
  "ride_wind_mean": 23.475,
  "ride_wind_dir_deg": 76.71685229526753,
  "ride_rain_flag": 0.0,
  "tent_rain_flag": 1.0,
  "daily_precip_sum": 6.199999999999999,
  "daily_temp_mean": 21.016666666666666,
  "daily_wind_mean": 16.891666666666666,
  "daily_wind_dir_deg": 81.45160173625754
}