{
  "samples_local": {
    "10": {
      "temp": 18.2,
      "precip": 0.4,
      "wind": 29.8,
      "wind_dir_deg": 67.0
    },
    "12": {
      "temp": 19.8,
      "precip": 0.1,
      "wind": 29.2,
      "wind_dir_deg": 81.0
    },
    "14": {
      "temp": 19.7,
      "precip": 0.0,
      "wind": 25.6,
      "wind_dir_deg": 87.0
    },
    "16": {
      "temp": 19.2,
      "precip": 0.0,
      "wind": 24.2,
      "wind_dir_deg": 94.0
    }
  },
  "ride_temp_mean": 19.225,
  "ride_wind_mean": 27.2,
  "ride_wind_dir_deg": 81.48682055351782,
  "ride_rain_flag": 1.0,
  "tent_rain_flag": 1.0,
  "daily_precip_sum": 12.299999999999999,
  "daily_temp_mean": 18.0125,
  "daily_wind_mean": 20.941666666666666,
  "daily_wind_dir_deg": 65.95073315924083
}