{
  "samples_local": {
    "10": {
      "temp": 22.9,
      "precip": 0.0,
      "wind": 22.3,
      "wind_dir_deg": 91.0
    },
    "12": {
      "temp": 23.9,
      "precip": 0.1,
      "wind": 23.1,
      "wind_dir_deg": 86.0
    },
    "14": {
      "temp": 23.9,
      "precip": 0.0,
      "wind": 21.4,
      "wind_dir_deg": 82.0
    },
    "16": {
      "temp": 23.2,
      "precip": 0.0,
      "wind": 21.0,
      "wind_dir_deg": 83.0
    }
  },
  "ride_temp_mean": 23.474999999999998,
  "ride_wind_mean": 21.95,
  "ride_wind_dir_deg": 85.57616460819901,
  "ride_rain_flag": 0.0,
  "tent_rain_flag": 1.0,
  "daily_precip_sum": 4.0,
  "daily_temp_mean": 21.47083333333333,
  "daily_wind_mean": 16.841666666666665,
  "daily_wind_dir_deg": 60.06230728467165
}