{
  "ride_temp_mean": 9.325,
  "ride_precip_sum": 2.8,
  "ride_wind_speed": 26.46217146351106,
  "ride_wind_dir": 228.6278780348746,
  "tent_precip_sum": 3.3000000000000003,
  "tent_temp_mean": 8.78
}