{
  "ride_temp_mean": 11.25,
  "ride_precip_sum": 1.6,
  "ride_wind_speed": 59.348956396802485,
  "ride_wind_dir": 267.50781952352,
  "tent_precip_sum": 10.0,
  "tent_temp_mean": 11.425
}