{
  "samples_local": {
    "10": {
      "temp": 15.4,
      "precip": 0.0,
      "wind": 2.9,
      "wind_dir_deg": 112.0
    },
    "12": {
      "temp": 18.1,
      "precip": 0.0,
      "wind": 11.2,
      "wind_dir_deg": 100.0
    },
    "14": {
      "temp": 20.1,
      "precip": 0.0,
      "wind": 10.8,
      "wind_dir_deg": 101.0
    },
    "16": {
      "temp": 20.0,
      "precip": 0.0,
      "wind": 15.5,
      "wind_dir_deg": 113.0
    }
  },
  "ride_temp_mean": 18.400000000000002,
  "ride_wind_mean": 10.1,
  "ride_wind_dir_deg": 106.11426945657576,
  "ride_rain_flag": 0.0,
  "tent_rain_flag": 0.0,
  "daily_precip_sum": 0.0,
  "daily_temp_mean": 14.104166666666666,
  "daily_wind_mean": 8.7125,
  "daily_wind_dir_deg": 108.95716857284702
}