{
  "samples_local": {
    "10": {
      "temp": 22.9,
      "precip": 0.0,
      "wind": 12.8,
      "wind_dir_deg": 114.0
    },
    "12": {
      "temp": 25.5,
      "precip": 0.0,
      "wind": 19.5,
      "wind_dir_deg": 116.0
    },
    "14": {
      "temp": 26.0,
      "precip": 0.0,
      "wind": 21.2,
      "wind_dir_deg": 108.0
    },
    "16": {
      "temp": 26.5,
      "precip": 0.0,
      "wind": 23.2,
      "wind_dir_deg": 122.0
    }
  },
  "ride_temp_mean": 25.225,
  "ride_wind_mean": 19.175,
  "ride_wind_dir_deg": 115.27060747418204,
  "ride_rain_flag": 0.0,
  "tent_rain_flag": 1.0,
  "daily_precip_sum": 4.7,
  "daily_temp_mean": 21.391666666666666,
  "daily_wind_mean": 14.304166666666667,
  "daily_wind_dir_deg": 114.53071960426945
}