{
  "samples_local": {
    "10": {
      "temp": 18.7,
      "precip": 0.2,
      "wind": 14.1,
      "wind_dir_deg": 339.0
    },
    "12": {
      "temp": 20.5,
      "precip": 0.4,
      "wind": 21.7,
      "wind_dir_deg": 354.0
    },
    "14": {
      "temp": 21.7,
      "precip": 0.0,
      "wind": 18.9,
      "wind_dir_deg": 1.0
    },
    "16": {
      "temp": 22.1,
      "precip": 0.0,
      "wind": 20.5,
      "wind_dir_deg": 13.0
    }
  },
  "ride_temp_mean": 20.75,
  "ride_wind_mean": 18.8,
  "ride_wind_dir_deg": 358.1483555264097,
  "ride_rain_flag": 1.0,
  "tent_rain_flag": 1.0,
  "daily_precip_sum": 1.7000000000000002,
  "daily_temp_mean": 16.599999999999998,
  "daily_wind_mean": 15.108333333333334,
  "daily_wind_dir_deg": 354.0593416261413
}