{
  "ride_temp_mean": 6.225,
  "ride_precip_sum": 0.0,
  "ride_wind_speed": 1.702854871602017,
  "ride_wind_dir": 266.7980797127144,
  "tent_precip_sum": 0.0,
  "tent_temp_mean": 4.7299999999999995
}