{
  "ride_temp_mean": 5.325,
  "ride_precip_sum": 0.0,
  "ride_wind_speed": 1.4858318195871452,
  "ride_wind_dir": 92.91579553257549,
  "tent_precip_sum": 0.0,
  "tent_temp_mean": 1.28
}