{
  "ride_temp_mean": 26.914285714285715,
  "ride_wind_mean": 13.642857142857142,
  "ride_rain_flag": 0.0,
  "tent_rain_flag": 1.0
}