{
  "samples_local": {
    "10": {
      "temp": 12.0,
      "precip": 0.0,
      "wind": 11.5,
      "wind_dir_deg": 214.0
    },
    "12": {
      "temp": 12.1,
      "precip": 0.0,
      "wind": 11.7,
      "wind_dir_deg": 189.0
    },
    "14": {
      "temp": 11.8,
      "precip": 0.0,
      "wind": 13.0,
      "wind_dir_deg": 185.0
    },
    "16": {
      "temp": 12.0,
      "precip": 0.0,
      "wind": 17.5,
      "wind_dir_deg": 179.0
    }
  },
  "ride_temp_mean": 11.975,
  "ride_wind_mean": 13.425,
  "ride_wind_dir_deg": 190.00120011551334,
  "ride_rain_flag": 0.0,
  "tent_rain_flag": 0.0,
  "daily_precip_sum": 0.1,
  "daily_temp_mean": 12.008333333333333,
  "daily_wind_mean": 16.154166666666665,
  "daily_wind_dir_deg": 190.771089326071
}