{
  "ride_temp_mean": 10.614285714285714,
  "ride_wind_mean": 15.842857142857143,
  "ride_rain_flag": 1.0,
  "tent_rain_flag": 0.0
}