{
  "ride_temp_mean": 12.728571428571428,
  "ride_wind_mean": 14.142857142857142,
  "ride_rain_flag": 1.0,
  "tent_rain_flag": 0.0
}