{
  "ride_temp_mean": 18.385714285714283,
  "ride_wind_mean": 14.185714285714285,
  "ride_rain_flag": 0.0,
  "tent_rain_flag": 0.0
}