{
  "ride_temp_mean": 12.700000000000001,
  "ride_wind_mean": 13.971428571428572,
  "ride_rain_flag": 0.0,
  "tent_rain_flag": 1.0
}