{
  "ride_temp_mean": 12.585714285714285,
  "ride_wind_mean": 12.442857142857141,
  "ride_rain_flag": 0.0,
  "tent_rain_flag": 0.0
}