{
  "ride_temp_mean": 6.514285714285714,
  "ride_wind_mean": 10.157142857142857,
  "ride_rain_flag": 1.0,
  "tent_rain_flag": 0.0
}