{
  "ride_temp_mean": 14.299999999999999,
  "ride_wind_mean": 7.871428571428572,
  "ride_rain_flag": 0.0,
  "tent_rain_flag": 0.0
}