{
  "ride_temp_mean": 12.471428571428572,
  "ride_wind_mean": 9.057142857142857,
  "ride_rain_flag": 0.0,
  "tent_rain_flag": 0.0
}