{
  "ride_temp_mean": 10.014285714285714,
  "ride_wind_mean": 14.085714285714285,
  "ride_rain_flag": 1.0,
  "tent_rain_flag": 0.0
}