{
  "samples_local": {
    "10": {
      "temp": 9.1,
      "precip": 0.0,
      "wind": 18.6,
      "wind_dir_deg": 136.0
    },
    "12": {
      "temp": 11.5,
      "precip": 0.0,
      "wind": 16.6,
      "wind_dir_deg": 140.0
    },
    "14": {
      "temp": 12.5,
      "precip": 0.0,
      "wind": 13.8,
      "wind_dir_deg": 153.0
    },
    "16": {
      "temp": 12.4,
      "precip": 0.0,
      "wind": 13.2,
      "wind_dir_deg": 143.0
    }
  },
  "ride_temp_mean": 11.375,
  "ride_wind_mean": 15.55,
  "ride_wind_dir_deg": 142.31502763321419,
  "ride_rain_flag": 0.0,
  "tent_rain_flag": 0.0,
  "daily_precip_sum": 0.0,
  "daily_temp_mean": 8.258333333333333,
  "daily_wind_mean": 15.295833333333334,
  "daily_wind_dir_deg": 126.06542754402057
}