{
  "ride_temp_mean": 26.428571428571427,
  "ride_wind_mean": 14.314285714285715,
  "ride_rain_flag": 1.0,
  "tent_rain_flag": 1.0
}