{
  "ride_temp_mean": 0.6000000000000001,
  "ride_precip_sum": 0.0,
  "ride_wind_speed": 10.529013585307432,
  "ride_wind_dir": 2.007341905631961,
  "tent_precip_sum": 2.0,
  "tent_temp_mean": -0.445
}