{
  "ride_temp_mean": 7.35,
  "ride_precip_sum": 2.6,
  "ride_wind_speed": 30.473891827474887,
  "ride_wind_dir": 243.12947625290468,
  "tent_precip_sum": 8.8,
  "tent_temp_mean": 6.92
}