{
  "samples_local": {
    "10": {
      "temp": 9.1,
      "precip": 0.0,
      "wind": 10.9,
      "wind_dir_deg": 224.0
    },
    "12": {
      "temp": 10.1,
      "precip": 0.1,
      "wind": 12.3,
      "wind_dir_deg": 212.0
    },
    "14": {
      "temp": 10.5,
      "precip": 0.1,
      "wind": 11.1,
      "wind_dir_deg": 216.0
    },
    "16": {
      "temp": 10.8,
      "precip": 0.0,
      "wind": 12.6,
      "wind_dir_deg": 217.0
    }
  },
  "ride_temp_mean": 10.125,
  "ride_wind_mean": 11.725,
  "ride_wind_dir_deg": 217.07673507722598,
  "ride_rain_flag": 0.0,
  "tent_rain_flag": 0.0,
  "daily_precip_sum": 0.6000000000000001,
  "daily_temp_mean": 8.058333333333334,
  "daily_wind_mean": 11.316666666666668,
  "daily_wind_dir_deg": 210.5734047655107
}