{
  "samples_local": {
    "10": {
      "temp": 10.3,
      "precip": 0.0,
      "wind": 14.2,
      "wind_dir_deg": 173.0
    },
    "12": {
      "temp": 10.9,
      "precip": 0.0,
      "wind": 13.6,
      "wind_dir_deg": 169.0
    },
    "14": {
      "temp": 11.6,
      "precip": 0.0,
      "wind": 14.1,
      "wind_dir_deg": 165.0
    },
    "16": {
      "temp": 11.8,
      "precip": 0.0,
      "wind": 14.8,
      "wind_dir_deg": 186.0
    }
  },
  "ride_temp_mean": 11.15,
  "ride_wind_mean": 14.175,
  "ride_wind_dir_deg": 173.4267710689544,
  "ride_rain_flag": 0.0,
  "tent_rain_flag": 0.0,
  "daily_precip_sum": 0.0,
  "daily_temp_mean": 8.420833333333333,
  "daily_wind_mean": 12.145833333333334,
  "daily_wind_dir_deg": 178.71046853216455
}