{
  "samples_local": {
    "10": {
      "temp": 11.4,
      "precip": 0.0,
      "wind": 17.8,
      "wind_dir_deg": 194.0
    },
    "12": {
      "temp": 12.8,
      "precip": 0.0,
      "wind": 16.7,
      "wind_dir_deg": 194.0
    },
    "14": {
      "temp": 12.1,
      "precip": 0.0,
      "wind": 17.0,
      "wind_dir_deg": 193.0
    },
    "16": {
      "temp": 12.8,
      "precip": 0.0,
      "wind": 16.3,
      "wind_dir_deg": 202.0
    }
  },
  "ride_temp_mean": 12.275,
  "ride_wind_mean": 16.95,
  "ride_wind_dir_deg": 195.6698347316902,
  "ride_rain_flag": 0.0,
  "tent_rain_flag": 0.0,
  "daily_precip_sum": 0.0,
  "daily_temp_mean": 9.279166666666667,
  "daily_wind_mean": 11.733333333333334,
  "daily_wind_dir_deg": 198.63899155160118
}