{
  "samples_local": {
    "10": {
      "temp": 12.1,
      "precip": 0.0,
      "wind": 13.1,
      "wind_dir_deg": 196.0
    },
    "12": {
      "temp": 12.6,
      "precip": 0.0,
      "wind": 13.9,
      "wind_dir_deg": 190.0
    },
    "14": {
      "temp": 13.1,
      "precip": 0.0,
      "wind": 11.3,
      "wind_dir_deg": 197.0
    },
    "16": {
      "temp": 13.6,
      "precip": 0.0,
      "wind": 13.4,
      "wind_dir_deg": 207.0
    }
  },
  "ride_temp_mean": 12.85,
  "ride_wind_mean": 12.925,
  "ride_wind_dir_deg": 197.45071831624264,
  "ride_rain_flag": 0.0,
  "tent_rain_flag": 0.0,
  "daily_precip_sum": 0.0,
  "daily_temp_mean": 10.345833333333333,
  "daily_wind_mean": 10.529166666666667,
  "daily_wind_dir_deg": 200.8815875122929
}