{
  "samples_local": {
    "10": {
      "temp": 11.0,
      "precip": 0.0,
      "wind": 13.5,
      "wind_dir_deg": 171.0
    },
    "12": {
      "temp": 12.4,
      "precip": 0.0,
      "wind": 14.0,
      "wind_dir_deg": 168.0
    },
    "14": {
      "temp": 12.8,
      "precip": 0.0,
      "wind": 12.8,
      "wind_dir_deg": 169.0
    },
    "16": {
      "temp": 13.4,
      "precip": 0.0,
      "wind": 12.0,
      "wind_dir_deg": 187.0
    }
  },
  "ride_temp_mean": 12.4,
  "ride_wind_mean": 13.075,
  "ride_wind_dir_deg": 173.35233523790419,
  "ride_rain_flag": 0.0,
  "tent_rain_flag": 0.0,
  "daily_precip_sum": 0.0,
  "daily_temp_mean": 9.608333333333333,
  "daily_wind_mean": 10.958333333333334,
  "daily_wind_dir_deg": 179.14735793680507
}