{
  "samples_local": {
    "10": {
      "temp": 8.6,
      "precip": 0.2,
      "wind": 19.2,
      "wind_dir_deg": 185.0
    },
    "12": {
      "temp": 10.2,
      "precip": 0.1,
      "wind": 18.1,
      "wind_dir_deg": 187.0
    },
    "14": {
      "temp": 11.4,
      "precip": 0.0,
      "wind": 17.9,
      "wind_dir_deg": 199.0
    },
    "16": {
      "temp": 11.5,
      "precip": 0.0,
      "wind": 18.8,
      "wind_dir_deg": 200.0
    }
  },
  "ride_temp_mean": 10.425,
  "ride_wind_mean": 18.5,
  "ride_wind_dir_deg": 192.68661631722696,
  "ride_rain_flag": 1.0,
  "tent_rain_flag": 0.0,
  "daily_precip_sum": 0.5,
  "daily_temp_mean": 7.7875000000000005,
  "daily_wind_mean": 15.554166666666667,
  "daily_wind_dir_deg": 187.71377186187866
}