{
  "samples_local": {
    "10": {
      "temp": 9.9,
      "precip": 0.0,
      "wind": 15.3,
      "wind_dir_deg": 146.0
    },
    "12": {
      "temp": 11.7,
      "precip": 0.0,
      "wind": 13.8,
      "wind_dir_deg": 152.0
    },
    "14": {
      "temp": 12.4,
      "precip": 0.0,
      "wind": 15.5,
      "wind_dir_deg": 158.0
    },
    "16": {
      "temp": 12.6,
      "precip": 0.0,
      "wind": 16.6,
      "wind_dir_deg": 181.0
    }
  },
  "ride_temp_mean": 11.65,
  "ride_wind_mean": 15.3,
  "ride_wind_dir_deg": 159.79389896695523,
  "ride_rain_flag": 0.0,
  "tent_rain_flag": 0.0,
  "daily_precip_sum": 0.0,
  "daily_temp_mean": 8.616666666666667,
  "daily_wind_mean": 11.233333333333334,
  "daily_wind_dir_deg": 153.93659651020903
}