{
  "samples_local": {
    "10": {
      "temp": 10.4,
      "precip": 0.0,
      "wind": 16.9,
      "wind_dir_deg": 146.0
    },
    "12": {
      "temp": 11.2,
      "precip": 0.0,
      "wind": 16.4,
      "wind_dir_deg": 151.0
    },
    "14": {
      "temp": 11.6,
      "precip": 0.0,
      "wind": 16.3,
      "wind_dir_deg": 155.0
    },
    "16": {
      "temp": 11.9,
      "precip": 0.0,
      "wind": 14.7,
      "wind_dir_deg": 158.0
    }
  },
  "ride_temp_mean": 11.275,
  "ride_wind_mean": 16.075,
  "ride_wind_dir_deg": 152.30112024624805,
  "ride_rain_flag": 0.0,
  "tent_rain_flag": 0.0,
  "daily_precip_sum": 0.1,
  "daily_temp_mean": 9.033333333333333,
  "daily_wind_mean": 11.908333333333333,
  "daily_wind_dir_deg": 146.94620184827346
}