{
  "samples_local": {
    "10": {
      "temp": 11.9,
      "precip": 0.0,
      "wind": 18.1,
      "wind_dir_deg": 136.0
    },
    "12": {
      "temp": 13.5,
      "precip": 0.0,
      "wind": 18.4,
      "wind_dir_deg": 138.0
    },
    "14": {
      "temp": 14.6,
      "precip": 0.0,
      "wind": 18.2,
      "wind_dir_deg": 141.0
    },
    "16": {
      "temp": 14.4,
      "precip": 0.0,
      "wind": 15.3,
      "wind_dir_deg": 150.0
    }
  },
  "ride_temp_mean": 13.6,
  "ride_wind_mean": 17.5,
  "ride_wind_dir_deg": 140.87914782011865,
  "ride_rain_flag": 0.0,
  "tent_rain_flag": 0.0,
  "daily_precip_sum": 0.0,
  "daily_temp_mean": 10.637500000000001,
  "daily_wind_mean": 14.183333333333332,
  "daily_wind_dir_deg": 132.10658193873485
}