{
  "samples_local": {
    "10": {
      "temp": 12.0,
      "precip": 0.0,
      "wind": 18.2,
      "wind_dir_deg": 142.0
    },
    "12": {
      "temp": 14.0,
      "precip": 0.0,
      "wind": 18.7,
      "wind_dir_deg": 140.0
    },
    "14": {
      "temp": 14.1,
      "precip": 0.0,
      "wind": 17.6,
      "wind_dir_deg": 145.0
    },
    "16": {
      "temp": 14.9,
      "precip": 0.0,
      "wind": 15.9,
      "wind_dir_deg": 147.0
    }
  },
  "ride_temp_mean": 13.75,
  "ride_wind_mean": 17.6,
  "ride_wind_dir_deg": 143.34793384110725,
  "ride_rain_flag": 0.0,
  "tent_rain_flag": 0.0,
  "daily_precip_sum": 0.0,
  "daily_temp_mean": 10.579166666666667,
  "daily_wind_mean": 14.820833333333333,
  "daily_wind_dir_deg": 136.7602382079623
}