{
  "samples_local": {
    "10": {
      "temp": 9.2,
      "precip": 0.0,
      "wind": 16.6,
      "wind_dir_deg": 150.0
    },
    "12": {
      "temp": 10.2,
      "precip": 0.0,
      "wind": 16.8,
      "wind_dir_deg": 149.0
    },
    "14": {
      "temp": 10.9,
      "precip": 0.0,
      "wind": 16.4,
      "wind_dir_deg": 151.0
    },
    "16": {
      "temp": 11.6,
      "precip": 0.0,
      "wind": 16.3,
      "wind_dir_deg": 155.0
    }
  },
  "ride_temp_mean": 10.475,
  "ride_wind_mean": 16.525,
  "ride_wind_dir_deg": 151.2264223604359,
  "ride_rain_flag": 0.0,
  "tent_rain_flag": 0.0,
  "daily_precip_sum": 0.1,
  "daily_temp_mean": 9.058333333333334,
  "daily_wind_mean": 14.108333333333334,
  "daily_wind_dir_deg": 146.92206372794215
}