{
  "samples_local": {
    "10": {
      "temp": 10.5,
      "precip": 0.0,
      "wind": 21.9,
      "wind_dir_deg": 132.0
    },
    "12": {
      "temp": 11.6,
      "precip": 0.0,
      "wind": 19.5,
      "wind_dir_deg": 129.0
    },
    "14": {
      "temp": 12.7,
      "precip": 0.0,
      "wind": 21.9,
      "wind_dir_deg": 135.0
    },
    "16": {
      "temp": 12.6,
      "precip": 0.0,
      "wind": 19.1,
      "wind_dir_deg": 137.0
    }
  },
  "ride_temp_mean": 11.85,
  "ride_wind_mean": 20.6,
  "ride_wind_dir_deg": 133.24661034433984,
  "ride_rain_flag": 0.0,
  "tent_rain_flag": 0.0,
  "daily_precip_sum": 0.0,
  "daily_temp_mean": 9.616666666666667,
  "daily_wind_mean": 17.691666666666666,
  "daily_wind_dir_deg": 128.12060658806627
}