{
  "samples_local": {
    "10": {
      "temp": 10.9,
      "precip": 0.0,
      "wind": 17.1,
      "wind_dir_deg": 141.0
    },
    "12": {
      "temp": 12.8,
      "precip": 0.0,
      "wind": 17.4,
      "wind_dir_deg": 146.0
    },
    "14": {
      "temp": 13.6,
      "precip": 0.0,
      "wind": 19.0,
      "wind_dir_deg": 143.0
    },
    "16": {
      "temp": 14.3,
      "precip": 0.0,
      "wind": 15.4,
      "wind_dir_deg": 159.0
    }
  },
  "ride_temp_mean": 12.9,
  "ride_wind_mean": 17.225,
  "ride_wind_dir_deg": 146.82025928680412,
  "ride_rain_flag": 0.0,
  "tent_rain_flag": 0.0,
  "daily_precip_sum": 0.0,
  "daily_temp_mean": 9.945833333333333,
  "daily_wind_mean": 13.345833333333333,
  "daily_wind_dir_deg": 141.20261075456483
}