{
  "samples_local": {
    "10": {
      "temp": 8.0,
      "precip": 0.1,
      "wind": 19.1,
      "wind_dir_deg": 144.0
    },
    "12": {
      "temp": 9.1,
      "precip": 0.0,
      "wind": 18.9,
      "wind_dir_deg": 149.0
    },
    "14": {
      "temp": 9.9,
      "precip": 0.0,
      "wind": 18.0,
      "wind_dir_deg": 147.0
    },
    "16": {
      "temp": 10.3,
      "precip": 0.0,
      "wind": 15.5,
      "wind_dir_deg": 152.0
    }
  },
  "ride_temp_mean": 9.325,
  "ride_wind_mean": 17.875,
  "ride_wind_dir_deg": 147.81111491080628,
  "ride_rain_flag": 0.0,
  "tent_rain_flag": 0.0,
  "daily_precip_sum": 0.4,
  "daily_temp_mean": 7.291666666666667,
  "daily_wind_mean": 14.695833333333333,
  "daily_wind_dir_deg": 152.63188455216334
}