{
  "samples_local": {
    "10": {
      "temp": 12.2,
      "precip": 0.0,
      "wind": 19.6,
      "wind_dir_deg": 131.0
    },
    "12": {
      "temp": 13.9,
      "precip": 0.0,
      "wind": 21.1,
      "wind_dir_deg": 133.0
    },
    "14": {
      "temp": 14.9,
      "precip": 0.0,
      "wind": 19.9,
      "wind_dir_deg": 138.0
    },
    "16": {
      "temp": 14.2,
      "precip": 0.0,
      "wind": 17.7,
      "wind_dir_deg": 156.0
    }
  },
  "ride_temp_mean": 13.8,
  "ride_wind_mean": 19.575,
  "ride_wind_dir_deg": 138.92159426970716,
  "ride_rain_flag": 0.0,
  "tent_rain_flag": 0.0,
  "daily_precip_sum": 0.0,
  "daily_temp_mean": 10.595833333333333,
  "daily_wind_mean": 15.458333333333334,
  "daily_wind_dir_deg": 131.99450424652332
}