{
  "samples_local": {
    "10": {
      "temp": 9.6,
      "precip": 0.0,
      "wind": 23.2,
      "wind_dir_deg": 126.0
    },
    "12": {
      "temp": 10.1,
      "precip": 0.0,
      "wind": 23.2,
      "wind_dir_deg": 118.0
    },
    "14": {
      "temp": 11.0,
      "precip": 0.0,
      "wind": 24.9,
      "wind_dir_deg": 121.0
    },
    "16": {
      "temp": 10.2,
      "precip": 0.0,
      "wind": 22.8,
      "wind_dir_deg": 125.0
    }
  },
  "ride_temp_mean": 10.225,
  "ride_wind_mean": 23.525,
  "ride_wind_dir_deg": 122.46267350172752,
  "ride_rain_flag": 0.0,
  "tent_rain_flag": 0.0,
  "daily_precip_sum": 0.0,
  "daily_temp_mean": 8.733333333333333,
  "daily_wind_mean": 19.408333333333335,
  "daily_wind_dir_deg": 124.3201377201957
}