{
  "ride_temp_mean": -0.27499999999999997,
  "ride_precip_sum": 0.0,
  "ride_wind_speed": 28.76736337469696,
  "ride_wind_dir": 273.467376956095,
  "tent_precip_sum": 3.0,
  "tent_temp_mean": 0.355
}