{
  "ride_temp_mean": 6.25,
  "ride_precip_sum": 2.3,
  "ride_wind_speed": 27.854040022486995,
  "ride_wind_dir": 229.7834672133721,
  "tent_precip_sum": 3.2,
  "tent_temp_mean": 5.8950000000000005
}