{
  "ride_temp_mean": 6.375,
  "ride_precip_sum": 5.7,
  "ride_wind_speed": 34.281971602132415,
  "ride_wind_dir": 241.2431880112258,
  "tent_precip_sum": 14.200000000000001,
  "tent_temp_mean": 5.904999999999999
}