{
  "ride_temp_mean": 1.15,
  "ride_precip_sum": 0.0,
  "ride_wind_speed": 27.730752685608962,
  "ride_wind_dir": 227.6806218219743,
  "tent_precip_sum": 0.0,
  "tent_temp_mean": 0.6950000000000001
}