{
  "ride_temp_mean": 8.275,
  "ride_precip_sum": 3.4,
  "ride_wind_speed": 29.483882416422997,
  "ride_wind_dir": 234.27532919692996,
  "tent_precip_sum": 9.3,
  "tent_temp_mean": 7.65
}