{
  "ride_temp_mean": 3.3,
  "ride_precip_sum": 0.0,
  "ride_wind_speed": 27.10448944291159,
  "ride_wind_dir": 220.31448443098253,
  "tent_precip_sum": 0.0,
  "tent_temp_mean": 2.075
}