{
  "ride_temp_mean": 2.15,
  "ride_precip_sum": 0.1,
  "ride_wind_speed": 1.7855880314112185,
  "ride_wind_dir": 221.00957348211918,
  "tent_precip_sum": 1.6,
  "tent_temp_mean": -0.22000000000000003
}