{
  "ride_temp_mean": 10.0,
  "ride_precip_sum": 0.0,
  "ride_wind_speed": 1.7199536452840367,
  "ride_wind_dir": 207.44609683391272,
  "tent_precip_sum": 0.0,
  "tent_temp_mean": 6.789999999999999
}