{
  "samples_local": {
    "10": {
      "temp": 16.8,
      "precip": 0.0,
      "wind": 1.1,
      "wind_dir_deg": 90.0
    },
    "12": {
      "temp": 20.1,
      "precip": 0.0,
      "wind": 7.8,
      "wind_dir_deg": 283.0
    },
    "14": {
      "temp": 21.7,
      "precip": 0.0,
      "wind": 5.7,
      "wind_dir_deg": 235.0
    },
    "16": {
      "temp": 20.8,
      "precip": 0.0,
      "wind": 9.8,
      "wind_dir_deg": 216.0
    }
  },
  "ride_temp_mean": 19.85,
  "ride_wind_mean": 6.1000000000000005,
  "ride_wind_dir_deg": 240.84765608489408,
  "ride_rain_flag": 0.0,
  "tent_rain_flag": 0.0,
  "daily_precip_sum": 0.0,
  "daily_temp_mean": 14.866666666666667,
  "daily_wind_mean": 6.420833333333333,
  "daily_wind_dir_deg": 314.92096797000744
}