{
  "samples_local": {
    "10": {
      "temp": 19.5,
      "precip": 0.0,
      "wind": 2.2,
      "wind_dir_deg": 0.0
    },
    "12": {
      "temp": 22.4,
      "precip": 0.0,
      "wind": 7.7,
      "wind_dir_deg": 307.0
    },
    "14": {
      "temp": 23.9,
      "precip": 0.0,
      "wind": 6.5,
      "wind_dir_deg": 326.0
    },
    "16": {
      "temp": 23.9,
      "precip": 0.0,
      "wind": 5.1,
      "wind_dir_deg": 278.0
    }
  },
  "ride_temp_mean": 22.424999999999997,
  "ride_wind_mean": 5.375,
  "ride_wind_dir_deg": 311.0812286572312,
  "ride_rain_flag": 0.0,
  "tent_rain_flag": 0.0,
  "daily_precip_sum": 0.0,
  "daily_temp_mean": 17.854166666666668,
  "daily_wind_mean": 6.766666666666667,
  "daily_wind_dir_deg": 333.0540585191679
}