{
  "samples_local": {
    "10": {
      "temp": 20.5,
      "precip": 0.0,
      "wind": 5.4,
      "wind_dir_deg": 270.0
    },
    "12": {
      "temp": 24.0,
      "precip": 0.0,
      "wind": 5.5,
      "wind_dir_deg": 302.0
    },
    "14": {
      "temp": 25.2,
      "precip": 0.0,
      "wind": 8.8,
      "wind_dir_deg": 55.0
    },
    "16": {
      "temp": 24.5,
      "precip": 0.0,
      "wind": 5.2,
      "wind_dir_deg": 25.0
    }
  },
  "ride_temp_mean": 23.55,
  "ride_wind_mean": 6.2250000000000005,
  "ride_wind_dir_deg": 357.02771653329165,
  "ride_rain_flag": 0.0,
  "tent_rain_flag": 0.0,
  "daily_precip_sum": 0.0,
  "daily_temp_mean": 18.995833333333334,
  "daily_wind_mean": 8.045833333333333,
  "daily_wind_dir_deg": 7.3530402601414835
}