{
  "samples_local": {
    "10": {
      "temp": 20.3,
      "precip": 0.0,
      "wind": 1.3,
      "wind_dir_deg": 34.0
    },
    "12": {
      "temp": 23.5,
      "precip": 0.0,
      "wind": 2.9,
      "wind_dir_deg": 353.0
    },
    "14": {
      "temp": 25.0,
      "precip": 0.0,
      "wind": 4.3,
      "wind_dir_deg": 318.0
    },
    "16": {
      "temp": 24.6,
      "precip": 0.0,
      "wind": 4.8,
      "wind_dir_deg": 283.0
    }
  },
  "ride_temp_mean": 23.35,
  "ride_wind_mean": 3.3249999999999997,
  "ride_wind_dir_deg": 318.90006929309055,
  "ride_rain_flag": 0.0,
  "tent_rain_flag": 0.0,
  "daily_precip_sum": 0.0,
  "daily_temp_mean": 18.279166666666665,
  "daily_wind_mean": 6.404166666666666,
  "daily_wind_dir_deg": 326.57978927888036
}