{
  "samples_local": {
    "10": {
      "temp": 10.6,
      "precip": 0.0,
      "wind": 13.5,
      "wind_dir_deg": 99.0
    },
    "12": {
      "temp": 10.1,
      "precip": 0.0,
      "wind": 18.0,
      "wind_dir_deg": 90.0
    },
    "14": {
      "temp": 9.2,
      "precip": 0.0,
      "wind": 17.4,
      "wind_dir_deg": 66.0
    },
    "16": {
      "temp": 8.9,
      "precip": 0.1,
      "wind": 19.7,
      "wind_dir_deg": 72.0
    }
  },
  "ride_temp_mean": 9.7,
  "ride_wind_mean": 17.15,
  "ride_wind_dir_deg": 80.48801767773477,
  "ride_rain_flag": 0.0,
  "tent_rain_flag": 0.0,
  "daily_precip_sum": 0.30000000000000004,
  "daily_temp_mean": 8.145833333333334,
  "daily_wind_mean": 10.866666666666667,
  "daily_wind_dir_deg": 68.04936022355605
}