{
  "samples_local": {
    "10": {
      "temp": 15.6,
      "precip": 0.0,
      "wind": 13.4,
      "wind_dir_deg": 306.0
    },
    "12": {
      "temp": 17.7,
      "precip": 0.0,
      "wind": 16.9,
      "wind_dir_deg": 320.0
    },
    "14": {
      "temp": 19.0,
      "precip": 0.0,
      "wind": 8.2,
      "wind_dir_deg": 285.0
    },
    "16": {
      "temp": 19.4,
      "precip": 0.0,
      "wind": 9.2,
      "wind_dir_deg": 321.0
    }
  },
  "ride_temp_mean": 17.925,
  "ride_wind_mean": 11.924999999999999,
  "ride_wind_dir_deg": 310.3573941084708,
  "ride_rain_flag": 0.0,
  "tent_rain_flag": 1.0,
  "daily_precip_sum": 0.6000000000000001,
  "daily_temp_mean": 11.620833333333332,
  "daily_wind_mean": 11.608333333333334,
  "daily_wind_dir_deg": 335.4064647229332
}