{
  "samples_local": {
    "10": {
      "temp": 12.9,
      "precip": 0.0,
      "wind": 14.5,
      "wind_dir_deg": 297.0
    },
    "12": {
      "temp": 17.0,
      "precip": 0.0,
      "wind": 17.3,
      "wind_dir_deg": 306.0
    },
    "14": {
      "temp": 17.0,
      "precip": 0.0,
      "wind": 10.5,
      "wind_dir_deg": 297.0
    },
    "16": {
      "temp": 16.4,
      "precip": 0.0,
      "wind": 11.2,
      "wind_dir_deg": 268.0
    }
  },
  "ride_temp_mean": 15.825,
  "ride_wind_mean": 13.375,
  "ride_wind_dir_deg": 293.9950531237995,
  "ride_rain_flag": 0.0,
  "tent_rain_flag": 1.0,
  "daily_precip_sum": 3.7,
  "daily_temp_mean": 9.633333333333333,
  "daily_wind_mean": 13.737499999999999,
  "daily_wind_dir_deg": 307.8754392364366
}