{
  "samples_local": {
    "10": {
      "temp": 14.6,
      "precip": 0.0,
      "wind": 10.7,
      "wind_dir_deg": 320.0
    },
    "12": {
      "temp": 17.6,
      "precip": 0.0,
      "wind": 8.9,
      "wind_dir_deg": 291.0
    },
    "14": {
      "temp": 18.9,
      "precip": 0.0,
      "wind": 8.1,
      "wind_dir_deg": 291.0
    },
    "16": {
      "temp": 17.4,
      "precip": 0.0,
      "wind": 10.8,
      "wind_dir_deg": 300.0
    }
  },
  "ride_temp_mean": 17.125,
  "ride_wind_mean": 9.625,
  "ride_wind_dir_deg": 301.52197709709895,
  "ride_rain_flag": 0.0,
  "tent_rain_flag": 0.0,
  "daily_precip_sum": 0.0,
  "daily_temp_mean": 10.920833333333334,
  "daily_wind_mean": 9.104166666666666,
  "daily_wind_dir_deg": 318.59934725520753
}