{
  "samples_local": {
    "10": {
      "temp": 12.6,
      "precip": 0.0,
      "wind": 15.0,
      "wind_dir_deg": 318.0
    },
    "12": {
      "temp": 15.4,
      "precip": 0.0,
      "wind": 17.1,
      "wind_dir_deg": 321.0
    },
    "14": {
      "temp": 17.6,
      "precip": 0.0,
      "wind": 17.6,
      "wind_dir_deg": 311.0
    },
    "16": {
      "temp": 17.4,
      "precip": 0.0,
      "wind": 14.0,
      "wind_dir_deg": 305.0
    }
  },
  "ride_temp_mean": 15.75,
  "ride_wind_mean": 15.925,
  "ride_wind_dir_deg": 314.01729337806887,
  "ride_rain_flag": 0.0,
  "tent_rain_flag": 0.0,
  "daily_precip_sum": 0.0,
  "daily_temp_mean": 11.604166666666666,
  "daily_wind_mean": 15.941666666666668,
  "daily_wind_dir_deg": 313.106019329226
}