{
  "samples_local": {
    "10": {
      "temp": 10.4,
      "precip": 0.0,
      "wind": 11.2,
      "wind_dir_deg": 312.0
    },
    "12": {
      "temp": 13.9,
      "precip": 0.0,
      "wind": 12.7,
      "wind_dir_deg": 305.0
    },
    "14": {
      "temp": 15.4,
      "precip": 0.0,
      "wind": 11.8,
      "wind_dir_deg": 301.0
    },
    "16": {
      "temp": 15.6,
      "precip": 0.0,
      "wind": 10.1,
      "wind_dir_deg": 305.0
    }
  },
  "ride_temp_mean": 13.825,
  "ride_wind_mean": 11.45,
  "ride_wind_dir_deg": 305.67943749473983,
  "ride_rain_flag": 0.0,
  "tent_rain_flag": 0.0,
  "daily_precip_sum": 0.0,
  "daily_temp_mean": 9.541666666666666,
  "daily_wind_mean": 11.237499999999999,
  "daily_wind_dir_deg": 302.03375397185766
}