{
  "samples_local": {
    "10": {
      "temp": 11.5,
      "precip": 0.0,
      "wind": 8.7,
      "wind_dir_deg": 315.0
    },
    "12": {
      "temp": 15.5,
      "precip": 0.0,
      "wind": 10.2,
      "wind_dir_deg": 302.0
    },
    "14": {
      "temp": 16.8,
      "precip": 0.0,
      "wind": 12.3,
      "wind_dir_deg": 291.0
    },
    "16": {
      "temp": 17.0,
      "precip": 0.0,
      "wind": 10.1,
      "wind_dir_deg": 297.0
    }
  },
  "ride_temp_mean": 15.2,
  "ride_wind_mean": 10.325,
  "ride_wind_dir_deg": 300.21744456411443,
  "ride_rain_flag": 0.0,
  "tent_rain_flag": 0.0,
  "daily_precip_sum": 0.0,
  "daily_temp_mean": 9.666666666666666,
  "daily_wind_mean": 8.570833333333333,
  "daily_wind_dir_deg": 300.90539270644103
}