{
  "samples_local": {
    "10": {
      "temp": 12.1,
      "precip": 0.0,
      "wind": 10.6,
      "wind_dir_deg": 305.0
    },
    "12": {
      "temp": 15.4,
      "precip": 0.0,
      "wind": 11.4,
      "wind_dir_deg": 298.0
    },
    "14": {
      "temp": 17.0,
      "precip": 0.0,
      "wind": 12.9,
      "wind_dir_deg": 297.0
    },
    "16": {
      "temp": 17.0,
      "precip": 0.0,
      "wind": 13.2,
      "wind_dir_deg": 296.0
    }
  },
  "ride_temp_mean": 15.375,
  "ride_wind_mean": 12.025,
  "ride_wind_dir_deg": 298.7231620628364,
  "ride_rain_flag": 0.0,
  "tent_rain_flag": 0.0,
  "daily_precip_sum": 0.0,
  "daily_temp_mean": 10.845833333333333,
  "daily_wind_mean": 11.174999999999999,
  "daily_wind_dir_deg": 296.229867559027
}