{
  "samples_local": {
    "10": {
      "temp": 11.4,
      "precip": 0.0,
      "wind": 13.0,
      "wind_dir_deg": 321.0
    },
    "12": {
      "temp": 14.6,
      "precip": 0.0,
      "wind": 12.7,
      "wind_dir_deg": 313.0
    },
    "14": {
      "temp": 16.5,
      "precip": 0.0,
      "wind": 14.5,
      "wind_dir_deg": 312.0
    },
    "16": {
      "temp": 16.2,
      "precip": 0.0,
      "wind": 12.0,
      "wind_dir_deg": 314.0
    }
  },
  "ride_temp_mean": 14.675,
  "ride_wind_mean": 13.05,
  "ride_wind_dir_deg": 314.9420944562814,
  "ride_rain_flag": 0.0,
  "tent_rain_flag": 0.0,
  "daily_precip_sum": 0.0,
  "daily_temp_mean": 10.158333333333333,
  "daily_wind_mean": 11.679166666666667,
  "daily_wind_dir_deg": 304.6486146701948
}