{
  "samples_local": {
    "10": {
      "temp": 11.2,
      "precip": 0.0,
      "wind": 7.7,
      "wind_dir_deg": 319.0
    },
    "12": {
      "temp": 15.4,
      "precip": 0.0,
      "wind": 6.6,
      "wind_dir_deg": 347.0
    },
    "14": {
      "temp": 16.2,
      "precip": 0.0,
      "wind": 2.3,
      "wind_dir_deg": 72.0
    },
    "16": {
      "temp": 16.2,
      "precip": 0.0,
      "wind": 7.4,
      "wind_dir_deg": 129.0
    }
  },
  "ride_temp_mean": 14.75,
  "ride_wind_mean": 6.0,
  "ride_wind_dir_deg": 9.592187519687343,
  "ride_rain_flag": 0.0,
  "tent_rain_flag": 1.0,
  "daily_precip_sum": 0.30000000000000004,
  "daily_temp_mean": 9.933333333333334,
  "daily_wind_mean": 9.366666666666667,
  "daily_wind_dir_deg": 345.1605592284971
}