{
  "samples_local": {
    "10": {
      "temp": 12.0,
      "precip": 0.0,
      "wind": 8.1,
      "wind_dir_deg": 328.0
    },
    "12": {
      "temp": 15.3,
      "precip": 0.0,
      "wind": 8.0,
      "wind_dir_deg": 278.0
    },
    "14": {
      "temp": 16.8,
      "precip": 0.0,
      "wind": 11.5,
      "wind_dir_deg": 272.0
    },
    "16": {
      "temp": 16.3,
      "precip": 0.0,
      "wind": 8.2,
      "wind_dir_deg": 255.0
    }
  },
  "ride_temp_mean": 15.100000000000001,
  "ride_wind_mean": 8.95,
  "ride_wind_dir_deg": 281.1983867711058,
  "ride_rain_flag": 0.0,
  "tent_rain_flag": 0.0,
  "daily_precip_sum": 0.0,
  "daily_temp_mean": 9.604166666666666,
  "daily_wind_mean": 8.583333333333334,
  "daily_wind_dir_deg": 301.6853712904001
}