{
  "samples_local": {
    "10": {
      "temp": 10.3,
      "precip": 0.0,
      "wind": 7.7,
      "wind_dir_deg": 191.0
    },
    "12": {
      "temp": 13.7,
      "precip": 0.0,
      "wind": 10.0,
      "wind_dir_deg": 201.0
    },
    "14": {
      "temp": 16.6,
      "precip": 0.0,
      "wind": 11.7,
      "wind_dir_deg": 214.0
    },
    "16": {
      "temp": 17.1,
      "precip": 0.0,
      "wind": 8.1,
      "wind_dir_deg": 193.0
    }
  },
  "ride_temp_mean": 14.425,
  "ride_wind_mean": 9.375,
  "ride_wind_dir_deg": 201.25940051469755,
  "ride_rain_flag": 0.0,
  "tent_rain_flag": 1.0,
  "daily_precip_sum": 1.8,
  "daily_temp_mean": 9.383333333333333,
  "daily_wind_mean": 8.845833333333333,
  "daily_wind_dir_deg": 124.84405808692077
}