{
  "samples_local": {
    "10": {
      "temp": 12.6,
      "precip": 0.0,
      "wind": 11.7,
      "wind_dir_deg": 288.0
    },
    "12": {
      "temp": 16.6,
      "precip": 0.0,
      "wind": 10.5,
      "wind_dir_deg": 297.0
    },
    "14": {
      "temp": 17.5,
      "precip": 0.0,
      "wind": 10.1,
      "wind_dir_deg": 333.0
    },
    "16": {
      "temp": 17.1,
      "precip": 0.0,
      "wind": 10.2,
      "wind_dir_deg": 45.0
    }
  },
  "ride_temp_mean": 15.950000000000001,
  "ride_wind_mean": 10.625,
  "ride_wind_dir_deg": 324.0196465989023,
  "ride_rain_flag": 0.0,
  "tent_rain_flag": 1.0,
  "daily_precip_sum": 4.2,
  "daily_temp_mean": 10.112499999999999,
  "daily_wind_mean": 12.595833333333333,
  "daily_wind_dir_deg": 347.39564372649244
}