{
  "samples_local": {
    "10": {
      "temp": 12.2,
      "precip": 0.0,
      "wind": 7.3,
      "wind_dir_deg": 303.0
    },
    "12": {
      "temp": 16.0,
      "precip": 0.0,
      "wind": 8.2,
      "wind_dir_deg": 331.0
    },
    "14": {
      "temp": 17.0,
      "precip": 0.0,
      "wind": 3.6,
      "wind_dir_deg": 354.0
    },
    "16": {
      "temp": 17.2,
      "precip": 0.0,
      "wind": 4.0,
      "wind_dir_deg": 275.0
    }
  },
  "ride_temp_mean": 15.6,
  "ride_wind_mean": 5.7749999999999995,
  "ride_wind_dir_deg": 316.19835818588115,
  "ride_rain_flag": 0.0,
  "tent_rain_flag": 0.0,
  "daily_precip_sum": 0.0,
  "daily_temp_mean": 9.970833333333333,
  "daily_wind_mean": 9.216666666666667,
  "daily_wind_dir_deg": 310.6714572731048
}