{
  "samples_local": {
    "10": {
      "temp": 10.3,
      "precip": 0.0,
      "wind": 7.8,
      "wind_dir_deg": 292.0
    },
    "12": {
      "temp": 14.6,
      "precip": 0.0,
      "wind": 10.4,
      "wind_dir_deg": 314.0
    },
    "14": {
      "temp": 15.8,
      "precip": 0.0,
      "wind": 7.1,
      "wind_dir_deg": 319.0
    },
    "16": {
      "temp": 16.1,
      "precip": 0.0,
      "wind": 6.0,
      "wind_dir_deg": 287.0
    }
  },
  "ride_temp_mean": 14.200000000000001,
  "ride_wind_mean": 7.825,
  "ride_wind_dir_deg": 304.50325200428,
  "ride_rain_flag": 0.0,
  "tent_rain_flag": 0.0,
  "daily_precip_sum": 0.0,
  "daily_temp_mean": 9.674999999999999,
  "daily_wind_mean": 10.012500000000001,
  "daily_wind_dir_deg": 299.0738962137886
}