{
  "samples_local": {
    "10": {
      "temp": 12.1,
      "precip": 0.0,
      "wind": 8.2,
      "wind_dir_deg": 308.0
    },
    "12": {
      "temp": 15.1,
      "precip": 0.0,
      "wind": 9.6,
      "wind_dir_deg": 304.0
    },
    "14": {
      "temp": 15.9,
      "precip": 0.0,
      "wind": 8.7,
      "wind_dir_deg": 308.0
    },
    "16": {
      "temp": 14.6,
      "precip": 0.0,
      "wind": 5.2,
      "wind_dir_deg": 168.0
    }
  },
  "ride_temp_mean": 14.425,
  "ride_wind_mean": 7.925,
  "ride_wind_dir_deg": 297.88639329631167,
  "ride_rain_flag": 0.0,
  "tent_rain_flag": 1.0,
  "daily_precip_sum": 9.799999999999999,
  "daily_temp_mean": 10.833333333333334,
  "daily_wind_mean": 9.9125,
  "daily_wind_dir_deg": 35.01441727138973
}