{
  "samples_local": {
    "10": {
      "temp": 11.1,
      "precip": 0.0,
      "wind": 7.3,
      "wind_dir_deg": 11.0
    },
    "12": {
      "temp": 13.5,
      "precip": 0.0,
      "wind": 10.1,
      "wind_dir_deg": 325.0
    },
    "14": {
      "temp": 13.9,
      "precip": 0.0,
      "wind": 13.7,
      "wind_dir_deg": 325.0
    },
    "16": {
      "temp": 13.4,
      "precip": 0.0,
      "wind": 11.9,
      "wind_dir_deg": 305.0
    }
  },
  "ride_temp_mean": 12.975,
  "ride_wind_mean": 10.75,
  "ride_wind_dir_deg": 326.68911667192776,
  "ride_rain_flag": 0.0,
  "tent_rain_flag": 1.0,
  "daily_precip_sum": 6.6,
  "daily_temp_mean": 10.825000000000001,
  "daily_wind_mean": 11.295833333333334,
  "daily_wind_dir_deg": 345.4954195216754
}