{
  "samples_local": {
    "10": {
      "temp": 10.9,
      "precip": 0.0,
      "wind": 9.5,
      "wind_dir_deg": 349.0
    },
    "12": {
      "temp": 13.1,
      "precip": 0.0,
      "wind": 10.0,
      "wind_dir_deg": 334.0
    },
    "14": {
      "temp": 13.9,
      "precip": 0.0,
      "wind": 13.2,
      "wind_dir_deg": 317.0
    },
    "16": {
      "temp": 13.4,
      "precip": 0.0,
      "wind": 10.6,
      "wind_dir_deg": 298.0
    }
  },
  "ride_temp_mean": 12.825,
  "ride_wind_mean": 10.825,
  "ride_wind_dir_deg": 323.29712920827,
  "ride_rain_flag": 0.0,
  "tent_rain_flag": 1.0,
  "daily_precip_sum": 7.1000000000000005,
  "daily_temp_mean": 10.5875,
  "daily_wind_mean": 12.391666666666666,
  "daily_wind_dir_deg": 324.1621746807755
}