{
  "samples_local": {
    "10": {
      "temp": 7.0,
      "precip": 0.0,
      "wind": 15.1,
      "wind_dir_deg": 322.0
    },
    "12": {
      "temp": 8.9,
      "precip": 0.0,
      "wind": 20.9,
      "wind_dir_deg": 324.0
    },
    "14": {
      "temp": 8.3,
      "precip": 1.4,
      "wind": 21.7,
      "wind_dir_deg": 313.0
    },
    "16": {
      "temp": 8.5,
      "precip": 2.9,
      "wind": 18.7,
      "wind_dir_deg": 320.0
    }
  },
  "ride_temp_mean": 8.175,
  "ride_wind_mean": 19.099999999999998,
  "ride_wind_dir_deg": 319.5038540082577,
  "ride_rain_flag": 1.0,
  "tent_rain_flag": 1.0,
  "daily_precip_sum": 18.4,
  "daily_temp_mean": 7.7124999999999995,
  "daily_wind_mean": 13.970833333333333,
  "daily_wind_dir_deg": 347.87440340295706
}