{
  "samples_local": {
    "10": {
      "temp": 15.8,
      "precip": 0.2,
      "wind": 11.2,
      "wind_dir_deg": 85.0
    },
    "12": {
      "temp": 14.6,
      "precip": 0.8,
      "wind": 11.4,
      "wind_dir_deg": 66.0
    },
    "14": {
      "temp": 15.1,
      "precip": 0.2,
      "wind": 13.9,
      "wind_dir_deg": 48.0
    },
    "16": {
      "temp": 14.2,
      "precip": 1.6,
      "wind": 19.3,
      "wind_dir_deg": 87.0
    }
  },
  "ride_temp_mean": 14.925,
  "ride_wind_mean": 13.95,
  "ride_wind_dir_deg": 72.71563214723909,
  "ride_rain_flag": 1.0,
  "tent_rain_flag": 1.0,
  "daily_precip_sum": 5.1000000000000005,
  "daily_temp_mean": 14.125,
  "daily_wind_mean": 11.429166666666667,
  "daily_wind_dir_deg": 73.49534219227161
}