{
  "samples_local": {
    "10": {
      "temp": 16.2,
      "precip": 0.1,
      "wind": 5.2,
      "wind_dir_deg": 90.0
    },
    "12": {
      "temp": 17.2,
      "precip": 0.1,
      "wind": 5.4,
      "wind_dir_deg": 30.0
    },
    "14": {
      "temp": 17.0,
      "precip": 0.1,
      "wind": 6.1,
      "wind_dir_deg": 58.0
    },
    "16": {
      "temp": 18.9,
      "precip": 0.0,
      "wind": 5.2,
      "wind_dir_deg": 56.0
    }
  },
  "ride_temp_mean": 17.325,
  "ride_wind_mean": 5.475,
  "ride_wind_dir_deg": 58.10901467834475,
  "ride_rain_flag": 0.0,
  "tent_rain_flag": 1.0,
  "daily_precip_sum": 1.7000000000000002,
  "daily_temp_mean": 16.295833333333334,
  "daily_wind_mean": 6.104166666666667,
  "daily_wind_dir_deg": 4.905551234645486
}