{
  "samples_local": {
    "10": {
      "temp": 17.0,
      "precip": 0.1,
      "wind": 11.1,
      "wind_dir_deg": 130.0
    },
    "12": {
      "temp": 19.6,
      "precip": 0.0,
      "wind": 11.3,
      "wind_dir_deg": 127.0
    },
    "14": {
      "temp": 20.8,
      "precip": 0.1,
      "wind": 15.1,
      "wind_dir_deg": 123.0
    },
    "16": {
      "temp": 21.1,
      "precip": 0.1,
      "wind": 16.2,
      "wind_dir_deg": 119.0
    }
  },
  "ride_temp_mean": 19.625,
  "ride_wind_mean": 13.425,
  "ride_wind_dir_deg": 124.08152364285417,
  "ride_rain_flag": 0.0,
  "tent_rain_flag": 1.0,
  "daily_precip_sum": 3.8,
  "daily_temp_mean": 17.479166666666668,
  "daily_wind_mean": 11.179166666666667,
  "daily_wind_dir_deg": 99.09350525810106
}