{
  "samples_local": {
    "10": {
      "temp": 18.1,
      "precip": 0.1,
      "wind": 16.7,
      "wind_dir_deg": 50.0
    },
    "12": {
      "temp": 19.9,
      "precip": 0.0,
      "wind": 16.7,
      "wind_dir_deg": 52.0
    },
    "14": {
      "temp": 19.6,
      "precip": 0.1,
      "wind": 18.9,
      "wind_dir_deg": 53.0
    },
    "16": {
      "temp": 20.2,
      "precip": 0.0,
      "wind": 20.1,
      "wind_dir_deg": 54.0
    }
  },
  "ride_temp_mean": 19.45,
  "ride_wind_mean": 18.1,
  "ride_wind_dir_deg": 52.355059562194754,
  "ride_rain_flag": 0.0,
  "tent_rain_flag": 0.0,
  "daily_precip_sum": 0.30000000000000004,
  "daily_temp_mean": 16.558333333333334,
  "daily_wind_mean": 13.566666666666668,
  "daily_wind_dir_deg": 49.73224614674314
}