{
  "samples_local": {
    "10": {
      "temp": 17.9,
      "precip": 0.0,
      "wind": 18.4,
      "wind_dir_deg": 67.0
    },
    "12": {
      "temp": 19.3,
      "precip": 0.0,
      "wind": 18.4,
      "wind_dir_deg": 68.0
    },
    "14": {
      "temp": 18.2,
      "precip": 0.1,
      "wind": 20.4,
      "wind_dir_deg": 86.0
    },
    "16": {
      "temp": 17.9,
      "precip": 0.0,
      "wind": 18.0,
      "wind_dir_deg": 63.0
    }
  },
  "ride_temp_mean": 18.325,
  "ride_wind_mean": 18.799999999999997,
  "ride_wind_dir_deg": 71.4076019884834,
  "ride_rain_flag": 0.0,
  "tent_rain_flag": 1.0,
  "daily_precip_sum": 3.0999999999999996,
  "daily_temp_mean": 15.383333333333333,
  "daily_wind_mean": 15.983333333333334,
  "daily_wind_dir_deg": 64.2996453798616
}