{
  "samples_local": {
    "10": {
      "temp": 17.5,
      "precip": 0.1,
      "wind": 11.6,
      "wind_dir_deg": 102.0
    },
    "12": {
      "temp": 19.8,
      "precip": 0.1,
      "wind": 13.2,
      "wind_dir_deg": 97.0
    },
    "14": {
      "temp": 20.8,
      "precip": 0.1,
      "wind": 14.2,
      "wind_dir_deg": 99.0
    },
    "16": {
      "temp": 21.0,
      "precip": 0.0,
      "wind": 18.3,
      "wind_dir_deg": 105.0
    }
  },
  "ride_temp_mean": 19.775,
  "ride_wind_mean": 14.325,
  "ride_wind_dir_deg": 101.0627238379717,
  "ride_rain_flag": 0.0,
  "tent_rain_flag": 0.0,
  "daily_precip_sum": 0.7000000000000001,
  "daily_temp_mean": 17.099999999999998,
  "daily_wind_mean": 10.216666666666667,
  "daily_wind_dir_deg": 97.16735024877477
}