{
  "samples_local": {
    "10": {
      "temp": 18.2,
      "precip": 0.0,
      "wind": 11.1,
      "wind_dir_deg": 103.0
    },
    "12": {
      "temp": 20.0,
      "precip": 0.0,
      "wind": 12.0,
      "wind_dir_deg": 99.0
    },
    "14": {
      "temp": 19.0,
      "precip": 0.0,
      "wind": 13.9,
      "wind_dir_deg": 84.0
    },
    "16": {
      "temp": 20.1,
      "precip": 0.0,
      "wind": 16.9,
      "wind_dir_deg": 105.0
    }
  },
  "ride_temp_mean": 19.325,
  "ride_wind_mean": 13.475,
  "ride_wind_dir_deg": 97.86431310992373,
  "ride_rain_flag": 0.0,
  "tent_rain_flag": 0.0,
  "daily_precip_sum": 0.0,
  "daily_temp_mean": 15.766666666666666,
  "daily_wind_mean": 8.445833333333333,
  "daily_wind_dir_deg": 89.92439846740967
}