{
  "samples_local": {
    "10": {
      "temp": 15.8,
      "precip": 0.2,
      "wind": 11.3,
      "wind_dir_deg": 92.0
    },
    "12": {
      "temp": 17.4,
      "precip": 0.0,
      "wind": 12.7,
      "wind_dir_deg": 102.0
    },
    "14": {
      "temp": 19.3,
      "precip": 0.1,
      "wind": 16.6,
      "wind_dir_deg": 100.0
    },
    "16": {
      "temp": 19.4,
      "precip": 0.1,
      "wind": 16.4,
      "wind_dir_deg": 111.0
    }
  },
  "ride_temp_mean": 17.975,
  "ride_wind_mean": 14.25,
  "ride_wind_dir_deg": 102.02425683615684,
  "ride_rain_flag": 1.0,
  "tent_rain_flag": 1.0,
  "daily_precip_sum": 1.6,
  "daily_temp_mean": 15.508333333333333,
  "daily_wind_mean": 10.008333333333333,
  "daily_wind_dir_deg": 93.03791046071467
}