{
  "samples_local": {
    "10": {
      "temp": 16.8,
      "precip": 0.0,
      "wind": 14.6,
      "wind_dir_deg": 119.0
    },
    "12": {
      "temp": 17.8,
      "precip": 0.1,
      "wind": 17.8,
      "wind_dir_deg": 120.0
    },
    "14": {
      "temp": 18.4,
      "precip": 0.1,
      "wind": 18.9,
      "wind_dir_deg": 114.0
    },
    "16": {
      "temp": 19.4,
      "precip": 0.0,
      "wind": 16.5,
      "wind_dir_deg": 108.0
    }
  },
  "ride_temp_mean": 18.1,
  "ride_wind_mean": 16.95,
  "ride_wind_dir_deg": 115.19428024936764,
  "ride_rain_flag": 0.0,
  "tent_rain_flag": 1.0,
  "daily_precip_sum": 0.9,
  "daily_temp_mean": 15.370833333333332,
  "daily_wind_mean": 13.483333333333334,
  "daily_wind_dir_deg": 111.85046775304085
}