{
  "samples_local": {
    "10": {
      "temp": 15.6,
      "precip": 0.2,
      "wind": 15.4,
      "wind_dir_deg": 117.0
    },
    "12": {
      "temp": 17.5,
      "precip": 0.1,
      "wind": 17.6,
      "wind_dir_deg": 108.0
    },
    "14": {
      "temp": 18.0,
      "precip": 0.0,
      "wind": 17.7,
      "wind_dir_deg": 102.0
    },
    "16": {
      "temp": 18.1,
      "precip": 0.1,
      "wind": 17.1,
      "wind_dir_deg": 105.0
    }
  },
  "ride_temp_mean": 17.3,
  "ride_wind_mean": 16.95,
  "ride_wind_dir_deg": 107.71474775447052,
  "ride_rain_flag": 1.0,
  "tent_rain_flag": 0.0,
  "daily_precip_sum": 0.8,
  "daily_temp_mean": 14.883333333333333,
  "daily_wind_mean": 13.487499999999999,
  "daily_wind_dir_deg": 112.04946368796197
}