{
  "samples_local": {
    "10": {
      "temp": 26.7,
      "precip": 0.0,
      "wind": 2.5,
      "wind_dir_deg": 330.0
    },
    "12": {
      "temp": 29.5,
      "precip": 0.2,
      "wind": 5.7,
      "wind_dir_deg": 302.0
    },
    "14": {
      "temp": 30.5,
      "precip": 0.1,
      "wind": 6.1,
      "wind_dir_deg": 315.0
    },
    "16": {
      "temp": 27.7,
      "precip": 0.2,
      "wind": 7.2,
      "wind_dir_deg": 323.0
    }
  },
  "ride_temp_mean": 28.6,
  "ride_wind_mean": 5.375,
  "ride_wind_dir_deg": 315.99148616881075,
  "ride_rain_flag": 1.0,
  "tent_rain_flag": 1.0,
  "daily_precip_sum": 7.199999999999999,
  "daily_temp_mean": 24.849999999999998,
  "daily_wind_mean": 4.754166666666666,
  "daily_wind_dir_deg": 293.1055945055626
}