{
  "samples_local": {
    "10": {
      "temp": 16.8,
      "precip": 0.1,
      "wind": 20.1,
      "wind_dir_deg": 210.0
    },
    "12": {
      "temp": 17.8,
      "precip": 0.2,
      "wind": 23.0,
      "wind_dir_deg": 218.0
    },
    "14": {
      "temp": 17.5,
      "precip": 0.1,
      "wind": 17.6,
      "wind_dir_deg": 202.0
    },
    "16": {
      "temp": 18.6,
      "precip": 0.1,
      "wind": 20.1,
      "wind_dir_deg": 201.0
    }
  },
  "ride_temp_mean": 17.675,
  "ride_wind_mean": 20.200000000000003,
  "ride_wind_dir_deg": 208.290157947486,
  "ride_rain_flag": 1.0,
  "tent_rain_flag": 1.0,
  "daily_precip_sum": 4.800000000000001,
  "daily_temp_mean": 16.849999999999998,
  "daily_wind_mean": 17.587500000000002,
  "daily_wind_dir_deg": 202.34146755422537
}