{
  "samples_local": {
    "10": {
      "temp": 18.9,
      "precip": 0.0,
      "wind": 19.1,
      "wind_dir_deg": 198.0
    },
    "12": {
      "temp": 19.1,
      "precip": 0.0,
      "wind": 10.5,
      "wind_dir_deg": 163.0
    },
    "14": {
      "temp": 18.5,
      "precip": 0.2,
      "wind": 27.2,
      "wind_dir_deg": 194.0
    },
    "16": {
      "temp": 19.0,
      "precip": 0.3,
      "wind": 23.3,
      "wind_dir_deg": 202.0
    }
  },
  "ride_temp_mean": 18.875,
  "ride_wind_mean": 20.025,
  "ride_wind_dir_deg": 193.39082096185382,
  "ride_rain_flag": 1.0,
  "tent_rain_flag": 1.0,
  "daily_precip_sum": 17.4,
  "daily_temp_mean": 18.870833333333334,
  "daily_wind_mean": 24.129166666666666,
  "daily_wind_dir_deg": 174.7701854322571
}