{
  "samples_local": {
    "10": {
      "temp": 19.1,
      "precip": 0.2,
      "wind": 13.0,
      "wind_dir_deg": 118.0
    },
    "12": {
      "temp": 21.9,
      "precip": 0.1,
      "wind": 15.0,
      "wind_dir_deg": 122.0
    },
    "14": {
      "temp": 21.6,
      "precip": 0.1,
      "wind": 13.0,
      "wind_dir_deg": 118.0
    },
    "16": {
      "temp": 19.1,
      "precip": 0.9,
      "wind": 15.8,
      "wind_dir_deg": 134.0
    }
  },
  "ride_temp_mean": 20.425,
  "ride_wind_mean": 14.2,
  "ride_wind_dir_deg": 123.49459399255505,
  "ride_rain_flag": 1.0,
  "tent_rain_flag": 1.0,
  "daily_precip_sum": 12.6,
  "daily_temp_mean": 18.933333333333334,
  "daily_wind_mean": 12.858333333333334,
  "daily_wind_dir_deg": 118.28972521521553
}