{
  "samples_local": {
    "10": {
      "temp": 26.1,
      "precip": 0.0,
      "wind": 10.2,
      "wind_dir_deg": 278.0
    },
    "12": {
      "temp": 24.6,
      "precip": 0.8,
      "wind": 14.1,
      "wind_dir_deg": 318.0
    },
    "14": {
      "temp": 25.8,
      "precip": 0.0,
      "wind": 7.8,
      "wind_dir_deg": 283.0
    },
    "16": {
      "temp": 25.9,
      "precip": 1.6,
      "wind": 10.6,
      "wind_dir_deg": 325.0
    }
  },
  "ride_temp_mean": 25.6,
  "ride_wind_mean": 10.674999999999999,
  "ride_wind_dir_deg": 303.91861324104013,
  "ride_rain_flag": 1.0,
  "tent_rain_flag": 1.0,
  "daily_precip_sum": 5.6000000000000005,
  "daily_temp_mean": 23.9875,
  "daily_wind_mean": 5.616666666666667,
  "daily_wind_dir_deg": 230.72670845360034
}