{
  "samples_local": {
    "10": {
      "temp": 17.3,
      "precip": 0.0,
      "wind": 25.8,
      "wind_dir_deg": 213.0
    },
    "12": {
      "temp": 17.1,
      "precip": 0.0,
      "wind": 26.8,
      "wind_dir_deg": 215.0
    },
    "14": {
      "temp": 17.0,
      "precip": 0.0,
      "wind": 24.2,
      "wind_dir_deg": 209.0
    },
    "16": {
      "temp": 17.0,
      "precip": 0.0,
      "wind": 27.6,
      "wind_dir_deg": 211.0
    }
  },
  "ride_temp_mean": 17.1,
  "ride_wind_mean": 26.1,
  "ride_wind_dir_deg": 212.05748094723643,
  "ride_rain_flag": 0.0,
  "tent_rain_flag": 1.0,
  "daily_precip_sum": 0.8,
  "daily_temp_mean": 17.470833333333335,
  "daily_wind_mean": 23.316666666666666,
  "daily_wind_dir_deg": 202.8109176310286
}