{
  "samples_local": {
    "10": {
      "temp": 13.3,
      "precip": 1.5,
      "wind": 1.5,
      "wind_dir_deg": 353.0
    },
    "12": {
      "temp": 14.9,
      "precip": 2.0,
      "wind": 6.4,
      "wind_dir_deg": 349.0
    },
    "14": {
      "temp": 18.1,
      "precip": 0.1,
      "wind": 9.4,
      "wind_dir_deg": 11.0
    },
    "16": {
      "temp": 14.0,
      "precip": 2.2,
      "wind": 4.6,
      "wind_dir_deg": 225.0
    }
  },
  "ride_temp_mean": 15.075000000000001,
  "ride_wind_mean": 5.475,
  "ride_wind_dir_deg": 348.234299469955,
  "ride_rain_flag": 1.0,
  "tent_rain_flag": 1.0,
  "daily_precip_sum": 19.9,
  "daily_temp_mean": 13.441666666666668,
  "daily_wind_mean": 5.329166666666667,
  "daily_wind_dir_deg": 262.8933886142355
}