{
  "samples_local": {
    "10": {
      "temp": 18.0,
      "precip": 0.0,
      "wind": 30.8,
      "wind_dir_deg": 228.0
    },
    "12": {
      "temp": 18.5,
      "precip": 0.0,
      "wind": 30.1,
      "wind_dir_deg": 230.0
    },
    "14": {
      "temp": 18.4,
      "precip": 0.0,
      "wind": 26.3,
      "wind_dir_deg": 229.0
    },
    "16": {
      "temp": 18.8,
      "precip": 0.0,
      "wind": 28.5,
      "wind_dir_deg": 230.0
    }
  },
  "ride_temp_mean": 18.425,
  "ride_wind_mean": 28.925,
  "ride_wind_dir_deg": 229.24029124862972,
  "ride_rain_flag": 0.0,
  "tent_rain_flag": 1.0,
  "daily_precip_sum": 0.9,
  "daily_temp_mean": 18.020833333333332,
  "daily_wind_mean": 26.941666666666666,
  "daily_wind_dir_deg": 226.45726926300293
}