{
  "samples_local": {
    "10": {
      "temp": 19.1,
      "precip": 0.1,
      "wind": 19.4
    },
    "12": {
      "temp": 20.7,
      "precip": 0.0,
      "wind": 17.8
    },
    "14": {
      "temp": 20.5,
      "precip": 0.0,
      "wind": 15.2
    },
    "16": {
      "temp": 19.8,
      "precip": 0.0,
      "wind": 15.9
    }
  },
  "ride_temp_mean": 20.025,
  "ride_wind_mean": 17.075,
  "ride_rain_flag": 0.0,
  "tent_rain_flag": 1.0,
  "daily_precip_sum": 0.6000000000000001,
  "daily_temp_mean": 16.837500000000002,
  "daily_wind_mean": 11.737499999999999
}