{
  "samples_local": {
    "10": {
      "temp": 26.1,
      "precip": 0.1,
      "wind": 6.4,
      "wind_dir_deg": 25.0
    },
    "12": {
      "temp": 26.9,
      "precip": 0.1,
      "wind": 15.9,
      "wind_dir_deg": 317.0
    },
    "14": {
      "temp": 27.5,
      "precip": 0.0,
      "wind": 10.5,
      "wind_dir_deg": 297.0
    },
    "16": {
      "temp": 27.8,
      "precip": 0.1,
      "wind": 13.7,
      "wind_dir_deg": 268.0
    }
  },
  "ride_temp_mean": 27.075,
  "ride_wind_mean": 11.625,
  "ride_wind_dir_deg": 304.85282536985056,
  "ride_rain_flag": 0.0,
  "tent_rain_flag": 1.0,
  "daily_precip_sum": 3.3,
  "daily_temp_mean": 27.058333333333334,
  "daily_wind_mean": 12.887500000000001,
  "daily_wind_dir_deg": 303.58270727096624
}