{
  "ride_temp_mean": 26.957142857142856,
  "ride_wind_mean": 7.371428571428572,
  "ride_rain_flag": 1.0,
  "tent_rain_flag": 1.0
}