{
  "ride_temp_mean": 18.842857142857145,
  "ride_wind_mean": 13.257142857142856,
  "ride_rain_flag": 1.0,
  "tent_rain_flag": 1.0
}