{
  "ride_temp_mean": 17.514285714285712,
  "ride_wind_mean": 15.87142857142857,
  "ride_rain_flag": 1.0,
  "tent_rain_flag": 1.0
}