{
  "samples_local": {
    "10": {
      "temp": 17.5,
      "precip": 0.1,
      "wind": 2.2,
      "wind_dir_deg": 175.0
    },
    "12": {
      "temp": 20.8,
      "precip": 0.1,
      "wind": 2.2,
      "wind_dir_deg": 336.0
    },
    "14": {
      "temp": 19.8,
      "precip": 6.5,
      "wind": 10.4,
      "wind_dir_deg": 350.0
    },
    "16": {
      "temp": 18.8,
      "precip": 10.6,
      "wind": 7.4,
      "wind_dir_deg": 342.0
    }
  },
  "ride_temp_mean": 19.225,
  "ride_wind_mean": 5.550000000000001,
  "ride_wind_dir_deg": 344.33194222949317,
  "ride_rain_flag": 1.0,
  "tent_rain_flag": 1.0,
  "daily_precip_sum": 28.4,
  "daily_temp_mean": 17.591666666666665,
  "daily_wind_mean": 4.866666666666666,
  "daily_wind_dir_deg": 329.5300331179558
}