{
  "samples_local": {
    "10": {
      "temp": 20.9,
      "precip": 0.6,
      "wind": 32.5,
      "wind_dir_deg": 116.0
    },
    "12": {
      "temp": 20.6,
      "precip": 0.1,
      "wind": 35.7,
      "wind_dir_deg": 111.0
    },
    "14": {
      "temp": 20.8,
      "precip": 0.0,
      "wind": 33.0,
      "wind_dir_deg": 112.0
    },
    "16": {
      "temp": 20.2,
      "precip": 0.1,
      "wind": 33.8,
      "wind_dir_deg": 119.0
    }
  },
  "ride_temp_mean": 20.625,
  "ride_wind_mean": 33.75,
  "ride_wind_dir_deg": 114.45060328097952,
  "ride_rain_flag": 1.0,
  "tent_rain_flag": 1.0,
  "daily_precip_sum": 5.7,
  "daily_temp_mean": 20.804166666666667,
  "daily_wind_mean": 24.65416666666667,
  "daily_wind_dir_deg": 120.25388249741269
}