{
  "ride_temp_mean": 19.47142857142857,
  "ride_wind_mean": 10.485714285714284,
  "ride_rain_flag": 0.0,
  "tent_rain_flag": 0.0
}