{
  "ride_temp_mean": 21.157142857142855,
  "ride_wind_mean": 8.428571428571429,
  "ride_rain_flag": 0.0,
  "tent_rain_flag": 1.0
}