{
  "ride_temp_mean": 20.557142857142857,
  "ride_wind_mean": 8.014285714285714,
  "ride_rain_flag": 1.0,
  "tent_rain_flag": 1.0
}