{
  "samples_local": {
    "10": {
      "temp": 16.5,
      "precip": 0.1,
      "wind": 20.7,
      "wind_dir_deg": 167.0
    },
    "12": {
      "temp": 17.1,
      "precip": 0.0,
      "wind": 13.2,
      "wind_dir_deg": 152.0
    },
    "14": {
      "temp": 17.8,
      "precip": 0.0,
      "wind": 23.6,
      "wind_dir_deg": 158.0
    },
    "16": {
      "temp": 18.0,
      "precip": 0.0,
      "wind": 25.1,
      "wind_dir_deg": 165.0
    }
  },
  "ride_temp_mean": 17.35,
  "ride_wind_mean": 20.65,
  "ride_wind_dir_deg": 161.42820092361148,
  "ride_rain_flag": 0.0,
  "tent_rain_flag": 1.0,
  "daily_precip_sum": 0.9,
  "daily_temp_mean": 17.158333333333335,
  "daily_wind_mean": 21.558333333333334,
  "daily_wind_dir_deg": 158.72639980974327
}