{
  "ride_temp_mean": 28.928571428571427,
  "ride_wind_mean": 14.257142857142856,
  "ride_rain_flag": 0.0,
  "tent_rain_flag": 0.0
}