{
  "ride_temp_mean": 18.17142857142857,
  "ride_wind_mean": 10.442857142857141,
  "ride_rain_flag": 0.0,
  "tent_rain_flag": 0.0
}