{
  "ride_temp_mean": 26.04285714285714,
  "ride_wind_mean": 9.571428571428571,
  "ride_rain_flag": 1.0,
  "tent_rain_flag": 1.0
}