{
  "samples_local": {
    "10": {
      "temp": 16.6,
      "precip": 2.4,
      "wind": 16.8,
      "wind_dir_deg": 28.0
    },
    "12": {
      "temp": 16.6,
      "precip": 1.3,
      "wind": 20.8,
      "wind_dir_deg": 31.0
    },
    "14": {
      "temp": 18.2,
      "precip": 0.4,
      "wind": 21.1,
      "wind_dir_deg": 37.0
    },
    "16": {
      "temp": 17.2,
      "precip": 5.2,
      "wind": 20.6,
      "wind_dir_deg": 38.0
    }
  },
  "ride_temp_mean": 17.15,
  "ride_wind_mean": 19.825000000000003,
  "ride_wind_dir_deg": 33.78023979222547,
  "ride_rain_flag": 1.0,
  "tent_rain_flag": 1.0,
  "daily_precip_sum": 34.6,
  "daily_temp_mean": 16.558333333333334,
  "daily_wind_mean": 17.900000000000002,
  "daily_wind_dir_deg": 47.929988933331515
}