{
  "samples_local": {
    "10": {
      "temp": 16.3,
      "precip": 0.1,
      "wind": 13.0,
      "wind_dir_deg": 129.0
    },
    "12": {
      "temp": 17.5,
      "precip": 0.0,
      "wind": 11.7,
      "wind_dir_deg": 133.0
    },
    "14": {
      "temp": 18.1,
      "precip": 0.0,
      "wind": 13.1,
      "wind_dir_deg": 127.0
    },
    "16": {
      "temp": 19.0,
      "precip": 0.0,
      "wind": 13.2,
      "wind_dir_deg": 137.0
    }
  },
  "ride_temp_mean": 17.725,
  "ride_wind_mean": 12.75,
  "ride_wind_dir_deg": 131.47361463506013,
  "ride_rain_flag": 0.0,
  "tent_rain_flag": 0.0,
  "daily_precip_sum": 0.6000000000000001,
  "daily_temp_mean": 15.829166666666666,
  "daily_wind_mean": 11.920833333333334,
  "daily_wind_dir_deg": 127.11089741495516
}