{
  "samples_local": {
    "10": {
      "temp": 19.9,
      "precip": 0.0,
      "wind": 14.1,
      "wind_dir_deg": 105.0
    },
    "12": {
      "temp": 21.8,
      "precip": 0.0,
      "wind": 14.8,
      "wind_dir_deg": 113.0
    },
    "14": {
      "temp": 22.5,
      "precip": 0.0,
      "wind": 13.7,
      "wind_dir_deg": 113.0
    },
    "16": {
      "temp": 22.2,
      "precip": 0.0,
      "wind": 15.3,
      "wind_dir_deg": 124.0
    }
  },
  "ride_temp_mean": 21.6,
  "ride_wind_mean": 14.475,
  "ride_wind_dir_deg": 113.95385371066999,
  "ride_rain_flag": 0.0,
  "tent_rain_flag": 1.0,
  "daily_precip_sum": 0.6000000000000001,
  "daily_temp_mean": 19.091666666666665,
  "daily_wind_mean": 12.733333333333334,
  "daily_wind_dir_deg": 106.57424553872426
}