{
  "samples_local": {
    "10": {
      "temp": 17.6,
      "precip": 0.2,
      "wind": 12.4,
      "wind_dir_deg": 116.0
    },
    "12": {
      "temp": 19.2,
      "precip": 0.0,
      "wind": 15.4,
      "wind_dir_deg": 123.0
    },
    "14": {
      "temp": 19.9,
      "precip": 0.0,
      "wind": 14.7,
      "wind_dir_deg": 126.0
    },
    "16": {
      "temp": 19.8,
      "precip": 0.0,
      "wind": 13.1,
      "wind_dir_deg": 143.0
    }
  },
  "ride_temp_mean": 19.125,
  "ride_wind_mean": 13.9,
  "ride_wind_dir_deg": 126.91014281181515,
  "ride_rain_flag": 1.0,
  "tent_rain_flag": 1.0,
  "daily_precip_sum": 2.1,
  "daily_temp_mean": 17.099999999999998,
  "daily_wind_mean": 10.570833333333333,
  "daily_wind_dir_deg": 118.86168975976256
}