{
  "samples_local": {
    "10": {
      "temp": 17.8,
      "precip": 0.1,
      "wind": 14.5,
      "wind_dir_deg": 117.0
    },
    "12": {
      "temp": 19.5,
      "precip": 0.3,
      "wind": 15.3,
      "wind_dir_deg": 120.0
    },
    "14": {
      "temp": 20.1,
      "precip": 0.1,
      "wind": 14.1,
      "wind_dir_deg": 122.0
    },
    "16": {
      "temp": 21.0,
      "precip": 0.0,
      "wind": 17.1,
      "wind_dir_deg": 129.0
    }
  },
  "ride_temp_mean": 19.6,
  "ride_wind_mean": 15.25,
  "ride_wind_dir_deg": 122.26970973505053,
  "ride_rain_flag": 1.0,
  "tent_rain_flag": 1.0,
  "daily_precip_sum": 2.9,
  "daily_temp_mean": 17.470833333333335,
  "daily_wind_mean": 13.366666666666667,
  "daily_wind_dir_deg": 114.78959573185352
}