{
  "samples_local": {
    "10": {
      "temp": 18.6,
      "precip": 0.1,
      "wind": 14.9,
      "wind_dir_deg": 105.0
    },
    "12": {
      "temp": 20.5,
      "precip": 0.1,
      "wind": 13.8,
      "wind_dir_deg": 118.0
    },
    "14": {
      "temp": 21.4,
      "precip": 0.1,
      "wind": 12.9,
      "wind_dir_deg": 120.0
    },
    "16": {
      "temp": 21.4,
      "precip": 0.0,
      "wind": 14.8,
      "wind_dir_deg": 129.0
    }
  },
  "ride_temp_mean": 20.475,
  "ride_wind_mean": 14.100000000000001,
  "ride_wind_dir_deg": 117.92023784602611,
  "ride_rain_flag": 0.0,
  "tent_rain_flag": 1.0,
  "daily_precip_sum": 1.0,
  "daily_temp_mean": 18.254166666666666,
  "daily_wind_mean": 12.408333333333333,
  "daily_wind_dir_deg": 111.37623412870323
}