{
  "samples_local": {
    "10": {
      "temp": 18.5,
      "precip": 0.1,
      "wind": 11.1,
      "wind_dir_deg": 126.0
    },
    "12": {
      "temp": 20.1,
      "precip": 0.0,
      "wind": 13.5,
      "wind_dir_deg": 119.0
    },
    "14": {
      "temp": 20.6,
      "precip": 0.0,
      "wind": 12.4,
      "wind_dir_deg": 116.0
    },
    "16": {
      "temp": 21.5,
      "precip": 0.0,
      "wind": 10.9,
      "wind_dir_deg": 124.0
    }
  },
  "ride_temp_mean": 20.175,
  "ride_wind_mean": 11.975,
  "ride_wind_dir_deg": 120.98323387559435,
  "ride_rain_flag": 0.0,
  "tent_rain_flag": 0.0,
  "daily_precip_sum": 0.30000000000000004,
  "daily_temp_mean": 17.883333333333333,
  "daily_wind_mean": 9.845833333333333,
  "daily_wind_dir_deg": 121.34123126523804
}