{
  "samples_local": {
    "10": {
      "temp": 18.1,
      "precip": 0.0,
      "wind": 10.6,
      "wind_dir_deg": 114.0
    },
    "12": {
      "temp": 20.2,
      "precip": 0.1,
      "wind": 13.4,
      "wind_dir_deg": 114.0
    },
    "14": {
      "temp": 20.8,
      "precip": 0.0,
      "wind": 13.4,
      "wind_dir_deg": 117.0
    },
    "16": {
      "temp": 21.5,
      "precip": 0.0,
      "wind": 10.8,
      "wind_dir_deg": 120.0
    }
  },
  "ride_temp_mean": 20.15,
  "ride_wind_mean": 12.05,
  "ride_wind_dir_deg": 116.1780416226465,
  "ride_rain_flag": 0.0,
  "tent_rain_flag": 0.0,
  "daily_precip_sum": 0.1,
  "daily_temp_mean": 18.033333333333335,
  "daily_wind_mean": 9.716666666666667,
  "daily_wind_dir_deg": 101.75072396634982
}