{
  "samples_local": {
    "10": {
      "temp": 18.5,
      "precip": 0.1,
      "wind": 15.5,
      "wind_dir_deg": 136.0
    },
    "12": {
      "temp": 19.6,
      "precip": 0.0,
      "wind": 14.8,
      "wind_dir_deg": 129.0
    },
    "14": {
      "temp": 19.1,
      "precip": 0.0,
      "wind": 16.3,
      "wind_dir_deg": 135.0
    },
    "16": {
      "temp": 18.9,
      "precip": 0.0,
      "wind": 16.7,
      "wind_dir_deg": 143.0
    }
  },
  "ride_temp_mean": 19.025,
  "ride_wind_mean": 15.825,
  "ride_wind_dir_deg": 135.95191717795655,
  "ride_rain_flag": 0.0,
  "tent_rain_flag": 1.0,
  "daily_precip_sum": 0.6000000000000001,
  "daily_temp_mean": 16.675,
  "daily_wind_mean": 12.420833333333334,
  "daily_wind_dir_deg": 135.5245511742233
}