{
  "samples_local": {
    "10": {
      "temp": 19.0,
      "precip": 0.1,
      "wind": 16.4,
      "wind_dir_deg": 109.0
    },
    "12": {
      "temp": 20.4,
      "precip": 0.1,
      "wind": 18.6,
      "wind_dir_deg": 112.0
    },
    "14": {
      "temp": 21.6,
      "precip": 0.0,
      "wind": 21.6,
      "wind_dir_deg": 114.0
    },
    "16": {
      "temp": 21.2,
      "precip": 0.0,
      "wind": 21.6,
      "wind_dir_deg": 123.0
    }
  },
  "ride_temp_mean": 20.55,
  "ride_wind_mean": 19.55,
  "ride_wind_dir_deg": 114.95692133481555,
  "ride_rain_flag": 0.0,
  "tent_rain_flag": 1.0,
  "daily_precip_sum": 4.6,
  "daily_temp_mean": 18.041666666666668,
  "daily_wind_mean": 13.954166666666666,
  "daily_wind_dir_deg": 109.57121218285852
}