{
  "samples_local": {
    "10": {
      "temp": 15.4,
      "precip": 0.2,
      "wind": 12.8,
      "wind_dir_deg": 128.0
    },
    "12": {
      "temp": 17.9,
      "precip": 0.4,
      "wind": 13.0,
      "wind_dir_deg": 129.0
    },
    "14": {
      "temp": 18.9,
      "precip": 0.1,
      "wind": 14.3,
      "wind_dir_deg": 129.0
    },
    "16": {
      "temp": 19.1,
      "precip": 0.0,
      "wind": 15.5,
      "wind_dir_deg": 136.0
    }
  },
  "ride_temp_mean": 17.825,
  "ride_wind_mean": 13.9,
  "ride_wind_dir_deg": 130.71950174567678,
  "ride_rain_flag": 1.0,
  "tent_rain_flag": 1.0,
  "daily_precip_sum": 2.7,
  "daily_temp_mean": 15.758333333333333,
  "daily_wind_mean": 12.883333333333333,
  "daily_wind_dir_deg": 124.68091762411183
}