{
  "samples_local": {
    "10": {
      "temp": 19.6,
      "precip": 0.1,
      "wind": 15.8,
      "wind_dir_deg": 114.0
    },
    "12": {
      "temp": 21.8,
      "precip": 0.0,
      "wind": 16.6,
      "wind_dir_deg": 120.0
    },
    "14": {
      "temp": 22.3,
      "precip": 0.1,
      "wind": 20.4,
      "wind_dir_deg": 116.0
    },
    "16": {
      "temp": 21.3,
      "precip": 0.2,
      "wind": 14.8,
      "wind_dir_deg": 135.0
    }
  },
  "ride_temp_mean": 21.25,
  "ride_wind_mean": 16.9,
  "ride_wind_dir_deg": 120.64681435245348,
  "ride_rain_flag": 1.0,
  "tent_rain_flag": 1.0,
  "daily_precip_sum": 1.3,
  "daily_temp_mean": 18.716666666666665,
  "daily_wind_mean": 13.370833333333332,
  "daily_wind_dir_deg": 114.23406067757855
}