{
  "samples_local": {
    "10": {
      "temp": 17.7,
      "precip": 0.3,
      "wind": 14.8,
      "wind_dir_deg": 129.0
    },
    "12": {
      "temp": 19.0,
      "precip": 0.0,
      "wind": 14.6,
      "wind_dir_deg": 128.0
    },
    "14": {
      "temp": 19.8,
      "precip": 0.2,
      "wind": 15.6,
      "wind_dir_deg": 119.0
    },
    "16": {
      "temp": 20.6,
      "precip": 0.0,
      "wind": 15.3,
      "wind_dir_deg": 124.0
    }
  },
  "ride_temp_mean": 19.275,
  "ride_wind_mean": 15.075,
  "ride_wind_dir_deg": 124.90364532631276,
  "ride_rain_flag": 1.0,
  "tent_rain_flag": 1.0,
  "daily_precip_sum": 1.4000000000000001,
  "daily_temp_mean": 17.037499999999998,
  "daily_wind_mean": 11.716666666666667,
  "daily_wind_dir_deg": 122.49324889693781
}