{
  "samples_local": {
    "10": {
      "temp": 19.8,
      "precip": 0.1,
      "wind": 15.4,
      "wind_dir_deg": 123.0
    },
    "12": {
      "temp": 21.1,
      "precip": 0.1,
      "wind": 18.0,
      "wind_dir_deg": 123.0
    },
    "14": {
      "temp": 20.8,
      "precip": 0.1,
      "wind": 18.2,
      "wind_dir_deg": 120.0
    },
    "16": {
      "temp": 21.4,
      "precip": 0.0,
      "wind": 17.0,
      "wind_dir_deg": 126.0
    }
  },
  "ride_temp_mean": 20.775,
  "ride_wind_mean": 17.15,
  "ride_wind_dir_deg": 122.947508943542,
  "ride_rain_flag": 0.0,
  "tent_rain_flag": 1.0,
  "daily_precip_sum": 1.7,
  "daily_temp_mean": 17.941666666666666,
  "daily_wind_mean": 13.616666666666667,
  "daily_wind_dir_deg": 118.4997794012869
}