{
  "samples_local": {
    "10": {
      "temp": 18.9,
      "precip": 0.0,
      "wind": 20.0,
      "wind_dir_deg": 116.0
    },
    "12": {
      "temp": 19.6,
      "precip": 0.0,
      "wind": 21.5,
      "wind_dir_deg": 111.0
    },
    "14": {
      "temp": 19.6,
      "precip": 0.0,
      "wind": 22.9,
      "wind_dir_deg": 106.0
    },
    "16": {
      "temp": 18.6,
      "precip": 0.0,
      "wind": 23.1,
      "wind_dir_deg": 105.0
    }
  },
  "ride_temp_mean": 19.175,
  "ride_wind_mean": 21.875,
  "ride_wind_dir_deg": 109.2481317679966,
  "ride_rain_flag": 0.0,
  "tent_rain_flag": 0.0,
  "daily_precip_sum": 0.0,
  "daily_temp_mean": 16.595833333333335,
  "daily_wind_mean": 17.504166666666666,
  "daily_wind_dir_deg": 111.30874529593189
}