{
  "samples_local": {
    "10": {
      "temp": 19.5,
      "precip": 0.0,
      "wind": 15.5,
      "wind_dir_deg": 118.0
    },
    "12": {
      "temp": 21.9,
      "precip": 0.0,
      "wind": 19.1,
      "wind_dir_deg": 122.0
    },
    "14": {
      "temp": 21.8,
      "precip": 0.0,
      "wind": 17.9,
      "wind_dir_deg": 120.0
    },
    "16": {
      "temp": 21.5,
      "precip": 0.1,
      "wind": 18.7,
      "wind_dir_deg": 128.0
    }
  },
  "ride_temp_mean": 21.175,
  "ride_wind_mean": 17.8,
  "ride_wind_dir_deg": 122.20060278237116,
  "ride_rain_flag": 0.0,
  "tent_rain_flag": 0.0,
  "daily_precip_sum": 0.30000000000000004,
  "daily_temp_mean": 18.120833333333334,
  "daily_wind_mean": 13.129166666666668,
  "daily_wind_dir_deg": 119.24769035097523
}