{
  "samples_local": {
    "10": {
      "temp": 19.1,
      "precip": 0.0,
      "wind": 15.5,
      "wind_dir_deg": 108.0
    },
    "12": {
      "temp": 20.9,
      "precip": 0.1,
      "wind": 16.7,
      "wind_dir_deg": 115.0
    },
    "14": {
      "temp": 22.1,
      "precip": 0.0,
      "wind": 19.4,
      "wind_dir_deg": 125.0
    },
    "16": {
      "temp": 22.0,
      "precip": 0.0,
      "wind": 19.2,
      "wind_dir_deg": 124.0
    }
  },
  "ride_temp_mean": 21.025,
  "ride_wind_mean": 17.7,
  "ride_wind_dir_deg": 118.65667049480845,
  "ride_rain_flag": 0.0,
  "tent_rain_flag": 1.0,
  "daily_precip_sum": 3.4,
  "daily_temp_mean": 18.470833333333335,
  "daily_wind_mean": 12.741666666666667,
  "daily_wind_dir_deg": 114.30705577749808
}