{
  "samples_local": {
    "10": {
      "temp": 19.2,
      "precip": 0.0,
      "wind": 16.5,
      "wind_dir_deg": 122.0
    },
    "12": {
      "temp": 20.6,
      "precip": 0.0,
      "wind": 21.1,
      "wind_dir_deg": 120.0
    },
    "14": {
      "temp": 20.9,
      "precip": 0.1,
      "wind": 19.8,
      "wind_dir_deg": 117.0
    },
    "16": {
      "temp": 20.1,
      "precip": 0.0,
      "wind": 20.4,
      "wind_dir_deg": 126.0
    }
  },
  "ride_temp_mean": 20.2,
  "ride_wind_mean": 19.45,
  "ride_wind_dir_deg": 121.23349311208756,
  "ride_rain_flag": 0.0,
  "tent_rain_flag": 1.0,
  "daily_precip_sum": 0.30000000000000004,
  "daily_temp_mean": 17.5625,
  "daily_wind_mean": 15.091666666666667,
  "daily_wind_dir_deg": 115.33517667636335
}