{
  "samples_local": {
    "10": {
      "temp": 17.6,
      "precip": 0.0,
      "wind": 18.3,
      "wind_dir_deg": 137.0
    },
    "12": {
      "temp": 17.5,
      "precip": 0.0,
      "wind": 18.6,
      "wind_dir_deg": 133.0
    },
    "14": {
      "temp": 18.0,
      "precip": 0.1,
      "wind": 19.1,
      "wind_dir_deg": 133.0
    },
    "16": {
      "temp": 17.6,
      "precip": 0.0,
      "wind": 18.6,
      "wind_dir_deg": 133.0
    }
  },
  "ride_temp_mean": 17.675,
  "ride_wind_mean": 18.650000000000002,
  "ride_wind_dir_deg": 133.9809267377055,
  "ride_rain_flag": 0.0,
  "tent_rain_flag": 0.0,
  "daily_precip_sum": 0.30000000000000004,
  "daily_temp_mean": 16.533333333333335,
  "daily_wind_mean": 16.604166666666668,
  "daily_wind_dir_deg": 142.88400038144198
}