{
  "samples_local": {
    "10": {
      "temp": 19.6,
      "precip": 0.0,
      "wind": 15.3,
      "wind_dir_deg": 124.0
    },
    "12": {
      "temp": 22.1,
      "precip": 0.0,
      "wind": 17.9,
      "wind_dir_deg": 128.0
    },
    "14": {
      "temp": 21.2,
      "precip": 0.2,
      "wind": 17.9,
      "wind_dir_deg": 118.0
    },
    "16": {
      "temp": 21.2,
      "precip": 0.0,
      "wind": 17.9,
      "wind_dir_deg": 128.0
    }
  },
  "ride_temp_mean": 21.025,
  "ride_wind_mean": 17.25,
  "ride_wind_dir_deg": 124.52138401208288,
  "ride_rain_flag": 1.0,
  "tent_rain_flag": 1.0,
  "daily_precip_sum": 1.0,
  "daily_temp_mean": 18.391666666666666,
  "daily_wind_mean": 13.754166666666668,
  "daily_wind_dir_deg": 119.91479428261471
}