{
  "samples_local": {
    "10": {
      "temp": 17.5,
      "precip": 0.2,
      "wind": 10.7,
      "wind_dir_deg": 130.0
    },
    "12": {
      "temp": 20.3,
      "precip": 0.1,
      "wind": 14.0,
      "wind_dir_deg": 132.0
    },
    "14": {
      "temp": 20.9,
      "precip": 0.1,
      "wind": 13.4,
      "wind_dir_deg": 126.0
    },
    "16": {
      "temp": 20.9,
      "precip": 0.0,
      "wind": 13.6,
      "wind_dir_deg": 127.0
    }
  },
  "ride_temp_mean": 19.9,
  "ride_wind_mean": 12.925,
  "ride_wind_dir_deg": 128.71548886332698,
  "ride_rain_flag": 1.0,
  "tent_rain_flag": 1.0,
  "daily_precip_sum": 1.0,
  "daily_temp_mean": 17.154166666666665,
  "daily_wind_mean": 10.987499999999999,
  "daily_wind_dir_deg": 121.52004459439382
}