{
  "samples_local": {
    "10": {
      "temp": 21.2,
      "precip": 0.1,
      "wind": 13.8,
      "wind_dir_deg": 110.0
    },
    "12": {
      "temp": 20.2,
      "precip": 0.6,
      "wind": 19.7,
      "wind_dir_deg": 105.0
    },
    "14": {
      "temp": 22.6,
      "precip": 0.2,
      "wind": 19.6,
      "wind_dir_deg": 126.0
    },
    "16": {
      "temp": 22.9,
      "precip": 0.0,
      "wind": 19.1,
      "wind_dir_deg": 133.0
    }
  },
  "ride_temp_mean": 21.725,
  "ride_wind_mean": 18.05,
  "ride_wind_dir_deg": 119.06860310188182,
  "ride_rain_flag": 1.0,
  "tent_rain_flag": 1.0,
  "daily_precip_sum": 3.1,
  "daily_temp_mean": 19.491666666666667,
  "daily_wind_mean": 12.362499999999999,
  "daily_wind_dir_deg": 121.47980050372479
}