{
  "samples_local": {
    "10": {
      "temp": 19.5,
      "precip": 0.0,
      "wind": 16.4,
      "wind_dir_deg": 128.0
    },
    "12": {
      "temp": 22.0,
      "precip": 0.0,
      "wind": 14.8,
      "wind_dir_deg": 124.0
    },
    "14": {
      "temp": 21.9,
      "precip": 0.0,
      "wind": 19.5,
      "wind_dir_deg": 124.0
    },
    "16": {
      "temp": 22.1,
      "precip": 0.0,
      "wind": 18.1,
      "wind_dir_deg": 136.0
    }
  },
  "ride_temp_mean": 21.375,
  "ride_wind_mean": 17.2,
  "ride_wind_dir_deg": 128.10565143072859,
  "ride_rain_flag": 0.0,
  "tent_rain_flag": 1.0,
  "daily_precip_sum": 1.4000000000000001,
  "daily_temp_mean": 18.825,
  "daily_wind_mean": 13.629166666666668,
  "daily_wind_dir_deg": 123.3722312625465
}