{
  "samples_local": {
    "10": {
      "temp": 18.2,
      "precip": 0.1,
      "wind": 12.1,
      "wind_dir_deg": 120.0
    },
    "12": {
      "temp": 19.9,
      "precip": 0.0,
      "wind": 14.0,
      "wind_dir_deg": 119.0
    },
    "14": {
      "temp": 20.6,
      "precip": 0.0,
      "wind": 14.8,
      "wind_dir_deg": 113.0
    },
    "16": {
      "temp": 20.8,
      "precip": 0.0,
      "wind": 12.9,
      "wind_dir_deg": 126.0
    }
  },
  "ride_temp_mean": 19.875,
  "ride_wind_mean": 13.45,
  "ride_wind_dir_deg": 119.2524580912484,
  "ride_rain_flag": 0.0,
  "tent_rain_flag": 1.0,
  "daily_precip_sum": 1.1,
  "daily_temp_mean": 17.333333333333332,
  "daily_wind_mean": 10.495833333333334,
  "daily_wind_dir_deg": 121.7332066502263
}