{
  "samples_local": {
    "10": {
      "temp": 19.5,
      "precip": 0.0,
      "wind": 18.7,
      "wind_dir_deg": 118.0
    },
    "12": {
      "temp": 20.6,
      "precip": 0.0,
      "wind": 20.1,
      "wind_dir_deg": 117.0
    },
    "14": {
      "temp": 20.7,
      "precip": 0.1,
      "wind": 21.5,
      "wind_dir_deg": 111.0
    },
    "16": {
      "temp": 20.0,
      "precip": 0.0,
      "wind": 21.3,
      "wind_dir_deg": 109.0
    }
  },
  "ride_temp_mean": 20.2,
  "ride_wind_mean": 20.4,
  "ride_wind_dir_deg": 113.56000255557944,
  "ride_rain_flag": 0.0,
  "tent_rain_flag": 0.0,
  "daily_precip_sum": 0.1,
  "daily_temp_mean": 17.341666666666665,
  "daily_wind_mean": 15.633333333333333,
  "daily_wind_dir_deg": 110.32979640948815
}