{
  "samples_local": {
    "10": {
      "temp": 17.2,
      "precip": 0.2,
      "wind": 13.3,
      "wind_dir_deg": 123.0
    },
    "12": {
      "temp": 19.0,
      "precip": 0.3,
      "wind": 14.6,
      "wind_dir_deg": 123.0
    },
    "14": {
      "temp": 20.1,
      "precip": 0.1,
      "wind": 16.1,
      "wind_dir_deg": 124.0
    },
    "16": {
      "temp": 20.2,
      "precip": 0.0,
      "wind": 16.4,
      "wind_dir_deg": 130.0
    }
  },
  "ride_temp_mean": 19.125,
  "ride_wind_mean": 15.1,
  "ride_wind_dir_deg": 125.16592158927796,
  "ride_rain_flag": 1.0,
  "tent_rain_flag": 1.0,
  "daily_precip_sum": 2.1,
  "daily_temp_mean": 17.045833333333334,
  "daily_wind_mean": 12.416666666666666,
  "daily_wind_dir_deg": 122.39502562257644
}