{
  "samples_local": {
    "10": {
      "temp": 19.1,
      "precip": 0.1,
      "wind": 15.9,
      "wind_dir_deg": 115.0
    },
    "12": {
      "temp": 22.2,
      "precip": 0.0,
      "wind": 16.5,
      "wind_dir_deg": 122.0
    },
    "14": {
      "temp": 22.5,
      "precip": 0.0,
      "wind": 17.7,
      "wind_dir_deg": 123.0
    },
    "16": {
      "temp": 22.5,
      "precip": 0.0,
      "wind": 18.1,
      "wind_dir_deg": 125.0
    }
  },
  "ride_temp_mean": 21.575,
  "ride_wind_mean": 17.05,
  "ride_wind_dir_deg": 121.42622424128172,
  "ride_rain_flag": 0.0,
  "tent_rain_flag": 1.0,
  "daily_precip_sum": 1.6,
  "daily_temp_mean": 18.958333333333332,
  "daily_wind_mean": 12.795833333333334,
  "daily_wind_dir_deg": 118.40468601011344
}