{
  "samples_local": {
    "10": {
      "temp": 19.0,
      "precip": 0.0,
      "wind": 14.3,
      "wind_dir_deg": 131.0
    },
    "12": {
      "temp": 19.9,
      "precip": 0.0,
      "wind": 13.6,
      "wind_dir_deg": 122.0
    },
    "14": {
      "temp": 20.4,
      "precip": 0.0,
      "wind": 16.3,
      "wind_dir_deg": 115.0
    },
    "16": {
      "temp": 20.0,
      "precip": 0.0,
      "wind": 16.2,
      "wind_dir_deg": 127.0
    }
  },
  "ride_temp_mean": 19.825,
  "ride_wind_mean": 15.1,
  "ride_wind_dir_deg": 123.58605366326384,
  "ride_rain_flag": 0.0,
  "tent_rain_flag": 0.0,
  "daily_precip_sum": 0.0,
  "daily_temp_mean": 17.054166666666667,
  "daily_wind_mean": 11.520833333333334,
  "daily_wind_dir_deg": 125.49342628839622
}