{
  "ride_temp_mean": 11.15,
  "ride_precip_sum": 0.1,
  "ride_wind_speed": 27.161491286067978,
  "ride_wind_dir": 238.74037154059954,
  "tent_precip_sum": 0.2,
  "tent_temp_mean": 10.225
}