{
  "ride_temp_mean": -8.375,
  "ride_precip_sum": 4.5,
  "ride_wind_speed": 10.378498441861561,
  "ride_wind_dir": 1.1015687850901372,
  "tent_precip_sum": 16.5,
  "tent_temp_mean": -6.875
}