{
  "ride_temp_mean": -0.6499999999999999,
  "ride_precip_sum": 0.0,
  "ride_wind_speed": 0.7204089650760348,
  "ride_wind_dir": 299.1365006172542,
  "tent_precip_sum": 0.0,
  "tent_temp_mean": -3.5300000000000002
}