{
  "ride_temp_mean": 1.0,
  "ride_precip_sum": 0.0,
  "ride_wind_speed": 5.812423911867532,
  "ride_wind_dir": 228.30399668239352,
  "tent_precip_sum": 0.0,
  "tent_temp_mean": 0.03500000000000001
}