{
  "ride_temp_mean": 2.7,
  "ride_precip_sum": 0.0,
  "ride_wind_speed": 4.7741621246256845,
  "ride_wind_dir": 268.0407318548009,
  "tent_precip_sum": 13.600000000000001,
  "tent_temp_mean": 2.4050000000000002
}