{
  "ride_temp_mean": 9.975,
  "ride_precip_sum": 0.0,
  "ride_wind_speed": 25.98138707332968,
  "ride_wind_dir": 232.2332578712019,
  "tent_precip_sum": 20.4,
  "tent_temp_mean": 8.6
}