{
  "ride_temp_mean": -1.525,
  "ride_precip_sum": 0.4,
  "ride_wind_speed": 3.9689434799559242,
  "ride_wind_dir": 320.54343686226446,
  "tent_precip_sum": 0.5,
  "tent_temp_mean": -2.395
}