{
  "ride_temp_mean": 5.75,
  "ride_precip_sum": 1.5,
  "ride_wind_speed": 23.937576779363848,
  "ride_wind_dir": 232.1570318773051,
  "tent_precip_sum": 6.9,
  "tent_temp_mean": 5.37
}