{
  "ride_temp_mean": 23.87142857142857,
  "ride_wind_mean": 4.442857142857142,
  "ride_rain_flag": 1.0,
  "tent_rain_flag": 1.0
}