{
  "samples_local": {
    "10": {
      "temp": 7.9,
      "precip": 0.0,
      "wind": 18.2,
      "wind_dir_deg": 306.0
    },
    "12": {
      "temp": 11.0,
      "precip": 0.0,
      "wind": 18.8,
      "wind_dir_deg": 308.0
    },
    "14": {
      "temp": 13.4,
      "precip": 0.0,
      "wind": 21.8,
      "wind_dir_deg": 299.0
    },
    "16": {
      "temp": 14.0,
      "precip": 0.0,
      "wind": 17.5,
      "wind_dir_deg": 311.0
    }
  },
  "ride_temp_mean": 11.575,
  "ride_wind_mean": 19.075,
  "ride_wind_dir_deg": 305.64187288182205,
  "ride_rain_flag": 0.0,
  "tent_rain_flag": 1.0,
  "daily_precip_sum": 1.6,
  "daily_temp_mean": 9.429166666666667,
  "daily_wind_mean": 15.879166666666668,
  "daily_wind_dir_deg": 317.01433390858415
}