{
  "ride_temp_mean": 6.828571428571428,
  "ride_wind_mean": 9.185714285714285,
  "ride_rain_flag": 1.0,
  "tent_rain_flag": 1.0
}