{
  "ride_temp_mean": 6.414285714285714,
  "ride_wind_mean": 5.257142857142858,
  "ride_rain_flag": 1.0,
  "tent_rain_flag": 1.0
}