{
  "samples_local": {
    "10": {
      "temp": 12.0,
      "precip": 0.0,
      "wind": 28.0,
      "wind_dir_deg": 345.0
    },
    "12": {
      "temp": 12.3,
      "precip": 0.0,
      "wind": 26.8,
      "wind_dir_deg": 347.0
    },
    "14": {
      "temp": 12.9,
      "precip": 0.1,
      "wind": 31.0,
      "wind_dir_deg": 23.0
    },
    "16": {
      "temp": 12.5,
      "precip": 0.7,
      "wind": 22.9,
      "wind_dir_deg": 61.0
    }
  },
  "ride_temp_mean": 12.425,
  "ride_wind_mean": 27.175,
  "ride_wind_dir_deg": 11.491762120352519,
  "ride_rain_flag": 1.0,
  "tent_rain_flag": 1.0,
  "daily_precip_sum": 7.9,
  "daily_temp_mean": 11.658333333333333,
  "daily_wind_mean": 26.558333333333334,
  "daily_wind_dir_deg": 28.615858526739828
}