{
  "ride_temp_mean": 4.171428571428572,
  "ride_wind_mean": 9.914285714285715,
  "ride_rain_flag": 1.0,
  "tent_rain_flag": 1.0
}