{
  "ride_temp_mean": 11.200000000000001,
  "ride_wind_mean": 13.785714285714286,
  "ride_rain_flag": 1.0,
  "tent_rain_flag": 1.0
}