{
  "ride_temp_mean": 6.914285714285714,
  "ride_wind_mean": 18.314285714285713,
  "ride_rain_flag": 0.0,
  "tent_rain_flag": 1.0
}