{
  "ride_temp_mean": 10.485714285714286,
  "ride_wind_mean": 16.571428571428573,
  "ride_rain_flag": 0.0,
  "tent_rain_flag": 1.0
}