{
  "samples_local": {
    "10": {
      "temp": -2.8,
      "precip": 0.0,
      "wind": 13.8,
      "wind_dir_deg": 346.0
    },
    "12": {
      "temp": -0.3,
      "precip": 0.0,
      "wind": 13.2,
      "wind_dir_deg": 343.0
    },
    "14": {
      "temp": -1.4,
      "precip": 0.0,
      "wind": 16.6,
      "wind_dir_deg": 340.0
    },
    "16": {
      "temp": -1.9,
      "precip": 0.0,
      "wind": 17.8,
      "wind_dir_deg": 340.0
    }
  },
  "ride_temp_mean": -1.5999999999999999,
  "ride_wind_mean": 15.350000000000001,
  "ride_wind_dir_deg": 341.9929653745354,
  "ride_rain_flag": 0.0,
  "tent_rain_flag": 0.0,
  "daily_precip_sum": 0.0,
  "daily_temp_mean": -2.8708333333333336,
  "daily_wind_mean": 15.7875,
  "daily_wind_dir_deg": 340.0155247482245
}