{
  "ride_temp_mean": 1.9,
  "ride_precip_sum": 0.7,
  "ride_wind_speed": 8.015969410097325,
  "ride_wind_dir": 350.8299481909255,
  "tent_precip_sum": 1.6,
  "tent_temp_mean": 1.73
}