{
  "ride_temp_mean": 6.075,
  "ride_precip_sum": 0.0,
  "ride_wind_speed": 20.465230670296823,
  "ride_wind_dir": 212.71341084974338,
  "tent_precip_sum": 0.0,
  "tent_temp_mean": 3.475
}