{
  "samples_local": {
    "10": {
      "temp": 19.0,
      "precip": 0.1,
      "wind": 16.5,
      "wind_dir_deg": 74.0
    },
    "12": {
      "temp": 20.5,
      "precip": 0.0,
      "wind": 17.0,
      "wind_dir_deg": 73.0
    },
    "14": {
      "temp": 19.9,
      "precip": 0.0,
      "wind": 14.8,
      "wind_dir_deg": 77.0
    },
    "16": {
      "temp": 18.5,
      "precip": 0.0,
      "wind": 11.2,
      "wind_dir_deg": 111.0
    }
  },
  "ride_temp_mean": 19.475,
  "ride_wind_mean": 14.875,
  "ride_wind_dir_deg": 81.18956196254567,
  "ride_rain_flag": 0.0,
  "tent_rain_flag": 1.0,
  "daily_precip_sum": 0.6000000000000001,
  "daily_temp_mean": 16.275000000000002,
  "daily_wind_mean": 10.516666666666667,
  "daily_wind_dir_deg": 68.8947679011045
}