{
  "samples_local": {
    "10": {
      "temp": 15.4,
      "precip": 0.1,
      "wind": 20.6,
      "wind_dir_deg": 65.0
    },
    "12": {
      "temp": 16.6,
      "precip": 0.1,
      "wind": 22.9,
      "wind_dir_deg": 68.0
    },
    "14": {
      "temp": 17.9,
      "precip": 0.2,
      "wind": 22.7,
      "wind_dir_deg": 70.0
    },
    "16": {
      "temp": 16.0,
      "precip": 0.0,
      "wind": 20.3,
      "wind_dir_deg": 102.0
    }
  },
  "ride_temp_mean": 16.475,
  "ride_wind_mean": 21.625,
  "ride_wind_dir_deg": 75.59513637122018,
  "ride_rain_flag": 1.0,
  "tent_rain_flag": 1.0,
  "daily_precip_sum": 1.2,
  "daily_temp_mean": 14.404166666666667,
  "daily_wind_mean": 15.295833333333334,
  "daily_wind_dir_deg": 82.07882462365876
}