{
  "samples_local": {
    "10": {
      "temp": 17.2,
      "precip": 0.3,
      "wind": 15.2,
      "wind_dir_deg": 68.0
    },
    "12": {
      "temp": 19.3,
      "precip": 0.0,
      "wind": 15.3,
      "wind_dir_deg": 63.0
    },
    "14": {
      "temp": 18.7,
      "precip": 0.2,
      "wind": 17.8,
      "wind_dir_deg": 58.0
    },
    "16": {
      "temp": 19.5,
      "precip": 0.0,
      "wind": 12.2,
      "wind_dir_deg": 62.0
    }
  },
  "ride_temp_mean": 18.675,
  "ride_wind_mean": 15.125,
  "ride_wind_dir_deg": 62.58288270346492,
  "ride_rain_flag": 1.0,
  "tent_rain_flag": 1.0,
  "daily_precip_sum": 3.8,
  "daily_temp_mean": 15.170833333333334,
  "daily_wind_mean": 10.979166666666666,
  "daily_wind_dir_deg": 63.301380692229316
}