{
  "samples_local": {
    "10": {
      "temp": 15.9,
      "precip": 0.0,
      "wind": 17.3,
      "wind_dir_deg": 78.0
    },
    "12": {
      "temp": 17.6,
      "precip": 0.0,
      "wind": 16.7,
      "wind_dir_deg": 83.0
    },
    "14": {
      "temp": 17.5,
      "precip": 0.2,
      "wind": 19.0,
      "wind_dir_deg": 80.0
    },
    "16": {
      "temp": 18.1,
      "precip": 0.0,
      "wind": 17.2,
      "wind_dir_deg": 79.0
    }
  },
  "ride_temp_mean": 17.275000000000002,
  "ride_wind_mean": 17.55,
  "ride_wind_dir_deg": 79.97555740043248,
  "ride_rain_flag": 1.0,
  "tent_rain_flag": 1.0,
  "daily_precip_sum": 0.5,
  "daily_temp_mean": 14.691666666666668,
  "daily_wind_mean": 11.862499999999999,
  "daily_wind_dir_deg": 75.14160248154087
}