{
  "samples_local": {
    "10": {
      "temp": 19.1,
      "precip": 0.1,
      "wind": 14.4,
      "wind_dir_deg": 87.0
    },
    "12": {
      "temp": 20.6,
      "precip": 0.0,
      "wind": 16.2,
      "wind_dir_deg": 77.0
    },
    "14": {
      "temp": 21.6,
      "precip": 0.0,
      "wind": 16.8,
      "wind_dir_deg": 99.0
    },
    "16": {
      "temp": 21.5,
      "precip": 0.0,
      "wind": 10.0,
      "wind_dir_deg": 105.0
    }
  },
  "ride_temp_mean": 20.700000000000003,
  "ride_wind_mean": 14.35,
  "ride_wind_dir_deg": 90.83112770486304,
  "ride_rain_flag": 0.0,
  "tent_rain_flag": 0.0,
  "daily_precip_sum": 0.30000000000000004,
  "daily_temp_mean": 16.545833333333334,
  "daily_wind_mean": 11.545833333333334,
  "daily_wind_dir_deg": 74.07074429002
}