{
  "samples_local": {
    "10": {
      "temp": 19.1,
      "precip": 0.0,
      "wind": 18.3,
      "wind_dir_deg": 68.0
    },
    "12": {
      "temp": 18.8,
      "precip": 0.0,
      "wind": 16.3,
      "wind_dir_deg": 65.0
    },
    "14": {
      "temp": 20.0,
      "precip": 0.0,
      "wind": 13.3,
      "wind_dir_deg": 93.0
    },
    "16": {
      "temp": 20.6,
      "precip": 0.0,
      "wind": 10.5,
      "wind_dir_deg": 84.0
    }
  },
  "ride_temp_mean": 19.625,
  "ride_wind_mean": 14.600000000000001,
  "ride_wind_dir_deg": 75.6925056053924,
  "ride_rain_flag": 0.0,
  "tent_rain_flag": 1.0,
  "daily_precip_sum": 1.2,
  "daily_temp_mean": 16.070833333333333,
  "daily_wind_mean": 9.970833333333333,
  "daily_wind_dir_deg": 72.58038607326768
}