{
  "samples_local": {
    "10": {
      "temp": 15.6,
      "precip": 0.0,
      "wind": 18.8,
      "wind_dir_deg": 93.0
    },
    "12": {
      "temp": 16.5,
      "precip": 0.0,
      "wind": 17.3,
      "wind_dir_deg": 89.0
    },
    "14": {
      "temp": 16.5,
      "precip": 0.0,
      "wind": 17.2,
      "wind_dir_deg": 80.0
    },
    "16": {
      "temp": 16.0,
      "precip": 0.0,
      "wind": 16.2,
      "wind_dir_deg": 94.0
    }
  },
  "ride_temp_mean": 16.15,
  "ride_wind_mean": 17.375,
  "ride_wind_dir_deg": 89.02705901355938,
  "ride_rain_flag": 0.0,
  "tent_rain_flag": 1.0,
  "daily_precip_sum": 3.1999999999999997,
  "daily_temp_mean": 14.216666666666667,
  "daily_wind_mean": 15.583333333333334,
  "daily_wind_dir_deg": 77.06986294943175
}