{
  "samples_local": {
    "10": {
      "temp": 20.4,
      "precip": 0.0,
      "wind": 17.6,
      "wind_dir_deg": 79.0
    },
    "12": {
      "temp": 21.7,
      "precip": 0.0,
      "wind": 19.5,
      "wind_dir_deg": 71.0
    },
    "14": {
      "temp": 19.0,
      "precip": 0.0,
      "wind": 16.3,
      "wind_dir_deg": 82.0
    },
    "16": {
      "temp": 20.1,
      "precip": 0.0,
      "wind": 8.5,
      "wind_dir_deg": 102.0
    }
  },
  "ride_temp_mean": 20.3,
  "ride_wind_mean": 15.475000000000001,
  "ride_wind_dir_deg": 80.37119592515,
  "ride_rain_flag": 0.0,
  "tent_rain_flag": 1.0,
  "daily_precip_sum": 1.4,
  "daily_temp_mean": 16.866666666666667,
  "daily_wind_mean": 11.945833333333333,
  "daily_wind_dir_deg": 63.03292069028862
}