{
  "samples_local": {
    "10": {
      "temp": 18.6,
      "precip": 0.0,
      "wind": 17.7,
      "wind_dir_deg": 66.0
    },
    "12": {
      "temp": 19.5,
      "precip": 0.1,
      "wind": 17.6,
      "wind_dir_deg": 79.0
    },
    "14": {
      "temp": 18.1,
      "precip": 0.0,
      "wind": 10.1,
      "wind_dir_deg": 96.0
    },
    "16": {
      "temp": 18.6,
      "precip": 0.0,
      "wind": 9.4,
      "wind_dir_deg": 92.0
    }
  },
  "ride_temp_mean": 18.700000000000003,
  "ride_wind_mean": 13.7,
  "ride_wind_dir_deg": 80.15918696400286,
  "ride_rain_flag": 0.0,
  "tent_rain_flag": 1.0,
  "daily_precip_sum": 1.8,
  "daily_temp_mean": 15.820833333333333,
  "daily_wind_mean": 11.612499999999999,
  "daily_wind_dir_deg": 64.3220833787314
}