{
  "samples_local": {
    "10": {
      "temp": 17.8,
      "precip": 0.0,
      "wind": 19.1,
      "wind_dir_deg": 87.0
    },
    "12": {
      "temp": 17.0,
      "precip": 0.0,
      "wind": 14.8,
      "wind_dir_deg": 86.0
    },
    "14": {
      "temp": 19.4,
      "precip": 0.0,
      "wind": 11.6,
      "wind_dir_deg": 85.0
    },
    "16": {
      "temp": 18.1,
      "precip": 0.0,
      "wind": 10.9,
      "wind_dir_deg": 82.0
    }
  },
  "ride_temp_mean": 18.075,
  "ride_wind_mean": 14.100000000000001,
  "ride_wind_dir_deg": 85.36022247624464,
  "ride_rain_flag": 0.0,
  "tent_rain_flag": 1.0,
  "daily_precip_sum": 1.6,
  "daily_temp_mean": 15.700000000000001,
  "daily_wind_mean": 13.058333333333332,
  "daily_wind_dir_deg": 62.32104596712071
}