{
  "samples_local": {
    "10": {
      "temp": 15.2,
      "precip": 0.0,
      "wind": 20.2,
      "wind_dir_deg": 87.0
    },
    "12": {
      "temp": 16.2,
      "precip": 0.0,
      "wind": 20.9,
      "wind_dir_deg": 86.0
    },
    "14": {
      "temp": 16.2,
      "precip": 0.0,
      "wind": 18.7,
      "wind_dir_deg": 71.0
    },
    "16": {
      "temp": 15.6,
      "precip": 0.0,
      "wind": 18.8,
      "wind_dir_deg": 78.0
    }
  },
  "ride_temp_mean": 15.799999999999999,
  "ride_wind_mean": 19.65,
  "ride_wind_dir_deg": 80.78130350993632,
  "ride_rain_flag": 0.0,
  "tent_rain_flag": 1.0,
  "daily_precip_sum": 1.2,
  "daily_temp_mean": 14.195833333333333,
  "daily_wind_mean": 17.945833333333333,
  "daily_wind_dir_deg": 66.30921820019523
}