{
  "samples_local": {
    "10": {
      "temp": 14.5,
      "precip": 0.0,
      "wind": 24.0,
      "wind_dir_deg": 82.0
    },
    "12": {
      "temp": 14.3,
      "precip": 0.1,
      "wind": 23.6,
      "wind_dir_deg": 74.0
    },
    "14": {
      "temp": 13.7,
      "precip": 0.1,
      "wind": 24.3,
      "wind_dir_deg": 63.0
    },
    "16": {
      "temp": 12.8,
      "precip": 0.2,
      "wind": 24.3,
      "wind_dir_deg": 84.0
    }
  },
  "ride_temp_mean": 13.825,
  "ride_wind_mean": 24.05,
  "ride_wind_dir_deg": 75.75964149114077,
  "ride_rain_flag": 1.0,
  "tent_rain_flag": 1.0,
  "daily_precip_sum": 7.6000000000000005,
  "daily_temp_mean": 13.066666666666668,
  "daily_wind_mean": 21.216666666666665,
  "daily_wind_dir_deg": 73.52203350359707
}