{
  "samples_local": {
    "10": {
      "temp": 13.8,
      "precip": 0.0,
      "wind": 9.4,
      "wind_dir_deg": 88.0
    },
    "12": {
      "temp": 16.2,
      "precip": 0.0,
      "wind": 10.4,
      "wind_dir_deg": 76.0
    },
    "14": {
      "temp": 17.8,
      "precip": 0.0,
      "wind": 19.2,
      "wind_dir_deg": 84.0
    },
    "16": {
      "temp": 17.6,
      "precip": 0.0,
      "wind": 20.8,
      "wind_dir_deg": 99.0
    }
  },
  "ride_temp_mean": 16.35,
  "ride_wind_mean": 14.95,
  "ride_wind_dir_deg": 88.45261283055441,
  "ride_rain_flag": 0.0,
  "tent_rain_flag": 1.0,
  "daily_precip_sum": 0.7000000000000001,
  "daily_temp_mean": 14.291666666666666,
  "daily_wind_mean": 13.887500000000001,
  "daily_wind_dir_deg": 89.83908942433516
}