{
  "ride_temp_mean": 4.3,
  "ride_precip_sum": 0.0,
  "ride_wind_speed": 16.344818053522193,
  "ride_wind_dir": 308.1249367550075,
  "tent_precip_sum": 0.0,
  "tent_temp_mean": 2.82
}