{
  "ride_temp_mean": 26.185714285714287,
  "ride_wind_mean": 7.485714285714286,
  "ride_rain_flag": 0.0,
  "tent_rain_flag": 0.0
}