{
  "ride_temp_mean": 24.957142857142856,
  "ride_wind_mean": 8.542857142857143,
  "ride_rain_flag": 0.0,
  "tent_rain_flag": 0.0
}