{
  "ride_temp_mean": 3.271428571428572,
  "ride_wind_mean": 10.542857142857143,
  "ride_rain_flag": 0.0,
  "tent_rain_flag": 0.0
}