{
  "samples_local": {
    "10": {
      "temp": 1.6,
      "precip": 0.0,
      "wind": 17.9,
      "wind_dir_deg": 146.0
    },
    "12": {
      "temp": 7.1,
      "precip": 0.0,
      "wind": 20.4,
      "wind_dir_deg": 134.0
    },
    "14": {
      "temp": 9.9,
      "precip": 0.0,
      "wind": 28.7,
      "wind_dir_deg": 118.0
    },
    "16": {
      "temp": 9.8,
      "precip": 0.0,
      "wind": 28.5,
      "wind_dir_deg": 125.0
    }
  },
  "ride_temp_mean": 7.1000000000000005,
  "ride_wind_mean": 23.875,
  "ride_wind_dir_deg": 128.72410617683227,
  "ride_rain_flag": 0.0,
  "tent_rain_flag": 0.0,
  "daily_precip_sum": 0.0,
  "daily_temp_mean": 3.970833333333333,
  "daily_wind_mean": 21.891666666666666,
  "daily_wind_dir_deg": 134.26792379872785
}