{
  "ride_temp_mean": 5.085714285714286,
  "ride_wind_mean": 3.1285714285714286,
  "ride_rain_flag": 0.0,
  "tent_rain_flag": 0.0
}