{
  "ride_temp_mean": 4.1571428571428575,
  "ride_wind_mean": 13.971428571428572,
  "ride_rain_flag": 0.0,
  "tent_rain_flag": 0.0
}