{
  "ride_temp_mean": 5.285714285714286,
  "ride_wind_mean": 7.557142857142857,
  "ride_rain_flag": 0.0,
  "tent_rain_flag": 0.0
}