{
  "samples_local": {
    "10": {
      "temp": 1.3,
      "precip": 0.0,
      "wind": 13.7,
      "wind_dir_deg": 130.0
    },
    "12": {
      "temp": 2.0,
      "precip": 0.0,
      "wind": 11.1,
      "wind_dir_deg": 129.0
    },
    "14": {
      "temp": 1.6,
      "precip": 0.0,
      "wind": 9.9,
      "wind_dir_deg": 127.0
    },
    "16": {
      "temp": 1.1,
      "precip": 0.0,
      "wind": 9.1,
      "wind_dir_deg": 126.0
    }
  },
  "ride_temp_mean": 1.5,
  "ride_wind_mean": 10.95,
  "ride_wind_dir_deg": 128.23749016999386,
  "ride_rain_flag": 0.0,
  "tent_rain_flag": 1.0,
  "daily_precip_sum": 0.30000000000000004,
  "daily_temp_mean": 0.48333333333333334,
  "daily_wind_mean": 11.795833333333334,
  "daily_wind_dir_deg": 124.43999819517865
}