{
  "samples_local": {
    "10": {
      "temp": 9.2,
      "precip": 0.0,
      "wind": 35.0,
      "wind_dir_deg": 155.0
    },
    "12": {
      "temp": 10.4,
      "precip": 0.0,
      "wind": 33.2,
      "wind_dir_deg": 149.0
    },
    "14": {
      "temp": 11.8,
      "precip": 0.0,
      "wind": 42.8,
      "wind_dir_deg": 152.0
    },
    "16": {
      "temp": 12.6,
      "precip": 0.0,
      "wind": 41.1,
      "wind_dir_deg": 146.0
    }
  },
  "ride_temp_mean": 11.0,
  "ride_wind_mean": 38.025,
  "ride_wind_dir_deg": 150.41422894264753,
  "ride_rain_flag": 0.0,
  "tent_rain_flag": 0.0,
  "daily_precip_sum": 0.0,
  "daily_temp_mean": 10.483333333333333,
  "daily_wind_mean": 40.34166666666667,
  "daily_wind_dir_deg": 158.58871437145535
}