{
  "ride_temp_mean": 1.657142857142857,
  "ride_wind_mean": 8.757142857142856,
  "ride_rain_flag": 0.0,
  "tent_rain_flag": 0.0
}