{
  "ride_temp_mean": 9.214285714285714,
  "ride_wind_mean": 5.271428571428571,
  "ride_rain_flag": 0.0,
  "tent_rain_flag": 0.0
}