{
  "samples_local": {
    "10": {
      "temp": 26.9,
      "precip": 0.0,
      "wind": 20.2,
      "wind_dir_deg": 230.0
    },
    "12": {
      "temp": 27.1,
      "precip": 0.0,
      "wind": 17.5,
      "wind_dir_deg": 238.0
    },
    "14": {
      "temp": 27.2,
      "precip": 0.0,
      "wind": 15.1,
      "wind_dir_deg": 244.0
    },
    "16": {
      "temp": 27.1,
      "precip": 0.0,
      "wind": 13.8,
      "wind_dir_deg": 243.0
    }
  },
  "ride_temp_mean": 27.075,
  "ride_wind_mean": 16.65,
  "ride_wind_dir_deg": 237.97391695925793,
  "ride_rain_flag": 0.0,
  "tent_rain_flag": 0.0,
  "daily_precip_sum": 0.0,
  "daily_temp_mean": 26.920833333333334,
  "daily_wind_mean": 19.291666666666668,
  "daily_wind_dir_deg": 232.67623290776734
}