{
  "samples_local": {
    "10": {
      "temp": 8.9,
      "precip": 0.1,
      "wind": 13.4,
      "wind_dir_deg": 248.0
    },
    "12": {
      "temp": 10.6,
      "precip": 0.0,
      "wind": 14.0,
      "wind_dir_deg": 257.0
    },
    "14": {
      "temp": 10.9,
      "precip": 0.0,
      "wind": 14.0,
      "wind_dir_deg": 235.0
    },
    "16": {
      "temp": 10.6,
      "precip": 0.0,
      "wind": 14.1,
      "wind_dir_deg": 242.0
    }
  },
  "ride_temp_mean": 10.25,
  "ride_wind_mean": 13.875,
  "ride_wind_dir_deg": 245.46201076513327,
  "ride_rain_flag": 0.0,
  "tent_rain_flag": 0.0,
  "daily_precip_sum": 0.2,
  "daily_temp_mean": 7.608333333333333,
  "daily_wind_mean": 12.583333333333334,
  "daily_wind_dir_deg": 229.89046778748872
}