{
  "samples_local": {
    "10": {
      "temp": 9.6,
      "precip": 0.0,
      "wind": 9.1,
      "wind_dir_deg": 261.0
    },
    "12": {
      "temp": 12.0,
      "precip": 0.0,
      "wind": 11.8,
      "wind_dir_deg": 259.0
    },
    "14": {
      "temp": 11.9,
      "precip": 0.0,
      "wind": 11.8,
      "wind_dir_deg": 250.0
    },
    "16": {
      "temp": 11.2,
      "precip": 0.0,
      "wind": 11.8,
      "wind_dir_deg": 245.0
    }
  },
  "ride_temp_mean": 11.175,
  "ride_wind_mean": 11.125,
  "ride_wind_dir_deg": 253.31112918769733,
  "ride_rain_flag": 0.0,
  "tent_rain_flag": 0.0,
  "daily_precip_sum": 0.0,
  "daily_temp_mean": 8.204166666666667,
  "daily_wind_mean": 9.420833333333333,
  "daily_wind_dir_deg": 249.63020075031454
}