{
  "samples_local": {
    "10": {
      "temp": 10.8,
      "precip": 0.1,
      "wind": 13.3,
      "wind_dir_deg": 254.0
    },
    "12": {
      "temp": 12.1,
      "precip": 0.1,
      "wind": 11.1,
      "wind_dir_deg": 240.0
    },
    "14": {
      "temp": 11.8,
      "precip": 0.0,
      "wind": 10.0,
      "wind_dir_deg": 231.0
    },
    "16": {
      "temp": 11.1,
      "precip": 0.0,
      "wind": 10.7,
      "wind_dir_deg": 235.0
    }
  },
  "ride_temp_mean": 11.45,
  "ride_wind_mean": 11.275,
  "ride_wind_dir_deg": 240.92693282905526,
  "ride_rain_flag": 0.0,
  "tent_rain_flag": 0.0,
  "daily_precip_sum": 0.5,
  "daily_temp_mean": 7.895833333333333,
  "daily_wind_mean": 7.908333333333334,
  "daily_wind_dir_deg": 235.3567180021289
}