{
  "samples_local": {
    "10": {
      "temp": 7.8,
      "precip": 0.0,
      "wind": 13.8,
      "wind_dir_deg": 256.0
    },
    "12": {
      "temp": 10.4,
      "precip": 0.0,
      "wind": 11.9,
      "wind_dir_deg": 260.0
    },
    "14": {
      "temp": 10.9,
      "precip": 0.0,
      "wind": 12.3,
      "wind_dir_deg": 240.0
    },
    "16": {
      "temp": 10.3,
      "precip": 0.0,
      "wind": 13.8,
      "wind_dir_deg": 238.0
    }
  },
  "ride_temp_mean": 9.85,
  "ride_wind_mean": 12.950000000000001,
  "ride_wind_dir_deg": 248.32145497839653,
  "ride_rain_flag": 0.0,
  "tent_rain_flag": 0.0,
  "daily_precip_sum": 0.0,
  "daily_temp_mean": 6.270833333333333,
  "daily_wind_mean": 10.166666666666666,
  "daily_wind_dir_deg": 244.45590763673323
}