{
  "samples_local": {
    "10": {
      "temp": 10.0,
      "precip": 0.0,
      "wind": 14.7,
      "wind_dir_deg": 310.0
    },
    "12": {
      "temp": 13.1,
      "precip": 0.0,
      "wind": 17.3,
      "wind_dir_deg": 318.0
    },
    "14": {
      "temp": 14.1,
      "precip": 0.0,
      "wind": 13.8,
      "wind_dir_deg": 312.0
    },
    "16": {
      "temp": 13.6,
      "precip": 0.0,
      "wind": 11.4,
      "wind_dir_deg": 309.0
    }
  },
  "ride_temp_mean": 12.7,
  "ride_wind_mean": 14.3,
  "ride_wind_dir_deg": 312.70128815228395,
  "ride_rain_flag": 0.0,
  "tent_rain_flag": 0.0,
  "daily_precip_sum": 0.0,
  "daily_temp_mean": 10.154166666666667,
  "daily_wind_mean": 13.458333333333334,
  "daily_wind_dir_deg": 310.67536033906595
}