{
  "samples_local": {
    "10": {
      "temp": 10.9,
      "precip": 0.0,
      "wind": 8.6,
      "wind_dir_deg": 285.0
    },
    "12": {
      "temp": 13.4,
      "precip": 0.0,
      "wind": 12.4,
      "wind_dir_deg": 291.0
    },
    "14": {
      "temp": 14.1,
      "precip": 0.0,
      "wind": 12.9,
      "wind_dir_deg": 295.0
    },
    "16": {
      "temp": 13.8,
      "precip": 0.0,
      "wind": 12.2,
      "wind_dir_deg": 296.0
    }
  },
  "ride_temp_mean": 13.05,
  "ride_wind_mean": 11.525,
  "ride_wind_dir_deg": 292.3260254232004,
  "ride_rain_flag": 0.0,
  "tent_rain_flag": 0.0,
  "daily_precip_sum": 0.0,
  "daily_temp_mean": 9.304166666666667,
  "daily_wind_mean": 10.716666666666667,
  "daily_wind_dir_deg": 286.1180886066954
}