{
  "samples_local": {
    "10": {
      "temp": 10.2,
      "precip": 0.0,
      "wind": 10.0,
      "wind_dir_deg": 290.0
    },
    "12": {
      "temp": 12.9,
      "precip": 0.0,
      "wind": 12.8,
      "wind_dir_deg": 305.0
    },
    "14": {
      "temp": 13.3,
      "precip": 0.0,
      "wind": 11.9,
      "wind_dir_deg": 308.0
    },
    "16": {
      "temp": 13.0,
      "precip": 0.0,
      "wind": 10.4,
      "wind_dir_deg": 306.0
    }
  },
  "ride_temp_mean": 12.35,
  "ride_wind_mean": 11.275,
  "ride_wind_dir_deg": 302.71676352552925,
  "ride_rain_flag": 0.0,
  "tent_rain_flag": 0.0,
  "daily_precip_sum": 0.0,
  "daily_temp_mean": 8.325000000000001,
  "daily_wind_mean": 10.129166666666666,
  "daily_wind_dir_deg": 294.79910230683976
}