{
  "samples_local": {
    "10": {
      "temp": 9.8,
      "precip": 0.0,
      "wind": 8.8,
      "wind_dir_deg": 281.0
    },
    "12": {
      "temp": 12.9,
      "precip": 0.0,
      "wind": 13.3,
      "wind_dir_deg": 303.0
    },
    "14": {
      "temp": 14.1,
      "precip": 0.0,
      "wind": 12.1,
      "wind_dir_deg": 305.0
    },
    "16": {
      "temp": 13.9,
      "precip": 0.0,
      "wind": 11.3,
      "wind_dir_deg": 314.0
    }
  },
  "ride_temp_mean": 12.675,
  "ride_wind_mean": 11.375,
  "ride_wind_dir_deg": 302.0784640778694,
  "ride_rain_flag": 0.0,
  "tent_rain_flag": 0.0,
  "daily_precip_sum": 0.0,
  "daily_temp_mean": 9.541666666666666,
  "daily_wind_mean": 10.508333333333333,
  "daily_wind_dir_deg": 298.79936869317277
}