{
  "samples_local": {
    "10": {
      "temp": 10.6,
      "precip": 0.0,
      "wind": 10.8,
      "wind_dir_deg": 291.0
    },
    "12": {
      "temp": 13.6,
      "precip": 0.0,
      "wind": 13.1,
      "wind_dir_deg": 303.0
    },
    "14": {
      "temp": 14.5,
      "precip": 0.0,
      "wind": 10.9,
      "wind_dir_deg": 297.0
    },
    "16": {
      "temp": 13.9,
      "precip": 0.0,
      "wind": 10.1,
      "wind_dir_deg": 297.0
    }
  },
  "ride_temp_mean": 13.15,
  "ride_wind_mean": 11.225,
  "ride_wind_dir_deg": 297.30768247089645,
  "ride_rain_flag": 0.0,
  "tent_rain_flag": 0.0,
  "daily_precip_sum": 0.0,
  "daily_temp_mean": 10.404166666666667,
  "daily_wind_mean": 10.104166666666666,
  "daily_wind_dir_deg": 297.44694483659396
}