{
  "ride_temp_mean": 5.65,
  "ride_precip_sum": 0.1,
  "ride_wind_speed": 18.673224034054847,
  "ride_wind_dir": 96.85679379323915,
  "tent_precip_sum": 0.6000000000000001,
  "tent_temp_mean": 5.665
}