{
  "ride_temp_mean": 14.125,
  "ride_precip_sum": 0.30000000000000004,
  "ride_wind_speed": 35.32579640008497,
  "ride_wind_dir": 249.05901300183442,
  "tent_precip_sum": 1.0,
  "tent_temp_mean": 14.24
}