{
  "ride_temp_mean": 6.875,
  "ride_precip_sum": 1.6,
  "ride_wind_speed": 19.90852190634797,
  "ride_wind_dir": 84.52191777292256,
  "tent_precip_sum": 5.9,
  "tent_temp_mean": 6.945
}