{
  "ride_temp_mean": 9.35,
  "ride_precip_sum": 0.0,
  "ride_wind_speed": 12.389959175833232,
  "ride_wind_dir": 78.43647138830272,
  "tent_precip_sum": 0.0,
  "tent_temp_mean": 9.4
}