{
  "ride_temp_mean": 13.025,
  "ride_precip_sum": 0.0,
  "ride_wind_speed": 34.41999721790984,
  "ride_wind_dir": 226.9288368789993,
  "tent_precip_sum": 0.0,
  "tent_temp_mean": 12.9
}