{
  "samples_local": {
    "10": {
      "temp": 21.1,
      "precip": 0.0,
      "wind": 11.0,
      "wind_dir_deg": 67.0
    },
    "12": {
      "temp": 22.5,
      "precip": 0.0,
      "wind": 11.4,
      "wind_dir_deg": 65.0
    },
    "14": {
      "temp": 23.6,
      "precip": 0.0,
      "wind": 13.0,
      "wind_dir_deg": 79.0
    },
    "16": {
      "temp": 23.6,
      "precip": 0.0,
      "wind": 12.2,
      "wind_dir_deg": 90.0
    }
  },
  "ride_temp_mean": 22.700000000000003,
  "ride_wind_mean": 11.9,
  "ride_wind_dir_deg": 75.67708429197978,
  "ride_rain_flag": 0.0,
  "tent_rain_flag": 0.0,
  "daily_precip_sum": 0.0,
  "daily_temp_mean": 18.233333333333334,
  "daily_wind_mean": 8.466666666666667,
  "daily_wind_dir_deg": 72.54395305565345
}