{
  "samples_local": {
    "10": {
      "temp": 19.9,
      "precip": 0.0,
      "wind": 12.7,
      "wind_dir_deg": 67.0
    },
    "12": {
      "temp": 21.5,
      "precip": 0.0,
      "wind": 14.8,
      "wind_dir_deg": 74.0
    },
    "14": {
      "temp": 22.3,
      "precip": 0.0,
      "wind": 11.7,
      "wind_dir_deg": 86.0
    },
    "16": {
      "temp": 22.2,
      "precip": 0.0,
      "wind": 9.9,
      "wind_dir_deg": 93.0
    }
  },
  "ride_temp_mean": 21.475,
  "ride_wind_mean": 12.275,
  "ride_wind_dir_deg": 78.87035122540397,
  "ride_rain_flag": 0.0,
  "tent_rain_flag": 1.0,
  "daily_precip_sum": 0.30000000000000004,
  "daily_temp_mean": 18.479166666666668,
  "daily_wind_mean": 10.120833333333334,
  "daily_wind_dir_deg": 69.22205084699516
}