{
  "samples_local": {
    "10": {
      "temp": 20.5,
      "precip": 0.1,
      "wind": 29.0,
      "wind_dir_deg": 81.0
    },
    "12": {
      "temp": 22.3,
      "precip": 0.0,
      "wind": 27.6,
      "wind_dir_deg": 86.0
    },
    "14": {
      "temp": 22.8,
      "precip": 0.0,
      "wind": 27.1,
      "wind_dir_deg": 84.0
    },
    "16": {
      "temp": 23.0,
      "precip": 0.0,
      "wind": 24.7,
      "wind_dir_deg": 89.0
    }
  },
  "ride_temp_mean": 22.15,
  "ride_wind_mean": 27.1,
  "ride_wind_dir_deg": 84.84587211853312,
  "ride_rain_flag": 0.0,
  "tent_rain_flag": 0.0,
  "daily_precip_sum": 0.30000000000000004,
  "daily_temp_mean": 19.520833333333332,
  "daily_wind_mean": 22.583333333333332,
  "daily_wind_dir_deg": 83.27128600512515
}