{
  "samples_local": {
    "10": {
      "temp": 16.4,
      "precip": 0.0,
      "wind": 15.8,
      "wind_dir_deg": 73.0
    },
    "12": {
      "temp": 18.4,
      "precip": 0.0,
      "wind": 18.5,
      "wind_dir_deg": 77.0
    },
    "14": {
      "temp": 18.3,
      "precip": 0.0,
      "wind": 15.5,
      "wind_dir_deg": 86.0
    },
    "16": {
      "temp": 18.6,
      "precip": 0.0,
      "wind": 13.1,
      "wind_dir_deg": 81.0
    }
  },
  "ride_temp_mean": 17.925,
  "ride_wind_mean": 15.725,
  "ride_wind_dir_deg": 79.04476242532849,
  "ride_rain_flag": 0.0,
  "tent_rain_flag": 0.0,
  "daily_precip_sum": 0.30000000000000004,
  "daily_temp_mean": 15.316666666666668,
  "daily_wind_mean": 13.237499999999999,
  "daily_wind_dir_deg": 77.38754585605437
}