{
  "samples_local": {
    "10": {
      "temp": 18.4,
      "precip": 0.0,
      "wind": 20.4,
      "wind_dir_deg": 78.0
    },
    "12": {
      "temp": 20.3,
      "precip": 0.1,
      "wind": 27.7,
      "wind_dir_deg": 92.0
    },
    "14": {
      "temp": 22.5,
      "precip": 0.1,
      "wind": 25.5,
      "wind_dir_deg": 105.0
    },
    "16": {
      "temp": 22.5,
      "precip": 0.0,
      "wind": 25.8,
      "wind_dir_deg": 112.0
    }
  },
  "ride_temp_mean": 20.925,
  "ride_wind_mean": 24.85,
  "ride_wind_dir_deg": 97.69104032949429,
  "ride_rain_flag": 0.0,
  "tent_rain_flag": 1.0,
  "daily_precip_sum": 4.3999999999999995,
  "daily_temp_mean": 18.716666666666665,
  "daily_wind_mean": 20.7,
  "daily_wind_dir_deg": 89.28511032708712
}