{
  "samples_local": {
    "10": {
      "temp": 19.9,
      "precip": 0.0,
      "wind": 16.9,
      "wind_dir_deg": 67.0
    },
    "12": {
      "temp": 22.1,
      "precip": 0.0,
      "wind": 19.4,
      "wind_dir_deg": 75.0
    },
    "14": {
      "temp": 22.5,
      "precip": 0.0,
      "wind": 17.7,
      "wind_dir_deg": 81.0
    },
    "16": {
      "temp": 22.1,
      "precip": 0.0,
      "wind": 15.0,
      "wind_dir_deg": 86.0
    }
  },
  "ride_temp_mean": 21.65,
  "ride_wind_mean": 17.25,
  "ride_wind_dir_deg": 76.9744918735027,
  "ride_rain_flag": 0.0,
  "tent_rain_flag": 0.0,
  "daily_precip_sum": 0.30000000000000004,
  "daily_temp_mean": 18.212500000000002,
  "daily_wind_mean": 12.708333333333334,
  "daily_wind_dir_deg": 75.07436001190922
}