{
  "samples_local": {
    "10": {
      "temp": 19.3,
      "precip": 0.0,
      "wind": 15.6,
      "wind_dir_deg": 60.0
    },
    "12": {
      "temp": 21.6,
      "precip": 0.0,
      "wind": 19.6,
      "wind_dir_deg": 71.0
    },
    "14": {
      "temp": 22.3,
      "precip": 0.0,
      "wind": 18.1,
      "wind_dir_deg": 60.0
    },
    "16": {
      "temp": 22.6,
      "precip": 0.0,
      "wind": 16.5,
      "wind_dir_deg": 70.0
    }
  },
  "ride_temp_mean": 21.450000000000003,
  "ride_wind_mean": 17.45,
  "ride_wind_dir_deg": 65.453135392577,
  "ride_rain_flag": 0.0,
  "tent_rain_flag": 0.0,
  "daily_precip_sum": 0.1,
  "daily_temp_mean": 18.366666666666667,
  "daily_wind_mean": 13.237499999999999,
  "daily_wind_dir_deg": 59.69158638540006
}