{
  "samples_local": {
    "10": {
      "temp": 17.8,
      "precip": 0.2,
      "wind": 26.2,
      "wind_dir_deg": 81.0
    },
    "12": {
      "temp": 18.8,
      "precip": 0.1,
      "wind": 26.5,
      "wind_dir_deg": 89.0
    },
    "14": {
      "temp": 19.1,
      "precip": 0.7,
      "wind": 27.7,
      "wind_dir_deg": 99.0
    },
    "16": {
      "temp": 18.5,
      "precip": 0.7,
      "wind": 22.5,
      "wind_dir_deg": 100.0
    }
  },
  "ride_temp_mean": 18.55,
  "ride_wind_mean": 25.725,
  "ride_wind_dir_deg": 92.06804054704025,
  "ride_rain_flag": 1.0,
  "tent_rain_flag": 1.0,
  "daily_precip_sum": 25.9,
  "daily_temp_mean": 17.420833333333334,
  "daily_wind_mean": 23.745833333333334,
  "daily_wind_dir_deg": 85.86736428684617
}