{
  "samples_local": {
    "10": {
      "temp": 10.0,
      "precip": 0.0,
      "wind": 19.3,
      "wind_dir_deg": 265.0
    },
    "12": {
      "temp": 10.9,
      "precip": 0.1,
      "wind": 15.0,
      "wind_dir_deg": 264.0
    },
    "14": {
      "temp": 10.8,
      "precip": 0.6,
      "wind": 13.3,
      "wind_dir_deg": 242.0
    },
    "16": {
      "temp": 10.1,
      "precip": 0.1,
      "wind": 14.6,
      "wind_dir_deg": 251.0
    }
  },
  "ride_temp_mean": 10.45,
  "ride_wind_mean": 15.55,
  "ride_wind_dir_deg": 256.5758223628204,
  "ride_rain_flag": 1.0,
  "tent_rain_flag": 1.0,
  "daily_precip_sum": 14.9,
  "daily_temp_mean": 9.887500000000001,
  "daily_wind_mean": 11.766666666666666,
  "daily_wind_dir_deg": 245.46273391989448
}