{
  "samples_local": {
    "10": {
      "temp": 9.9,
      "precip": 0.6,
      "wind": 18.3,
      "wind_dir_deg": 257.0
    },
    "12": {
      "temp": 11.9,
      "precip": 0.1,
      "wind": 22.2,
      "wind_dir_deg": 261.0
    },
    "14": {
      "temp": 10.4,
      "precip": 1.9,
      "wind": 12.3,
      "wind_dir_deg": 243.0
    },
    "16": {
      "temp": 10.7,
      "precip": 0.4,
      "wind": 12.5,
      "wind_dir_deg": 227.0
    }
  },
  "ride_temp_mean": 10.725,
  "ride_wind_mean": 16.325,
  "ride_wind_dir_deg": 250.07472312087054,
  "ride_rain_flag": 1.0,
  "tent_rain_flag": 1.0,
  "daily_precip_sum": 19.4,
  "daily_temp_mean": 10.291666666666666,
  "daily_wind_mean": 14.070833333333333,
  "daily_wind_dir_deg": 242.5221757524202
}