{
  "samples_local": {
    "10": {
      "temp": 8.1,
      "precip": 0.5,
      "wind": 16.8,
      "wind_dir_deg": 258.0
    },
    "12": {
      "temp": 8.0,
      "precip": 5.2,
      "wind": 12.8,
      "wind_dir_deg": 244.0
    },
    "14": {
      "temp": 8.2,
      "precip": 1.9,
      "wind": 13.3,
      "wind_dir_deg": 251.0
    },
    "16": {
      "temp": 8.6,
      "precip": 0.8,
      "wind": 11.8,
      "wind_dir_deg": 232.0
    }
  },
  "ride_temp_mean": 8.225,
  "ride_wind_mean": 13.675,
  "ride_wind_dir_deg": 247.43485365971716,
  "ride_rain_flag": 1.0,
  "tent_rain_flag": 1.0,
  "daily_precip_sum": 35.1,
  "daily_temp_mean": 8.195833333333333,
  "daily_wind_mean": 13.270833333333334,
  "daily_wind_dir_deg": 253.72878924443887
}