{
  "samples_local": {
    "10": {
      "temp": 10.8,
      "precip": 0.0,
      "wind": 19.1,
      "wind_dir_deg": 242.0
    },
    "12": {
      "temp": 13.4,
      "precip": 0.0,
      "wind": 22.1,
      "wind_dir_deg": 246.0
    },
    "14": {
      "temp": 15.0,
      "precip": 0.0,
      "wind": 25.1,
      "wind_dir_deg": 257.0
    },
    "16": {
      "temp": 14.4,
      "precip": 0.0,
      "wind": 23.7,
      "wind_dir_deg": 248.0
    }
  },
  "ride_temp_mean": 13.4,
  "ride_wind_mean": 22.5,
  "ride_wind_dir_deg": 248.74114820719598,
  "ride_rain_flag": 0.0,
  "tent_rain_flag": 0.0,
  "daily_precip_sum": 0.0,
  "daily_temp_mean": 10.254166666666666,
  "daily_wind_mean": 18.391666666666666,
  "daily_wind_dir_deg": 246.54128170276746
}