{
  "samples_local": {
    "10": {
      "temp": 10.9,
      "precip": 0.0,
      "wind": 19.1,
      "wind_dir_deg": 239.0
    },
    "12": {
      "temp": 13.1,
      "precip": 0.0,
      "wind": 23.8,
      "wind_dir_deg": 260.0
    },
    "14": {
      "temp": 13.8,
      "precip": 0.0,
      "wind": 24.3,
      "wind_dir_deg": 251.0
    },
    "16": {
      "temp": 14.3,
      "precip": 0.0,
      "wind": 20.9,
      "wind_dir_deg": 243.0
    }
  },
  "ride_temp_mean": 13.025,
  "ride_wind_mean": 22.025,
  "ride_wind_dir_deg": 248.9264369418106,
  "ride_rain_flag": 0.0,
  "tent_rain_flag": 0.0,
  "daily_precip_sum": 0.0,
  "daily_temp_mean": 10.195833333333335,
  "daily_wind_mean": 17.070833333333333,
  "daily_wind_dir_deg": 243.00835947274527
}