{
  "samples_local": {
    "10": {
      "temp": 13.4,
      "precip": 0.0,
      "wind": 19.2,
      "wind_dir_deg": 250.0
    },
    "12": {
      "temp": 14.4,
      "precip": 0.0,
      "wind": 23.0,
      "wind_dir_deg": 253.0
    },
    "14": {
      "temp": 15.1,
      "precip": 0.0,
      "wind": 24.4,
      "wind_dir_deg": 245.0
    },
    "16": {
      "temp": 15.1,
      "precip": 0.0,
      "wind": 26.4,
      "wind_dir_deg": 243.0
    }
  },
  "ride_temp_mean": 14.5,
  "ride_wind_mean": 23.25,
  "ride_wind_dir_deg": 247.44213765071936,
  "ride_rain_flag": 0.0,
  "tent_rain_flag": 0.0,
  "daily_precip_sum": 0.0,
  "daily_temp_mean": 12.054166666666667,
  "daily_wind_mean": 18.683333333333334,
  "daily_wind_dir_deg": 256.2419206705235
}