{
  "samples_local": {
    "10": {
      "temp": 12.9,
      "precip": 0.0,
      "wind": 17.3,
      "wind_dir_deg": 236.0
    },
    "12": {
      "temp": 14.9,
      "precip": 0.0,
      "wind": 20.2,
      "wind_dir_deg": 257.0
    },
    "14": {
      "temp": 15.6,
      "precip": 0.0,
      "wind": 20.3,
      "wind_dir_deg": 247.0
    },
    "16": {
      "temp": 15.6,
      "precip": 0.0,
      "wind": 16.4,
      "wind_dir_deg": 241.0
    }
  },
  "ride_temp_mean": 14.75,
  "ride_wind_mean": 18.55,
  "ride_wind_dir_deg": 245.8247296922234,
  "ride_rain_flag": 0.0,
  "tent_rain_flag": 1.0,
  "daily_precip_sum": 1.3,
  "daily_temp_mean": 12.516666666666666,
  "daily_wind_mean": 13.195833333333333,
  "daily_wind_dir_deg": 242.41894670226162
}