{
  "samples_local": {
    "10": {
      "temp": 13.1,
      "precip": 0.0,
      "wind": 11.6,
      "wind_dir_deg": 238.0
    },
    "12": {
      "temp": 14.9,
      "precip": 0.0,
      "wind": 13.6,
      "wind_dir_deg": 259.0
    },
    "14": {
      "temp": 15.4,
      "precip": 0.0,
      "wind": 18.2,
      "wind_dir_deg": 254.0
    },
    "16": {
      "temp": 14.8,
      "precip": 0.0,
      "wind": 17.7,
      "wind_dir_deg": 246.0
    }
  },
  "ride_temp_mean": 14.55,
  "ride_wind_mean": 15.274999999999999,
  "ride_wind_dir_deg": 249.76417801955827,
  "ride_rain_flag": 0.0,
  "tent_rain_flag": 0.0,
  "daily_precip_sum": 0.0,
  "daily_temp_mean": 10.404166666666667,
  "daily_wind_mean": 12.975,
  "daily_wind_dir_deg": 240.4380848298082
}