{
  "samples_local": {
    "10": {
      "temp": 8.5,
      "precip": 0.0,
      "wind": 23.9,
      "wind_dir_deg": 247.0
    },
    "12": {
      "temp": 10.0,
      "precip": 0.0,
      "wind": 23.0,
      "wind_dir_deg": 240.0
    },
    "14": {
      "temp": 10.7,
      "precip": 0.0,
      "wind": 27.4,
      "wind_dir_deg": 250.0
    },
    "16": {
      "temp": 10.0,
      "precip": 0.0,
      "wind": 24.5,
      "wind_dir_deg": 242.0
    }
  },
  "ride_temp_mean": 9.8,
  "ride_wind_mean": 24.7,
  "ride_wind_dir_deg": 244.96241846301174,
  "ride_rain_flag": 0.0,
  "tent_rain_flag": 1.0,
  "daily_precip_sum": 10.299999999999999,
  "daily_temp_mean": 8.120833333333334,
  "daily_wind_mean": 23.066666666666666,
  "daily_wind_dir_deg": 246.72170411897326
}