{
  "samples_local": {
    "10": {
      "temp": 11.6,
      "precip": 0.0,
      "wind": 19.2,
      "wind_dir_deg": 227.0
    },
    "12": {
      "temp": 14.4,
      "precip": 0.0,
      "wind": 22.9,
      "wind_dir_deg": 226.0
    },
    "14": {
      "temp": 15.6,
      "precip": 0.0,
      "wind": 24.7,
      "wind_dir_deg": 251.0
    },
    "16": {
      "temp": 15.4,
      "precip": 0.0,
      "wind": 20.5,
      "wind_dir_deg": 236.0
    }
  },
  "ride_temp_mean": 14.25,
  "ride_wind_mean": 21.825,
  "ride_wind_dir_deg": 235.6081857994751,
  "ride_rain_flag": 0.0,
  "tent_rain_flag": 0.0,
  "daily_precip_sum": 0.0,
  "daily_temp_mean": 11.720833333333333,
  "daily_wind_mean": 18.654166666666665,
  "daily_wind_dir_deg": 229.782851356753
}