{
  "samples_local": {
    "10": {
      "temp": 14.3,
      "precip": 0.0,
      "wind": 16.6,
      "wind_dir_deg": 271.0
    },
    "12": {
      "temp": 15.1,
      "precip": 0.0,
      "wind": 19.1,
      "wind_dir_deg": 259.0
    },
    "14": {
      "temp": 15.2,
      "precip": 0.0,
      "wind": 21.4,
      "wind_dir_deg": 250.0
    },
    "16": {
      "temp": 14.4,
      "precip": 0.0,
      "wind": 23.5,
      "wind_dir_deg": 247.0
    }
  },
  "ride_temp_mean": 14.75,
  "ride_wind_mean": 20.15,
  "ride_wind_dir_deg": 255.5558273726712,
  "ride_rain_flag": 0.0,
  "tent_rain_flag": 0.0,
  "daily_precip_sum": 0.0,
  "daily_temp_mean": 12.174999999999999,
  "daily_wind_mean": 16.587500000000002,
  "daily_wind_dir_deg": 250.06166375413284
}