{
  "samples_local": {
    "10": {
      "temp": 13.3,
      "precip": 0.0,
      "wind": 16.6,
      "wind_dir_deg": 253.0
    },
    "12": {
      "temp": 14.6,
      "precip": 0.0,
      "wind": 18.1,
      "wind_dir_deg": 251.0
    },
    "14": {
      "temp": 15.1,
      "precip": 0.0,
      "wind": 19.8,
      "wind_dir_deg": 239.0
    },
    "16": {
      "temp": 14.2,
      "precip": 0.0,
      "wind": 21.6,
      "wind_dir_deg": 237.0
    }
  },
  "ride_temp_mean": 14.3,
  "ride_wind_mean": 19.025000000000002,
  "ride_wind_dir_deg": 244.33727646837156,
  "ride_rain_flag": 0.0,
  "tent_rain_flag": 0.0,
  "daily_precip_sum": 0.0,
  "daily_temp_mean": 10.258333333333333,
  "daily_wind_mean": 13.612499999999999,
  "daily_wind_dir_deg": 245.51498796795374
}