{
  "samples_local": {
    "10": {
      "temp": 11.0,
      "precip": 0.0,
      "wind": 18.8,
      "wind_dir_deg": 232.0
    },
    "12": {
      "temp": 13.4,
      "precip": 0.0,
      "wind": 24.9,
      "wind_dir_deg": 256.0
    },
    "14": {
      "temp": 14.2,
      "precip": 0.0,
      "wind": 26.2,
      "wind_dir_deg": 257.0
    },
    "16": {
      "temp": 14.4,
      "precip": 0.0,
      "wind": 26.0,
      "wind_dir_deg": 254.0
    }
  },
  "ride_temp_mean": 13.25,
  "ride_wind_mean": 23.975,
  "ride_wind_dir_deg": 251.09016773334787,
  "ride_rain_flag": 0.0,
  "tent_rain_flag": 0.0,
  "daily_precip_sum": 0.0,
  "daily_temp_mean": 9.991666666666667,
  "daily_wind_mean": 17.633333333333333,
  "daily_wind_dir_deg": 243.27720962539308
}