{
  "samples_local": {
    "10": {
      "temp": 10.8,
      "precip": 0.0,
      "wind": 20.0,
      "wind_dir_deg": 251.0
    },
    "12": {
      "temp": 12.4,
      "precip": 0.0,
      "wind": 22.8,
      "wind_dir_deg": 253.0
    },
    "14": {
      "temp": 13.2,
      "precip": 0.0,
      "wind": 24.1,
      "wind_dir_deg": 248.0
    },
    "16": {
      "temp": 13.1,
      "precip": 0.0,
      "wind": 23.4,
      "wind_dir_deg": 254.0
    }
  },
  "ride_temp_mean": 12.375,
  "ride_wind_mean": 22.575,
  "ride_wind_dir_deg": 251.48204594061008,
  "ride_rain_flag": 0.0,
  "tent_rain_flag": 1.0,
  "daily_precip_sum": 4.3,
  "daily_temp_mean": 10.424999999999999,
  "daily_wind_mean": 18.420833333333334,
  "daily_wind_dir_deg": 251.64178594630903
}