{
  "samples_local": {
    "10": {
      "temp": 12.5,
      "precip": 0.0,
      "wind": 25.5,
      "wind_dir_deg": 256.0
    },
    "12": {
      "temp": 14.6,
      "precip": 0.0,
      "wind": 28.5,
      "wind_dir_deg": 255.0
    },
    "14": {
      "temp": 15.5,
      "precip": 0.0,
      "wind": 27.7,
      "wind_dir_deg": 254.0
    },
    "16": {
      "temp": 15.4,
      "precip": 0.0,
      "wind": 26.3,
      "wind_dir_deg": 249.0
    }
  },
  "ride_temp_mean": 14.5,
  "ride_wind_mean": 27.0,
  "ride_wind_dir_deg": 253.51943155365777,
  "ride_rain_flag": 0.0,
  "tent_rain_flag": 0.0,
  "daily_precip_sum": 0.0,
  "daily_temp_mean": 10.979166666666666,
  "daily_wind_mean": 20.745833333333334,
  "daily_wind_dir_deg": 246.38259524174404
}