{
  "samples_local": {
    "10": {
      "temp": 12.4,
      "precip": 0.0,
      "wind": 16.4,
      "wind_dir_deg": 243.0
    },
    "12": {
      "temp": 14.9,
      "precip": 0.0,
      "wind": 21.1,
      "wind_dir_deg": 248.0
    },
    "14": {
      "temp": 15.9,
      "precip": 0.0,
      "wind": 21.6,
      "wind_dir_deg": 246.0
    },
    "16": {
      "temp": 15.3,
      "precip": 0.0,
      "wind": 21.3,
      "wind_dir_deg": 241.0
    }
  },
  "ride_temp_mean": 14.625,
  "ride_wind_mean": 20.1,
  "ride_wind_dir_deg": 244.58840399520415,
  "ride_rain_flag": 0.0,
  "tent_rain_flag": 0.0,
  "daily_precip_sum": 0.0,
  "daily_temp_mean": 10.816666666666668,
  "daily_wind_mean": 16.258333333333333,
  "daily_wind_dir_deg": 245.4676504594952
}