{
  "samples_local": {
    "10": {
      "temp": 11.1,
      "precip": 0.0,
      "wind": 19.0,
      "wind_dir_deg": 253.0
    },
    "12": {
      "temp": 14.2,
      "precip": 0.0,
      "wind": 22.7,
      "wind_dir_deg": 254.0
    },
    "14": {
      "temp": 15.3,
      "precip": 0.0,
      "wind": 23.8,
      "wind_dir_deg": 254.0
    },
    "16": {
      "temp": 14.8,
      "precip": 0.0,
      "wind": 25.0,
      "wind_dir_deg": 252.0
    }
  },
  "ride_temp_mean": 13.85,
  "ride_wind_mean": 22.625,
  "ride_wind_dir_deg": 253.23758422644704,
  "ride_rain_flag": 0.0,
  "tent_rain_flag": 0.0,
  "daily_precip_sum": 0.0,
  "daily_temp_mean": 10.195833333333333,
  "daily_wind_mean": 16.841666666666665,
  "daily_wind_dir_deg": 245.80538549724122
}