{
  "samples_local": {
    "10": {
      "temp": 11.9,
      "precip": 0.0,
      "wind": 13.6,
      "wind_dir_deg": 241.0
    },
    "12": {
      "temp": 14.3,
      "precip": 0.0,
      "wind": 17.3,
      "wind_dir_deg": 250.0
    },
    "14": {
      "temp": 15.4,
      "precip": 0.0,
      "wind": 17.9,
      "wind_dir_deg": 245.0
    },
    "16": {
      "temp": 15.1,
      "precip": 0.0,
      "wind": 19.1,
      "wind_dir_deg": 242.0
    }
  },
  "ride_temp_mean": 14.175,
  "ride_wind_mean": 16.975,
  "ride_wind_dir_deg": 244.62760478802932,
  "ride_rain_flag": 0.0,
  "tent_rain_flag": 0.0,
  "daily_precip_sum": 0.0,
  "daily_temp_mean": 10.829166666666666,
  "daily_wind_mean": 14.533333333333333,
  "daily_wind_dir_deg": 242.1557116392475
}