{
  "samples_local": {
    "10": {
      "temp": 12.6,
      "precip": 0.0,
      "wind": 17.3,
      "wind_dir_deg": 243.0
    },
    "12": {
      "temp": 14.9,
      "precip": 0.0,
      "wind": 20.7,
      "wind_dir_deg": 250.0
    },
    "14": {
      "temp": 15.7,
      "precip": 0.0,
      "wind": 22.1,
      "wind_dir_deg": 244.0
    },
    "16": {
      "temp": 15.0,
      "precip": 0.0,
      "wind": 20.6,
      "wind_dir_deg": 245.0
    }
  },
  "ride_temp_mean": 14.55,
  "ride_wind_mean": 20.175,
  "ride_wind_dir_deg": 245.57904467517403,
  "ride_rain_flag": 0.0,
  "tent_rain_flag": 0.0,
  "daily_precip_sum": 0.0,
  "daily_temp_mean": 10.883333333333333,
  "daily_wind_mean": 17.291666666666668,
  "daily_wind_dir_deg": 242.6487710990349
}