{
  "ride_temp_mean": 3.8499999999999996,
  "ride_precip_sum": 0.0,
  "ride_wind_speed": 10.67991394784237,
  "ride_wind_dir": 282.20885894183596,
  "tent_precip_sum": 2.9,
  "tent_temp_mean": 3.775
}