{
  "ride_temp_mean": 9.325,
  "ride_precip_sum": 0.0,
  "ride_wind_speed": 27.43342292841828,
  "ride_wind_dir": 204.94034453630755,
  "tent_precip_sum": 0.5,
  "tent_temp_mean": 8.290000000000001
}