{
  "ride_temp_mean": 10.325,
  "ride_precip_sum": 1.1,
  "ride_wind_speed": 31.89498484978965,
  "ride_wind_dir": 220.5693256328735,
  "tent_precip_sum": 4.6,
  "tent_temp_mean": 9.72
}