{
  "ride_temp_mean": 7.975,
  "ride_precip_sum": 0.0,
  "ride_wind_speed": 23.690551689084913,
  "ride_wind_dir": 193.64879759429292,
  "tent_precip_sum": 0.0,
  "tent_temp_mean": 4.825
}