{
  "ride_temp_mean": 8.7,
  "ride_precip_sum": 0.0,
  "ride_wind_speed": 13.491300979695536,
  "ride_wind_dir": 38.008883388153606,
  "tent_precip_sum": 0.5,
  "tent_temp_mean": 9.25
}