{
  "ride_temp_mean": 8.325,
  "ride_precip_sum": 1.5,
  "ride_wind_speed": 28.891012000465008,
  "ride_wind_dir": 234.99494089800552,
  "tent_precip_sum": 8.4,
  "tent_temp_mean": 7.8
}