{
  "samples_local": {
    "10": {
      "temp": 25.5,
      "precip": 0.4,
      "wind": 6.3,
      "wind_dir_deg": 288.0
    },
    "12": {
      "temp": 25.8,
      "precip": 7.2,
      "wind": 8.2,
      "wind_dir_deg": 261.0
    },
    "14": {
      "temp": 25.0,
      "precip": 4.8,
      "wind": 1.4,
      "wind_dir_deg": 220.0
    },
    "16": {
      "temp": 24.2,
      "precip": 1.8,
      "wind": 5.2,
      "wind_dir_deg": 250.0
    }
  },
  "ride_temp_mean": 25.125,
  "ride_wind_mean": 5.2749999999999995,
  "ride_wind_dir_deg": 263.7214142088797,
  "ride_rain_flag": 1.0,
  "tent_rain_flag": 1.0,
  "daily_precip_sum": 25.1,
  "daily_temp_mean": 23.520833333333332,
  "daily_wind_mean": 5.1125,
  "daily_wind_dir_deg": 271.4332256880091
}