{
  "samples_local": {
    "10": {
      "temp": 10.9,
      "precip": 0.0,
      "wind": 51.8,
      "wind_dir_deg": 240.0
    },
    "12": {
      "temp": 10.5,
      "precip": 0.0,
      "wind": 52.3,
      "wind_dir_deg": 244.0
    },
    "14": {
      "temp": 10.4,
      "precip": 0.0,
      "wind": 55.9,
      "wind_dir_deg": 247.0
    },
    "16": {
      "temp": 10.5,
      "precip": 0.0,
      "wind": 58.3,
      "wind_dir_deg": 247.0
    }
  },
  "ride_temp_mean": 10.575,
  "ride_wind_mean": 54.574999999999996,
  "ride_wind_dir_deg": 244.62108116360065,
  "ride_rain_flag": 0.0,
  "tent_rain_flag": 0.0,
  "daily_precip_sum": 0.5,
  "daily_temp_mean": 10.691666666666668,
  "daily_wind_mean": 51.333333333333336,
  "daily_wind_dir_deg": 240.00693388771145
}