{
  "samples_local": {
    "10": {
      "temp": 5.3,
      "precip": 0.0,
      "wind": 19.1,
      "wind_dir_deg": 227.0
    },
    "12": {
      "temp": 6.3,
      "precip": 0.0,
      "wind": 29.8,
      "wind_dir_deg": 240.0
    },
    "14": {
      "temp": 6.6,
      "precip": 0.0,
      "wind": 28.1,
      "wind_dir_deg": 232.0
    },
    "16": {
      "temp": 5.3,
      "precip": 0.0,
      "wind": 24.6,
      "wind_dir_deg": 221.0
    }
  },
  "ride_temp_mean": 5.875,
  "ride_wind_mean": 25.400000000000002,
  "ride_wind_dir_deg": 230.7431394611905,
  "ride_rain_flag": 0.0,
  "tent_rain_flag": 0.0,
  "daily_precip_sum": 0.0,
  "daily_temp_mean": 4.445833333333334,
  "daily_wind_mean": 20.508333333333333,
  "daily_wind_dir_deg": 223.82353393493418
}