{
  "samples_local": {
    "10": {
      "temp": 7.6,
      "precip": 0.1,
      "wind": 45.6,
      "wind_dir_deg": 241.0
    },
    "12": {
      "temp": 7.7,
      "precip": 0.0,
      "wind": 47.5,
      "wind_dir_deg": 243.0
    },
    "14": {
      "temp": 8.4,
      "precip": 0.0,
      "wind": 47.1,
      "wind_dir_deg": 234.0
    },
    "16": {
      "temp": 8.6,
      "precip": 0.0,
      "wind": 46.2,
      "wind_dir_deg": 231.0
    }
  },
  "ride_temp_mean": 8.075,
  "ride_wind_mean": 46.6,
  "ride_wind_dir_deg": 237.26278365443142,
  "ride_rain_flag": 0.0,
  "tent_rain_flag": 0.0,
  "daily_precip_sum": 0.30000000000000004,
  "daily_temp_mean": 7.558333333333334,
  "daily_wind_mean": 43.5625,
  "daily_wind_dir_deg": 233.76891694162555
}