{
  "samples_local": {
    "10": {
      "temp": 4.5,
      "precip": 1.1,
      "wind": 14.5,
      "wind_dir_deg": 38.0
    },
    "12": {
      "temp": 5.4,
      "precip": 0.6,
      "wind": 16.0,
      "wind_dir_deg": 29.0
    },
    "14": {
      "temp": 5.9,
      "precip": 0.6,
      "wind": 15.2,
      "wind_dir_deg": 27.0
    },
    "16": {
      "temp": 5.9,
      "precip": 0.1,
      "wind": 13.6,
      "wind_dir_deg": 28.0
    }
  },
  "ride_temp_mean": 5.425000000000001,
  "ride_wind_mean": 14.825,
  "ride_wind_dir_deg": 30.454105714737068,
  "ride_rain_flag": 1.0,
  "tent_rain_flag": 1.0,
  "daily_precip_sum": 43.4,
  "daily_temp_mean": 4.741666666666667,
  "daily_wind_mean": 12.695833333333333,
  "daily_wind_dir_deg": 16.673133652500326
}