{
  "samples_local": {
    "10": {
      "temp": 12.2,
      "precip": 0.0,
      "wind": 2.7,
      "wind_dir_deg": 148.0
    },
    "12": {
      "temp": 14.4,
      "precip": 0.0,
      "wind": 6.8,
      "wind_dir_deg": 72.0
    },
    "14": {
      "temp": 14.1,
      "precip": 0.0,
      "wind": 2.3,
      "wind_dir_deg": 342.0
    },
    "16": {
      "temp": 13.1,
      "precip": 0.0,
      "wind": 16.6,
      "wind_dir_deg": 266.0
    }
  },
  "ride_temp_mean": 13.45,
  "ride_wind_mean": 7.1000000000000005,
  "ride_wind_dir_deg": 275.12789478624916,
  "ride_rain_flag": 0.0,
  "tent_rain_flag": 1.0,
  "daily_precip_sum": 0.9,
  "daily_temp_mean": 11.029166666666667,
  "daily_wind_mean": 7.158333333333334,
  "daily_wind_dir_deg": 205.26542449374801
}