{
  "samples_local": {
    "10": {
      "temp": 0.6,
      "precip": 0.0,
      "wind": 17.9
    },
    "12": {
      "temp": 0.5,
      "precip": 0.0,
      "wind": 19.6
    },
    "14": {
      "temp": 0.6,
      "precip": 0.0,
      "wind": 18.4
    },
    "16": {
      "temp": -1.6,
      "precip": 0.0,
      "wind": 17.2
    }
  },
  "ride_temp_mean": 0.024999999999999967,
  "ride_wind_mean": 18.275,
  "ride_rain_flag": 0.0,
  "tent_rain_flag": 0.0,
  "daily_precip_sum": 0.0,
  "daily_temp_mean": -1.3458333333333332,
  "daily_wind_mean": 16.587500000000002
}