{
  "ride_temp_mean": 5.225,
  "ride_precip_sum": 0.2,
  "ride_wind_speed": 30.92189393561511,
  "ride_wind_dir": 36.220456857782665,
  "tent_precip_sum": 1.8,
  "tent_temp_mean": 5.3149999999999995
}