{
  "samples_local": {
    "10": {
      "temp": -1.5,
      "precip": 0.0,
      "wind": 7.6,
      "wind_dir_deg": 289.0
    },
    "12": {
      "temp": 1.3,
      "precip": 0.0,
      "wind": 2.0,
      "wind_dir_deg": 225.0
    },
    "14": {
      "temp": 1.0,
      "precip": 0.0,
      "wind": 6.2,
      "wind_dir_deg": 263.0
    },
    "16": {
      "temp": -0.6,
      "precip": 0.0,
      "wind": 3.3,
      "wind_dir_deg": 319.0
    }
  },
  "ride_temp_mean": 0.05000000000000002,
  "ride_wind_mean": 4.775,
  "ride_wind_dir_deg": 279.380698169226,
  "ride_rain_flag": 0.0,
  "tent_rain_flag": 0.0,
  "daily_precip_sum": 0.0,
  "daily_temp_mean": -1.9916666666666665,
  "daily_wind_mean": 6.233333333333333,
  "daily_wind_dir_deg": 289.54492987132187
}