{
  "samples_local": {
    "10": {
      "temp": -0.4,
      "precip": 0.0,
      "wind": 8.2,
      "wind_dir_deg": 232.0
    },
    "12": {
      "temp": 0.5,
      "precip": 0.0,
      "wind": 5.9,
      "wind_dir_deg": 223.0
    },
    "14": {
      "temp": 0.3,
      "precip": 0.0,
      "wind": 4.6,
      "wind_dir_deg": 225.0
    },
    "16": {
      "temp": 0.1,
      "precip": 0.0,
      "wind": 4.1,
      "wind_dir_deg": 218.0
    }
  },
  "ride_temp_mean": 0.125,
  "ride_wind_mean": 5.699999999999999,
  "ride_wind_dir_deg": 225.74126043017964,
  "ride_rain_flag": 0.0,
  "tent_rain_flag": 0.0,
  "daily_precip_sum": 0.0,
  "daily_temp_mean": -0.6458333333333334,
  "daily_wind_mean": 5.6000000000000005,
  "daily_wind_dir_deg": 230.17263311705133
}