{
  "samples_local": {
    "10": {
      "temp": -0.2,
      "precip": 0.0,
      "wind": 6.3,
      "wind_dir_deg": 257.0
    },
    "12": {
      "temp": 0.3,
      "precip": 0.0,
      "wind": 6.0,
      "wind_dir_deg": 253.0
    },
    "14": {
      "temp": -0.1,
      "precip": 0.0,
      "wind": 3.8,
      "wind_dir_deg": 253.0
    },
    "16": {
      "temp": -0.1,
      "precip": 0.0,
      "wind": 4.1,
      "wind_dir_deg": 255.0
    }
  },
  "ride_temp_mean": -0.02500000000000001,
  "ride_wind_mean": 5.05,
  "ride_wind_dir_deg": 254.65337164469614,
  "ride_rain_flag": 0.0,
  "tent_rain_flag": 0.0,
  "daily_precip_sum": 0.0,
  "daily_temp_mean": -0.6208333333333333,
  "daily_wind_mean": 6.029166666666666,
  "daily_wind_dir_deg": 256.97943095550806
}