{
  "samples_local": {
    "10": {
      "temp": -0.4,
      "precip": 0.0,
      "wind": 10.8,
      "wind_dir_deg": 53.0
    },
    "12": {
      "temp": 0.5,
      "precip": 0.0,
      "wind": 11.5,
      "wind_dir_deg": 44.0
    },
    "14": {
      "temp": -0.3,
      "precip": 0.0,
      "wind": 9.2,
      "wind_dir_deg": 48.0
    },
    "16": {
      "temp": -0.4,
      "precip": 0.0,
      "wind": 8.7,
      "wind_dir_deg": 45.0
    }
  },
  "ride_temp_mean": -0.15000000000000002,
  "ride_wind_mean": 10.05,
  "ride_wind_dir_deg": 47.548371809867774,
  "ride_rain_flag": 0.0,
  "tent_rain_flag": 0.0,
  "daily_precip_sum": 0.0,
  "daily_temp_mean": -0.9666666666666667,
  "daily_wind_mean": 7.654166666666666,
  "daily_wind_dir_deg": 43.177189968029154
}