{
  "samples_local": {
    "10": {
      "temp": -0.6,
      "precip": 0.0,
      "wind": 14.2,
      "wind_dir_deg": 54.0
    },
    "12": {
      "temp": 0.1,
      "precip": 0.0,
      "wind": 14.8,
      "wind_dir_deg": 49.0
    },
    "14": {
      "temp": 0.6,
      "precip": 0.0,
      "wind": 17.6,
      "wind_dir_deg": 31.0
    },
    "16": {
      "temp": 1.1,
      "precip": 0.0,
      "wind": 18.0,
      "wind_dir_deg": 33.0
    }
  },
  "ride_temp_mean": 0.30000000000000004,
  "ride_wind_mean": 16.15,
  "ride_wind_dir_deg": 40.72341659307426,
  "ride_rain_flag": 0.0,
  "tent_rain_flag": 1.0,
  "daily_precip_sum": 0.30000000000000004,
  "daily_temp_mean": 0.25833333333333336,
  "daily_wind_mean": 14.4625,
  "daily_wind_dir_deg": 31.954548380434517
}