{
  "samples_local": {
    "10": {
      "temp": 0.2,
      "precip": 0.0,
      "wind": 4.7,
      "wind_dir_deg": 212.0
    },
    "12": {
      "temp": 0.9,
      "precip": 0.0,
      "wind": 2.5,
      "wind_dir_deg": 188.0
    },
    "14": {
      "temp": -0.3,
      "precip": 0.0,
      "wind": 4.7,
      "wind_dir_deg": 171.0
    },
    "16": {
      "temp": -0.5,
      "precip": 0.0,
      "wind": 1.6,
      "wind_dir_deg": 153.0
    }
  },
  "ride_temp_mean": 0.07500000000000001,
  "ride_wind_mean": 3.375,
  "ride_wind_dir_deg": 186.2714693926142,
  "ride_rain_flag": 0.0,
  "tent_rain_flag": 0.0,
  "daily_precip_sum": 0.0,
  "daily_temp_mean": -0.39166666666666666,
  "daily_wind_mean": 4.2749999999999995,
  "daily_wind_dir_deg": 205.49796629415022
}