{
  "ride_temp_mean": -0.875,
  "ride_precip_sum": 0.0,
  "ride_wind_speed": 16.49539578451098,
  "ride_wind_dir": 293.545079866187,
  "tent_precip_sum": 10.7,
  "tent_temp_mean": -0.58
}