{
  "ride_temp_mean": 8.525,
  "ride_precip_sum": 0.30000000000000004,
  "ride_wind_speed": 26.151730481113233,
  "ride_wind_dir": 223.00572528058757,
  "tent_precip_sum": 4.1,
  "tent_temp_mean": 7.31
}