{
  "ride_temp_mean": 6.45,
  "ride_precip_sum": 0.0,
  "ride_wind_speed": 11.879113171310197,
  "ride_wind_dir": 206.48888651856595,
  "tent_precip_sum": 0.0,
  "tent_temp_mean": 3.245
}