{
  "ride_temp_mean": 17.428571428571427,
  "ride_wind_mean": 17.228571428571428,
  "ride_rain_flag": 0.0,
  "tent_rain_flag": 0.0
}