{
  "ride_temp_mean": 25.12857142857143,
  "ride_wind_mean": 13.914285714285713,
  "ride_rain_flag": 1.0,
  "tent_rain_flag": 0.0
}