{
  "ride_temp_mean": 15.928571428571429,
  "ride_wind_mean": 12.428571428571429,
  "ride_rain_flag": 1.0,
  "tent_rain_flag": 0.0
}