{
  "ride_temp_mean": 24.62857142857143,
  "ride_wind_mean": 17.857142857142858,
  "ride_rain_flag": 0.0,
  "tent_rain_flag": 0.0
}