{
  "samples_local": {
    "10": {
      "temp": 14.7,
      "precip": 0.2,
      "wind": 11.1,
      "wind_dir_deg": 56.0
    },
    "12": {
      "temp": 15.6,
      "precip": 0.0,
      "wind": 12.3,
      "wind_dir_deg": 75.0
    },
    "14": {
      "temp": 15.1,
      "precip": 0.0,
      "wind": 9.5,
      "wind_dir_deg": 90.0
    },
    "16": {
      "temp": 15.7,
      "precip": 0.0,
      "wind": 10.1,
      "wind_dir_deg": 55.0
    }
  },
  "ride_temp_mean": 15.274999999999999,
  "ride_wind_mean": 10.75,
  "ride_wind_dir_deg": 68.65640872665625,
  "ride_rain_flag": 1.0,
  "tent_rain_flag": 1.0,
  "daily_precip_sum": 1.5,
  "daily_temp_mean": 11.254166666666668,
  "daily_wind_mean": 7.320833333333333,
  "daily_wind_dir_deg": 34.07662480980002
}