{
  "samples_local": {
    "10": {
      "temp": 18.1,
      "precip": 0.0,
      "wind": 16.1,
      "wind_dir_deg": 153.0
    },
    "12": {
      "temp": 17.8,
      "precip": 0.0,
      "wind": 16.5,
      "wind_dir_deg": 141.0
    },
    "14": {
      "temp": 17.6,
      "precip": 0.0,
      "wind": 20.0,
      "wind_dir_deg": 131.0
    },
    "16": {
      "temp": 18.0,
      "precip": 0.0,
      "wind": 18.4,
      "wind_dir_deg": 117.0
    }
  },
  "ride_temp_mean": 17.875,
  "ride_wind_mean": 17.75,
  "ride_wind_dir_deg": 134.68429573585973,
  "ride_rain_flag": 0.0,
  "tent_rain_flag": 1.0,
  "daily_precip_sum": 1.4,
  "daily_temp_mean": 18.295833333333334,
  "daily_wind_mean": 18.695833333333333,
  "daily_wind_dir_deg": 121.51329043284215
}