{
  "ride_temp_mean": 20.900000000000002,
  "ride_wind_mean": 8.528571428571428,
  "ride_rain_flag": 1.0,
  "tent_rain_flag": 1.0
}