{
  "ride_temp_mean": 27.342857142857145,
  "ride_wind_mean": 11.214285714285714,
  "ride_rain_flag": 0.0,
  "tent_rain_flag": 1.0
}