{
  "samples_local": {
    "10": {
      "temp": 22.1,
      "precip": 0.0,
      "wind": 42.1,
      "wind_dir_deg": 150.0
    },
    "12": {
      "temp": 22.6,
      "precip": 0.0,
      "wind": 39.5,
      "wind_dir_deg": 162.0
    },
    "14": {
      "temp": 24.0,
      "precip": 0.0,
      "wind": 33.4,
      "wind_dir_deg": 173.0
    },
    "16": {
      "temp": 25.1,
      "precip": 0.0,
      "wind": 36.7,
      "wind_dir_deg": 170.0
    }
  },
  "ride_temp_mean": 23.450000000000003,
  "ride_wind_mean": 37.925,
  "ride_wind_dir_deg": 163.0430747309838,
  "ride_rain_flag": 0.0,
  "tent_rain_flag": 0.0,
  "daily_precip_sum": 0.0,
  "daily_temp_mean": 23.558333333333334,
  "daily_wind_mean": 40.641666666666666,
  "daily_wind_dir_deg": 153.93595051189845
}