{
  "samples_local": {
    "10": {
      "temp": 18.1,
      "precip": 0.0,
      "wind": 10.0
    },
    "12": {
      "temp": 20.1,
      "precip": 0.1,
      "wind": 14.2
    },
    "14": {
      "temp": 21.0,
      "precip": 0.0,
      "wind": 14.8
    },
    "16": {
      "temp": 20.6,
      "precip": 0.1,
      "wind": 16.7
    }
  },
  "ride_temp_mean": 19.950000000000003,
  "ride_wind_mean": 13.925,
  "ride_rain_flag": 0.0,
  "tent_rain_flag": 1.0,
  "daily_precip_sum": 1.6,
  "daily_temp_mean": 17.295833333333334,
  "daily_wind_mean": 10.208333333333334
}