{
  "ride_temp_mean": 20.285714285714285,
  "ride_wind_mean": 9.299999999999999,
  "ride_rain_flag": 0.0,
  "tent_rain_flag": 1.0
}