{
  "samples_local": {
    "10": {
      "temp": 7.9,
      "precip": 0.0,
      "wind": 3.6,
      "wind_dir_deg": 45.0
    },
    "12": {
      "temp": 9.1,
      "precip": 0.0,
      "wind": 10.0,
      "wind_dir_deg": 30.0
    },
    "14": {
      "temp": 10.6,
      "precip": 0.1,
      "wind": 13.4,
      "wind_dir_deg": 54.0
    },
    "16": {
      "temp": 9.4,
      "precip": 0.2,
      "wind": 16.8,
      "wind_dir_deg": 62.0
    }
  },
  "ride_temp_mean": 9.25,
  "ride_wind_mean": 10.950000000000001,
  "ride_wind_dir_deg": 50.928912297779846,
  "ride_rain_flag": 1.0,
  "tent_rain_flag": 1.0,
  "daily_precip_sum": 3.4,
  "daily_temp_mean": 8.320833333333335,
  "daily_wind_mean": 12.733333333333334,
  "daily_wind_dir_deg": 64.20194703403098
}