{
  "samples_local": {
    "10": {
      "temp": 6.5,
      "precip": 0.0,
      "wind": 7.9,
      "wind_dir_deg": 129.0
    },
    "12": {
      "temp": 7.1,
      "precip": 0.0,
      "wind": 3.3,
      "wind_dir_deg": 103.0
    },
    "14": {
      "temp": 7.4,
      "precip": 0.0,
      "wind": 7.5,
      "wind_dir_deg": 35.0
    },
    "16": {
      "temp": 5.7,
      "precip": 0.0,
      "wind": 5.2,
      "wind_dir_deg": 326.0
    }
  },
  "ride_temp_mean": 6.675,
  "ride_wind_mean": 5.975,
  "ride_wind_dir_deg": 66.20071933753928,
  "ride_rain_flag": 0.0,
  "tent_rain_flag": 1.0,
  "daily_precip_sum": 1.7000000000000002,
  "daily_temp_mean": 6.383333333333333,
  "daily_wind_mean": 10.966666666666667,
  "daily_wind_dir_deg": 68.41263117154284
}