{
  "samples_local": {
    "10": {
      "temp": 7.2,
      "precip": 0.1,
      "wind": 11.8,
      "wind_dir_deg": 192.0
    },
    "12": {
      "temp": 7.1,
      "precip": 0.4,
      "wind": 8.8,
      "wind_dir_deg": 189.0
    },
    "14": {
      "temp": 7.6,
      "precip": 0.1,
      "wind": 4.3,
      "wind_dir_deg": 228.0
    },
    "16": {
      "temp": 6.8,
      "precip": 0.0,
      "wind": 3.6,
      "wind_dir_deg": 315.0
    }
  },
  "ride_temp_mean": 7.175,
  "ride_wind_mean": 7.125,
  "ride_wind_dir_deg": 204.95707563684093,
  "ride_rain_flag": 1.0,
  "tent_rain_flag": 0.0,
  "daily_precip_sum": 1.2000000000000002,
  "daily_temp_mean": 6.970833333333334,
  "daily_wind_mean": 10.045833333333333,
  "daily_wind_dir_deg": 229.46052825374213
}