{
  "samples_local": {
    "10": {
      "temp": 7.4,
      "precip": 0.0,
      "wind": 15.3,
      "wind_dir_deg": 99.0
    },
    "12": {
      "temp": 8.5,
      "precip": 0.0,
      "wind": 18.3,
      "wind_dir_deg": 110.0
    },
    "14": {
      "temp": 8.9,
      "precip": 0.0,
      "wind": 14.3,
      "wind_dir_deg": 108.0
    },
    "16": {
      "temp": 8.4,
      "precip": 0.0,
      "wind": 8.0,
      "wind_dir_deg": 117.0
    }
  },
  "ride_temp_mean": 8.3,
  "ride_wind_mean": 13.975000000000001,
  "ride_wind_dir_deg": 107.4813711331293,
  "ride_rain_flag": 0.0,
  "tent_rain_flag": 1.0,
  "daily_precip_sum": 4.8,
  "daily_temp_mean": 7.933333333333334,
  "daily_wind_mean": 14.325000000000001,
  "daily_wind_dir_deg": 93.42141290657042
}