{
  "samples_local": {
    "10": {
      "temp": 7.2,
      "precip": 0.1,
      "wind": 23.2,
      "wind_dir_deg": 106.0
    },
    "12": {
      "temp": 8.1,
      "precip": 0.0,
      "wind": 24.7,
      "wind_dir_deg": 109.0
    },
    "14": {
      "temp": 8.9,
      "precip": 0.0,
      "wind": 17.9,
      "wind_dir_deg": 112.0
    },
    "16": {
      "temp": 7.1,
      "precip": 0.0,
      "wind": 9.6,
      "wind_dir_deg": 110.0
    }
  },
  "ride_temp_mean": 7.825,
  "ride_wind_mean": 18.849999999999998,
  "ride_wind_dir_deg": 108.91647154170141,
  "ride_rain_flag": 0.0,
  "tent_rain_flag": 1.0,
  "daily_precip_sum": 6.3,
  "daily_temp_mean": 7.470833333333334,
  "daily_wind_mean": 15.245833333333332,
  "daily_wind_dir_deg": 94.26329153494748
}