{
  "samples_local": {
    "10": {
      "temp": 15.5,
      "precip": 0.0,
      "wind": 26.6,
      "wind_dir_deg": 340.0
    },
    "12": {
      "temp": 16.5,
      "precip": 0.0,
      "wind": 26.6,
      "wind_dir_deg": 334.0
    },
    "14": {
      "temp": 19.3,
      "precip": 0.0,
      "wind": 21.1,
      "wind_dir_deg": 342.0
    },
    "16": {
      "temp": 19.5,
      "precip": 0.0,
      "wind": 25.4,
      "wind_dir_deg": 337.0
    }
  },
  "ride_temp_mean": 17.7,
  "ride_wind_mean": 24.925,
  "ride_wind_dir_deg": 338.05833801920903,
  "ride_rain_flag": 0.0,
  "tent_rain_flag": 0.0,
  "daily_precip_sum": 0.0,
  "daily_temp_mean": 15.825000000000001,
  "daily_wind_mean": 24.920833333333334,
  "daily_wind_dir_deg": 337.4078116872724
}