{
  "samples_local": {
    "10": {
      "temp": 10.8,
      "precip": 0.0,
      "wind": 14.9,
      "wind_dir_deg": 307.0
    },
    "12": {
      "temp": 13.9,
      "precip": 0.0,
      "wind": 17.0,
      "wind_dir_deg": 311.0
    },
    "14": {
      "temp": 15.9,
      "precip": 0.0,
      "wind": 16.1,
      "wind_dir_deg": 310.0
    },
    "16": {
      "temp": 15.4,
      "precip": 0.0,
      "wind": 16.9,
      "wind_dir_deg": 309.0
    }
  },
  "ride_temp_mean": 14.0,
  "ride_wind_mean": 16.225,
  "ride_wind_dir_deg": 309.3128655620069,
  "ride_rain_flag": 0.0,
  "tent_rain_flag": 0.0,
  "daily_precip_sum": 0.0,
  "daily_temp_mean": 12.008333333333333,
  "daily_wind_mean": 15.174999999999999,
  "daily_wind_dir_deg": 313.809537690481
}