{
  "samples_local": {
    "10": {
      "temp": 17.7,
      "precip": 0.0,
      "wind": 29.0,
      "wind_dir_deg": 342.0
    },
    "12": {
      "temp": 18.0,
      "precip": 0.0,
      "wind": 30.3,
      "wind_dir_deg": 346.0
    },
    "14": {
      "temp": 18.1,
      "precip": 0.0,
      "wind": 31.7,
      "wind_dir_deg": 340.0
    },
    "16": {
      "temp": 18.5,
      "precip": 0.0,
      "wind": 33.5,
      "wind_dir_deg": 338.0
    }
  },
  "ride_temp_mean": 18.075,
  "ride_wind_mean": 31.125,
  "ride_wind_dir_deg": 341.3873021679231,
  "ride_rain_flag": 0.0,
  "tent_rain_flag": 0.0,
  "daily_precip_sum": 0.0,
  "daily_temp_mean": 18.058333333333334,
  "daily_wind_mean": 28.670833333333334,
  "daily_wind_dir_deg": 337.4326025996066
}