{
  "samples_local": {
    "10": {
      "temp": 11.7,
      "precip": 0.0,
      "wind": 2.1,
      "wind_dir_deg": 329.0
    },
    "12": {
      "temp": 14.2,
      "precip": 0.0,
      "wind": 1.5,
      "wind_dir_deg": 120.0
    },
    "14": {
      "temp": 15.2,
      "precip": 0.0,
      "wind": 4.0,
      "wind_dir_deg": 129.0
    },
    "16": {
      "temp": 13.7,
      "precip": 0.0,
      "wind": 8.2,
      "wind_dir_deg": 147.0
    }
  },
  "ride_temp_mean": 13.7,
  "ride_wind_mean": 3.9499999999999997,
  "ride_wind_dir_deg": 136.96010542201327,
  "ride_rain_flag": 0.0,
  "tent_rain_flag": 0.0,
  "daily_precip_sum": 0.0,
  "daily_temp_mean": 8.283333333333333,
  "daily_wind_mean": 5.033333333333333,
  "daily_wind_dir_deg": 284.9765179563519
}