{
  "samples_local": {
    "10": {
      "temp": 12.6,
      "precip": 0.0,
      "wind": 12.8,
      "wind_dir_deg": 332.0
    },
    "12": {
      "temp": 15.6,
      "precip": 0.0,
      "wind": 14.1,
      "wind_dir_deg": 325.0
    },
    "14": {
      "temp": 16.9,
      "precip": 0.0,
      "wind": 13.2,
      "wind_dir_deg": 307.0
    },
    "16": {
      "temp": 17.0,
      "precip": 0.0,
      "wind": 17.0,
      "wind_dir_deg": 298.0
    }
  },
  "ride_temp_mean": 15.524999999999999,
  "ride_wind_mean": 14.275,
  "ride_wind_dir_deg": 314.3629541571152,
  "ride_rain_flag": 0.0,
  "tent_rain_flag": 0.0,
  "daily_precip_sum": 0.0,
  "daily_temp_mean": 13.195833333333333,
  "daily_wind_mean": 14.216666666666667,
  "daily_wind_dir_deg": 330.0216584822231
}