{
  "samples_local": {
    "10": {
      "temp": 14.1,
      "precip": 0.0,
      "wind": 32.4,
      "wind_dir_deg": 323.0
    },
    "12": {
      "temp": 15.2,
      "precip": 0.0,
      "wind": 34.7,
      "wind_dir_deg": 323.0
    },
    "14": {
      "temp": 17.7,
      "precip": 0.0,
      "wind": 32.7,
      "wind_dir_deg": 325.0
    },
    "16": {
      "temp": 17.4,
      "precip": 0.0,
      "wind": 25.7,
      "wind_dir_deg": 319.0
    }
  },
  "ride_temp_mean": 16.099999999999998,
  "ride_wind_mean": 31.375,
  "ride_wind_dir_deg": 322.70235839197005,
  "ride_rain_flag": 0.0,
  "tent_rain_flag": 1.0,
  "daily_precip_sum": 1.0,
  "daily_temp_mean": 14.5625,
  "daily_wind_mean": 26.645833333333332,
  "daily_wind_dir_deg": 319.9451865182457
}