{
  "samples_local": {
    "10": {
      "temp": 12.9,
      "precip": 0.0,
      "wind": 11.2,
      "wind_dir_deg": 311.0
    },
    "12": {
      "temp": 16.4,
      "precip": 0.0,
      "wind": 10.6,
      "wind_dir_deg": 314.0
    },
    "14": {
      "temp": 18.3,
      "precip": 0.0,
      "wind": 10.9,
      "wind_dir_deg": 301.0
    },
    "16": {
      "temp": 18.6,
      "precip": 0.0,
      "wind": 16.4,
      "wind_dir_deg": 295.0
    }
  },
  "ride_temp_mean": 16.55,
  "ride_wind_mean": 12.274999999999999,
  "ride_wind_dir_deg": 304.0820117622207,
  "ride_rain_flag": 0.0,
  "tent_rain_flag": 0.0,
  "daily_precip_sum": 0.0,
  "daily_temp_mean": 13.5,
  "daily_wind_mean": 12.262500000000001,
  "daily_wind_dir_deg": 316.06197063325243
}