{
  "samples_local": {
    "10": {
      "temp": 15.4,
      "precip": 0.0,
      "wind": 32.1,
      "wind_dir_deg": 346.0
    },
    "12": {
      "temp": 15.9,
      "precip": 0.0,
      "wind": 31.7,
      "wind_dir_deg": 341.0
    },
    "14": {
      "temp": 16.5,
      "precip": 0.0,
      "wind": 31.3,
      "wind_dir_deg": 345.0
    },
    "16": {
      "temp": 17.0,
      "precip": 0.0,
      "wind": 28.2,
      "wind_dir_deg": 333.0
    }
  },
  "ride_temp_mean": 16.2,
  "ride_wind_mean": 30.825,
  "ride_wind_dir_deg": 341.49276976358124,
  "ride_rain_flag": 0.0,
  "tent_rain_flag": 0.0,
  "daily_precip_sum": 0.0,
  "daily_temp_mean": 15.808333333333332,
  "daily_wind_mean": 32.50416666666667,
  "daily_wind_dir_deg": 340.51565279403394
}