{
  "samples_local": {
    "10": {
      "temp": 17.6,
      "precip": 0.0,
      "wind": 38.8,
      "wind_dir_deg": 346.0
    },
    "12": {
      "temp": 17.2,
      "precip": 0.0,
      "wind": 34.1,
      "wind_dir_deg": 347.0
    },
    "14": {
      "temp": 16.9,
      "precip": 0.0,
      "wind": 37.4,
      "wind_dir_deg": 332.0
    },
    "16": {
      "temp": 17.2,
      "precip": 0.0,
      "wind": 39.2,
      "wind_dir_deg": 340.0
    }
  },
  "ride_temp_mean": 17.225,
  "ride_wind_mean": 37.375,
  "ride_wind_dir_deg": 341.1584713656659,
  "ride_rain_flag": 0.0,
  "tent_rain_flag": 0.0,
  "daily_precip_sum": 0.0,
  "daily_temp_mean": 17.129166666666666,
  "daily_wind_mean": 33.05833333333333,
  "daily_wind_dir_deg": 345.000995074092
}