{
  "samples_local": {
    "10": {
      "temp": 16.2,
      "precip": 0.0,
      "wind": 35.3,
      "wind_dir_deg": 346.0
    },
    "12": {
      "temp": 16.9,
      "precip": 0.0,
      "wind": 32.7,
      "wind_dir_deg": 354.0
    },
    "14": {
      "temp": 16.7,
      "precip": 0.0,
      "wind": 29.3,
      "wind_dir_deg": 352.0
    },
    "16": {
      "temp": 17.3,
      "precip": 0.0,
      "wind": 28.9,
      "wind_dir_deg": 349.0
    }
  },
  "ride_temp_mean": 16.775,
  "ride_wind_mean": 31.55,
  "ride_wind_dir_deg": 350.1531437602098,
  "ride_rain_flag": 0.0,
  "tent_rain_flag": 0.0,
  "daily_precip_sum": 0.0,
  "daily_temp_mean": 16.474999999999998,
  "daily_wind_mean": 31.72083333333333,
  "daily_wind_dir_deg": 348.4984827271055
}