{
  "samples_local": {
    "10": {
      "temp": 13.1,
      "precip": 0.0,
      "wind": 14.3,
      "wind_dir_deg": 348.0
    },
    "12": {
      "temp": 14.9,
      "precip": 0.0,
      "wind": 15.9,
      "wind_dir_deg": 342.0
    },
    "14": {
      "temp": 17.0,
      "precip": 0.0,
      "wind": 13.5,
      "wind_dir_deg": 337.0
    },
    "16": {
      "temp": 16.5,
      "precip": 0.0,
      "wind": 15.2,
      "wind_dir_deg": 336.0
    }
  },
  "ride_temp_mean": 15.375,
  "ride_wind_mean": 14.725,
  "ride_wind_dir_deg": 340.7596385760746,
  "ride_rain_flag": 0.0,
  "tent_rain_flag": 1.0,
  "daily_precip_sum": 0.4,
  "daily_temp_mean": 13.920833333333334,
  "daily_wind_mean": 16.429166666666667,
  "daily_wind_dir_deg": 351.2530838955578
}