{
  "ride_temp_mean": 10.475,
  "ride_precip_sum": 0.2,
  "ride_wind_speed": 27.773489115505953,
  "ride_wind_dir": 209.3533253253491,
  "tent_precip_sum": 5.2,
  "tent_temp_mean": 9.625
}