{
  "samples_local": {
    "10": {
      "temp": 12.8,
      "precip": 0.0,
      "wind": 18.6,
      "wind_dir_deg": 80.0
    },
    "12": {
      "temp": 14.4,
      "precip": 0.1,
      "wind": 18.2,
      "wind_dir_deg": 76.0
    },
    "14": {
      "temp": 14.2,
      "precip": 0.1,
      "wind": 17.7,
      "wind_dir_deg": 63.0
    },
    "16": {
      "temp": 14.4,
      "precip": 0.1,
      "wind": 15.9,
      "wind_dir_deg": 62.0
    }
  },
  "ride_temp_mean": 13.95,
  "ride_wind_mean": 17.6,
  "ride_wind_dir_deg": 70.62636093261688,
  "ride_rain_flag": 0.0,
  "tent_rain_flag": 1.0,
  "daily_precip_sum": 1.9000000000000001,
  "daily_temp_mean": 12.091666666666667,
  "daily_wind_mean": 14.429166666666667,
  "daily_wind_dir_deg": 67.08371196611978
}