{
  "samples_local": {
    "10": {
      "temp": 12.6,
      "precip": 0.1,
      "wind": 10.0,
      "wind_dir_deg": 116.0
    },
    "12": {
      "temp": 15.4,
      "precip": 0.1,
      "wind": 8.9,
      "wind_dir_deg": 111.0
    },
    "14": {
      "temp": 12.9,
      "precip": 1.3,
      "wind": 10.2,
      "wind_dir_deg": 113.0
    },
    "16": {
      "temp": 13.6,
      "precip": 0.2,
      "wind": 4.2,
      "wind_dir_deg": 110.0
    }
  },
  "ride_temp_mean": 13.625,
  "ride_wind_mean": 8.325,
  "ride_wind_dir_deg": 112.98784873283836,
  "ride_rain_flag": 1.0,
  "tent_rain_flag": 1.0,
  "daily_precip_sum": 11.7,
  "daily_temp_mean": 11.520833333333334,
  "daily_wind_mean": 7.741666666666667,
  "daily_wind_dir_deg": 90.47679706247175
}