{
  "samples_local": {
    "10": {
      "temp": 13.8,
      "precip": 0.0,
      "wind": 12.5,
      "wind_dir_deg": 72.0
    },
    "12": {
      "temp": 13.9,
      "precip": 0.0,
      "wind": 15.9,
      "wind_dir_deg": 108.0
    },
    "14": {
      "temp": 14.8,
      "precip": 0.0,
      "wind": 15.5,
      "wind_dir_deg": 85.0
    },
    "16": {
      "temp": 14.6,
      "precip": 0.0,
      "wind": 13.6,
      "wind_dir_deg": 78.0
    }
  },
  "ride_temp_mean": 14.275,
  "ride_wind_mean": 14.375,
  "ride_wind_dir_deg": 86.78900548845655,
  "ride_rain_flag": 0.0,
  "tent_rain_flag": 1.0,
  "daily_precip_sum": 0.8,
  "daily_temp_mean": 12.529166666666667,
  "daily_wind_mean": 12.154166666666667,
  "daily_wind_dir_deg": 70.36359151330441
}