{
  "samples_local": {
    "10": {
      "temp": 15.8,
      "precip": 0.0,
      "wind": 22.4,
      "wind_dir_deg": 315.0
    },
    "12": {
      "temp": 18.1,
      "precip": 0.0,
      "wind": 24.0,
      "wind_dir_deg": 320.0
    },
    "14": {
      "temp": 20.0,
      "precip": 0.0,
      "wind": 22.5,
      "wind_dir_deg": 325.0
    },
    "16": {
      "temp": 20.0,
      "precip": 0.0,
      "wind": 19.6,
      "wind_dir_deg": 328.0
    }
  },
  "ride_temp_mean": 18.475,
  "ride_wind_mean": 22.125,
  "ride_wind_dir_deg": 321.7783399168284,
  "ride_rain_flag": 0.0,
  "tent_rain_flag": 0.0,
  "daily_precip_sum": 0.0,
  "daily_temp_mean": 14.862499999999999,
  "daily_wind_mean": 19.670833333333334,
  "daily_wind_dir_deg": 314.33587153417716
}