{
  "samples_local": {
    "10": {
      "temp": 16.9,
      "precip": 0.0,
      "wind": 16.3,
      "wind_dir_deg": 317.0
    },
    "12": {
      "temp": 19.2,
      "precip": 0.0,
      "wind": 14.3,
      "wind_dir_deg": 326.0
    },
    "14": {
      "temp": 21.4,
      "precip": 0.0,
      "wind": 13.4,
      "wind_dir_deg": 346.0
    },
    "16": {
      "temp": 18.9,
      "precip": 0.0,
      "wind": 14.1,
      "wind_dir_deg": 52.0
    }
  },
  "ride_temp_mean": 19.099999999999998,
  "ride_wind_mean": 14.525,
  "ride_wind_dir_deg": 346.1073094589069,
  "ride_rain_flag": 0.0,
  "tent_rain_flag": 0.0,
  "daily_precip_sum": 0.0,
  "daily_temp_mean": 15.204166666666666,
  "daily_wind_mean": 13.183333333333335,
  "daily_wind_dir_deg": 326.8516106072775
}