{
  "samples_local": {
    "10": {
      "temp": 16.2,
      "precip": 0.0,
      "wind": 19.6,
      "wind_dir_deg": 319.0
    },
    "12": {
      "temp": 18.5,
      "precip": 0.0,
      "wind": 19.0,
      "wind_dir_deg": 323.0
    },
    "14": {
      "temp": 20.7,
      "precip": 0.0,
      "wind": 16.3,
      "wind_dir_deg": 338.0
    },
    "16": {
      "temp": 20.7,
      "precip": 0.0,
      "wind": 14.6,
      "wind_dir_deg": 344.0
    }
  },
  "ride_temp_mean": 19.025,
  "ride_wind_mean": 17.375,
  "ride_wind_dir_deg": 329.78659060512143,
  "ride_rain_flag": 0.0,
  "tent_rain_flag": 0.0,
  "daily_precip_sum": 0.0,
  "daily_temp_mean": 14.958333333333334,
  "daily_wind_mean": 15.133333333333333,
  "daily_wind_dir_deg": 326.0381904879255
}