{
  "samples_local": {
    "10": {
      "temp": 16.1,
      "precip": 0.0,
      "wind": 19.7,
      "wind_dir_deg": 320.0
    },
    "12": {
      "temp": 18.4,
      "precip": 0.0,
      "wind": 18.4,
      "wind_dir_deg": 329.0
    },
    "14": {
      "temp": 20.0,
      "precip": 0.0,
      "wind": 21.3,
      "wind_dir_deg": 348.0
    },
    "16": {
      "temp": 17.1,
      "precip": 0.0,
      "wind": 13.3,
      "wind_dir_deg": 49.0
    }
  },
  "ride_temp_mean": 17.9,
  "ride_wind_mean": 18.175,
  "ride_wind_dir_deg": 344.6994590843881,
  "ride_rain_flag": 0.0,
  "tent_rain_flag": 0.0,
  "daily_precip_sum": 0.0,
  "daily_temp_mean": 14.533333333333333,
  "daily_wind_mean": 15.591666666666667,
  "daily_wind_dir_deg": 330.38807714772753
}