{
  "samples_local": {
    "10": {
      "temp": 14.4,
      "precip": 0.0,
      "wind": 13.2,
      "wind_dir_deg": 338.0
    },
    "12": {
      "temp": 15.8,
      "precip": 0.1,
      "wind": 10.9,
      "wind_dir_deg": 17.0
    },
    "14": {
      "temp": 15.4,
      "precip": 0.3,
      "wind": 9.0,
      "wind_dir_deg": 29.0
    },
    "16": {
      "temp": 15.3,
      "precip": 0.2,
      "wind": 8.7,
      "wind_dir_deg": 38.0
    }
  },
  "ride_temp_mean": 15.225000000000001,
  "ride_wind_mean": 10.45,
  "ride_wind_dir_deg": 12.020721629995421,
  "ride_rain_flag": 1.0,
  "tent_rain_flag": 1.0,
  "daily_precip_sum": 1.3,
  "daily_temp_mean": 13.383333333333333,
  "daily_wind_mean": 12.158333333333333,
  "daily_wind_dir_deg": 333.23763298064824
}