{
  "ride_temp_mean": 6.925000000000001,
  "ride_precip_sum": 3.0,
  "ride_wind_speed": 28.122036041823826,
  "ride_wind_dir": 275.95613244921026,
  "tent_precip_sum": 11.9,
  "tent_temp_mean": 7.7299999999999995
}