{
  "ride_temp_mean": -5.05,
  "ride_precip_sum": 0.1,
  "ride_wind_speed": 3.594224327441795,
  "ride_wind_dir": 259.7668457101802,
  "tent_precip_sum": 2.9,
  "tent_temp_mean": -5.43
}