{
  "ride_temp_mean": 4.8,
  "ride_precip_sum": 0.0,
  "ride_wind_speed": 1.2127005705776666,
  "ride_wind_dir": 257.0821198254479,
  "tent_precip_sum": 0.30000000000000004,
  "tent_temp_mean": 3.475
}