{
  "ride_temp_mean": 6.4,
  "ride_precip_sum": 0.0,
  "ride_wind_speed": 14.474432148189967,
  "ride_wind_dir": 243.46806405473308,
  "tent_precip_sum": 8.1,
  "tent_temp_mean": 3.4450000000000003
}