{
  "ride_temp_mean": 4.5,
  "ride_precip_sum": 0.0,
  "ride_wind_speed": 0.8061383133242772,
  "ride_wind_dir": 127.43391917542425,
  "tent_precip_sum": 0.0,
  "tent_temp_mean": 1.0050000000000001
}