{
  "ride_temp_mean": -4.025,
  "ride_precip_sum": 1.5,
  "ride_wind_speed": 6.9637384037751096,
  "ride_wind_dir": 313.9812070154853,
  "tent_precip_sum": 10.3,
  "tent_temp_mean": -3.8850000000000002
}