{
  "ride_temp_mean": -3.375,
  "ride_precip_sum": 0.0,
  "ride_wind_speed": 2.639885947896833,
  "ride_wind_dir": 20.543390782275765,
  "tent_precip_sum": 0.0,
  "tent_temp_mean": -9.215
}