{
  "samples_local": {
    "10": {
      "temp": 19.0,
      "precip": 0.0,
      "wind": 16.4,
      "wind_dir_deg": 26.0
    },
    "12": {
      "temp": 21.8,
      "precip": 0.0,
      "wind": 25.0,
      "wind_dir_deg": 46.0
    },
    "14": {
      "temp": 22.6,
      "precip": 0.0,
      "wind": 20.6,
      "wind_dir_deg": 43.0
    },
    "16": {
      "temp": 22.9,
      "precip": 0.0,
      "wind": 16.7,
      "wind_dir_deg": 37.0
    }
  },
  "ride_temp_mean": 21.575,
  "ride_wind_mean": 19.675,
  "ride_wind_dir_deg": 39.15543911300614,
  "ride_rain_flag": 0.0,
  "tent_rain_flag": 0.0,
  "daily_precip_sum": 0.0,
  "daily_temp_mean": 17.583333333333332,
  "daily_wind_mean": 14.995833333333332,
  "daily_wind_dir_deg": 37.679191620276924
}