{
  "samples_local": {
    "10": {
      "temp": 19.9,
      "precip": 0.0,
      "wind": 22.7,
      "wind_dir_deg": 44.0
    },
    "12": {
      "temp": 21.7,
      "precip": 0.0,
      "wind": 21.1,
      "wind_dir_deg": 43.0
    },
    "14": {
      "temp": 22.5,
      "precip": 0.0,
      "wind": 23.2,
      "wind_dir_deg": 36.0
    },
    "16": {
      "temp": 23.2,
      "precip": 0.0,
      "wind": 21.3,
      "wind_dir_deg": 37.0
    }
  },
  "ride_temp_mean": 21.825,
  "ride_wind_mean": 22.075,
  "ride_wind_dir_deg": 39.97051969817829,
  "ride_rain_flag": 0.0,
  "tent_rain_flag": 0.0,
  "daily_precip_sum": 0.0,
  "daily_temp_mean": 19.229166666666668,
  "daily_wind_mean": 19.904166666666665,
  "daily_wind_dir_deg": 35.060624435535885
}