{
  "samples_local": {
    "10": {
      "temp": 19.0,
      "precip": 0.0,
      "wind": 21.6,
      "wind_dir_deg": 15.0
    },
    "12": {
      "temp": 21.4,
      "precip": 0.0,
      "wind": 22.1,
      "wind_dir_deg": 22.0
    },
    "14": {
      "temp": 21.6,
      "precip": 0.0,
      "wind": 20.3,
      "wind_dir_deg": 17.0
    },
    "16": {
      "temp": 23.0,
      "precip": 0.0,
      "wind": 16.6,
      "wind_dir_deg": 22.0
    }
  },
  "ride_temp_mean": 21.25,
  "ride_wind_mean": 20.150000000000002,
  "ride_wind_dir_deg": 18.864881425276906,
  "ride_rain_flag": 0.0,
  "tent_rain_flag": 0.0,
  "daily_precip_sum": 0.0,
  "daily_temp_mean": 18.570833333333333,
  "daily_wind_mean": 16.845833333333335,
  "daily_wind_dir_deg": 4.800944582048885
}