{
  "samples_local": {
    "10": {
      "temp": 18.5,
      "precip": 0.0,
      "wind": 26.3,
      "wind_dir_deg": 30.0
    },
    "12": {
      "temp": 20.4,
      "precip": 0.0,
      "wind": 32.1,
      "wind_dir_deg": 44.0
    },
    "14": {
      "temp": 19.8,
      "precip": 0.0,
      "wind": 27.0,
      "wind_dir_deg": 31.0
    },
    "16": {
      "temp": 21.0,
      "precip": 0.0,
      "wind": 27.2,
      "wind_dir_deg": 28.0
    }
  },
  "ride_temp_mean": 19.925,
  "ride_wind_mean": 28.15,
  "ride_wind_dir_deg": 33.735331157657924,
  "ride_rain_flag": 0.0,
  "tent_rain_flag": 1.0,
  "daily_precip_sum": 0.5,
  "daily_temp_mean": 18.587500000000002,
  "daily_wind_mean": 25.229166666666668,
  "daily_wind_dir_deg": 33.704547571627074
}