{
  "samples_local": {
    "10": {
      "temp": 17.2,
      "precip": 0.0,
      "wind": 21.7,
      "wind_dir_deg": 29.0
    },
    "12": {
      "temp": 19.5,
      "precip": 0.1,
      "wind": 22.4,
      "wind_dir_deg": 28.0
    },
    "14": {
      "temp": 20.3,
      "precip": 0.0,
      "wind": 21.4,
      "wind_dir_deg": 29.0
    },
    "16": {
      "temp": 21.3,
      "precip": 0.0,
      "wind": 20.0,
      "wind_dir_deg": 23.0
    }
  },
  "ride_temp_mean": 19.575,
  "ride_wind_mean": 21.375,
  "ride_wind_dir_deg": 27.335348388452985,
  "ride_rain_flag": 0.0,
  "tent_rain_flag": 0.0,
  "daily_precip_sum": 0.1,
  "daily_temp_mean": 16.945833333333333,
  "daily_wind_mean": 16.608333333333334,
  "daily_wind_dir_deg": 20.278953618553942
}