{
  "samples_local": {
    "10": {
      "temp": 20.0,
      "precip": 0.1,
      "wind": 26.3,
      "wind_dir_deg": 36.0
    },
    "12": {
      "temp": 21.2,
      "precip": 0.0,
      "wind": 28.2,
      "wind_dir_deg": 32.0
    },
    "14": {
      "temp": 21.5,
      "precip": 0.0,
      "wind": 24.7,
      "wind_dir_deg": 29.0
    },
    "16": {
      "temp": 22.2,
      "precip": 0.0,
      "wind": 22.9,
      "wind_dir_deg": 28.0
    }
  },
  "ride_temp_mean": 21.225,
  "ride_wind_mean": 25.525,
  "ride_wind_dir_deg": 31.406795246085267,
  "ride_rain_flag": 0.0,
  "tent_rain_flag": 0.0,
  "daily_precip_sum": 0.1,
  "daily_temp_mean": 19.216666666666665,
  "daily_wind_mean": 20.608333333333334,
  "daily_wind_dir_deg": 25.93923395782076
}