{
  "samples_local": {
    "10": {
      "temp": 19.1,
      "precip": 0.0,
      "wind": 32.1,
      "wind_dir_deg": 37.0
    },
    "12": {
      "temp": 20.0,
      "precip": 0.0,
      "wind": 29.5,
      "wind_dir_deg": 28.0
    },
    "14": {
      "temp": 20.7,
      "precip": 0.1,
      "wind": 31.4,
      "wind_dir_deg": 25.0
    },
    "16": {
      "temp": 21.1,
      "precip": 0.0,
      "wind": 26.8,
      "wind_dir_deg": 15.0
    }
  },
  "ride_temp_mean": 20.225,
  "ride_wind_mean": 29.95,
  "ride_wind_dir_deg": 26.720565786854365,
  "ride_rain_flag": 0.0,
  "tent_rain_flag": 1.0,
  "daily_precip_sum": 0.30000000000000004,
  "daily_temp_mean": 18.670833333333334,
  "daily_wind_mean": 26.045833333333334,
  "daily_wind_dir_deg": 25.982351803899803
}