{
  "samples_local": {
    "10": {
      "temp": 19.0,
      "precip": 0.0,
      "wind": 21.5,
      "wind_dir_deg": 38.0
    },
    "12": {
      "temp": 21.1,
      "precip": 0.0,
      "wind": 24.6,
      "wind_dir_deg": 39.0
    },
    "14": {
      "temp": 22.0,
      "precip": 0.0,
      "wind": 24.6,
      "wind_dir_deg": 38.0
    },
    "16": {
      "temp": 22.0,
      "precip": 0.0,
      "wind": 20.6,
      "wind_dir_deg": 29.0
    }
  },
  "ride_temp_mean": 21.025,
  "ride_wind_mean": 22.825000000000003,
  "ride_wind_dir_deg": 36.24269608014032,
  "ride_rain_flag": 0.0,
  "tent_rain_flag": 0.0,
  "daily_precip_sum": 0.1,
  "daily_temp_mean": 19.1125,
  "daily_wind_mean": 20.341666666666665,
  "daily_wind_dir_deg": 32.89797954295335
}