{
  "samples_local": {
    "10": {
      "temp": 19.5,
      "precip": 0.1,
      "wind": 21.2,
      "wind_dir_deg": 90.0
    },
    "12": {
      "temp": 19.2,
      "precip": 1.6,
      "wind": 22.5,
      "wind_dir_deg": 117.0
    },
    "14": {
      "temp": 18.8,
      "precip": 0.4,
      "wind": 15.0,
      "wind_dir_deg": 111.0
    },
    "16": {
      "temp": 19.9,
      "precip": 0.0,
      "wind": 13.2,
      "wind_dir_deg": 121.0
    }
  },
  "ride_temp_mean": 19.35,
  "ride_wind_mean": 17.975,
  "ride_wind_dir_deg": 108.58986081849952,
  "ride_rain_flag": 1.0,
  "tent_rain_flag": 1.0,
  "daily_precip_sum": 6.8,
  "daily_temp_mean": 17.858333333333334,
  "daily_wind_mean": 15.216666666666667,
  "daily_wind_dir_deg": 96.17154613762443
}