{
  "samples_local": {
    "10": {
      "temp": 24.1,
      "precip": 0.0,
      "wind": 20.2,
      "wind_dir_deg": 90.0
    },
    "12": {
      "temp": 26.3,
      "precip": 0.0,
      "wind": 21.4,
      "wind_dir_deg": 92.0
    },
    "14": {
      "temp": 26.6,
      "precip": 0.0,
      "wind": 22.2,
      "wind_dir_deg": 108.0
    },
    "16": {
      "temp": 26.1,
      "precip": 0.1,
      "wind": 23.3,
      "wind_dir_deg": 119.0
    }
  },
  "ride_temp_mean": 25.775000000000002,
  "ride_wind_mean": 21.775,
  "ride_wind_dir_deg": 102.81835582212699,
  "ride_rain_flag": 0.0,
  "tent_rain_flag": 0.0,
  "daily_precip_sum": 0.4,
  "daily_temp_mean": 22.083333333333332,
  "daily_wind_mean": 16.945833333333333,
  "daily_wind_dir_deg": 96.5109561235966
}