{
  "samples_local": {
    "10": {
      "temp": 23.2,
      "precip": 0.2,
      "wind": 24.7,
      "wind_dir_deg": 97.0
    },
    "12": {
      "temp": 24.1,
      "precip": 0.1,
      "wind": 23.6,
      "wind_dir_deg": 98.0
    },
    "14": {
      "temp": 25.1,
      "precip": 0.1,
      "wind": 21.9,
      "wind_dir_deg": 100.0
    },
    "16": {
      "temp": 25.1,
      "precip": 0.3,
      "wind": 21.7,
      "wind_dir_deg": 116.0
    }
  },
  "ride_temp_mean": 24.375,
  "ride_wind_mean": 22.975,
  "ride_wind_dir_deg": 102.43173998372504,
  "ride_rain_flag": 1.0,
  "tent_rain_flag": 1.0,
  "daily_precip_sum": 1.4000000000000001,
  "daily_temp_mean": 20.933333333333334,
  "daily_wind_mean": 16.75,
  "daily_wind_dir_deg": 98.70721989000674
}