{
  "samples_local": {
    "10": {
      "temp": 17.9,
      "precip": 0.0,
      "wind": 26.2,
      "wind_dir_deg": 108.0
    },
    "12": {
      "temp": 18.0,
      "precip": 0.0,
      "wind": 25.9,
      "wind_dir_deg": 109.0
    },
    "14": {
      "temp": 18.0,
      "precip": 0.0,
      "wind": 22.6,
      "wind_dir_deg": 105.0
    },
    "16": {
      "temp": 17.6,
      "precip": 0.0,
      "wind": 18.6,
      "wind_dir_deg": 113.0
    }
  },
  "ride_temp_mean": 17.875,
  "ride_wind_mean": 23.325,
  "ride_wind_dir_deg": 108.54735227393559,
  "ride_rain_flag": 0.0,
  "tent_rain_flag": 0.0,
  "daily_precip_sum": 0.0,
  "daily_temp_mean": 16.837500000000002,
  "daily_wind_mean": 19.933333333333334,
  "daily_wind_dir_deg": 100.12169153920559
}