{
  "samples_local": {
    "10": {
      "temp": 24.6,
      "precip": 0.0,
      "wind": 25.7,
      "wind_dir_deg": 96.0
    },
    "12": {
      "temp": 26.9,
      "precip": 0.0,
      "wind": 23.3,
      "wind_dir_deg": 95.0
    },
    "14": {
      "temp": 28.6,
      "precip": 0.0,
      "wind": 24.6,
      "wind_dir_deg": 101.0
    },
    "16": {
      "temp": 28.1,
      "precip": 0.0,
      "wind": 22.9,
      "wind_dir_deg": 119.0
    }
  },
  "ride_temp_mean": 27.05,
  "ride_wind_mean": 24.125,
  "ride_wind_dir_deg": 102.44547295308416,
  "ride_rain_flag": 0.0,
  "tent_rain_flag": 0.0,
  "daily_precip_sum": 0.0,
  "daily_temp_mean": 22.929166666666664,
  "daily_wind_mean": 17.870833333333334,
  "daily_wind_dir_deg": 95.14747602657155
}