{
  "samples_local": {
    "10": {
      "temp": 21.8,
      "precip": 0.0,
      "wind": 20.9,
      "wind_dir_deg": 89.0
    },
    "12": {
      "temp": 21.0,
      "precip": 0.4,
      "wind": 19.7,
      "wind_dir_deg": 102.0
    },
    "14": {
      "temp": 24.0,
      "precip": 0.1,
      "wind": 19.7,
      "wind_dir_deg": 96.0
    },
    "16": {
      "temp": 22.7,
      "precip": 0.0,
      "wind": 16.9,
      "wind_dir_deg": 107.0
    }
  },
  "ride_temp_mean": 22.375,
  "ride_wind_mean": 19.299999999999997,
  "ride_wind_dir_deg": 98.04554135963463,
  "ride_rain_flag": 1.0,
  "tent_rain_flag": 1.0,
  "daily_precip_sum": 5.3,
  "daily_temp_mean": 19.608333333333334,
  "daily_wind_mean": 15.125,
  "daily_wind_dir_deg": 94.64004280429083
}