{
  "samples_local": {
    "10": {
      "temp": 17.5,
      "precip": 0.1,
      "wind": 28.6,
      "wind_dir_deg": 104.0
    },
    "12": {
      "temp": 18.6,
      "precip": 0.0,
      "wind": 26.2,
      "wind_dir_deg": 112.0
    },
    "14": {
      "temp": 19.2,
      "precip": 0.0,
      "wind": 25.5,
      "wind_dir_deg": 105.0
    },
    "16": {
      "temp": 18.8,
      "precip": 0.0,
      "wind": 23.4,
      "wind_dir_deg": 106.0
    }
  },
  "ride_temp_mean": 18.525,
  "ride_wind_mean": 25.925,
  "ride_wind_dir_deg": 106.71687602183488,
  "ride_rain_flag": 0.0,
  "tent_rain_flag": 1.0,
  "daily_precip_sum": 0.7,
  "daily_temp_mean": 16.604166666666668,
  "daily_wind_mean": 20.720833333333335,
  "daily_wind_dir_deg": 98.8153844714742
}