{
  "samples_local": {
    "10": {
      "temp": 10.9,
      "precip": 0.0,
      "wind": 7.1,
      "wind_dir_deg": 106.0
    },
    "12": {
      "temp": 14.6,
      "precip": 0.0,
      "wind": 15.5,
      "wind_dir_deg": 115.0
    },
    "14": {
      "temp": 15.6,
      "precip": 0.0,
      "wind": 16.5,
      "wind_dir_deg": 119.0
    },
    "16": {
      "temp": 15.6,
      "precip": 0.0,
      "wind": 19.3,
      "wind_dir_deg": 111.0
    }
  },
  "ride_temp_mean": 14.175,
  "ride_wind_mean": 14.6,
  "ride_wind_dir_deg": 113.71506369557682,
  "ride_rain_flag": 0.0,
  "tent_rain_flag": 0.0,
  "daily_precip_sum": 0.1,
  "daily_temp_mean": 9.916666666666666,
  "daily_wind_mean": 11.145833333333334,
  "daily_wind_dir_deg": 117.79068554468881
}