{
  "samples_local": {
    "10": {
      "temp": 8.4,
      "precip": 0.0,
      "wind": 6.2,
      "wind_dir_deg": 255.0
    },
    "12": {
      "temp": 10.1,
      "precip": 0.0,
      "wind": 6.0,
      "wind_dir_deg": 299.0
    },
    "14": {
      "temp": 9.9,
      "precip": 0.1,
      "wind": 1.3,
      "wind_dir_deg": 236.0
    },
    "16": {
      "temp": 8.7,
      "precip": 1.7,
      "wind": 12.9,
      "wind_dir_deg": 109.0
    }
  },
  "ride_temp_mean": 9.275,
  "ride_wind_mean": 6.6000000000000005,
  "ride_wind_dir_deg": 181.85013048097954,
  "ride_rain_flag": 1.0,
  "tent_rain_flag": 1.0,
  "daily_precip_sum": 3.6999999999999997,
  "daily_temp_mean": 6.133333333333333,
  "daily_wind_mean": 7.308333333333334,
  "daily_wind_dir_deg": 163.23256539237036
}