{
  "samples_local": {
    "10": {
      "temp": 5.3,
      "precip": 0.0,
      "wind": 13.2,
      "wind_dir_deg": 212.0
    },
    "12": {
      "temp": 6.6,
      "precip": 0.0,
      "wind": 13.1,
      "wind_dir_deg": 223.0
    },
    "14": {
      "temp": 7.8,
      "precip": 0.0,
      "wind": 12.6,
      "wind_dir_deg": 217.0
    },
    "16": {
      "temp": 7.5,
      "precip": 0.0,
      "wind": 9.9,
      "wind_dir_deg": 175.0
    }
  },
  "ride_temp_mean": 6.8,
  "ride_wind_mean": 12.2,
  "ride_wind_dir_deg": 209.09543554608493,
  "ride_rain_flag": 0.0,
  "tent_rain_flag": 1.0,
  "daily_precip_sum": 1.7000000000000002,
  "daily_temp_mean": 6.004166666666666,
  "daily_wind_mean": 11.629166666666668,
  "daily_wind_dir_deg": 199.74866481818367
}