{
  "samples_local": {
    "10": {
      "temp": 8.8,
      "precip": 0.0,
      "wind": 19.9,
      "wind_dir_deg": 121.0
    },
    "12": {
      "temp": 10.2,
      "precip": 0.0,
      "wind": 23.0,
      "wind_dir_deg": 118.0
    },
    "14": {
      "temp": 11.9,
      "precip": 0.0,
      "wind": 18.6,
      "wind_dir_deg": 131.0
    },
    "16": {
      "temp": 12.1,
      "precip": 0.0,
      "wind": 16.3,
      "wind_dir_deg": 128.0
    }
  },
  "ride_temp_mean": 10.75,
  "ride_wind_mean": 19.45,
  "ride_wind_dir_deg": 123.96905514347372,
  "ride_rain_flag": 0.0,
  "tent_rain_flag": 0.0,
  "daily_precip_sum": 0.2,
  "daily_temp_mean": 8.674999999999999,
  "daily_wind_mean": 17.900000000000002,
  "daily_wind_dir_deg": 121.80731119229245
}