{
  "samples_local": {
    "10": {
      "temp": 5.5,
      "precip": 0.0,
      "wind": 9.2,
      "wind_dir_deg": 196.0
    },
    "12": {
      "temp": 6.7,
      "precip": 0.0,
      "wind": 7.7,
      "wind_dir_deg": 177.0
    },
    "14": {
      "temp": 5.9,
      "precip": 0.0,
      "wind": 8.1,
      "wind_dir_deg": 177.0
    },
    "16": {
      "temp": 6.2,
      "precip": 0.0,
      "wind": 6.3,
      "wind_dir_deg": 185.0
    }
  },
  "ride_temp_mean": 6.075,
  "ride_wind_mean": 7.824999999999999,
  "ride_wind_dir_deg": 184.1797679258292,
  "ride_rain_flag": 0.0,
  "tent_rain_flag": 0.0,
  "daily_precip_sum": 0.0,
  "daily_temp_mean": 4.808333333333334,
  "daily_wind_mean": 7.558333333333334,
  "daily_wind_dir_deg": 195.17807066656533
}