{
  "samples_local": {
    "10": {
      "temp": 9.1,
      "precip": 0.1,
      "wind": 19.0,
      "wind_dir_deg": 105.0
    },
    "12": {
      "temp": 10.7,
      "precip": 0.1,
      "wind": 18.5,
      "wind_dir_deg": 108.0
    },
    "14": {
      "temp": 11.2,
      "precip": 0.4,
      "wind": 12.6,
      "wind_dir_deg": 127.0
    },
    "16": {
      "temp": 10.6,
      "precip": 2.1,
      "wind": 17.4,
      "wind_dir_deg": 118.0
    }
  },
  "ride_temp_mean": 10.399999999999999,
  "ride_wind_mean": 16.875,
  "ride_wind_dir_deg": 113.26420735590102,
  "ride_rain_flag": 1.0,
  "tent_rain_flag": 1.0,
  "daily_precip_sum": 12.6,
  "daily_temp_mean": 9.033333333333333,
  "daily_wind_mean": 14.112499999999999,
  "daily_wind_dir_deg": 102.76163198606457
}