{
  "samples_local": {
    "10": {
      "temp": 5.9,
      "precip": 0.0,
      "wind": 12.7,
      "wind_dir_deg": 65.0
    },
    "12": {
      "temp": 7.2,
      "precip": 0.0,
      "wind": 12.7,
      "wind_dir_deg": 77.0
    },
    "14": {
      "temp": 6.9,
      "precip": 0.0,
      "wind": 9.5,
      "wind_dir_deg": 76.0
    },
    "16": {
      "temp": 6.7,
      "precip": 0.0,
      "wind": 8.2,
      "wind_dir_deg": 82.0
    }
  },
  "ride_temp_mean": 6.675000000000001,
  "ride_wind_mean": 10.774999999999999,
  "ride_wind_dir_deg": 74.20156596823529,
  "ride_rain_flag": 0.0,
  "tent_rain_flag": 0.0,
  "daily_precip_sum": 0.30000000000000004,
  "daily_temp_mean": 4.791666666666667,
  "daily_wind_mean": 7.875,
  "daily_wind_dir_deg": 60.211704750397416
}