{
  "samples_local": {
    "10": {
      "temp": 5.3,
      "precip": 0.1,
      "wind": 17.5,
      "wind_dir_deg": 65.0
    },
    "12": {
      "temp": 6.2,
      "precip": 0.1,
      "wind": 15.2,
      "wind_dir_deg": 57.0
    },
    "14": {
      "temp": 6.6,
      "precip": 0.3,
      "wind": 16.6,
      "wind_dir_deg": 50.0
    },
    "16": {
      "temp": 5.8,
      "precip": 0.4,
      "wind": 14.2,
      "wind_dir_deg": 57.0
    }
  },
  "ride_temp_mean": 5.975,
  "ride_wind_mean": 15.875,
  "ride_wind_dir_deg": 57.37392153286788,
  "ride_rain_flag": 1.0,
  "tent_rain_flag": 1.0,
  "daily_precip_sum": 1.4000000000000001,
  "daily_temp_mean": 3.4791666666666665,
  "daily_wind_mean": 12.754166666666668,
  "daily_wind_dir_deg": 47.48059261035121
}