{
  "samples_local": {
    "10": {
      "temp": 4.6,
      "precip": 0.0,
      "wind": 10.7,
      "wind_dir_deg": 65.0
    },
    "12": {
      "temp": 6.7,
      "precip": 0.1,
      "wind": 12.1,
      "wind_dir_deg": 72.0
    },
    "14": {
      "temp": 7.2,
      "precip": 0.0,
      "wind": 10.8,
      "wind_dir_deg": 80.0
    },
    "16": {
      "temp": 7.2,
      "precip": 0.1,
      "wind": 8.8,
      "wind_dir_deg": 70.0
    }
  },
  "ride_temp_mean": 6.425,
  "ride_wind_mean": 10.6,
  "ride_wind_dir_deg": 71.85333531055807,
  "ride_rain_flag": 0.0,
  "tent_rain_flag": 1.0,
  "daily_precip_sum": 0.7000000000000001,
  "daily_temp_mean": 3.033333333333333,
  "daily_wind_mean": 8.108333333333333,
  "daily_wind_dir_deg": 70.57992451148198
}