{
  "samples_local": {
    "10": {
      "temp": 24.5,
      "precip": 6.3,
      "wind": 12.0,
      "wind_dir_deg": 289.0
    },
    "12": {
      "temp": 26.2,
      "precip": 1.4,
      "wind": 10.3,
      "wind_dir_deg": 285.0
    },
    "14": {
      "temp": 26.1,
      "precip": 0.1,
      "wind": 15.7,
      "wind_dir_deg": 266.0
    },
    "16": {
      "temp": 25.6,
      "precip": 1.4,
      "wind": 13.0,
      "wind_dir_deg": 253.0
    }
  },
  "ride_temp_mean": 25.6,
  "ride_wind_mean": 12.75,
  "ride_wind_dir_deg": 271.94431681186364,
  "ride_rain_flag": 1.0,
  "tent_rain_flag": 1.0,
  "daily_precip_sum": 32.7,
  "daily_temp_mean": 24.27916666666667,
  "daily_wind_mean": 10.416666666666666,
  "daily_wind_dir_deg": 280.5247866757868
}