{
  "samples_local": {
    "10": {
      "temp": 5.2,
      "precip": 0.0,
      "wind": 13.2,
      "wind_dir_deg": 68.0
    },
    "12": {
      "temp": 7.2,
      "precip": 0.2,
      "wind": 12.6,
      "wind_dir_deg": 87.0
    },
    "14": {
      "temp": 6.1,
      "precip": 0.6,
      "wind": 13.6,
      "wind_dir_deg": 83.0
    },
    "16": {
      "temp": 7.8,
      "precip": 0.0,
      "wind": 11.7,
      "wind_dir_deg": 92.0
    }
  },
  "ride_temp_mean": 6.575,
  "ride_wind_mean": 12.774999999999999,
  "ride_wind_dir_deg": 82.19729881926992,
  "ride_rain_flag": 1.0,
  "tent_rain_flag": 0.0,
  "daily_precip_sum": 1.0,
  "daily_temp_mean": 3.6208333333333336,
  "daily_wind_mean": 9.833333333333334,
  "daily_wind_dir_deg": 79.25887936011873
}