{
  "ride_temp_mean": 1.65,
  "ride_precip_sum": 0.0,
  "ride_wind_speed": 7.961879030669823,
  "ride_wind_dir": 348.6906932621641,
  "tent_precip_sum": 0.0,
  "tent_temp_mean": -0.49000000000000005
}