{
  "ride_temp_mean": 11.55,
  "ride_precip_sum": 0.0,
  "ride_wind_speed": 24.415505047822606,
  "ride_wind_dir": 250.55212738135702,
  "tent_precip_sum": 0.4,
  "tent_temp_mean": 11.32
}