{
  "ride_temp_mean": 7.375,
  "ride_precip_sum": 0.9,
  "ride_wind_speed": 7.833247985205254,
  "ride_wind_dir": 273.4643513842208,
  "tent_precip_sum": 5.3,
  "tent_temp_mean": 6.475
}