{
  "ride_temp_mean": -7.4750000000000005,
  "ride_precip_sum": 0.5,
  "ride_wind_speed": 4.550742289477724,
  "ride_wind_dir": 256.4300982659198,
  "tent_precip_sum": 1.5,
  "tent_temp_mean": -8.125
}