{
  "ride_temp_mean": 1.15,
  "ride_precip_sum": 0.0,
  "ride_wind_speed": 3.5888779771267414,
  "ride_wind_dir": 295.21593096453773,
  "tent_precip_sum": 9.6,
  "tent_temp_mean": 0.5
}