{
  "ride_temp_mean": 3.2750000000000004,
  "ride_precip_sum": 0.0,
  "ride_wind_speed": 19.04085243710765,
  "ride_wind_dir": 250.64334670369055,
  "tent_precip_sum": 2.4000000000000004,
  "tent_temp_mean": 4.46
}