{
  "ride_temp_mean": 9.6,
  "ride_precip_sum": 0.0,
  "ride_wind_speed": 23.84241171290185,
  "ride_wind_dir": 212.82349783101492,
  "tent_precip_sum": 5.1000000000000005,
  "tent_temp_mean": 8.03
}