{
  "ride_temp_mean": 8.725,
  "ride_precip_sum": 1.9000000000000001,
  "ride_wind_speed": 28.574175936298595,
  "ride_wind_dir": 226.74628644987993,
  "tent_precip_sum": 15.9,
  "tent_temp_mean": 7.915000000000001
}