{
  "ride_temp_mean": -13.325,
  "ride_precip_sum": 0.0,
  "ride_wind_speed": 0.8220029067211668,
  "ride_wind_dir": 49.528848213662855,
  "tent_precip_sum": 0.1,
  "tent_temp_mean": -14.584999999999999
}