{
  "ride_temp_mean": -10.375,
  "ride_precip_sum": 3.6,
  "ride_wind_speed": 8.382643800223901,
  "ride_wind_dir": 351.9144792846616,
  "tent_precip_sum": 18.7,
  "tent_temp_mean": -9.365
}