{
  "ride_temp_mean": -5.05,
  "ride_precip_sum": 0.0,
  "ride_wind_speed": 7.88959064492416,
  "ride_wind_dir": 213.5386168588224,
  "tent_precip_sum": 10.8,
  "tent_temp_mean": -5.4
}