{
  "ride_temp_mean": 0.8,
  "ride_precip_sum": 0.30000000000000004,
  "ride_wind_speed": 2.317719001586572,
  "ride_wind_dir": 272.27034552455035,
  "tent_precip_sum": 2.7,
  "tent_temp_mean": 0.41
}