{
  "ride_temp_mean": 1.625,
  "ride_precip_sum": 1.7,
  "ride_wind_speed": 5.527614646321551,
  "ride_wind_dir": 326.32557635461495,
  "tent_precip_sum": 26.3,
  "tent_temp_mean": 2.775
}