{
  "ride_temp_mean": 11.075,
  "ride_precip_sum": 0.1,
  "ride_wind_speed": 4.388224969886785,
  "ride_wind_dir": 160.98503566209956,
  "tent_precip_sum": 11.5,
  "tent_temp_mean": 7.445
}