{
  "samples_local": {
    "10": {
      "temp": 16.4,
      "precip": 0.0,
      "wind": 14.8,
      "wind_dir_deg": 34.0
    },
    "12": {
      "temp": 18.5,
      "precip": 0.1,
      "wind": 17.8,
      "wind_dir_deg": 47.0
    },
    "14": {
      "temp": 18.8,
      "precip": 0.1,
      "wind": 18.6,
      "wind_dir_deg": 41.0
    },
    "16": {
      "temp": 15.4,
      "precip": 2.6,
      "wind": 21.6,
      "wind_dir_deg": 66.0
    }
  },
  "ride_temp_mean": 17.275,
  "ride_wind_mean": 18.200000000000003,
  "ride_wind_dir_deg": 48.4161737324053,
  "ride_rain_flag": 1.0,
  "tent_rain_flag": 1.0,
  "daily_precip_sum": 6.4,
  "daily_temp_mean": 13.825000000000001,
  "daily_wind_mean": 10.579166666666667,
  "daily_wind_dir_deg": 47.32596490060291
}