{
  "samples_local": {
    "10": {
      "temp": 17.6,
      "precip": 0.0,
      "wind": 11.0,
      "wind_dir_deg": 38.0
    },
    "12": {
      "temp": 19.0,
      "precip": 0.0,
      "wind": 15.0,
      "wind_dir_deg": 30.0
    },
    "14": {
      "temp": 19.3,
      "precip": 0.1,
      "wind": 13.6,
      "wind_dir_deg": 22.0
    },
    "16": {
      "temp": 19.0,
      "precip": 0.2,
      "wind": 11.4,
      "wind_dir_deg": 24.0
    }
  },
  "ride_temp_mean": 18.725,
  "ride_wind_mean": 12.75,
  "ride_wind_dir_deg": 28.24491220532491,
  "ride_rain_flag": 1.0,
  "tent_rain_flag": 1.0,
  "daily_precip_sum": 3.9000000000000004,
  "daily_temp_mean": 14.970833333333333,
  "daily_wind_mean": 8.645833333333334,
  "daily_wind_dir_deg": 15.513204325626361
}