{
  "samples_local": {
    "10": {
      "temp": 17.5,
      "precip": 0.0,
      "wind": 6.0,
      "wind_dir_deg": 73.0
    },
    "12": {
      "temp": 19.4,
      "precip": 0.0,
      "wind": 9.3,
      "wind_dir_deg": 77.0
    },
    "14": {
      "temp": 19.2,
      "precip": 0.1,
      "wind": 11.9,
      "wind_dir_deg": 55.0
    },
    "16": {
      "temp": 19.0,
      "precip": 0.1,
      "wind": 10.4,
      "wind_dir_deg": 56.0
    }
  },
  "ride_temp_mean": 18.775,
  "ride_wind_mean": 9.4,
  "ride_wind_dir_deg": 63.56948785230645,
  "ride_rain_flag": 0.0,
  "tent_rain_flag": 1.0,
  "daily_precip_sum": 0.6000000000000001,
  "daily_temp_mean": 14.958333333333334,
  "daily_wind_mean": 8.033333333333333,
  "daily_wind_dir_deg": 48.207040529092694
}