{
  "ride_temp_mean": -14.875,
  "ride_precip_sum": 0.0,
  "ride_wind_speed": 3.0787174849700456,
  "ride_wind_dir": 305.7607880285221,
  "tent_precip_sum": 0.30000000000000004,
  "tent_temp_mean": -15.75
}