{
  "ride_temp_mean": -8.55,
  "ride_precip_sum": 0.0,
  "ride_wind_speed": 6.8818753794604115,
  "ride_wind_dir": 315.11406175769537,
  "tent_precip_sum": 7.0,
  "tent_temp_mean": -8.01
}