{
  "ride_temp_mean": 6.425,
  "ride_precip_sum": 0.0,
  "ride_wind_speed": 11.155267840815727,
  "ride_wind_dir": 227.09671905057812,
  "tent_precip_sum": 1.5,
  "tent_temp_mean": 5.07
}