{
  "ride_temp_mean": 4.9,
  "ride_precip_sum": 0.0,
  "ride_wind_speed": 7.540522278037314,
  "ride_wind_dir": 213.1232863971616,
  "tent_precip_sum": 0.0,
  "tent_temp_mean": -0.365
}