{
  "samples_local": {
    "10": {
      "temp": 15.2,
      "precip": 1.3,
      "wind": 19.5,
      "wind_dir_deg": 3.0
    },
    "12": {
      "temp": 16.5,
      "precip": 0.5,
      "wind": 23.0,
      "wind_dir_deg": 14.0
    },
    "14": {
      "temp": 16.7,
      "precip": 0.6,
      "wind": 16.6,
      "wind_dir_deg": 4.0
    },
    "16": {
      "temp": 19.1,
      "precip": 4.9,
      "wind": 10.4,
      "wind_dir_deg": 20.0
    }
  },
  "ride_temp_mean": 16.875,
  "ride_wind_mean": 17.375,
  "ride_wind_dir_deg": 9.418110694242728,
  "ride_rain_flag": 1.0,
  "tent_rain_flag": 1.0,
  "daily_precip_sum": 19.900000000000002,
  "daily_temp_mean": 16.254166666666666,
  "daily_wind_mean": 15.720833333333333,
  "daily_wind_dir_deg": 31.997227553320442
}