{
  "samples_local": {
    "10": {
      "temp": 16.0,
      "precip": 0.6,
      "wind": 17.3,
      "wind_dir_deg": 356.0
    },
    "12": {
      "temp": 16.4,
      "precip": 0.9,
      "wind": 17.5,
      "wind_dir_deg": 351.0
    },
    "14": {
      "temp": 16.9,
      "precip": 0.8,
      "wind": 20.3,
      "wind_dir_deg": 353.0
    },
    "16": {
      "temp": 19.0,
      "precip": 0.0,
      "wind": 18.1,
      "wind_dir_deg": 354.0
    }
  },
  "ride_temp_mean": 17.075,
  "ride_wind_mean": 18.3,
  "ride_wind_dir_deg": 353.47813410475385,
  "ride_rain_flag": 1.0,
  "tent_rain_flag": 1.0,
  "daily_precip_sum": 4.6,
  "daily_temp_mean": 16.166666666666668,
  "daily_wind_mean": 14.137500000000001,
  "daily_wind_dir_deg": 7.181167546912377
}