{
  "samples_local": {
    "10": {
      "temp": 15.1,
      "precip": 1.4,
      "wind": 14.8,
      "wind_dir_deg": 354.0
    },
    "12": {
      "temp": 15.4,
      "precip": 0.8,
      "wind": 15.9,
      "wind_dir_deg": 356.0
    },
    "14": {
      "temp": 15.9,
      "precip": 0.9,
      "wind": 18.4,
      "wind_dir_deg": 0.0
    },
    "16": {
      "temp": 17.9,
      "precip": 3.4,
      "wind": 11.7,
      "wind_dir_deg": 326.0
    }
  },
  "ride_temp_mean": 16.075,
  "ride_wind_mean": 15.2,
  "ride_wind_dir_deg": 351.0907804900694,
  "ride_rain_flag": 1.0,
  "tent_rain_flag": 1.0,
  "daily_precip_sum": 15.9,
  "daily_temp_mean": 15.416666666666666,
  "daily_wind_mean": 12.924999999999999,
  "daily_wind_dir_deg": 18.205364865419256
}