{
  "samples_local": {
    "10": {
      "temp": 17.0,
      "precip": 0.7,
      "wind": 16.6,
      "wind_dir_deg": 311.0
    },
    "12": {
      "temp": 16.5,
      "precip": 1.0,
      "wind": 22.4,
      "wind_dir_deg": 307.0
    },
    "14": {
      "temp": 17.9,
      "precip": 0.1,
      "wind": 23.0,
      "wind_dir_deg": 331.0
    },
    "16": {
      "temp": 18.5,
      "precip": 3.4,
      "wind": 19.4,
      "wind_dir_deg": 22.0
    }
  },
  "ride_temp_mean": 17.475,
  "ride_wind_mean": 20.35,
  "ride_wind_dir_deg": 331.23168358613856,
  "ride_rain_flag": 1.0,
  "tent_rain_flag": 1.0,
  "daily_precip_sum": 15.4,
  "daily_temp_mean": 16.395833333333332,
  "daily_wind_mean": 16.908333333333335,
  "daily_wind_dir_deg": 5.77936465933476
}