{
  "samples_local": {
    "10": {
      "temp": 17.9,
      "precip": 0.1,
      "wind": 14.8,
      "wind_dir_deg": 1.0
    },
    "12": {
      "temp": 18.5,
      "precip": 0.1,
      "wind": 18.8,
      "wind_dir_deg": 340.0
    },
    "14": {
      "temp": 17.2,
      "precip": 0.9,
      "wind": 17.4,
      "wind_dir_deg": 320.0
    },
    "16": {
      "temp": 17.8,
      "precip": 0.1,
      "wind": 22.1,
      "wind_dir_deg": 307.0
    }
  },
  "ride_temp_mean": 17.85,
  "ride_wind_mean": 18.275,
  "ride_wind_dir_deg": 329.35808127777517,
  "ride_rain_flag": 1.0,
  "tent_rain_flag": 1.0,
  "daily_precip_sum": 4.6000000000000005,
  "daily_temp_mean": 16.591666666666665,
  "daily_wind_mean": 14.174999999999999,
  "daily_wind_dir_deg": 2.4666537619135624
}