{
  "samples_local": {
    "10": {
      "temp": 16.6,
      "precip": 0.0,
      "wind": 19.0,
      "wind_dir_deg": 333.0
    },
    "12": {
      "temp": 16.5,
      "precip": 2.6,
      "wind": 20.1,
      "wind_dir_deg": 303.0
    },
    "14": {
      "temp": 17.4,
      "precip": 0.2,
      "wind": 25.7,
      "wind_dir_deg": 318.0
    },
    "16": {
      "temp": 18.8,
      "precip": 0.1,
      "wind": 22.2,
      "wind_dir_deg": 352.0
    }
  },
  "ride_temp_mean": 17.325,
  "ride_wind_mean": 21.75,
  "ride_wind_dir_deg": 326.42706958464134,
  "ride_rain_flag": 1.0,
  "tent_rain_flag": 1.0,
  "daily_precip_sum": 9.5,
  "daily_temp_mean": 16.541666666666668,
  "daily_wind_mean": 18.766666666666666,
  "daily_wind_dir_deg": 6.648071901958076
}