{
  "samples_local": {
    "10": {
      "temp": 3.1,
      "precip": 0.1,
      "wind": 26.6,
      "wind_dir_deg": 52.0
    },
    "12": {
      "temp": 5.5,
      "precip": 0.0,
      "wind": 29.4,
      "wind_dir_deg": 62.0
    },
    "14": {
      "temp": 7.1,
      "precip": 0.0,
      "wind": 19.6,
      "wind_dir_deg": 56.0
    },
    "16": {
      "temp": 6.4,
      "precip": 0.0,
      "wind": 8.4,
      "wind_dir_deg": 55.0
    }
  },
  "ride_temp_mean": 5.525,
  "ride_wind_mean": 21.0,
  "ride_wind_dir_deg": 56.732471784116456,
  "ride_rain_flag": 0.0,
  "tent_rain_flag": 1.0,
  "daily_precip_sum": 1.2000000000000002,
  "daily_temp_mean": 3.1291666666666664,
  "daily_wind_mean": 20.445833333333333,
  "daily_wind_dir_deg": 48.398248762671585
}