{
  "samples_local": {
    "10": {
      "temp": 7.8,
      "precip": 0.0,
      "wind": 3.5,
      "wind_dir_deg": 279.0
    },
    "12": {
      "temp": 9.4,
      "precip": 0.0,
      "wind": 17.3,
      "wind_dir_deg": 304.0
    },
    "14": {
      "temp": 10.6,
      "precip": 0.0,
      "wind": 19.1,
      "wind_dir_deg": 300.0
    },
    "16": {
      "temp": 9.8,
      "precip": 0.0,
      "wind": 12.9,
      "wind_dir_deg": 245.0
    }
  },
  "ride_temp_mean": 9.4,
  "ride_wind_mean": 13.200000000000001,
  "ride_wind_dir_deg": 287.2801414380864,
  "ride_rain_flag": 0.0,
  "tent_rain_flag": 0.0,
  "daily_precip_sum": 0.0,
  "daily_temp_mean": 7.129166666666666,
  "daily_wind_mean": 15.908333333333333,
  "daily_wind_dir_deg": 129.3684525528579
}