{
  "samples_local": {
    "10": {
      "temp": 7.7,
      "precip": 0.0,
      "wind": 16.5,
      "wind_dir_deg": 16.0
    },
    "12": {
      "temp": 10.6,
      "precip": 0.0,
      "wind": 17.9,
      "wind_dir_deg": 335.0
    },
    "14": {
      "temp": 11.9,
      "precip": 0.0,
      "wind": 17.0,
      "wind_dir_deg": 328.0
    },
    "16": {
      "temp": 11.9,
      "precip": 0.1,
      "wind": 13.5,
      "wind_dir_deg": 356.0
    }
  },
  "ride_temp_mean": 10.525,
  "ride_wind_mean": 16.225,
  "ride_wind_dir_deg": 347.7984268862766,
  "ride_rain_flag": 0.0,
  "tent_rain_flag": 1.0,
  "daily_precip_sum": 2.0,
  "daily_temp_mean": 8.004166666666666,
  "daily_wind_mean": 13.866666666666667,
  "daily_wind_dir_deg": 21.156690938700763
}