{
  "samples_local": {
    "10": {
      "temp": 6.3,
      "precip": 0.0,
      "wind": 14.9,
      "wind_dir_deg": 316.0
    },
    "12": {
      "temp": 10.7,
      "precip": 0.0,
      "wind": 17.1,
      "wind_dir_deg": 302.0
    },
    "14": {
      "temp": 11.9,
      "precip": 0.0,
      "wind": 20.6,
      "wind_dir_deg": 302.0
    },
    "16": {
      "temp": 11.8,
      "precip": 0.0,
      "wind": 11.3,
      "wind_dir_deg": 307.0
    }
  },
  "ride_temp_mean": 10.175,
  "ride_wind_mean": 15.975000000000001,
  "ride_wind_dir_deg": 306.1394550089648,
  "ride_rain_flag": 0.0,
  "tent_rain_flag": 1.0,
  "daily_precip_sum": 0.4,
  "daily_temp_mean": 7.5249999999999995,
  "daily_wind_mean": 14.770833333333334,
  "daily_wind_dir_deg": 348.6119015911733
}