{
  "samples_local": {
    "10": {
      "temp": 5.8,
      "precip": 0.5,
      "wind": 29.0,
      "wind_dir_deg": 60.0
    },
    "12": {
      "temp": 7.2,
      "precip": 0.0,
      "wind": 28.2,
      "wind_dir_deg": 58.0
    },
    "14": {
      "temp": 8.1,
      "precip": 0.0,
      "wind": 22.7,
      "wind_dir_deg": 56.0
    },
    "16": {
      "temp": 8.2,
      "precip": 0.0,
      "wind": 17.6,
      "wind_dir_deg": 50.0
    }
  },
  "ride_temp_mean": 7.324999999999999,
  "ride_wind_mean": 24.375,
  "ride_wind_dir_deg": 56.687288785387864,
  "ride_rain_flag": 1.0,
  "tent_rain_flag": 1.0,
  "daily_precip_sum": 7.6,
  "daily_temp_mean": 6.2749999999999995,
  "daily_wind_mean": 22.058333333333334,
  "daily_wind_dir_deg": 48.973339468488234
}