{
  "samples_local": {
    "10": {
      "temp": 2.2,
      "precip": 0.3,
      "wind": 14.5,
      "wind_dir_deg": 75.0
    },
    "12": {
      "temp": 4.8,
      "precip": 0.1,
      "wind": 11.9,
      "wind_dir_deg": 80.0
    },
    "14": {
      "temp": 8.3,
      "precip": 0.0,
      "wind": 12.5,
      "wind_dir_deg": 78.0
    },
    "16": {
      "temp": 6.4,
      "precip": 0.0,
      "wind": 2.2,
      "wind_dir_deg": 76.0
    }
  },
  "ride_temp_mean": 5.425000000000001,
  "ride_wind_mean": 10.275,
  "ride_wind_dir_deg": 77.41362739960346,
  "ride_rain_flag": 1.0,
  "tent_rain_flag": 0.0,
  "daily_precip_sum": 0.5,
  "daily_temp_mean": 1.7249999999999999,
  "daily_wind_mean": 8.420833333333333,
  "daily_wind_dir_deg": 44.48866340581674
}