{
  "samples_local": {
    "10": {
      "temp": 4.4,
      "precip": 0.0,
      "wind": 17.1,
      "wind_dir_deg": 7.0
    },
    "12": {
      "temp": 5.6,
      "precip": 0.5,
      "wind": 19.6,
      "wind_dir_deg": 27.0
    },
    "14": {
      "temp": 6.9,
      "precip": 0.1,
      "wind": 26.0,
      "wind_dir_deg": 49.0
    },
    "16": {
      "temp": 6.2,
      "precip": 0.4,
      "wind": 25.1,
      "wind_dir_deg": 60.0
    }
  },
  "ride_temp_mean": 5.775,
  "ride_wind_mean": 21.950000000000003,
  "ride_wind_dir_deg": 39.25852146105865,
  "ride_rain_flag": 1.0,
  "tent_rain_flag": 1.0,
  "daily_precip_sum": 1.8,
  "daily_temp_mean": 4.408333333333333,
  "daily_wind_mean": 17.429166666666667,
  "daily_wind_dir_deg": 34.52490384417638
}