{
  "samples_local": {
    "10": {
      "temp": 5.4,
      "precip": 1.8,
      "wind": 15.8,
      "wind_dir_deg": 41.0
    },
    "12": {
      "temp": 7.7,
      "precip": 0.0,
      "wind": 19.1,
      "wind_dir_deg": 52.0
    },
    "14": {
      "temp": 7.9,
      "precip": 0.5,
      "wind": 21.0,
      "wind_dir_deg": 60.0
    },
    "16": {
      "temp": 7.8,
      "precip": 0.0,
      "wind": 18.4,
      "wind_dir_deg": 63.0
    }
  },
  "ride_temp_mean": 7.2,
  "ride_wind_mean": 18.575,
  "ride_wind_dir_deg": 54.6642892728367,
  "ride_rain_flag": 1.0,
  "tent_rain_flag": 0.0,
  "daily_precip_sum": 2.8000000000000003,
  "daily_temp_mean": 5.395833333333333,
  "daily_wind_mean": 16.462500000000002,
  "daily_wind_dir_deg": 41.98467381932198
}