{
  "samples_local": {
    "10": {
      "temp": 6.8,
      "precip": 0.0,
      "wind": 28.7,
      "wind_dir_deg": 61.0
    },
    "12": {
      "temp": 6.8,
      "precip": 0.2,
      "wind": 30.0,
      "wind_dir_deg": 63.0
    },
    "14": {
      "temp": 7.6,
      "precip": 0.0,
      "wind": 25.6,
      "wind_dir_deg": 66.0
    },
    "16": {
      "temp": 7.6,
      "precip": 0.1,
      "wind": 22.5,
      "wind_dir_deg": 63.0
    }
  },
  "ride_temp_mean": 7.199999999999999,
  "ride_wind_mean": 26.7,
  "ride_wind_dir_deg": 63.18151728362869,
  "ride_rain_flag": 1.0,
  "tent_rain_flag": 1.0,
  "daily_precip_sum": 2.3,
  "daily_temp_mean": 6.416666666666667,
  "daily_wind_mean": 20.533333333333335,
  "daily_wind_dir_deg": 44.29267742915499
}