{
  "samples_local": {
    "10": {
      "temp": 5.4,
      "precip": 2.3,
      "wind": 16.0,
      "wind_dir_deg": 25.0
    },
    "12": {
      "temp": 7.5,
      "precip": 0.0,
      "wind": 23.6,
      "wind_dir_deg": 59.0
    },
    "14": {
      "temp": 8.8,
      "precip": 0.0,
      "wind": 27.7,
      "wind_dir_deg": 69.0
    },
    "16": {
      "temp": 7.2,
      "precip": 0.0,
      "wind": 21.9,
      "wind_dir_deg": 66.0
    }
  },
  "ride_temp_mean": 7.2250000000000005,
  "ride_wind_mean": 22.3,
  "ride_wind_dir_deg": 58.020647029439886,
  "ride_rain_flag": 1.0,
  "tent_rain_flag": 1.0,
  "daily_precip_sum": 3.5,
  "daily_temp_mean": 5.4750000000000005,
  "daily_wind_mean": 17.570833333333333,
  "daily_wind_dir_deg": 38.45323619339979
}