{
  "samples_local": {
    "10": {
      "temp": 6.3,
      "precip": 1.3,
      "wind": 28.0,
      "wind_dir_deg": 53.0
    },
    "12": {
      "temp": 8.1,
      "precip": 0.1,
      "wind": 28.6,
      "wind_dir_deg": 67.0
    },
    "14": {
      "temp": 7.1,
      "precip": 0.1,
      "wind": 22.3,
      "wind_dir_deg": 71.0
    },
    "16": {
      "temp": 7.3,
      "precip": 0.0,
      "wind": 21.3,
      "wind_dir_deg": 61.0
    }
  },
  "ride_temp_mean": 7.199999999999999,
  "ride_wind_mean": 25.05,
  "ride_wind_dir_deg": 62.708029800355064,
  "ride_rain_flag": 1.0,
  "tent_rain_flag": 1.0,
  "daily_precip_sum": 2.7,
  "daily_temp_mean": 5.970833333333334,
  "daily_wind_mean": 17.570833333333333,
  "daily_wind_dir_deg": 45.20529433090053
}