{
  "samples_local": {
    "10": {
      "temp": 6.6,
      "precip": 0.8,
      "wind": 29.3,
      "wind_dir_deg": 66.0
    },
    "12": {
      "temp": 7.6,
      "precip": 0.0,
      "wind": 27.3,
      "wind_dir_deg": 69.0
    },
    "14": {
      "temp": 8.0,
      "precip": 0.1,
      "wind": 26.4,
      "wind_dir_deg": 70.0
    },
    "16": {
      "temp": 7.6,
      "precip": 0.1,
      "wind": 21.4,
      "wind_dir_deg": 67.0
    }
  },
  "ride_temp_mean": 7.449999999999999,
  "ride_wind_mean": 26.1,
  "ride_wind_dir_deg": 68.00096664957431,
  "ride_rain_flag": 1.0,
  "tent_rain_flag": 1.0,
  "daily_precip_sum": 4.2,
  "daily_temp_mean": 6.658333333333334,
  "daily_wind_mean": 21.033333333333335,
  "daily_wind_dir_deg": 47.18315508279085
}