{
  "samples_local": {
    "10": {
      "temp": 5.7,
      "precip": 0.1,
      "wind": 21.7,
      "wind_dir_deg": 61.0
    },
    "12": {
      "temp": 6.9,
      "precip": 0.0,
      "wind": 25.8,
      "wind_dir_deg": 62.0
    },
    "14": {
      "temp": 8.2,
      "precip": 0.0,
      "wind": 27.7,
      "wind_dir_deg": 63.0
    },
    "16": {
      "temp": 7.9,
      "precip": 0.0,
      "wind": 16.5,
      "wind_dir_deg": 55.0
    }
  },
  "ride_temp_mean": 7.175,
  "ride_wind_mean": 22.925,
  "ride_wind_dir_deg": 60.807491218444625,
  "ride_rain_flag": 0.0,
  "tent_rain_flag": 1.0,
  "daily_precip_sum": 3.3000000000000003,
  "daily_temp_mean": 6.4125000000000005,
  "daily_wind_mean": 19.879166666666666,
  "daily_wind_dir_deg": 46.13752167960024
}