{
  "samples_local": {
    "10": {
      "temp": 5.1,
      "precip": 0.0,
      "wind": 24.3,
      "wind_dir_deg": 37.0
    },
    "12": {
      "temp": 5.8,
      "precip": 0.0,
      "wind": 30.1,
      "wind_dir_deg": 63.0
    },
    "14": {
      "temp": 7.1,
      "precip": 0.2,
      "wind": 29.0,
      "wind_dir_deg": 55.0
    },
    "16": {
      "temp": 5.7,
      "precip": 0.0,
      "wind": 24.1,
      "wind_dir_deg": 60.0
    }
  },
  "ride_temp_mean": 5.925,
  "ride_wind_mean": 26.875,
  "ride_wind_dir_deg": 54.34037050794137,
  "ride_rain_flag": 1.0,
  "tent_rain_flag": 0.0,
  "daily_precip_sum": 0.30000000000000004,
  "daily_temp_mean": 3.8666666666666667,
  "daily_wind_mean": 23.212500000000002,
  "daily_wind_dir_deg": 41.499308254699145
}