{
  "ride_temp_mean": 12.2,
  "ride_precip_sum": 0.0,
  "ride_wind_speed": 38.912609748275486,
  "ride_wind_dir": 255.63774694716432,
  "tent_precip_sum": 1.1,
  "tent_temp_mean": 11.85
}