{
  "ride_temp_mean": 9.625,
  "ride_precip_sum": 0.1,
  "ride_wind_speed": 36.12416135687667,
  "ride_wind_dir": 267.37999994833456,
  "tent_precip_sum": 1.0,
  "tent_temp_mean": 9.455
}