{
  "samples_local": {
    "10": {
      "temp": 1.5,
      "precip": 0.2,
      "wind": 4.7,
      "wind_dir_deg": 88.0
    },
    "12": {
      "temp": 3.2,
      "precip": 0.1,
      "wind": 9.4,
      "wind_dir_deg": 120.0
    },
    "14": {
      "temp": 3.5,
      "precip": 0.0,
      "wind": 4.1,
      "wind_dir_deg": 135.0
    },
    "16": {
      "temp": 2.4,
      "precip": 0.0,
      "wind": 3.0,
      "wind_dir_deg": 107.0
    }
  },
  "ride_temp_mean": 2.65,
  "ride_wind_mean": 5.3,
  "ride_wind_dir_deg": 114.07288782086323,
  "ride_rain_flag": 1.0,
  "tent_rain_flag": 1.0,
  "daily_precip_sum": 3.3000000000000003,
  "daily_temp_mean": 1.9000000000000001,
  "daily_wind_mean": 7.208333333333333,
  "daily_wind_dir_deg": 96.69455364245539
}