{
  "samples_local": {
    "10": {
      "temp": 0.6,
      "precip": 0.0,
      "wind": 12.5,
      "wind_dir_deg": 135.0
    },
    "12": {
      "temp": 1.4,
      "precip": 0.0,
      "wind": 10.2,
      "wind_dir_deg": 134.0
    },
    "14": {
      "temp": 1.3,
      "precip": 0.0,
      "wind": 11.8,
      "wind_dir_deg": 140.0
    },
    "16": {
      "temp": -0.1,
      "precip": 0.0,
      "wind": 10.1,
      "wind_dir_deg": 140.0
    }
  },
  "ride_temp_mean": 0.7999999999999999,
  "ride_wind_mean": 11.15,
  "ride_wind_dir_deg": 137.22647254872948,
  "ride_rain_flag": 0.0,
  "tent_rain_flag": 0.0,
  "daily_precip_sum": 0.30000000000000004,
  "daily_temp_mean": 0.05833333333333331,
  "daily_wind_mean": 7.625,
  "daily_wind_dir_deg": 129.4863672156191
}