{
  "samples_local": {
    "10": {
      "temp": 3.8,
      "precip": 0.0,
      "wind": 8.6,
      "wind_dir_deg": 113.0
    },
    "12": {
      "temp": 4.8,
      "precip": 0.0,
      "wind": 11.3,
      "wind_dir_deg": 124.0
    },
    "14": {
      "temp": 4.4,
      "precip": 0.0,
      "wind": 9.3,
      "wind_dir_deg": 106.0
    },
    "16": {
      "temp": 4.2,
      "precip": 0.2,
      "wind": 11.1,
      "wind_dir_deg": 98.0
    }
  },
  "ride_temp_mean": 4.3,
  "ride_wind_mean": 10.075,
  "ride_wind_dir_deg": 110.32807488144442,
  "ride_rain_flag": 1.0,
  "tent_rain_flag": 0.0,
  "daily_precip_sum": 0.6000000000000001,
  "daily_temp_mean": 3.8041666666666667,
  "daily_wind_mean": 8.754166666666666,
  "daily_wind_dir_deg": 100.59908979728783
}