{
  "samples_local": {
    "10": {
      "temp": 4.7,
      "precip": 0.1,
      "wind": 12.4,
      "wind_dir_deg": 118.0
    },
    "12": {
      "temp": 5.2,
      "precip": 0.0,
      "wind": 13.3,
      "wind_dir_deg": 106.0
    },
    "14": {
      "temp": 5.6,
      "precip": 0.0,
      "wind": 12.3,
      "wind_dir_deg": 115.0
    },
    "16": {
      "temp": 4.5,
      "precip": 0.2,
      "wind": 10.6,
      "wind_dir_deg": 108.0
    }
  },
  "ride_temp_mean": 5.0,
  "ride_wind_mean": 12.15,
  "ride_wind_dir_deg": 111.77543819006013,
  "ride_rain_flag": 1.0,
  "tent_rain_flag": 1.0,
  "daily_precip_sum": 1.4000000000000001,
  "daily_temp_mean": 4.104166666666667,
  "daily_wind_mean": 11.091666666666667,
  "daily_wind_dir_deg": 98.69181909902278
}