{
  "samples_local": {
    "10": {
      "temp": 1.8,
      "precip": 0.1,
      "wind": 12.5,
      "wind_dir_deg": 102.0
    },
    "12": {
      "temp": 1.8,
      "precip": 0.1,
      "wind": 12.4,
      "wind_dir_deg": 106.0
    },
    "14": {
      "temp": 2.8,
      "precip": 0.1,
      "wind": 11.3,
      "wind_dir_deg": 112.0
    },
    "16": {
      "temp": 1.9,
      "precip": 0.0,
      "wind": 9.7,
      "wind_dir_deg": 100.0
    }
  },
  "ride_temp_mean": 2.075,
  "ride_wind_mean": 11.475,
  "ride_wind_dir_deg": 105.11760091179588,
  "ride_rain_flag": 0.0,
  "tent_rain_flag": 1.0,
  "daily_precip_sum": 1.7000000000000002,
  "daily_temp_mean": 1.7291666666666667,
  "daily_wind_mean": 11.879166666666668,
  "daily_wind_dir_deg": 96.58530819973583
}