{
  "samples_local": {
    "10": {
      "temp": 25.6,
      "precip": 0.1,
      "wind": 8.8,
      "wind_dir_deg": 235.0
    },
    "12": {
      "temp": 29.0,
      "precip": 0.5,
      "wind": 11.4,
      "wind_dir_deg": 243.0
    },
    "14": {
      "temp": 30.7,
      "precip": 0.1,
      "wind": 7.8,
      "wind_dir_deg": 257.0
    },
    "16": {
      "temp": 30.1,
      "precip": 0.0,
      "wind": 9.6,
      "wind_dir_deg": 256.0
    }
  },
  "ride_temp_mean": 28.85,
  "ride_wind_mean": 9.4,
  "ride_wind_dir_deg": 247.35691353635204,
  "ride_rain_flag": 1.0,
  "tent_rain_flag": 1.0,
  "daily_precip_sum": 5.6000000000000005,
  "daily_temp_mean": 25.129166666666666,
  "daily_wind_mean": 7.2875000000000005,
  "daily_wind_dir_deg": 244.6532782306225
}