{
  "samples_local": {
    "10": {
      "temp": 17.8,
      "precip": 0.0,
      "wind": 13.7,
      "wind_dir_deg": 122.0
    },
    "12": {
      "temp": 19.7,
      "precip": 0.0,
      "wind": 14.5,
      "wind_dir_deg": 102.0
    },
    "14": {
      "temp": 19.9,
      "precip": 0.0,
      "wind": 20.0,
      "wind_dir_deg": 101.0
    },
    "16": {
      "temp": 17.9,
      "precip": 0.0,
      "wind": 24.1,
      "wind_dir_deg": 110.0
    }
  },
  "ride_temp_mean": 18.825,
  "ride_wind_mean": 18.075,
  "ride_wind_dir_deg": 108.1618180827619,
  "ride_rain_flag": 0.0,
  "tent_rain_flag": 0.0,
  "daily_precip_sum": 0.0,
  "daily_temp_mean": 15.720833333333333,
  "daily_wind_mean": 16.858333333333334,
  "daily_wind_dir_deg": 114.88577526734991
}