{
  "samples_local": {
    "10": {
      "temp": 11.0,
      "precip": 1.9,
      "wind": 17.0,
      "wind_dir_deg": 97.0
    },
    "12": {
      "temp": 12.9,
      "precip": 0.2,
      "wind": 14.3,
      "wind_dir_deg": 109.0
    },
    "14": {
      "temp": 13.4,
      "precip": 0.1,
      "wind": 16.9,
      "wind_dir_deg": 136.0
    },
    "16": {
      "temp": 13.4,
      "precip": 0.0,
      "wind": 18.7,
      "wind_dir_deg": 149.0
    }
  },
  "ride_temp_mean": 12.675,
  "ride_wind_mean": 16.725,
  "ride_wind_dir_deg": 123.9979061659551,
  "ride_rain_flag": 1.0,
  "tent_rain_flag": 1.0,
  "daily_precip_sum": 10.1,
  "daily_temp_mean": 11.116666666666667,
  "daily_wind_mean": 16.820833333333333,
  "daily_wind_dir_deg": 74.49392818960928
}