{
  "samples_local": {
    "10": {
      "temp": 15.5,
      "precip": 0.0,
      "wind": 23.3,
      "wind_dir_deg": 117.0
    },
    "12": {
      "temp": 15.8,
      "precip": 0.0,
      "wind": 24.2,
      "wind_dir_deg": 120.0
    },
    "14": {
      "temp": 16.2,
      "precip": 0.0,
      "wind": 20.3,
      "wind_dir_deg": 117.0
    },
    "16": {
      "temp": 16.3,
      "precip": 0.0,
      "wind": 15.6,
      "wind_dir_deg": 102.0
    }
  },
  "ride_temp_mean": 15.95,
  "ride_wind_mean": 20.85,
  "ride_wind_dir_deg": 115.08402753723306,
  "ride_rain_flag": 0.0,
  "tent_rain_flag": 0.0,
  "daily_precip_sum": 0.0,
  "daily_temp_mean": 14.091666666666667,
  "daily_wind_mean": 20.445833333333333,
  "daily_wind_dir_deg": 118.70031805072654
}