{
  "samples_local": {
    "10": {
      "temp": 12.9,
      "precip": 0.0,
      "wind": 18.0,
      "wind_dir_deg": 92.0
    },
    "12": {
      "temp": 13.9,
      "precip": 0.1,
      "wind": 21.3,
      "wind_dir_deg": 105.0
    },
    "14": {
      "temp": 14.0,
      "precip": 0.2,
      "wind": 23.0,
      "wind_dir_deg": 121.0
    },
    "16": {
      "temp": 14.9,
      "precip": 0.1,
      "wind": 26.7,
      "wind_dir_deg": 127.0
    }
  },
  "ride_temp_mean": 13.925,
  "ride_wind_mean": 22.25,
  "ride_wind_dir_deg": 113.16232117723598,
  "ride_rain_flag": 1.0,
  "tent_rain_flag": 1.0,
  "daily_precip_sum": 6.0,
  "daily_temp_mean": 11.745833333333332,
  "daily_wind_mean": 18.841666666666665,
  "daily_wind_dir_deg": 89.17707400944659
}