{
  "samples_local": {
    "10": {
      "temp": 7.1,
      "precip": 0.0,
      "wind": 6.3,
      "wind_dir_deg": 72.0
    },
    "12": {
      "temp": 7.3,
      "precip": 0.5,
      "wind": 5.1,
      "wind_dir_deg": 72.0
    },
    "14": {
      "temp": 7.1,
      "precip": 0.4,
      "wind": 10.5,
      "wind_dir_deg": 61.0
    },
    "16": {
      "temp": 6.8,
      "precip": 0.0,
      "wind": 11.0,
      "wind_dir_deg": 66.0
    }
  },
  "ride_temp_mean": 7.074999999999999,
  "ride_wind_mean": 8.225,
  "ride_wind_dir_deg": 66.48300152755212,
  "ride_rain_flag": 1.0,
  "tent_rain_flag": 1.0,
  "daily_precip_sum": 1.8,
  "daily_temp_mean": 3.154166666666667,
  "daily_wind_mean": 6.108333333333333,
  "daily_wind_dir_deg": 60.1393313103402
}