{
  "samples_local": {
    "10": {
      "temp": 5.8,
      "precip": 1.0,
      "wind": 21.5,
      "wind_dir_deg": 16.0
    },
    "12": {
      "temp": 6.3,
      "precip": 2.3,
      "wind": 20.0,
      "wind_dir_deg": 16.0
    },
    "14": {
      "temp": 7.1,
      "precip": 3.7,
      "wind": 24.2,
      "wind_dir_deg": 23.0
    },
    "16": {
      "temp": 9.1,
      "precip": 2.7,
      "wind": 21.4,
      "wind_dir_deg": 83.0
    }
  },
  "ride_temp_mean": 7.074999999999999,
  "ride_wind_mean": 21.775,
  "ride_wind_dir_deg": 33.04273711857718,
  "ride_rain_flag": 1.0,
  "tent_rain_flag": 1.0,
  "daily_precip_sum": 21.900000000000002,
  "daily_temp_mean": 6.591666666666666,
  "daily_wind_mean": 13.970833333333333,
  "daily_wind_dir_deg": 46.89602245450567
}