{
  "samples_local": {
    "10": {
      "temp": 6.8,
      "precip": 0.0,
      "wind": 19.7,
      "wind_dir_deg": 77.0
    },
    "12": {
      "temp": 5.6,
      "precip": 0.4,
      "wind": 18.5,
      "wind_dir_deg": 66.0
    },
    "14": {
      "temp": 7.2,
      "precip": 0.0,
      "wind": 24.9,
      "wind_dir_deg": 68.0
    },
    "16": {
      "temp": 6.6,
      "precip": 0.5,
      "wind": 23.6,
      "wind_dir_deg": 61.0
    }
  },
  "ride_temp_mean": 6.55,
  "ride_wind_mean": 21.675,
  "ride_wind_dir_deg": 67.7077809047903,
  "ride_rain_flag": 1.0,
  "tent_rain_flag": 1.0,
  "daily_precip_sum": 3.9000000000000004,
  "daily_temp_mean": 5.766666666666667,
  "daily_wind_mean": 16.379166666666666,
  "daily_wind_dir_deg": 86.23630138590579
}