{
  "samples_local": {
    "10": {
      "temp": 14.2,
      "precip": 0.0,
      "wind": 4.5,
      "wind_dir_deg": 353.0
    },
    "12": {
      "temp": 15.5,
      "precip": 0.0,
      "wind": 4.8,
      "wind_dir_deg": 329.0
    },
    "14": {
      "temp": 16.2,
      "precip": 0.0,
      "wind": 6.1,
      "wind_dir_deg": 294.0
    },
    "16": {
      "temp": 16.3,
      "precip": 0.0,
      "wind": 9.2,
      "wind_dir_deg": 263.0
    }
  },
  "ride_temp_mean": 15.55,
  "ride_wind_mean": 6.1499999999999995,
  "ride_wind_dir_deg": 299.28561272619413,
  "ride_rain_flag": 0.0,
  "tent_rain_flag": 0.0,
  "daily_precip_sum": 0.0,
  "daily_temp_mean": 10.945833333333333,
  "daily_wind_mean": 6.158333333333334,
  "daily_wind_dir_deg": 267.58782787883223
}