{
  "samples_local": {
    "10": {
      "temp": 14.4,
      "precip": 0.0,
      "wind": 3.5,
      "wind_dir_deg": 258.0
    },
    "12": {
      "temp": 15.8,
      "precip": 0.0,
      "wind": 1.4,
      "wind_dir_deg": 140.0
    },
    "14": {
      "temp": 15.8,
      "precip": 0.0,
      "wind": 4.9,
      "wind_dir_deg": 182.0
    },
    "16": {
      "temp": 15.8,
      "precip": 0.0,
      "wind": 8.4,
      "wind_dir_deg": 208.0
    }
  },
  "ride_temp_mean": 15.450000000000001,
  "ride_wind_mean": 4.55,
  "ride_wind_dir_deg": 205.1889389240274,
  "ride_rain_flag": 0.0,
  "tent_rain_flag": 0.0,
  "daily_precip_sum": 0.1,
  "daily_temp_mean": 11.254166666666668,
  "daily_wind_mean": 5.8999999999999995,
  "daily_wind_dir_deg": 207.68699187051195
}