{
  "samples_local": {
    "10": {
      "temp": 12.9,
      "precip": 0.1,
      "wind": 4.4,
      "wind_dir_deg": 201.0
    },
    "12": {
      "temp": 14.4,
      "precip": 0.5,
      "wind": 7.4,
      "wind_dir_deg": 276.0
    },
    "14": {
      "temp": 15.4,
      "precip": 0.1,
      "wind": 10.5,
      "wind_dir_deg": 4.0
    },
    "16": {
      "temp": 14.1,
      "precip": 0.2,
      "wind": 5.9,
      "wind_dir_deg": 43.0
    }
  },
  "ride_temp_mean": 14.2,
  "ride_wind_mean": 7.050000000000001,
  "ride_wind_dir_deg": 339.95271981536865,
  "ride_rain_flag": 1.0,
  "tent_rain_flag": 1.0,
  "daily_precip_sum": 23.2,
  "daily_temp_mean": 10.825000000000001,
  "daily_wind_mean": 5.558333333333334,
  "daily_wind_dir_deg": 42.59500814686356
}