{
  "samples_local": {
    "10": {
      "temp": 13.6,
      "precip": 0.0,
      "wind": 10.2,
      "wind_dir_deg": 279.0
    },
    "12": {
      "temp": 15.5,
      "precip": 0.0,
      "wind": 11.1,
      "wind_dir_deg": 286.0
    },
    "14": {
      "temp": 13.6,
      "precip": 0.4,
      "wind": 11.9,
      "wind_dir_deg": 266.0
    },
    "16": {
      "temp": 15.6,
      "precip": 0.0,
      "wind": 13.0,
      "wind_dir_deg": 276.0
    }
  },
  "ride_temp_mean": 14.575,
  "ride_wind_mean": 11.55,
  "ride_wind_dir_deg": 276.4936233099834,
  "ride_rain_flag": 1.0,
  "tent_rain_flag": 1.0,
  "daily_precip_sum": 1.7000000000000002,
  "daily_temp_mean": 10.700000000000001,
  "daily_wind_mean": 10.208333333333334,
  "daily_wind_dir_deg": 258.36392797528777
}