{
  "samples_local": {
    "10": {
      "temp": 26.5,
      "precip": 0.2,
      "wind": 11.6,
      "wind_dir_deg": 278.0
    },
    "12": {
      "temp": 27.1,
      "precip": 0.1,
      "wind": 12.5,
      "wind_dir_deg": 282.0
    },
    "14": {
      "temp": 28.1,
      "precip": 0.1,
      "wind": 15.4,
      "wind_dir_deg": 264.0
    },
    "16": {
      "temp": 28.4,
      "precip": 0.0,
      "wind": 17.0,
      "wind_dir_deg": 261.0
    }
  },
  "ride_temp_mean": 27.525,
  "ride_wind_mean": 14.125,
  "ride_wind_dir_deg": 269.9427044037513,
  "ride_rain_flag": 1.0,
  "tent_rain_flag": 1.0,
  "daily_precip_sum": 2.7,
  "daily_temp_mean": 25.912499999999998,
  "daily_wind_mean": 11.683333333333332,
  "daily_wind_dir_deg": 272.77350971405747
}