{
  "samples_local": {
    "10": {
      "temp": 12.1,
      "precip": 0.0,
      "wind": 9.9,
      "wind_dir_deg": 305.0
    },
    "12": {
      "temp": 12.2,
      "precip": 0.3,
      "wind": 15.9,
      "wind_dir_deg": 340.0
    },
    "14": {
      "temp": 15.7,
      "precip": 0.1,
      "wind": 12.5,
      "wind_dir_deg": 340.0
    },
    "16": {
      "temp": 13.9,
      "precip": 0.1,
      "wind": 11.0,
      "wind_dir_deg": 30.0
    }
  },
  "ride_temp_mean": 13.475,
  "ride_wind_mean": 12.325,
  "ride_wind_dir_deg": 343.60817670807756,
  "ride_rain_flag": 1.0,
  "tent_rain_flag": 1.0,
  "daily_precip_sum": 3.9,
  "daily_temp_mean": 10.512500000000001,
  "daily_wind_mean": 6.783333333333334,
  "daily_wind_dir_deg": 333.5389993409753
}