{
  "samples_local": {
    "10": {
      "temp": 13.6,
      "precip": 0.0,
      "wind": 4.8,
      "wind_dir_deg": 290.0
    },
    "12": {
      "temp": 16.2,
      "precip": 0.1,
      "wind": 4.9,
      "wind_dir_deg": 280.0
    },
    "14": {
      "temp": 16.3,
      "precip": 0.1,
      "wind": 6.0,
      "wind_dir_deg": 219.0
    },
    "16": {
      "temp": 13.6,
      "precip": 0.3,
      "wind": 13.8,
      "wind_dir_deg": 215.0
    }
  },
  "ride_temp_mean": 14.925,
  "ride_wind_mean": 7.375,
  "ride_wind_dir_deg": 237.34773146589185,
  "ride_rain_flag": 1.0,
  "tent_rain_flag": 1.0,
  "daily_precip_sum": 8.0,
  "daily_temp_mean": 10.979166666666666,
  "daily_wind_mean": 8.516666666666667,
  "daily_wind_dir_deg": 245.28271648737933
}