{
  "ride_temp_mean": 7.875,
  "ride_precip_sum": 0.0,
  "ride_wind_speed": 1.8695005553373432,
  "ride_wind_dir": 295.46371077373726,
  "tent_precip_sum": 0.0,
  "tent_temp_mean": 4.915
}