{
  "ride_temp_mean": 11.95,
  "ride_precip_sum": 0.0,
  "ride_wind_speed": 11.74112586341147,
  "ride_wind_dir": 229.31291359974824,
  "tent_precip_sum": 1.5,
  "tent_temp_mean": 10.254999999999999
}