{
  "samples_local": {
    "10": {
      "temp": 17.1,
      "precip": 0.0,
      "wind": 25.1,
      "wind_dir_deg": 37.0
    },
    "12": {
      "temp": 19.0,
      "precip": 0.0,
      "wind": 24.7,
      "wind_dir_deg": 21.0
    },
    "14": {
      "temp": 21.6,
      "precip": 0.0,
      "wind": 24.4,
      "wind_dir_deg": 19.0
    },
    "16": {
      "temp": 22.6,
      "precip": 0.1,
      "wind": 23.9,
      "wind_dir_deg": 17.0
    }
  },
  "ride_temp_mean": 20.075000000000003,
  "ride_wind_mean": 24.525,
  "ride_wind_dir_deg": 23.595609336880102,
  "ride_rain_flag": 0.0,
  "tent_rain_flag": 1.0,
  "daily_precip_sum": 4.7,
  "daily_temp_mean": 17.804166666666667,
  "daily_wind_mean": 20.541666666666668,
  "daily_wind_dir_deg": 23.91852160568027
}