{
  "samples_local": {
    "10": {
      "temp": 21.0,
      "precip": 0.0,
      "wind": 12.2,
      "wind_dir_deg": 358.0
    },
    "12": {
      "temp": 23.4,
      "precip": 0.0,
      "wind": 17.8,
      "wind_dir_deg": 16.0
    },
    "14": {
      "temp": 23.2,
      "precip": 0.0,
      "wind": 17.0,
      "wind_dir_deg": 22.0
    },
    "16": {
      "temp": 23.3,
      "precip": 0.0,
      "wind": 17.1,
      "wind_dir_deg": 26.0
    }
  },
  "ride_temp_mean": 22.725,
  "ride_wind_mean": 16.025,
  "ride_wind_dir_deg": 16.885778228908464,
  "ride_rain_flag": 0.0,
  "tent_rain_flag": 0.0,
  "daily_precip_sum": 0.0,
  "daily_temp_mean": 18.724999999999998,
  "daily_wind_mean": 12.545833333333334,
  "daily_wind_dir_deg": 17.432948632124067
}