{
  "samples_local": {
    "10": {
      "temp": 19.0,
      "precip": 0.0,
      "wind": 21.1,
      "wind_dir_deg": 12.0
    },
    "12": {
      "temp": 21.5,
      "precip": 0.0,
      "wind": 28.1,
      "wind_dir_deg": 25.0
    },
    "14": {
      "temp": 22.9,
      "precip": 0.0,
      "wind": 27.0,
      "wind_dir_deg": 15.0
    },
    "16": {
      "temp": 23.3,
      "precip": 0.0,
      "wind": 27.4,
      "wind_dir_deg": 27.0
    }
  },
  "ride_temp_mean": 21.675,
  "ride_wind_mean": 25.9,
  "ride_wind_dir_deg": 20.277371760207984,
  "ride_rain_flag": 0.0,
  "tent_rain_flag": 1.0,
  "daily_precip_sum": 0.30000000000000004,
  "daily_temp_mean": 19.3125,
  "daily_wind_mean": 21.479166666666668,
  "daily_wind_dir_deg": 9.76732597083344
}