{
  "samples_local": {
    "10": {
      "temp": 16.9,
      "precip": 0.0,
      "wind": 29.6,
      "wind_dir_deg": 39.0
    },
    "12": {
      "temp": 17.9,
      "precip": 0.0,
      "wind": 29.2,
      "wind_dir_deg": 34.0
    },
    "14": {
      "temp": 19.9,
      "precip": 0.1,
      "wind": 27.0,
      "wind_dir_deg": 27.0
    },
    "16": {
      "temp": 20.5,
      "precip": 0.0,
      "wind": 27.6,
      "wind_dir_deg": 20.0
    }
  },
  "ride_temp_mean": 18.799999999999997,
  "ride_wind_mean": 28.35,
  "ride_wind_dir_deg": 30.235066862233964,
  "ride_rain_flag": 0.0,
  "tent_rain_flag": 0.0,
  "daily_precip_sum": 0.6000000000000001,
  "daily_temp_mean": 16.808333333333334,
  "daily_wind_mean": 23.162499999999998,
  "daily_wind_dir_deg": 24.191684635670583
}