{
  "samples_local": {
    "10": {
      "temp": 17.2,
      "precip": 0.0,
      "wind": 19.0,
      "wind_dir_deg": 31.0
    },
    "12": {
      "temp": 19.2,
      "precip": 0.0,
      "wind": 21.1,
      "wind_dir_deg": 35.0
    },
    "14": {
      "temp": 19.3,
      "precip": 0.1,
      "wind": 20.6,
      "wind_dir_deg": 40.0
    },
    "16": {
      "temp": 19.8,
      "precip": 0.0,
      "wind": 20.7,
      "wind_dir_deg": 37.0
    }
  },
  "ride_temp_mean": 18.875,
  "ride_wind_mean": 20.35,
  "ride_wind_dir_deg": 35.840701990486366,
  "ride_rain_flag": 0.0,
  "tent_rain_flag": 0.0,
  "daily_precip_sum": 0.30000000000000004,
  "daily_temp_mean": 15.370833333333332,
  "daily_wind_mean": 15.141666666666666,
  "daily_wind_dir_deg": 28.02490483961168
}