{
  "samples_local": {
    "10": {
      "temp": 20.5,
      "precip": 0.0,
      "wind": 14.8,
      "wind_dir_deg": 350.0
    },
    "12": {
      "temp": 23.2,
      "precip": 0.0,
      "wind": 22.0,
      "wind_dir_deg": 358.0
    },
    "14": {
      "temp": 23.2,
      "precip": 0.0,
      "wind": 22.7,
      "wind_dir_deg": 3.0
    },
    "16": {
      "temp": 23.8,
      "precip": 0.0,
      "wind": 20.7,
      "wind_dir_deg": 3.0
    }
  },
  "ride_temp_mean": 22.675,
  "ride_wind_mean": 20.05,
  "ride_wind_dir_deg": 359.23535749815636,
  "ride_rain_flag": 0.0,
  "tent_rain_flag": 0.0,
  "daily_precip_sum": 0.0,
  "daily_temp_mean": 18.808333333333334,
  "daily_wind_mean": 13.633333333333333,
  "daily_wind_dir_deg": 0.4115852099184849
}