{
  "ride_temp_mean": -2.375,
  "ride_precip_sum": 1.2,
  "ride_wind_speed": 5.762388006446407,
  "ride_wind_dir": 267.92328672844104,
  "tent_precip_sum": 4.9,
  "tent_temp_mean": -2.73
}