{
  "ride_temp_mean": -1.65,
  "ride_precip_sum": 0.1,
  "ride_wind_speed": 17.939621801379555,
  "ride_wind_dir": 272.4571578555329,
  "tent_precip_sum": 7.1000000000000005,
  "tent_temp_mean": -0.8300000000000001
}