{
  "samples_local": {
    "10": {
      "temp": 28.9,
      "precip": 0.2,
      "wind": 9.9,
      "wind_dir_deg": 303.0
    },
    "12": {
      "temp": 31.1,
      "precip": 0.0,
      "wind": 7.5,
      "wind_dir_deg": 320.0
    },
    "14": {
      "temp": 30.2,
      "precip": 0.0,
      "wind": 3.7,
      "wind_dir_deg": 293.0
    },
    "16": {
      "temp": 26.0,
      "precip": 0.5,
      "wind": 1.8,
      "wind_dir_deg": 270.0
    }
  },
  "ride_temp_mean": 29.05,
  "ride_wind_mean": 5.7250000000000005,
  "ride_wind_dir_deg": 304.46892952234487,
  "ride_rain_flag": 1.0,
  "tent_rain_flag": 1.0,
  "daily_precip_sum": 13.1,
  "daily_temp_mean": 25.183333333333334,
  "daily_wind_mean": 5.666666666666667,
  "daily_wind_dir_deg": 283.69700191529466
}