{
  "samples_local": {
    "10": {
      "temp": 24.5,
      "precip": 0.0,
      "wind": 0.7,
      "wind_dir_deg": 194.0
    },
    "12": {
      "temp": 26.4,
      "precip": 0.0,
      "wind": 2.2,
      "wind_dir_deg": 171.0
    },
    "14": {
      "temp": 27.9,
      "precip": 0.0,
      "wind": 1.3,
      "wind_dir_deg": 146.0
    },
    "16": {
      "temp": 27.4,
      "precip": 0.0,
      "wind": 6.3,
      "wind_dir_deg": 217.0
    }
  },
  "ride_temp_mean": 26.549999999999997,
  "ride_wind_mean": 2.625,
  "ride_wind_dir_deg": 197.8725569753097,
  "ride_rain_flag": 0.0,
  "tent_rain_flag": 0.0,
  "daily_precip_sum": 0.0,
  "daily_temp_mean": 21.241666666666667,
  "daily_wind_mean": 4.133333333333334,
  "daily_wind_dir_deg": 284.5492045025397
}