{
  "samples_local": {
    "10": {
      "temp": 30.9,
      "precip": 0.0,
      "wind": 6.3,
      "wind_dir_deg": 263.0
    },
    "12": {
      "temp": 34.2,
      "precip": 0.0,
      "wind": 10.3,
      "wind_dir_deg": 316.0
    },
    "14": {
      "temp": 35.0,
      "precip": 0.0,
      "wind": 14.3,
      "wind_dir_deg": 335.0
    },
    "16": {
      "temp": 33.0,
      "precip": 0.0,
      "wind": 12.4,
      "wind_dir_deg": 347.0
    }
  },
  "ride_temp_mean": 33.275,
  "ride_wind_mean": 10.825000000000001,
  "ride_wind_dir_deg": 324.93257526913595,
  "ride_rain_flag": 0.0,
  "tent_rain_flag": 0.0,
  "daily_precip_sum": 0.0,
  "daily_temp_mean": 28.191666666666666,
  "daily_wind_mean": 7.325,
  "daily_wind_dir_deg": 324.1244336263462
}