{
  "samples_local": {
    "10": {
      "temp": 31.1,
      "precip": 0.0,
      "wind": 8.3,
      "wind_dir_deg": 294.0
    },
    "12": {
      "temp": 34.6,
      "precip": 0.0,
      "wind": 4.1,
      "wind_dir_deg": 345.0
    },
    "14": {
      "temp": 28.1,
      "precip": 0.5,
      "wind": 8.3,
      "wind_dir_deg": 210.0
    },
    "16": {
      "temp": 30.5,
      "precip": 0.0,
      "wind": 15.8,
      "wind_dir_deg": 138.0
    }
  },
  "ride_temp_mean": 31.075000000000003,
  "ride_wind_mean": 9.125,
  "ride_wind_dir_deg": 190.84646453612572,
  "ride_rain_flag": 1.0,
  "tent_rain_flag": 1.0,
  "daily_precip_sum": 0.8,
  "daily_temp_mean": 26.941666666666666,
  "daily_wind_mean": 9.5625,
  "daily_wind_dir_deg": 28.84602980307733
}