{
  "samples_local": {
    "10": {
      "temp": 22.8,
      "precip": 0.0,
      "wind": 16.6,
      "wind_dir_deg": 217.0
    },
    "12": {
      "temp": 23.0,
      "precip": 0.0,
      "wind": 10.3,
      "wind_dir_deg": 213.0
    },
    "14": {
      "temp": 23.0,
      "precip": 0.0,
      "wind": 24.3,
      "wind_dir_deg": 219.0
    },
    "16": {
      "temp": 22.4,
      "precip": 0.0,
      "wind": 11.4,
      "wind_dir_deg": 159.0
    }
  },
  "ride_temp_mean": 22.8,
  "ride_wind_mean": 15.65,
  "ride_wind_dir_deg": 207.5331449396444,
  "ride_rain_flag": 0.0,
  "tent_rain_flag": 1.0,
  "daily_precip_sum": 0.4,
  "daily_temp_mean": 22.545833333333334,
  "daily_wind_mean": 15.808333333333332,
  "daily_wind_dir_deg": 170.59670964060206
}