{
  "samples_local": {
    "10": {
      "temp": 29.8,
      "precip": 0.0,
      "wind": 5.0,
      "wind_dir_deg": 296.0
    },
    "12": {
      "temp": 35.0,
      "precip": 0.0,
      "wind": 3.6,
      "wind_dir_deg": 84.0
    },
    "14": {
      "temp": 35.8,
      "precip": 0.0,
      "wind": 12.9,
      "wind_dir_deg": 136.0
    },
    "16": {
      "temp": 33.0,
      "precip": 0.2,
      "wind": 13.8,
      "wind_dir_deg": 107.0
    }
  },
  "ride_temp_mean": 33.4,
  "ride_wind_mean": 8.825000000000001,
  "ride_wind_dir_deg": 116.83164699569653,
  "ride_rain_flag": 1.0,
  "tent_rain_flag": 0.0,
  "daily_precip_sum": 0.2,
  "daily_temp_mean": 27.145833333333332,
  "daily_wind_mean": 6.795833333333333,
  "daily_wind_dir_deg": 163.22668774376893
}