{
  "samples_local": {
    "10": {
      "temp": 35.2,
      "precip": 0.0,
      "wind": 6.1,
      "wind_dir_deg": 357.0
    },
    "12": {
      "temp": 35.6,
      "precip": 0.0,
      "wind": 11.3,
      "wind_dir_deg": 350.0
    },
    "14": {
      "temp": 35.7,
      "precip": 0.0,
      "wind": 7.0,
      "wind_dir_deg": 80.0
    },
    "16": {
      "temp": 35.6,
      "precip": 0.0,
      "wind": 7.5,
      "wind_dir_deg": 318.0
    }
  },
  "ride_temp_mean": 35.525000000000006,
  "ride_wind_mean": 7.975,
  "ride_wind_dir_deg": 359.03049237165123,
  "ride_rain_flag": 0.0,
  "tent_rain_flag": 0.0,
  "daily_precip_sum": 0.0,
  "daily_temp_mean": 31.879166666666666,
  "daily_wind_mean": 4.2124999999999995,
  "daily_wind_dir_deg": 37.34337062120983
}