{
  "ride_temp_mean": 3.7,
  "ride_precip_sum": 0.1,
  "ride_wind_speed": 3.518040222509225,
  "ride_wind_dir": 177.2495059511548,
  "tent_precip_sum": 2.0,
  "tent_temp_mean": 1.23
}