{
  "ride_temp_mean": 6.85,
  "ride_precip_sum": 0.0,
  "ride_wind_speed": 3.326555713955806,
  "ride_wind_dir": 332.8329256889229,
  "tent_precip_sum": 0.30000000000000004,
  "tent_temp_mean": 5.68
}