{
  "ride_temp_mean": 6.575,
  "ride_precip_sum": 0.0,
  "ride_wind_speed": 3.834181773422941,
  "ride_wind_dir": 260.75550125134095,
  "tent_precip_sum": 0.0,
  "tent_temp_mean": 1.9149999999999998
}