{
  "ride_temp_mean": 19.214285714285715,
  "ride_wind_mean": 11.571428571428571,
  "ride_rain_flag": 0.0,
  "tent_rain_flag": 1.0
}