{
  "ride_temp_mean": 13.700000000000001,
  "ride_wind_mean": 11.700000000000001,
  "ride_rain_flag": 1.0,
  "tent_rain_flag": 1.0
}