{
  "ride_temp_mean": 14.857142857142858,
  "ride_wind_mean": 10.071428571428571,
  "ride_rain_flag": 0.0,
  "tent_rain_flag": 0.0
}