{
  "ride_temp_mean": 15.471428571428572,
  "ride_wind_mean": 18.685714285714287,
  "ride_rain_flag": 1.0,
  "tent_rain_flag": 1.0
}