{
  "samples_local": {
    "10": {
      "temp": 16.1,
      "precip": 0.0,
      "wind": 5.8,
      "wind_dir_deg": 356.0
    },
    "12": {
      "temp": 18.1,
      "precip": 0.0,
      "wind": 10.3,
      "wind_dir_deg": 22.0
    },
    "14": {
      "temp": 20.6,
      "precip": 0.0,
      "wind": 10.8,
      "wind_dir_deg": 46.0
    },
    "16": {
      "temp": 21.0,
      "precip": 0.0,
      "wind": 13.8,
      "wind_dir_deg": 104.0
    }
  },
  "ride_temp_mean": 18.950000000000003,
  "ride_wind_mean": 10.175,
  "ride_wind_dir_deg": 51.61175480644437,
  "ride_rain_flag": 0.0,
  "tent_rain_flag": 0.0,
  "daily_precip_sum": 0.0,
  "daily_temp_mean": 13.983333333333334,
  "daily_wind_mean": 9.333333333333334,
  "daily_wind_dir_deg": 98.70552251941456
}