{
  "ride_temp_mean": 9.328571428571427,
  "ride_wind_mean": 9.342857142857142,
  "ride_rain_flag": 1.0,
  "tent_rain_flag": 1.0
}