{
  "ride_temp_mean": 18.442857142857143,
  "ride_wind_mean": 19.085714285714285,
  "ride_rain_flag": 1.0,
  "tent_rain_flag": 1.0
}