{
  "samples_local": {
    "10": {
      "temp": 7.0,
      "precip": 0.0,
      "wind": 1.5,
      "wind_dir_deg": 277.0
    },
    "12": {
      "temp": 8.8,
      "precip": 0.1,
      "wind": 1.8,
      "wind_dir_deg": 169.0
    },
    "14": {
      "temp": 10.2,
      "precip": 0.2,
      "wind": 1.6,
      "wind_dir_deg": 174.0
    },
    "16": {
      "temp": 9.8,
      "precip": 1.2,
      "wind": 3.7,
      "wind_dir_deg": 133.0
    }
  },
  "ride_temp_mean": 8.95,
  "ride_wind_mean": 2.15,
  "ride_wind_dir_deg": 163.13242921939207,
  "ride_rain_flag": 1.0,
  "tent_rain_flag": 1.0,
  "daily_precip_sum": 7.800000000000001,
  "daily_temp_mean": 6.120833333333334,
  "daily_wind_mean": 1.9708333333333332,
  "daily_wind_dir_deg": 12.19729300375667
}