{
  "samples_local": {
    "10": {
      "temp": 6.0,
      "precip": 0.1,
      "wind": 3.2,
      "wind_dir_deg": 333.0
    },
    "12": {
      "temp": 6.2,
      "precip": 3.2,
      "wind": 7.1,
      "wind_dir_deg": 165.0
    },
    "14": {
      "temp": 7.9,
      "precip": 0.2,
      "wind": 3.0,
      "wind_dir_deg": 194.0
    },
    "16": {
      "temp": 4.8,
      "precip": 2.2,
      "wind": 5.9,
      "wind_dir_deg": 113.0
    }
  },
  "ride_temp_mean": 6.225,
  "ride_wind_mean": 4.8,
  "ride_wind_dir_deg": 151.10638244012625,
  "ride_rain_flag": 1.0,
  "tent_rain_flag": 1.0,
  "daily_precip_sum": 13.700000000000001,
  "daily_temp_mean": 3.5708333333333333,
  "daily_wind_mean": 2.6125000000000003,
  "daily_wind_dir_deg": 125.29613836859528
}