{
  "ride_temp_mean": 16.87142857142857,
  "ride_wind_mean": 13.571428571428571,
  "ride_rain_flag": 1.0,
  "tent_rain_flag": 1.0
}