{
  "samples_local": {
    "10": {
      "temp": 17.0,
      "precip": 0.0,
      "wind": 6.0,
      "wind_dir_deg": 134.0
    },
    "12": {
      "temp": 18.2,
      "precip": 0.0,
      "wind": 8.6,
      "wind_dir_deg": 127.0
    },
    "14": {
      "temp": 19.6,
      "precip": 0.0,
      "wind": 11.3,
      "wind_dir_deg": 127.0
    },
    "16": {
      "temp": 20.4,
      "precip": 0.0,
      "wind": 12.8,
      "wind_dir_deg": 114.0
    }
  },
  "ride_temp_mean": 18.8,
  "ride_wind_mean": 9.675,
  "ride_wind_dir_deg": 123.79205177632213,
  "ride_rain_flag": 0.0,
  "tent_rain_flag": 1.0,
  "daily_precip_sum": 0.30000000000000004,
  "daily_temp_mean": 14.716666666666667,
  "daily_wind_mean": 8.266666666666667,
  "daily_wind_dir_deg": 138.14555762764672
}