{
  "samples_local": {
    "10": {
      "temp": 15.1,
      "precip": 0.0,
      "wind": 22.4
    },
    "12": {
      "temp": 16.2,
      "precip": 0.0,
      "wind": 20.0
    },
    "14": {
      "temp": 16.4,
      "precip": 0.0,
      "wind": 19.9
    },
    "16": {
      "temp": 14.9,
      "precip": 0.0,
      "wind": 22.9
    }
  },
  "ride_temp_mean": 15.649999999999999,
  "ride_wind_mean": 21.299999999999997,
  "ride_rain_flag": 0.0,
  "tent_rain_flag": 0.0,
  "daily_precip_sum": 0.0,
  "daily_temp_mean": 12.429166666666667,
  "daily_wind_mean": 18.045833333333334
}