{
  "samples_local": {
    "10": {
      "temp": 15.8,
      "precip": 0.0,
      "wind": 11.3,
      "wind_dir_deg": 90.0
    },
    "12": {
      "temp": 17.2,
      "precip": 0.1,
      "wind": 16.3,
      "wind_dir_deg": 96.0
    },
    "14": {
      "temp": 17.0,
      "precip": 0.2,
      "wind": 19.4,
      "wind_dir_deg": 103.0
    },
    "16": {
      "temp": 15.8,
      "precip": 0.0,
      "wind": 18.9,
      "wind_dir_deg": 123.0
    }
  },
  "ride_temp_mean": 16.45,
  "ride_wind_mean": 16.475,
  "ride_wind_dir_deg": 104.72306504030604,
  "ride_rain_flag": 1.0,
  "tent_rain_flag": 0.0,
  "daily_precip_sum": 0.30000000000000004,
  "daily_temp_mean": 12.770833333333334,
  "daily_wind_mean": 11.862499999999999,
  "daily_wind_dir_deg": 116.05079800340934
}