{
  "ride_temp_mean": 9.1,
  "ride_precip_sum": 1.1,
  "ride_wind_speed": 27.412255893107254,
  "ride_wind_dir": 239.28836699288962,
  "tent_precip_sum": 4.4,
  "tent_temp_mean": 8.254999999999999
}