{
  "ride_temp_mean": 8.95,
  "ride_precip_sum": 1.7,
  "ride_wind_speed": 26.390729751961523,
  "ride_wind_dir": 243.80012462081402,
  "tent_precip_sum": 6.3999999999999995,
  "tent_temp_mean": 8.055
}