{
  "ride_temp_mean": 10.975,
  "ride_precip_sum": 0.1,
  "ride_wind_speed": 25.938657674471738,
  "ride_wind_dir": 211.44178499677037,
  "tent_precip_sum": 5.6000000000000005,
  "tent_temp_mean": 10.165000000000001
}