{
  "ride_temp_mean": 6.8,
  "ride_precip_sum": 0.0,
  "ride_wind_speed": 21.858206740308095,
  "ride_wind_dir": 188.28764986293749,
  "tent_precip_sum": 0.0,
  "tent_temp_mean": 1.94
}