{
  "ride_temp_mean": 0.625,
  "ride_precip_sum": 0.9,
  "ride_wind_speed": 6.94833123144028,
  "ride_wind_dir": 280.58009848088585,
  "tent_precip_sum": 1.9000000000000001,
  "tent_temp_mean": -0.065
}