{
  "ride_temp_mean": 0.975,
  "ride_precip_sum": 0.2,
  "ride_wind_speed": 17.969265890234208,
  "ride_wind_dir": 279.41113609366363,
  "tent_precip_sum": 3.4,
  "tent_temp_mean": 1.8800000000000001
}