{
  "ride_temp_mean": 7.5,
  "ride_precip_sum": 0.0,
  "ride_wind_speed": 24.272827516342822,
  "ride_wind_dir": 211.15403718980346,
  "tent_precip_sum": 0.0,
  "tent_temp_mean": 4.9
}