{
  "ride_temp_mean": 11.4,
  "ride_precip_sum": 0.5,
  "ride_wind_speed": 32.76081945170032,
  "ride_wind_dir": 252.90913892157772,
  "tent_precip_sum": 4.3,
  "tent_temp_mean": 10.645
}