{
  "ride_temp_mean": 3.1,
  "ride_precip_sum": 0.0,
  "ride_wind_speed": 21.179730566353502,
  "ride_wind_dir": 252.87044627388582,
  "tent_precip_sum": 1.0,
  "tent_temp_mean": 4.4
}