{
  "ride_temp_mean": 10.175,
  "ride_precip_sum": 1.5,
  "ride_wind_speed": 28.359796216395065,
  "ride_wind_dir": 228.14999987187355,
  "tent_precip_sum": 7.0,
  "tent_temp_mean": 9.49
}