{
  "samples_local": {
    "10": {
      "temp": 25.6,
      "precip": 0.6,
      "wind": 11.1,
      "wind_dir_deg": 247.0
    },
    "12": {
      "temp": 28.1,
      "precip": 0.1,
      "wind": 14.8,
      "wind_dir_deg": 236.0
    },
    "14": {
      "temp": 30.6,
      "precip": 0.2,
      "wind": 15.0,
      "wind_dir_deg": 241.0
    },
    "16": {
      "temp": 28.4,
      "precip": 0.4,
      "wind": 14.8,
      "wind_dir_deg": 246.0
    }
  },
  "ride_temp_mean": 28.175,
  "ride_wind_mean": 13.925,
  "ride_wind_dir_deg": 242.19706088986163,
  "ride_rain_flag": 1.0,
  "tent_rain_flag": 1.0,
  "daily_precip_sum": 3.2,
  "daily_temp_mean": 25.349999999999998,
  "daily_wind_mean": 9.679166666666667,
  "daily_wind_dir_deg": 240.80508744126445
}