{
  "samples_local": {
    "10": {
      "temp": 12.9,
      "precip": 0.0,
      "wind": 25.4,
      "wind_dir_deg": 318.0
    },
    "12": {
      "temp": 15.8,
      "precip": 0.0,
      "wind": 23.6,
      "wind_dir_deg": 319.0
    },
    "14": {
      "temp": 18.5,
      "precip": 0.0,
      "wind": 22.9,
      "wind_dir_deg": 315.0
    },
    "16": {
      "temp": 18.5,
      "precip": 0.0,
      "wind": 18.7,
      "wind_dir_deg": 332.0
    }
  },
  "ride_temp_mean": 16.425,
  "ride_wind_mean": 22.65,
  "ride_wind_dir_deg": 320.3776353830526,
  "ride_rain_flag": 0.0,
  "tent_rain_flag": 0.0,
  "daily_precip_sum": 0.0,
  "daily_temp_mean": 13.637500000000001,
  "daily_wind_mean": 22.629166666666666,
  "daily_wind_dir_deg": 315.9389766660465
}