{
  "samples_local": {
    "10": {
      "temp": 4.5,
      "precip": 0.0,
      "wind": 6.2,
      "wind_dir_deg": 334.0
    },
    "12": {
      "temp": 8.6,
      "precip": 0.0,
      "wind": 5.2,
      "wind_dir_deg": 333.0
    },
    "14": {
      "temp": 11.5,
      "precip": 0.0,
      "wind": 5.9,
      "wind_dir_deg": 320.0
    },
    "16": {
      "temp": 11.1,
      "precip": 0.0,
      "wind": 5.9,
      "wind_dir_deg": 317.0
    }
  },
  "ride_temp_mean": 8.925,
  "ride_wind_mean": 5.800000000000001,
  "ride_wind_dir_deg": 325.8926451031149,
  "ride_rain_flag": 0.0,
  "tent_rain_flag": 0.0,
  "daily_precip_sum": 0.0,
  "daily_temp_mean": 2.8041666666666667,
  "daily_wind_mean": 6.479166666666667,
  "daily_wind_dir_deg": 325.67007755375727
}