{
  "samples_local": {
    "10": {
      "temp": 10.8,
      "precip": 0.0,
      "wind": 17.1,
      "wind_dir_deg": 14.0
    },
    "12": {
      "temp": 14.0,
      "precip": 0.0,
      "wind": 15.1,
      "wind_dir_deg": 20.0
    },
    "14": {
      "temp": 15.6,
      "precip": 0.0,
      "wind": 18.0,
      "wind_dir_deg": 36.0
    },
    "16": {
      "temp": 15.7,
      "precip": 0.0,
      "wind": 17.1,
      "wind_dir_deg": 43.0
    }
  },
  "ride_temp_mean": 14.025,
  "ride_wind_mean": 16.825,
  "ride_wind_dir_deg": 28.602215711105202,
  "ride_rain_flag": 0.0,
  "tent_rain_flag": 0.0,
  "daily_precip_sum": 0.0,
  "daily_temp_mean": 10.504166666666666,
  "daily_wind_mean": 14.945833333333333,
  "daily_wind_dir_deg": 5.4977383730158635
}