{
  "samples_local": {
    "10": {
      "temp": 11.6,
      "precip": 0.0,
      "wind": 11.3,
      "wind_dir_deg": 316.0
    },
    "12": {
      "temp": 14.6,
      "precip": 0.0,
      "wind": 16.5,
      "wind_dir_deg": 338.0
    },
    "14": {
      "temp": 17.0,
      "precip": 0.0,
      "wind": 11.5,
      "wind_dir_deg": 335.0
    },
    "16": {
      "temp": 17.8,
      "precip": 0.0,
      "wind": 11.1,
      "wind_dir_deg": 340.0
    }
  },
  "ride_temp_mean": 15.25,
  "ride_wind_mean": 12.6,
  "ride_wind_dir_deg": 332.87144086371814,
  "ride_rain_flag": 0.0,
  "tent_rain_flag": 0.0,
  "daily_precip_sum": 0.0,
  "daily_temp_mean": 11.041666666666666,
  "daily_wind_mean": 11.633333333333333,
  "daily_wind_dir_deg": 325.584233772795
}