{
  "samples_local": {
    "10": {
      "temp": 7.8,
      "precip": 0.0,
      "wind": 10.6,
      "wind_dir_deg": 304.0
    },
    "12": {
      "temp": 12.0,
      "precip": 0.0,
      "wind": 12.3,
      "wind_dir_deg": 333.0
    },
    "14": {
      "temp": 15.1,
      "precip": 0.0,
      "wind": 15.1,
      "wind_dir_deg": 335.0
    },
    "16": {
      "temp": 15.4,
      "precip": 0.0,
      "wind": 15.9,
      "wind_dir_deg": 342.0
    }
  },
  "ride_temp_mean": 12.575,
  "ride_wind_mean": 13.475,
  "ride_wind_dir_deg": 330.67656324165443,
  "ride_rain_flag": 0.0,
  "tent_rain_flag": 0.0,
  "daily_precip_sum": 0.0,
  "daily_temp_mean": 7.654166666666666,
  "daily_wind_mean": 12.508333333333333,
  "daily_wind_dir_deg": 314.2957062045149
}