{
  "samples_local": {
    "10": {
      "temp": 8.7,
      "precip": 0.0,
      "wind": 13.6,
      "wind_dir_deg": 316.0
    },
    "12": {
      "temp": 11.2,
      "precip": 0.0,
      "wind": 17.5,
      "wind_dir_deg": 325.0
    },
    "14": {
      "temp": 13.4,
      "precip": 0.0,
      "wind": 18.0,
      "wind_dir_deg": 344.0
    },
    "16": {
      "temp": 13.9,
      "precip": 0.0,
      "wind": 14.8,
      "wind_dir_deg": 337.0
    }
  },
  "ride_temp_mean": 11.8,
  "ride_wind_mean": 15.975,
  "ride_wind_dir_deg": 331.2253133614016,
  "ride_rain_flag": 0.0,
  "tent_rain_flag": 0.0,
  "daily_precip_sum": 0.0,
  "daily_temp_mean": 7.691666666666666,
  "daily_wind_mean": 10.483333333333333,
  "daily_wind_dir_deg": 323.93280329145955
}