{
  "samples_local": {
    "10": {
      "temp": 8.8,
      "precip": 0.0,
      "wind": 14.9,
      "wind_dir_deg": 329.0
    },
    "12": {
      "temp": 12.0,
      "precip": 0.0,
      "wind": 12.4,
      "wind_dir_deg": 339.0
    },
    "14": {
      "temp": 14.7,
      "precip": 0.0,
      "wind": 14.4,
      "wind_dir_deg": 329.0
    },
    "16": {
      "temp": 15.1,
      "precip": 0.0,
      "wind": 13.0,
      "wind_dir_deg": 329.0
    }
  },
  "ride_temp_mean": 12.65,
  "ride_wind_mean": 13.675,
  "ride_wind_dir_deg": 331.2620373253722,
  "ride_rain_flag": 0.0,
  "tent_rain_flag": 0.0,
  "daily_precip_sum": 0.0,
  "daily_temp_mean": 9.200000000000001,
  "daily_wind_mean": 13.579166666666666,
  "daily_wind_dir_deg": 328.3383376908235
}