{
  "samples_local": {
    "10": {
      "temp": 13.6,
      "precip": 0.0,
      "wind": 17.9,
      "wind_dir_deg": 307.0
    },
    "12": {
      "temp": 16.8,
      "precip": 0.0,
      "wind": 20.1,
      "wind_dir_deg": 316.0
    },
    "14": {
      "temp": 19.0,
      "precip": 0.0,
      "wind": 22.0,
      "wind_dir_deg": 320.0
    },
    "16": {
      "temp": 17.5,
      "precip": 0.0,
      "wind": 22.2,
      "wind_dir_deg": 312.0
    }
  },
  "ride_temp_mean": 16.725,
  "ride_wind_mean": 20.55,
  "ride_wind_dir_deg": 314.03138667181577,
  "ride_rain_flag": 0.0,
  "tent_rain_flag": 0.0,
  "daily_precip_sum": 0.0,
  "daily_temp_mean": 12.954166666666666,
  "daily_wind_mean": 17.908333333333335,
  "daily_wind_dir_deg": 302.82722708065955
}