{
  "samples_local": {
    "10": {
      "temp": 12.2,
      "precip": 0.0,
      "wind": 20.9,
      "wind_dir_deg": 299.0
    },
    "12": {
      "temp": 13.1,
      "precip": 0.0,
      "wind": 25.6,
      "wind_dir_deg": 308.0
    },
    "14": {
      "temp": 12.1,
      "precip": 0.1,
      "wind": 20.0,
      "wind_dir_deg": 308.0
    },
    "16": {
      "temp": 12.8,
      "precip": 0.0,
      "wind": 20.7,
      "wind_dir_deg": 319.0
    }
  },
  "ride_temp_mean": 12.55,
  "ride_wind_mean": 21.8,
  "ride_wind_dir_deg": 308.4502598790806,
  "ride_rain_flag": 0.0,
  "tent_rain_flag": 0.0,
  "daily_precip_sum": 0.1,
  "daily_temp_mean": 10.854166666666666,
  "daily_wind_mean": 18.141666666666666,
  "daily_wind_dir_deg": 300.4291903892859
}