{
  "samples_local": {
    "10": {
      "temp": 25.1,
      "precip": 0.3,
      "wind": 10.2,
      "wind_dir_deg": 242.0
    },
    "12": {
      "temp": 26.5,
      "precip": 0.9,
      "wind": 13.9,
      "wind_dir_deg": 245.0
    },
    "14": {
      "temp": 27.5,
      "precip": 0.4,
      "wind": 16.3,
      "wind_dir_deg": 256.0
    },
    "16": {
      "temp": 27.9,
      "precip": 0.2,
      "wind": 16.8,
      "wind_dir_deg": 243.0
    }
  },
  "ride_temp_mean": 26.75,
  "ride_wind_mean": 14.3,
  "ride_wind_dir_deg": 247.00390767591398,
  "ride_rain_flag": 1.0,
  "tent_rain_flag": 1.0,
  "daily_precip_sum": 3.4,
  "daily_temp_mean": 24.670833333333334,
  "daily_wind_mean": 10.595833333333333,
  "daily_wind_dir_deg": 240.49097135276622
}