{
  "samples_local": {
    "10": {
      "temp": 9.6,
      "precip": 0.0,
      "wind": 17.2,
      "wind_dir_deg": 315.0
    },
    "12": {
      "temp": 12.6,
      "precip": 0.0,
      "wind": 20.3,
      "wind_dir_deg": 328.0
    },
    "14": {
      "temp": 15.2,
      "precip": 0.0,
      "wind": 18.3,
      "wind_dir_deg": 323.0
    },
    "16": {
      "temp": 15.7,
      "precip": 0.0,
      "wind": 17.6,
      "wind_dir_deg": 333.0
    }
  },
  "ride_temp_mean": 13.274999999999999,
  "ride_wind_mean": 18.35,
  "ride_wind_dir_deg": 324.9107957513545,
  "ride_rain_flag": 0.0,
  "tent_rain_flag": 0.0,
  "daily_precip_sum": 0.0,
  "daily_temp_mean": 10.1375,
  "daily_wind_mean": 15.345833333333333,
  "daily_wind_dir_deg": 318.0572377143111
}