{
  "samples_local": {
    "10": {
      "temp": 10.1,
      "precip": 0.0,
      "wind": 14.9,
      "wind_dir_deg": 316.0
    },
    "12": {
      "temp": 11.6,
      "precip": 0.0,
      "wind": 12.5,
      "wind_dir_deg": 297.0
    },
    "14": {
      "temp": 16.6,
      "precip": 0.0,
      "wind": 15.7,
      "wind_dir_deg": 332.0
    },
    "16": {
      "temp": 17.1,
      "precip": 0.0,
      "wind": 18.1,
      "wind_dir_deg": 344.0
    }
  },
  "ride_temp_mean": 13.850000000000001,
  "ride_wind_mean": 15.3,
  "ride_wind_dir_deg": 324.61463506987445,
  "ride_rain_flag": 0.0,
  "tent_rain_flag": 0.0,
  "daily_precip_sum": 0.0,
  "daily_temp_mean": 11.991666666666667,
  "daily_wind_mean": 14.1875,
  "daily_wind_dir_deg": 314.291073619917
}