{
  "samples_local": {
    "10": {
      "temp": 10.6,
      "precip": 0.0,
      "wind": 11.3,
      "wind_dir_deg": 335.0
    },
    "12": {
      "temp": 14.3,
      "precip": 0.0,
      "wind": 9.7,
      "wind_dir_deg": 338.0
    },
    "14": {
      "temp": 16.9,
      "precip": 0.0,
      "wind": 9.4,
      "wind_dir_deg": 312.0
    },
    "16": {
      "temp": 17.1,
      "precip": 0.0,
      "wind": 10.9,
      "wind_dir_deg": 354.0
    }
  },
  "ride_temp_mean": 14.725,
  "ride_wind_mean": 10.325,
  "ride_wind_dir_deg": 335.55002437599484,
  "ride_rain_flag": 0.0,
  "tent_rain_flag": 0.0,
  "daily_precip_sum": 0.0,
  "daily_temp_mean": 10.666666666666666,
  "daily_wind_mean": 10.733333333333334,
  "daily_wind_dir_deg": 333.42259143521153
}