{
  "samples_local": {
    "10": {
      "temp": 10.6,
      "precip": 0.0,
      "wind": 12.2,
      "wind_dir_deg": 346.0
    },
    "12": {
      "temp": 12.9,
      "precip": 0.0,
      "wind": 15.0,
      "wind_dir_deg": 354.0
    },
    "14": {
      "temp": 15.0,
      "precip": 0.0,
      "wind": 14.2,
      "wind_dir_deg": 334.0
    },
    "16": {
      "temp": 15.1,
      "precip": 0.0,
      "wind": 15.5,
      "wind_dir_deg": 331.0
    }
  },
  "ride_temp_mean": 13.4,
  "ride_wind_mean": 14.225,
  "ride_wind_dir_deg": 341.0157964577803,
  "ride_rain_flag": 0.0,
  "tent_rain_flag": 0.0,
  "daily_precip_sum": 0.0,
  "daily_temp_mean": 9.941666666666666,
  "daily_wind_mean": 11.933333333333332,
  "daily_wind_dir_deg": 340.3585320607296
}