{
  "samples_local": {
    "10": {
      "temp": 9.4,
      "precip": 0.0,
      "wind": 11.2,
      "wind_dir_deg": 336.0
    },
    "12": {
      "temp": 13.2,
      "precip": 0.0,
      "wind": 10.2,
      "wind_dir_deg": 336.0
    },
    "14": {
      "temp": 16.0,
      "precip": 0.0,
      "wind": 13.6,
      "wind_dir_deg": 340.0
    },
    "16": {
      "temp": 16.0,
      "precip": 0.0,
      "wind": 11.5,
      "wind_dir_deg": 358.0
    }
  },
  "ride_temp_mean": 13.65,
  "ride_wind_mean": 11.625,
  "ride_wind_dir_deg": 342.57168808008305,
  "ride_rain_flag": 0.0,
  "tent_rain_flag": 0.0,
  "daily_precip_sum": 0.0,
  "daily_temp_mean": 8.862499999999999,
  "daily_wind_mean": 10.654166666666667,
  "daily_wind_dir_deg": 329.81346043772913
}