{
  "samples_local": {
    "10": {
      "temp": 10.2,
      "precip": 0.0,
      "wind": 23.7,
      "wind_dir_deg": 281.0
    },
    "12": {
      "temp": 12.6,
      "precip": 0.0,
      "wind": 21.8,
      "wind_dir_deg": 291.0
    },
    "14": {
      "temp": 14.0,
      "precip": 0.0,
      "wind": 16.7,
      "wind_dir_deg": 291.0
    },
    "16": {
      "temp": 13.6,
      "precip": 0.0,
      "wind": 16.1,
      "wind_dir_deg": 290.0
    }
  },
  "ride_temp_mean": 12.6,
  "ride_wind_mean": 19.575,
  "ride_wind_dir_deg": 287.77137289327356,
  "ride_rain_flag": 0.0,
  "tent_rain_flag": 0.0,
  "daily_precip_sum": 0.0,
  "daily_temp_mean": 9.308333333333334,
  "daily_wind_mean": 19.295833333333334,
  "daily_wind_dir_deg": 282.4485601365363
}