{
  "samples_local": {
    "10": {
      "temp": 12.6,
      "precip": 0.0,
      "wind": 20.3,
      "wind_dir_deg": 319.0
    },
    "12": {
      "temp": 15.2,
      "precip": 0.0,
      "wind": 19.2,
      "wind_dir_deg": 325.0
    },
    "14": {
      "temp": 18.1,
      "precip": 0.0,
      "wind": 19.0,
      "wind_dir_deg": 323.0
    },
    "16": {
      "temp": 18.4,
      "precip": 0.0,
      "wind": 17.8,
      "wind_dir_deg": 328.0
    }
  },
  "ride_temp_mean": 16.075,
  "ride_wind_mean": 19.075,
  "ride_wind_dir_deg": 323.60578743483643,
  "ride_rain_flag": 0.0,
  "tent_rain_flag": 0.0,
  "daily_precip_sum": 0.0,
  "daily_temp_mean": 13.370833333333332,
  "daily_wind_mean": 17.837500000000002,
  "daily_wind_dir_deg": 320.06965607858416
}