{
  "samples_local": {
    "10": {
      "temp": 27.5,
      "precip": 0.0,
      "wind": 10.9,
      "wind_dir_deg": 250.0
    },
    "12": {
      "temp": 27.4,
      "precip": 0.9,
      "wind": 11.6,
      "wind_dir_deg": 258.0
    },
    "14": {
      "temp": 28.1,
      "precip": 0.5,
      "wind": 9.6,
      "wind_dir_deg": 240.0
    },
    "16": {
      "temp": 26.6,
      "precip": 0.4,
      "wind": 14.8,
      "wind_dir_deg": 243.0
    }
  },
  "ride_temp_mean": 27.4,
  "ride_wind_mean": 11.725,
  "ride_wind_dir_deg": 247.71548410496058,
  "ride_rain_flag": 1.0,
  "tent_rain_flag": 1.0,
  "daily_precip_sum": 2.4,
  "daily_temp_mean": 25.162499999999998,
  "daily_wind_mean": 9.362499999999999,
  "daily_wind_dir_deg": 239.46347909684502
}