{
  "samples_local": {
    "10": {
      "temp": 10.1,
      "precip": 0.0,
      "wind": 11.6,
      "wind_dir_deg": 324.0
    },
    "12": {
      "temp": 12.9,
      "precip": 0.0,
      "wind": 16.0,
      "wind_dir_deg": 341.0
    },
    "14": {
      "temp": 15.4,
      "precip": 0.0,
      "wind": 14.4,
      "wind_dir_deg": 324.0
    },
    "16": {
      "temp": 15.9,
      "precip": 0.0,
      "wind": 13.5,
      "wind_dir_deg": 335.0
    }
  },
  "ride_temp_mean": 13.575,
  "ride_wind_mean": 13.875,
  "ride_wind_dir_deg": 331.5741649917122,
  "ride_rain_flag": 0.0,
  "tent_rain_flag": 0.0,
  "daily_precip_sum": 0.0,
  "daily_temp_mean": 10.158333333333333,
  "daily_wind_mean": 12.254166666666668,
  "daily_wind_dir_deg": 326.4948687802999
}