{
  "samples_local": {
    "10": {
      "temp": 27.3,
      "precip": 0.1,
      "wind": 18.0,
      "wind_dir_deg": 254.0
    },
    "12": {
      "temp": 28.6,
      "precip": 0.1,
      "wind": 20.9,
      "wind_dir_deg": 252.0
    },
    "14": {
      "temp": 28.6,
      "precip": 0.1,
      "wind": 20.3,
      "wind_dir_deg": 255.0
    },
    "16": {
      "temp": 28.4,
      "precip": 0.2,
      "wind": 22.8,
      "wind_dir_deg": 251.0
    }
  },
  "ride_temp_mean": 28.225,
  "ride_wind_mean": 20.5,
  "ride_wind_dir_deg": 252.90363498755536,
  "ride_rain_flag": 1.0,
  "tent_rain_flag": 1.0,
  "daily_precip_sum": 6.3,
  "daily_temp_mean": 26.179166666666664,
  "daily_wind_mean": 15.637500000000001,
  "daily_wind_dir_deg": 256.25565836788286
}