{
  "samples_local": {
    "10": {
      "temp": 7.2,
      "precip": 0.0,
      "wind": 6.8,
      "wind_dir_deg": 2.0
    },
    "12": {
      "temp": 10.1,
      "precip": 0.0,
      "wind": 8.5,
      "wind_dir_deg": 355.0
    },
    "14": {
      "temp": 12.2,
      "precip": 0.0,
      "wind": 8.8,
      "wind_dir_deg": 351.0
    },
    "16": {
      "temp": 11.2,
      "precip": 0.0,
      "wind": 7.6,
      "wind_dir_deg": 345.0
    }
  },
  "ride_temp_mean": 10.174999999999999,
  "ride_wind_mean": 7.925,
  "ride_wind_dir_deg": 352.99194841843627,
  "ride_rain_flag": 0.0,
  "tent_rain_flag": 0.0,
  "daily_precip_sum": 0.0,
  "daily_temp_mean": 3.1624999999999996,
  "daily_wind_mean": 6.829166666666667,
  "daily_wind_dir_deg": 342.0173167974039
}