{
  "samples_local": {
    "10": {
      "temp": 7.1,
      "precip": 0.0,
      "wind": 4.5,
      "wind_dir_deg": 355.0
    },
    "12": {
      "temp": 11.1,
      "precip": 0.0,
      "wind": 7.3,
      "wind_dir_deg": 16.0
    },
    "14": {
      "temp": 13.2,
      "precip": 0.0,
      "wind": 6.7,
      "wind_dir_deg": 358.0
    },
    "16": {
      "temp": 12.7,
      "precip": 0.0,
      "wind": 8.3,
      "wind_dir_deg": 336.0
    }
  },
  "ride_temp_mean": 11.024999999999999,
  "ride_wind_mean": 6.7,
  "ride_wind_dir_deg": 355.58619803283574,
  "ride_rain_flag": 0.0,
  "tent_rain_flag": 0.0,
  "daily_precip_sum": 0.0,
  "daily_temp_mean": 3.733333333333333,
  "daily_wind_mean": 6.529166666666666,
  "daily_wind_dir_deg": 348.64075248430964
}