{
  "samples_local": {
    "10": {
      "temp": 5.8,
      "precip": 0.0,
      "wind": 5.6,
      "wind_dir_deg": 320.0
    },
    "12": {
      "temp": 9.7,
      "precip": 0.0,
      "wind": 7.1,
      "wind_dir_deg": 326.0
    },
    "14": {
      "temp": 12.1,
      "precip": 0.0,
      "wind": 9.5,
      "wind_dir_deg": 331.0
    },
    "16": {
      "temp": 11.1,
      "precip": 0.0,
      "wind": 8.4,
      "wind_dir_deg": 325.0
    }
  },
  "ride_temp_mean": 9.674999999999999,
  "ride_wind_mean": 7.65,
  "ride_wind_dir_deg": 326.18018927412345,
  "ride_rain_flag": 0.0,
  "tent_rain_flag": 0.0,
  "daily_precip_sum": 0.0,
  "daily_temp_mean": 2.6458333333333335,
  "daily_wind_mean": 7.379166666666666,
  "daily_wind_dir_deg": 331.4902513515646
}