{
  "ride_temp_mean": 2.4,
  "ride_precip_sum": 0.0,
  "ride_wind_speed": 19.190773162060335,
  "ride_wind_dir": 269.65496409387526,
  "tent_precip_sum": 5.9,
  "tent_temp_mean": 3.5700000000000003
}