{
  "ride_temp_mean": 8.275,
  "ride_precip_sum": 0.1,
  "ride_wind_speed": 19.85984050641988,
  "ride_wind_dir": 218.84067953904093,
  "tent_precip_sum": 1.9000000000000001,
  "tent_temp_mean": 6.565
}