{
  "ride_temp_mean": 9.75,
  "ride_precip_sum": 2.0,
  "ride_wind_speed": 27.99183795191048,
  "ride_wind_dir": 236.08572190011685,
  "tent_precip_sum": 8.0,
  "tent_temp_mean": 9.2
}