{
  "ride_temp_mean": 2.975,
  "ride_precip_sum": 0.0,
  "ride_wind_speed": 10.522905172629777,
  "ride_wind_dir": 280.1767291459005,
  "tent_precip_sum": 5.2,
  "tent_temp_mean": 3.0
}