{
  "ride_temp_mean": 7.449999999999999,
  "ride_precip_sum": 0.0,
  "ride_wind_speed": 17.468993268701006,
  "ride_wind_dir": 177.24614042224368,
  "tent_precip_sum": 0.0,
  "tent_temp_mean": 4.35
}