{
  "ride_temp_mean": 7.7,
  "ride_precip_sum": 0.0,
  "ride_wind_speed": 3.744515812804856,
  "ride_wind_dir": 293.8834961189019,
  "tent_precip_sum": 0.5,
  "tent_temp_mean": 6.220000000000001
}