{
  "ride_temp_mean": 9.8,
  "ride_precip_sum": 0.0,
  "ride_wind_speed": 1.9944028571433239,
  "ride_wind_dir": 269.7454574862661,
  "tent_precip_sum": 0.0,
  "tent_temp_mean": 7.904999999999999
}