{
  "samples_local": {
    "10": {
      "temp": 13.2,
      "precip": 2.3,
      "wind": 23.1,
      "wind_dir_deg": 55.0
    },
    "12": {
      "temp": 13.6,
      "precip": 0.2,
      "wind": 25.8,
      "wind_dir_deg": 58.0
    },
    "14": {
      "temp": 16.4,
      "precip": 0.0,
      "wind": 29.2,
      "wind_dir_deg": 60.0
    },
    "16": {
      "temp": 18.0,
      "precip": 0.1,
      "wind": 27.6,
      "wind_dir_deg": 74.0
    }
  },
  "ride_temp_mean": 15.299999999999999,
  "ride_wind_mean": 26.425,
  "ride_wind_dir_deg": 62.057052275618844,
  "ride_rain_flag": 1.0,
  "tent_rain_flag": 1.0,
  "daily_precip_sum": 15.3,
  "daily_temp_mean": 14.575000000000001,
  "daily_wind_mean": 21.795833333333334,
  "daily_wind_dir_deg": 64.96030903471893
}