{
  "samples_local": {
    "10": {
      "temp": 15.9,
      "precip": 0.3,
      "wind": 12.0,
      "wind_dir_deg": 39.0
    },
    "12": {
      "temp": 15.8,
      "precip": 0.9,
      "wind": 16.4,
      "wind_dir_deg": 78.0
    },
    "14": {
      "temp": 17.4,
      "precip": 0.3,
      "wind": 17.9,
      "wind_dir_deg": 103.0
    },
    "16": {
      "temp": 16.9,
      "precip": 0.2,
      "wind": 21.9,
      "wind_dir_deg": 95.0
    }
  },
  "ride_temp_mean": 16.5,
  "ride_wind_mean": 17.049999999999997,
  "ride_wind_dir_deg": 83.82493415846125,
  "ride_rain_flag": 1.0,
  "tent_rain_flag": 1.0,
  "daily_precip_sum": 5.6000000000000005,
  "daily_temp_mean": 14.879166666666668,
  "daily_wind_mean": 16.308333333333334,
  "daily_wind_dir_deg": 66.90734595332009
}