{
  "samples_local": {
    "10": {
      "temp": 15.0,
      "precip": 0.3,
      "wind": 19.5,
      "wind_dir_deg": 80.0
    },
    "12": {
      "temp": 16.3,
      "precip": 0.2,
      "wind": 18.4,
      "wind_dir_deg": 89.0
    },
    "14": {
      "temp": 15.6,
      "precip": 1.0,
      "wind": 17.7,
      "wind_dir_deg": 109.0
    },
    "16": {
      "temp": 13.7,
      "precip": 0.9,
      "wind": 19.3,
      "wind_dir_deg": 111.0
    }
  },
  "ride_temp_mean": 15.15,
  "ride_wind_mean": 18.725,
  "ride_wind_dir_deg": 97.06844500739714,
  "ride_rain_flag": 1.0,
  "tent_rain_flag": 1.0,
  "daily_precip_sum": 9.6,
  "daily_temp_mean": 13.545833333333334,
  "daily_wind_mean": 17.704166666666666,
  "daily_wind_dir_deg": 84.65536401529221
}