{
  "samples_local": {
    "10": {
      "temp": 16.5,
      "precip": 0.1,
      "wind": 22.7,
      "wind_dir_deg": 82.0
    },
    "12": {
      "temp": 15.8,
      "precip": 1.6,
      "wind": 17.2,
      "wind_dir_deg": 84.0
    },
    "14": {
      "temp": 14.8,
      "precip": 0.2,
      "wind": 16.1,
      "wind_dir_deg": 80.0
    },
    "16": {
      "temp": 16.0,
      "precip": 0.3,
      "wind": 20.3,
      "wind_dir_deg": 107.0
    }
  },
  "ride_temp_mean": 15.775,
  "ride_wind_mean": 19.075,
  "ride_wind_dir_deg": 88.60892364538535,
  "ride_rain_flag": 1.0,
  "tent_rain_flag": 1.0,
  "daily_precip_sum": 8.3,
  "daily_temp_mean": 14.820833333333333,
  "daily_wind_mean": 19.441666666666666,
  "daily_wind_dir_deg": 80.01233763751077
}