{
  "samples_local": {
    "10": {
      "temp": 12.6,
      "precip": 0.0,
      "wind": 14.5,
      "wind_dir_deg": 199.0
    },
    "12": {
      "temp": 12.6,
      "precip": 0.1,
      "wind": 13.3,
      "wind_dir_deg": 182.0
    },
    "14": {
      "temp": 12.6,
      "precip": 0.2,
      "wind": 15.1,
      "wind_dir_deg": 157.0
    },
    "16": {
      "temp": 13.5,
      "precip": 0.0,
      "wind": 13.6,
      "wind_dir_deg": 156.0
    }
  },
  "ride_temp_mean": 12.825,
  "ride_wind_mean": 14.125,
  "ride_wind_dir_deg": 173.3186325100852,
  "ride_rain_flag": 1.0,
  "tent_rain_flag": 1.0,
  "daily_precip_sum": 4.7,
  "daily_temp_mean": 12.133333333333333,
  "daily_wind_mean": 12.429166666666667,
  "daily_wind_dir_deg": 169.44574243558088
}