{
  "samples_local": {
    "10": {
      "temp": 15.4,
      "precip": 0.8,
      "wind": 17.7,
      "wind_dir_deg": 70.0
    },
    "12": {
      "temp": 16.1,
      "precip": 0.1,
      "wind": 17.3,
      "wind_dir_deg": 93.0
    },
    "14": {
      "temp": 15.6,
      "precip": 0.6,
      "wind": 19.9,
      "wind_dir_deg": 116.0
    },
    "16": {
      "temp": 14.4,
      "precip": 1.4,
      "wind": 18.2,
      "wind_dir_deg": 169.0
    }
  },
  "ride_temp_mean": 15.375,
  "ride_wind_mean": 18.275,
  "ride_wind_dir_deg": 111.20358303565234,
  "ride_rain_flag": 1.0,
  "tent_rain_flag": 1.0,
  "daily_precip_sum": 16.6,
  "daily_temp_mean": 13.883333333333333,
  "daily_wind_mean": 17.224999999999998,
  "daily_wind_dir_deg": 84.58879144353261
}