{
  "samples_local": {
    "10": {
      "temp": 15.6,
      "precip": 0.0,
      "wind": 19.8,
      "wind_dir_deg": 87.0
    },
    "12": {
      "temp": 15.2,
      "precip": 2.1,
      "wind": 21.2,
      "wind_dir_deg": 91.0
    },
    "14": {
      "temp": 16.0,
      "precip": 0.3,
      "wind": 11.8,
      "wind_dir_deg": 106.0
    },
    "16": {
      "temp": 15.1,
      "precip": 0.1,
      "wind": 10.6,
      "wind_dir_deg": 114.0
    }
  },
  "ride_temp_mean": 15.475,
  "ride_wind_mean": 15.85,
  "ride_wind_dir_deg": 96.3486014539123,
  "ride_rain_flag": 1.0,
  "tent_rain_flag": 1.0,
  "daily_precip_sum": 10.3,
  "daily_temp_mean": 14.362499999999999,
  "daily_wind_mean": 18.995833333333334,
  "daily_wind_dir_deg": 86.02625297251825
}