{
  "samples_local": {
    "10": {
      "temp": 12.6,
      "precip": 1.7,
      "wind": 18.8,
      "wind_dir_deg": 54.0
    },
    "12": {
      "temp": 14.6,
      "precip": 0.2,
      "wind": 21.7,
      "wind_dir_deg": 61.0
    },
    "14": {
      "temp": 14.2,
      "precip": 5.5,
      "wind": 25.0,
      "wind_dir_deg": 92.0
    },
    "16": {
      "temp": 13.7,
      "precip": 0.1,
      "wind": 25.1,
      "wind_dir_deg": 93.0
    }
  },
  "ride_temp_mean": 13.774999999999999,
  "ride_wind_mean": 22.65,
  "ride_wind_dir_deg": 77.04102800782027,
  "ride_rain_flag": 1.0,
  "tent_rain_flag": 1.0,
  "daily_precip_sum": 13.2,
  "daily_temp_mean": 12.7875,
  "daily_wind_mean": 20.720833333333335,
  "daily_wind_dir_deg": 66.41413825246161
}