{
  "samples_local": {
    "10": {
      "temp": 12.0,
      "precip": 0.2,
      "wind": 13.5,
      "wind_dir_deg": 203.0
    },
    "12": {
      "temp": 13.4,
      "precip": 0.2,
      "wind": 11.6,
      "wind_dir_deg": 195.0
    },
    "14": {
      "temp": 13.9,
      "precip": 0.0,
      "wind": 16.4,
      "wind_dir_deg": 157.0
    },
    "16": {
      "temp": 14.0,
      "precip": 0.0,
      "wind": 19.7,
      "wind_dir_deg": 149.0
    }
  },
  "ride_temp_mean": 13.325,
  "ride_wind_mean": 15.299999999999999,
  "ride_wind_dir_deg": 171.53477303192142,
  "ride_rain_flag": 1.0,
  "tent_rain_flag": 1.0,
  "daily_precip_sum": 2.6,
  "daily_temp_mean": 11.908333333333333,
  "daily_wind_mean": 13.170833333333334,
  "daily_wind_dir_deg": 176.69662759709945
}