{
  "samples_local": {
    "10": {
      "temp": 27.4,
      "precip": 0.0,
      "wind": 6.1,
      "wind_dir_deg": 293.0
    },
    "12": {
      "temp": 29.7,
      "precip": 0.0,
      "wind": 7.2,
      "wind_dir_deg": 292.0
    },
    "14": {
      "temp": 26.9,
      "precip": 0.7,
      "wind": 6.7,
      "wind_dir_deg": 306.0
    },
    "16": {
      "temp": 23.7,
      "precip": 10.7,
      "wind": 16.6,
      "wind_dir_deg": 257.0
    }
  },
  "ride_temp_mean": 26.924999999999997,
  "ride_wind_mean": 9.15,
  "ride_wind_dir_deg": 278.8640719757788,
  "ride_rain_flag": 1.0,
  "tent_rain_flag": 1.0,
  "daily_precip_sum": 12.2,
  "daily_temp_mean": 24.170833333333334,
  "daily_wind_mean": 5.2875000000000005,
  "daily_wind_dir_deg": 272.4634659474556
}