{
  "ride_temp_mean": 24.885714285714283,
  "ride_wind_mean": 6.1571428571428575,
  "ride_rain_flag": 1.0,
  "tent_rain_flag": 1.0
}