{
  "ride_temp_mean": 26.071428571428573,
  "ride_wind_mean": 4.257142857142857,
  "ride_rain_flag": 0.0,
  "tent_rain_flag": 1.0
}