{
  "ride_temp_mean": 33.07142857142857,
  "ride_wind_mean": 24.728571428571428,
  "ride_rain_flag": 0.0,
  "tent_rain_flag": 0.0
}