{
  "samples_local": {
    "10": {
      "temp": 19.7,
      "precip": 0.0,
      "wind": 10.9,
      "wind_dir_deg": 297.0
    },
    "12": {
      "temp": 19.8,
      "precip": 0.0,
      "wind": 7.5,
      "wind_dir_deg": 250.0
    },
    "14": {
      "temp": 20.6,
      "precip": 0.0,
      "wind": 15.8,
      "wind_dir_deg": 187.0
    },
    "16": {
      "temp": 21.3,
      "precip": 0.0,
      "wind": 23.5,
      "wind_dir_deg": 192.0
    }
  },
  "ride_temp_mean": 20.35,
  "ride_wind_mean": 14.425,
  "ride_wind_dir_deg": 213.00793230546267,
  "ride_rain_flag": 0.0,
  "tent_rain_flag": 0.0,
  "daily_precip_sum": 0.0,
  "daily_temp_mean": 20.495833333333334,
  "daily_wind_mean": 14.766666666666666,
  "daily_wind_dir_deg": 206.98996069048937
}