{
  "samples_local": {
    "10": {
      "temp": 23.1,
      "precip": 0.0,
      "wind": 9.9,
      "wind_dir_deg": 297.0
    },
    "12": {
      "temp": 23.6,
      "precip": 0.0,
      "wind": 7.2,
      "wind_dir_deg": 297.0
    },
    "14": {
      "temp": 26.1,
      "precip": 0.0,
      "wind": 9.8,
      "wind_dir_deg": 293.0
    },
    "16": {
      "temp": 26.5,
      "precip": 0.0,
      "wind": 8.8,
      "wind_dir_deg": 296.0
    }
  },
  "ride_temp_mean": 24.825000000000003,
  "ride_wind_mean": 8.925,
  "ride_wind_dir_deg": 295.6556635895667,
  "ride_rain_flag": 0.0,
  "tent_rain_flag": 0.0,
  "daily_precip_sum": 0.0,
  "daily_temp_mean": 20.683333333333334,
  "daily_wind_mean": 8.995833333333334,
  "daily_wind_dir_deg": 87.48323566176862
}