{
  "ride_temp_mean": 22.47142857142857,
  "ride_wind_mean": 22.814285714285713,
  "ride_rain_flag": 1.0,
  "tent_rain_flag": 1.0
}