{
  "samples_local": {
    "10": {
      "temp": 19.4,
      "precip": 0.0,
      "wind": 24.9,
      "wind_dir_deg": 86.0
    },
    "12": {
      "temp": 19.5,
      "precip": 0.0,
      "wind": 20.9,
      "wind_dir_deg": 86.0
    },
    "14": {
      "temp": 19.4,
      "precip": 0.0,
      "wind": 20.5,
      "wind_dir_deg": 87.0
    },
    "16": {
      "temp": 19.4,
      "precip": 0.0,
      "wind": 20.1,
      "wind_dir_deg": 96.0
    }
  },
  "ride_temp_mean": 19.424999999999997,
  "ride_wind_mean": 21.6,
  "ride_wind_dir_deg": 88.5592927644409,
  "ride_rain_flag": 0.0,
  "tent_rain_flag": 0.0,
  "daily_precip_sum": 0.0,
  "daily_temp_mean": 19.34583333333333,
  "daily_wind_mean": 23.429166666666664,
  "daily_wind_dir_deg": 89.76213723312242
}