{
  "ride_temp_mean": 20.82857142857143,
  "ride_wind_mean": 18.571428571428573,
  "ride_rain_flag": 1.0,
  "tent_rain_flag": 1.0
}