{
  "ride_temp_mean": 21.071428571428573,
  "ride_wind_mean": 22.285714285714285,
  "ride_rain_flag": 1.0,
  "tent_rain_flag": 1.0
}