{
  "ride_temp_mean": 21.67142857142857,
  "ride_wind_mean": 16.02857142857143,
  "ride_rain_flag": 0.0,
  "tent_rain_flag": 0.0
}