{
  "ride_temp_mean": 24.228571428571428,
  "ride_wind_mean": 16.642857142857142,
  "ride_rain_flag": 0.0,
  "tent_rain_flag": 0.0
}