{
  "ride_temp_mean": 23.914285714285715,
  "ride_wind_mean": 14.700000000000001,
  "ride_rain_flag": 0.0,
  "tent_rain_flag": 1.0
}