{
  "samples_local": {
    "10": {
      "temp": 23.3,
      "precip": 0.0,
      "wind": 34.1,
      "wind_dir_deg": 160.0
    },
    "12": {
      "temp": 24.4,
      "precip": 0.0,
      "wind": 22.1,
      "wind_dir_deg": 157.0
    },
    "14": {
      "temp": 25.6,
      "precip": 0.0,
      "wind": 8.0,
      "wind_dir_deg": 140.0
    },
    "16": {
      "temp": 25.8,
      "precip": 0.0,
      "wind": 15.2,
      "wind_dir_deg": 53.0
    }
  },
  "ride_temp_mean": 24.775,
  "ride_wind_mean": 19.85,
  "ride_wind_dir_deg": 142.72079506351042,
  "ride_rain_flag": 0.0,
  "tent_rain_flag": 0.0,
  "daily_precip_sum": 0.0,
  "daily_temp_mean": 24.708333333333332,
  "daily_wind_mean": 31.96666666666667,
  "daily_wind_dir_deg": 145.4794015364766
}