{
  "ride_temp_mean": 5.575,
  "ride_precip_sum": 2.6,
  "ride_wind_speed": 28.19442141886771,
  "ride_wind_dir": 232.58641926886483,
  "tent_precip_sum": 19.3,
  "tent_temp_mean": 5.18
}