{
  "ride_temp_mean": 5.45,
  "ride_precip_sum": 0.0,
  "ride_wind_speed": 19.74584985600061,
  "ride_wind_dir": 220.0924178418367,
  "tent_precip_sum": 0.0,
  "tent_temp_mean": 2.9
}