{
  "ride_temp_mean": -8.15,
  "ride_precip_sum": 2.2,
  "ride_wind_speed": 9.230019017882155,
  "ride_wind_dir": 337.802228493036,
  "tent_precip_sum": 24.6,
  "tent_temp_mean": -7.040000000000001
}