{
  "ride_temp_mean": 0.15000000000000002,
  "ride_precip_sum": 0.0,
  "ride_wind_speed": 15.428296058414222,
  "ride_wind_dir": 222.77038617352957,
  "tent_precip_sum": 4.4,
  "tent_temp_mean": -1.54
}