{
  "ride_temp_mean": -1.125,
  "ride_precip_sum": 0.0,
  "ride_wind_speed": 5.137738150067874,
  "ride_wind_dir": 167.3485435140027,
  "tent_precip_sum": 0.0,
  "tent_temp_mean": -5.2
}