{
  "ride_temp_mean": -3.65,
  "ride_precip_sum": 0.0,
  "ride_wind_speed": 4.2534947289366185,
  "ride_wind_dir": 308.3640784720891,
  "tent_precip_sum": 0.0,
  "tent_temp_mean": -6.415000000000001
}