{
  "ride_temp_mean": -6.75,
  "ride_precip_sum": 0.0,
  "ride_wind_speed": 4.828510841060939,
  "ride_wind_dir": 238.62232123195878,
  "tent_precip_sum": 8.5,
  "tent_temp_mean": -7.984999999999999
}