{
  "ride_temp_mean": -8.9,
  "ride_precip_sum": 0.0,
  "ride_wind_speed": 1.4432926844250415,
  "ride_wind_dir": 275.4633942276865,
  "tent_precip_sum": 0.0,
  "tent_temp_mean": -12.735
}