{
  "ride_temp_mean": -2.35,
  "ride_precip_sum": 0.0,
  "ride_wind_speed": 2.53708584323206,
  "ride_wind_dir": 226.69398722330544,
  "tent_precip_sum": 0.0,
  "tent_temp_mean": -6.0600000000000005
}