{
  "ride_temp_mean": 6.175,
  "ride_precip_sum": 0.0,
  "ride_wind_speed": 5.796190504257491,
  "ride_wind_dir": 257.3733781690143,
  "tent_precip_sum": 0.1,
  "tent_temp_mean": 4.995
}