{
  "ride_temp_mean": 10.4,
  "ride_precip_sum": 0.1,
  "ride_wind_speed": 22.642645747965286,
  "ride_wind_dir": 236.66894943655723,
  "tent_precip_sum": 6.9,
  "tent_temp_mean": 8.775
}