{
  "ride_temp_mean": 4.55,
  "ride_precip_sum": 0.0,
  "ride_wind_speed": 1.5423663254582949,
  "ride_wind_dir": 207.74237085682606,
  "tent_precip_sum": 0.0,
  "tent_temp_mean": -0.8400000000000001
}