{
  "ride_temp_mean": -8.075,
  "ride_precip_sum": 0.0,
  "ride_wind_speed": 3.0543414913526425,
  "ride_wind_dir": 310.2909460661717,
  "tent_precip_sum": 0.1,
  "tent_temp_mean": -9.65
}