{
  "ride_temp_mean": -3.75,
  "ride_precip_sum": 0.0,
  "ride_wind_speed": 8.954911723364454,
  "ride_wind_dir": 292.34280682130714,
  "tent_precip_sum": 0.30000000000000004,
  "tent_temp_mean": -4.775
}