{
  "ride_temp_mean": 3.975,
  "ride_precip_sum": 0.0,
  "ride_wind_speed": 2.073403455080242,
  "ride_wind_dir": 287.32829157486805,
  "tent_precip_sum": 0.0,
  "tent_temp_mean": -0.6599999999999999
}