{
  "ride_temp_mean": 0.95,
  "ride_precip_sum": 0.5,
  "ride_wind_speed": 10.7147288970453,
  "ride_wind_dir": 250.07753390109184,
  "tent_precip_sum": 1.3,
  "tent_temp_mean": 0.33999999999999997
}