{
  "ride_temp_mean": 8.65,
  "ride_precip_sum": 0.0,
  "ride_wind_speed": 8.016204350729943,
  "ride_wind_dir": 231.55323987277126,
  "tent_precip_sum": 0.6,
  "tent_temp_mean": 5.925
}