{
  "ride_temp_mean": 4.4,
  "ride_precip_sum": 0.0,
  "ride_wind_speed": 3.05638735463712,
  "ride_wind_dir": 171.2387598435264,
  "tent_precip_sum": 0.0,
  "tent_temp_mean": -1.04
}