{
  "ride_temp_mean": 3.325,
  "ride_precip_sum": 0.1,
  "ride_wind_speed": 5.982112292989376,
  "ride_wind_dir": 7.068856810490502,
  "tent_precip_sum": 0.1,
  "tent_temp_mean": 0.17499999999999996
}