{
  "ride_temp_mean": 5.3,
  "ride_precip_sum": 0.1,
  "ride_wind_speed": 5.43564997493707,
  "ride_wind_dir": 331.28259652585706,
  "tent_precip_sum": 0.0,
  "tent_temp_mean": 2.8649999999999998
}