{
  "ride_temp_mean": 12.4,
  "ride_precip_sum": 2.3000000000000003,
  "ride_wind_speed": 21.826149828571605,
  "ride_wind_dir": 239.44824614367366,
  "tent_precip_sum": 8.8,
  "tent_temp_mean": 12.125
}