{
  "ride_temp_mean": 9.875,
  "ride_precip_sum": 0.9,
  "ride_wind_speed": 28.59173389523357,
  "ride_wind_dir": 258.4253356802119,
  "tent_precip_sum": 2.0,
  "tent_temp_mean": 9.695
}