{
  "ride_temp_mean": 11.375,
  "ride_precip_sum": 0.9,
  "ride_wind_speed": 34.37491535415573,
  "ride_wind_dir": 224.1395898851701,
  "tent_precip_sum": 5.7,
  "tent_temp_mean": 10.74
}