{
  "ride_temp_mean": 26.271428571428572,
  "ride_wind_mean": 6.914285714285714,
  "ride_rain_flag": 1.0,
  "tent_rain_flag": 1.0
}