{
  "ride_temp_mean": 3.742857142857143,
  "ride_wind_mean": 7.1571428571428575,
  "ride_rain_flag": 1.0,
  "tent_rain_flag": 0.0
}