{
  "samples_local": {
    "10": {
      "temp": 9.9,
      "precip": 0.0,
      "wind": 33.0,
      "wind_dir_deg": 253.0
    },
    "12": {
      "temp": 10.5,
      "precip": 0.0,
      "wind": 33.1,
      "wind_dir_deg": 253.0
    },
    "14": {
      "temp": 11.8,
      "precip": 0.0,
      "wind": 34.3,
      "wind_dir_deg": 247.0
    },
    "16": {
      "temp": 12.4,
      "precip": 0.0,
      "wind": 32.0,
      "wind_dir_deg": 252.0
    }
  },
  "ride_temp_mean": 11.15,
  "ride_wind_mean": 33.1,
  "ride_wind_dir_deg": 251.2047521692225,
  "ride_rain_flag": 0.0,
  "tent_rain_flag": 0.0,
  "daily_precip_sum": 0.0,
  "daily_temp_mean": 10.420833333333333,
  "daily_wind_mean": 28.633333333333336,
  "daily_wind_dir_deg": 255.60348175773134
}