{
  "ride_temp_mean": 13.171428571428573,
  "ride_wind_mean": 11.642857142857142,
  "ride_rain_flag": 1.0,
  "tent_rain_flag": 1.0
}