{
  "ride_temp_mean": 14.785714285714286,
  "ride_wind_mean": 17.757142857142856,
  "ride_rain_flag": 0.0,
  "tent_rain_flag": 0.0
}