{
  "ride_temp_mean": 6.071428571428571,
  "ride_wind_mean": 29.12857142857143,
  "ride_rain_flag": 1.0,
  "tent_rain_flag": 0.0
}