{
  "samples_local": {
    "10": {
      "temp": 11.6,
      "precip": 0.0,
      "wind": 10.5,
      "wind_dir_deg": 141.0
    },
    "12": {
      "temp": 11.6,
      "precip": 0.0,
      "wind": 13.8,
      "wind_dir_deg": 147.0
    },
    "14": {
      "temp": 12.8,
      "precip": 0.0,
      "wind": 19.0,
      "wind_dir_deg": 224.0
    },
    "16": {
      "temp": 12.9,
      "precip": 0.0,
      "wind": 20.4,
      "wind_dir_deg": 213.0
    }
  },
  "ride_temp_mean": 12.225,
  "ride_wind_mean": 15.925,
  "ride_wind_dir_deg": 191.40071459355295,
  "ride_rain_flag": 0.0,
  "tent_rain_flag": 1.0,
  "daily_precip_sum": 0.5,
  "daily_temp_mean": 13.237499999999999,
  "daily_wind_mean": 17.729166666666668,
  "daily_wind_dir_deg": 161.20833557466278
}