{
  "samples_local": {
    "10": {
      "temp": 10.0,
      "precip": 0.0,
      "wind": 12.8
    },
    "12": {
      "temp": 13.3,
      "precip": 0.0,
      "wind": 13.2
    },
    "14": {
      "temp": 14.7,
      "precip": 0.0,
      "wind": 14.2
    },
    "16": {
      "temp": 13.8,
      "precip": 0.0,
      "wind": 17.4
    }
  },
  "ride_temp_mean": 12.95,
  "ride_wind_mean": 14.399999999999999,
  "ride_rain_flag": 0.0,
  "tent_rain_flag": 0.0,
  "daily_precip_sum": 0.0,
  "daily_temp_mean": 7.458333333333333,
  "daily_wind_mean": 12.979166666666666
}