{
  "ride_temp_mean": 14.085714285714285,
  "ride_wind_mean": 23.614285714285717,
  "ride_rain_flag": 0.0,
  "tent_rain_flag": 0.0
}