{
  "ride_temp_mean": -0.5,
  "ride_precip_sum": 0.5,
  "ride_wind_speed": 6.449559525202878,
  "ride_wind_dir": 246.73548915784164,
  "tent_precip_sum": 1.4000000000000001,
  "tent_temp_mean": -1.415
}