{
  "ride_temp_mean": 1.025,
  "ride_precip_sum": 0.0,
  "ride_wind_speed": 9.833701149929105,
  "ride_wind_dir": 287.5434590630282,
  "tent_precip_sum": 15.0,
  "tent_temp_mean": 0.7150000000000001
}