{
  "ride_temp_mean": 5.475,
  "ride_precip_sum": 0.0,
  "ride_wind_speed": 12.396647030979706,
  "ride_wind_dir": 230.4618521380978,
  "tent_precip_sum": 0.1,
  "tent_temp_mean": 4.59
}