{
  "ride_temp_mean": 4.925,
  "ride_precip_sum": 0.0,
  "ride_wind_speed": 13.075552174943372,
  "ride_wind_dir": 228.8891993913821,
  "tent_precip_sum": 0.0,
  "tent_temp_mean": 0.42000000000000004
}