{
  "ride_temp_mean": 8.675,
  "ride_precip_sum": 2.6,
  "ride_wind_speed": 25.96660748613145,
  "ride_wind_dir": 237.30036341484606,
  "tent_precip_sum": 12.6,
  "tent_temp_mean": 8.22
}