{
  "ride_temp_mean": 4.725,
  "ride_precip_sum": 0.0,
  "ride_wind_speed": 13.300154589836891,
  "ride_wind_dir": 215.6090641615292,
  "tent_precip_sum": 0.0,
  "tent_temp_mean": 2.3850000000000002
}