{
  "ride_temp_mean": 3.2,
  "ride_precip_sum": 0.0,
  "ride_wind_speed": 0.7682932613360738,
  "ride_wind_dir": 304.94377905639556,
  "tent_precip_sum": 0.1,
  "tent_temp_mean": -0.10999999999999996
}