{
  "ride_temp_mean": 9.575,
  "ride_precip_sum": 0.0,
  "ride_wind_speed": 0.48710007604714417,
  "ride_wind_dir": 66.9604760255686,
  "tent_precip_sum": 0.0,
  "tent_temp_mean": 5.475
}