{
  "ride_temp_mean": 6.425,
  "ride_precip_sum": 0.0,
  "ride_wind_speed": 1.2237261909392598,
  "ride_wind_dir": 53.647440711790864,
  "tent_precip_sum": 0.0,
  "tent_temp_mean": 2.8150000000000004
}