{
  "ride_temp_mean": 0.55,
  "ride_precip_sum": 0.0,
  "ride_wind_speed": 3.855696223457539,
  "ride_wind_dir": 2.5635929115754266,
  "tent_precip_sum": 0.0,
  "tent_temp_mean": -3.3
}