{
  "ride_temp_mean": 1.9000000000000001,
  "ride_precip_sum": 0.3,
  "ride_wind_speed": 8.241547158613352,
  "ride_wind_dir": 233.27057376304316,
  "tent_precip_sum": 6.0,
  "tent_temp_mean": 0.9550000000000001
}