{
  "ride_temp_mean": 4.3,
  "ride_precip_sum": 0.0,
  "ride_wind_speed": 9.44286049840012,
  "ride_wind_dir": 213.14688562372734,
  "tent_precip_sum": 0.0,
  "tent_temp_mean": 0.3
}