{
  "samples_local": {
    "10": {
      "temp": 9.8,
      "precip": 0.2,
      "wind": 17.0,
      "wind_dir_deg": 54.0
    },
    "12": {
      "temp": 9.4,
      "precip": 0.5,
      "wind": 22.5,
      "wind_dir_deg": 63.0
    },
    "14": {
      "temp": 9.1,
      "precip": 0.9,
      "wind": 21.6,
      "wind_dir_deg": 66.0
    },
    "16": {
      "temp": 8.9,
      "precip": 0.0,
      "wind": 19.2,
      "wind_dir_deg": 67.0
    }
  },
  "ride_temp_mean": 9.3,
  "ride_wind_mean": 20.075,
  "ride_wind_dir_deg": 62.864230026960286,
  "ride_rain_flag": 1.0,
  "tent_rain_flag": 1.0,
  "daily_precip_sum": 3.3000000000000003,
  "daily_temp_mean": 7.841666666666666,
  "daily_wind_mean": 17.154166666666665,
  "daily_wind_dir_deg": 56.89450255503971
}