{
  "samples_local": {
    "10": {
      "temp": 7.4,
      "precip": 0.9,
      "wind": 24.0,
      "wind_dir_deg": 24.0
    },
    "12": {
      "temp": 8.0,
      "precip": 0.4,
      "wind": 19.9,
      "wind_dir_deg": 32.0
    },
    "14": {
      "temp": 7.9,
      "precip": 0.2,
      "wind": 16.1,
      "wind_dir_deg": 39.0
    },
    "16": {
      "temp": 7.9,
      "precip": 0.4,
      "wind": 13.5,
      "wind_dir_deg": 44.0
    }
  },
  "ride_temp_mean": 7.800000000000001,
  "ride_wind_mean": 18.375,
  "ride_wind_dir_deg": 33.12353119915292,
  "ride_rain_flag": 1.0,
  "tent_rain_flag": 1.0,
  "daily_precip_sum": 7.2,
  "daily_temp_mean": 6.470833333333334,
  "daily_wind_mean": 20.89166666666667,
  "daily_wind_dir_deg": 23.82749989600211
}