{
  "samples_local": {
    "10": {
      "temp": 8.9,
      "precip": 2.2,
      "wind": 22.9,
      "wind_dir_deg": 48.0
    },
    "12": {
      "temp": 8.1,
      "precip": 1.0,
      "wind": 18.5,
      "wind_dir_deg": 83.0
    },
    "14": {
      "temp": 7.6,
      "precip": 0.1,
      "wind": 18.5,
      "wind_dir_deg": 82.0
    },
    "16": {
      "temp": 6.8,
      "precip": 0.1,
      "wind": 18.5,
      "wind_dir_deg": 83.0
    }
  },
  "ride_temp_mean": 7.85,
  "ride_wind_mean": 19.6,
  "ride_wind_dir_deg": 72.7274816707565,
  "ride_rain_flag": 1.0,
  "tent_rain_flag": 1.0,
  "daily_precip_sum": 11.200000000000001,
  "daily_temp_mean": 6.591666666666666,
  "daily_wind_mean": 21.320833333333333,
  "daily_wind_dir_deg": 46.68217298896354
}