{
  "samples_local": {
    "10": {
      "temp": 6.1,
      "precip": 0.0,
      "wind": 21.4,
      "wind_dir_deg": 27.0
    },
    "12": {
      "temp": 7.8,
      "precip": 0.0,
      "wind": 20.9,
      "wind_dir_deg": 24.0
    },
    "14": {
      "temp": 5.8,
      "precip": 0.1,
      "wind": 20.0,
      "wind_dir_deg": 18.0
    },
    "16": {
      "temp": 6.6,
      "precip": 0.6,
      "wind": 18.4,
      "wind_dir_deg": 50.0
    }
  },
  "ride_temp_mean": 6.574999999999999,
  "ride_wind_mean": 20.174999999999997,
  "ride_wind_dir_deg": 29.151825333272882,
  "ride_rain_flag": 1.0,
  "tent_rain_flag": 1.0,
  "daily_precip_sum": 4.0,
  "daily_temp_mean": 4.479166666666667,
  "daily_wind_mean": 20.270833333333332,
  "daily_wind_dir_deg": 30.377615006087126
}