{
  "samples_local": {
    "10": {
      "temp": 4.2,
      "precip": 0.2,
      "wind": 17.6,
      "wind_dir_deg": 28.0
    },
    "12": {
      "temp": 5.3,
      "precip": 0.5,
      "wind": 21.3,
      "wind_dir_deg": 30.0
    },
    "14": {
      "temp": 4.7,
      "precip": 1.1,
      "wind": 19.3,
      "wind_dir_deg": 27.0
    },
    "16": {
      "temp": 5.2,
      "precip": 0.8,
      "wind": 16.1,
      "wind_dir_deg": 50.0
    }
  },
  "ride_temp_mean": 4.85,
  "ride_wind_mean": 18.575000000000003,
  "ride_wind_dir_deg": 33.03207562541195,
  "ride_rain_flag": 1.0,
  "tent_rain_flag": 1.0,
  "daily_precip_sum": 8.0,
  "daily_temp_mean": 3.5749999999999997,
  "daily_wind_mean": 18.966666666666665,
  "daily_wind_dir_deg": 42.07607845352874
}