{
  "samples_local": {
    "10": {
      "temp": 9.9,
      "precip": 0.1,
      "wind": 13.3,
      "wind_dir_deg": 57.0
    },
    "12": {
      "temp": 9.6,
      "precip": 1.1,
      "wind": 15.6,
      "wind_dir_deg": 75.0
    },
    "14": {
      "temp": 9.4,
      "precip": 0.0,
      "wind": 15.3,
      "wind_dir_deg": 66.0
    },
    "16": {
      "temp": 8.6,
      "precip": 0.0,
      "wind": 17.1,
      "wind_dir_deg": 62.0
    }
  },
  "ride_temp_mean": 9.375,
  "ride_wind_mean": 15.325000000000001,
  "ride_wind_dir_deg": 65.21634636664493,
  "ride_rain_flag": 1.0,
  "tent_rain_flag": 1.0,
  "daily_precip_sum": 6.9,
  "daily_temp_mean": 8.370833333333334,
  "daily_wind_mean": 20.295833333333334,
  "daily_wind_dir_deg": 38.20046809387725
}