{
  "samples_local": {
    "10": {
      "temp": 8.6,
      "precip": 0.6,
      "wind": 29.9,
      "wind_dir_deg": 64.0
    },
    "12": {
      "temp": 7.6,
      "precip": 0.1,
      "wind": 19.5,
      "wind_dir_deg": 85.0
    },
    "14": {
      "temp": 7.8,
      "precip": 0.0,
      "wind": 18.4,
      "wind_dir_deg": 84.0
    },
    "16": {
      "temp": 6.8,
      "precip": 0.0,
      "wind": 18.9,
      "wind_dir_deg": 76.0
    }
  },
  "ride_temp_mean": 7.699999999999999,
  "ride_wind_mean": 21.674999999999997,
  "ride_wind_dir_deg": 75.59498163929379,
  "ride_rain_flag": 1.0,
  "tent_rain_flag": 1.0,
  "daily_precip_sum": 5.4,
  "daily_temp_mean": 6.466666666666666,
  "daily_wind_mean": 23.34166666666667,
  "daily_wind_dir_deg": 51.62861498654115
}