{
  "samples_local": {
    "10": {
      "temp": 11.7,
      "precip": 0.0,
      "wind": 10.8,
      "wind_dir_deg": 216.0
    },
    "12": {
      "temp": 13.3,
      "precip": 0.0,
      "wind": 9.6,
      "wind_dir_deg": 232.0
    },
    "14": {
      "temp": 13.6,
      "precip": 0.0,
      "wind": 14.2,
      "wind_dir_deg": 232.0
    },
    "16": {
      "temp": 13.9,
      "precip": 0.0,
      "wind": 15.5,
      "wind_dir_deg": 227.0
    }
  },
  "ride_temp_mean": 13.125,
  "ride_wind_mean": 12.525,
  "ride_wind_dir_deg": 227.0156085304689,
  "ride_rain_flag": 0.0,
  "tent_rain_flag": 0.0,
  "daily_precip_sum": 0.2,
  "daily_temp_mean": 11.820833333333333,
  "daily_wind_mean": 12.245833333333332,
  "daily_wind_dir_deg": 225.40661792955814
}