{
  "samples_local": {
    "10": {
      "temp": 17.4,
      "precip": 0.0,
      "wind": 8.9,
      "wind_dir_deg": 204.0
    },
    "12": {
      "temp": 20.1,
      "precip": 0.0,
      "wind": 8.3,
      "wind_dir_deg": 198.0
    },
    "14": {
      "temp": 21.7,
      "precip": 0.0,
      "wind": 3.1,
      "wind_dir_deg": 234.0
    },
    "16": {
      "temp": 22.2,
      "precip": 0.0,
      "wind": 5.1,
      "wind_dir_deg": 252.0
    }
  },
  "ride_temp_mean": 20.35,
  "ride_wind_mean": 6.3500000000000005,
  "ride_wind_dir_deg": 214.88780081432552,
  "ride_rain_flag": 0.0,
  "tent_rain_flag": 0.0,
  "daily_precip_sum": 0.0,
  "daily_temp_mean": 16.429166666666667,
  "daily_wind_mean": 8.616666666666667,
  "daily_wind_dir_deg": 216.3722954053784
}