{
  "samples_local": {
    "10": {
      "temp": 14.8,
      "precip": 0.0,
      "wind": 23.5,
      "wind_dir_deg": 262.0
    },
    "12": {
      "temp": 14.9,
      "precip": 0.0,
      "wind": 24.5,
      "wind_dir_deg": 248.0
    },
    "14": {
      "temp": 14.8,
      "precip": 0.0,
      "wind": 32.2,
      "wind_dir_deg": 241.0
    },
    "16": {
      "temp": 14.9,
      "precip": 0.0,
      "wind": 32.1,
      "wind_dir_deg": 245.0
    }
  },
  "ride_temp_mean": 14.850000000000001,
  "ride_wind_mean": 28.075000000000003,
  "ride_wind_dir_deg": 248.0416845712384,
  "ride_rain_flag": 0.0,
  "tent_rain_flag": 0.0,
  "daily_precip_sum": 0.0,
  "daily_temp_mean": 14.895833333333334,
  "daily_wind_mean": 27.3,
  "daily_wind_dir_deg": 258.0410488309547
}