{
  "samples_local": {
    "10": {
      "temp": 13.3,
      "precip": 0.0,
      "wind": 29.2,
      "wind_dir_deg": 231.0
    },
    "12": {
      "temp": 14.6,
      "precip": 0.0,
      "wind": 27.4,
      "wind_dir_deg": 224.0
    },
    "14": {
      "temp": 16.9,
      "precip": 0.0,
      "wind": 29.2,
      "wind_dir_deg": 226.0
    },
    "16": {
      "temp": 17.8,
      "precip": 0.0,
      "wind": 30.1,
      "wind_dir_deg": 229.0
    }
  },
  "ride_temp_mean": 15.65,
  "ride_wind_mean": 28.975,
  "ride_wind_dir_deg": 227.5660417520341,
  "ride_rain_flag": 0.0,
  "tent_rain_flag": 0.0,
  "daily_precip_sum": 0.0,
  "daily_temp_mean": 15.366666666666667,
  "daily_wind_mean": 30.525000000000002,
  "daily_wind_dir_deg": 233.83872374182454
}