{
  "samples_local": {
    "10": {
      "temp": 12.6,
      "precip": 0.0,
      "wind": 12.9,
      "wind_dir_deg": 227.0
    },
    "12": {
      "temp": 15.4,
      "precip": 0.0,
      "wind": 14.4,
      "wind_dir_deg": 230.0
    },
    "14": {
      "temp": 15.8,
      "precip": 0.0,
      "wind": 16.6,
      "wind_dir_deg": 234.0
    },
    "16": {
      "temp": 15.6,
      "precip": 0.0,
      "wind": 14.8,
      "wind_dir_deg": 226.0
    }
  },
  "ride_temp_mean": 14.85,
  "ride_wind_mean": 14.675,
  "ride_wind_dir_deg": 229.4627284946265,
  "ride_rain_flag": 0.0,
  "tent_rain_flag": 0.0,
  "daily_precip_sum": 0.0,
  "daily_temp_mean": 11.866666666666667,
  "daily_wind_mean": 12.924999999999999,
  "daily_wind_dir_deg": 220.75069021337112
}