{
  "samples_local": {
    "10": {
      "temp": 17.1,
      "precip": 0.0,
      "wind": 25.0,
      "wind_dir_deg": 187.0
    },
    "12": {
      "temp": 17.2,
      "precip": 0.0,
      "wind": 20.1,
      "wind_dir_deg": 187.0
    },
    "14": {
      "temp": 17.8,
      "precip": 0.0,
      "wind": 19.8,
      "wind_dir_deg": 196.0
    },
    "16": {
      "temp": 18.0,
      "precip": 0.0,
      "wind": 13.2,
      "wind_dir_deg": 204.0
    }
  },
  "ride_temp_mean": 17.525,
  "ride_wind_mean": 19.525,
  "ride_wind_dir_deg": 192.14391056613948,
  "ride_rain_flag": 0.0,
  "tent_rain_flag": 0.0,
  "daily_precip_sum": 0.0,
  "daily_temp_mean": 17.929166666666667,
  "daily_wind_mean": 18.091666666666665,
  "daily_wind_dir_deg": 193.4778462401339
}