{
  "samples_local": {
    "10": {
      "temp": 11.4,
      "precip": 0.0,
      "wind": 13.8,
      "wind_dir_deg": 207.0
    },
    "12": {
      "temp": 14.6,
      "precip": 0.0,
      "wind": 15.9,
      "wind_dir_deg": 207.0
    },
    "14": {
      "temp": 15.8,
      "precip": 0.0,
      "wind": 14.8,
      "wind_dir_deg": 216.0
    },
    "16": {
      "temp": 16.3,
      "precip": 0.0,
      "wind": 11.6,
      "wind_dir_deg": 224.0
    }
  },
  "ride_temp_mean": 14.525,
  "ride_wind_mean": 14.025,
  "ride_wind_dir_deg": 212.8801309069443,
  "ride_rain_flag": 0.0,
  "tent_rain_flag": 0.0,
  "daily_precip_sum": 0.0,
  "daily_temp_mean": 10.595833333333333,
  "daily_wind_mean": 11.816666666666668,
  "daily_wind_dir_deg": 210.44460202679275
}