{
  "samples_local": {
    "10": {
      "temp": 6.9,
      "precip": 0.1,
      "wind": 12.1,
      "wind_dir_deg": 255.0
    },
    "12": {
      "temp": 7.0,
      "precip": 1.1,
      "wind": 13.7,
      "wind_dir_deg": 257.0
    },
    "14": {
      "temp": 7.4,
      "precip": 0.1,
      "wind": 12.6,
      "wind_dir_deg": 259.0
    },
    "16": {
      "temp": 6.5,
      "precip": 0.1,
      "wind": 10.2,
      "wind_dir_deg": 261.0
    }
  },
  "ride_temp_mean": 6.95,
  "ride_wind_mean": 12.149999999999999,
  "ride_wind_dir_deg": 257.8600377657344,
  "ride_rain_flag": 1.0,
  "tent_rain_flag": 1.0,
  "daily_precip_sum": 4.0,
  "daily_temp_mean": 4.8374999999999995,
  "daily_wind_mean": 7.966666666666666,
  "daily_wind_dir_deg": 250.0967922367688
}