{
  "samples_local": {
    "10": {
      "temp": 17.8,
      "precip": 0.1,
      "wind": 12.2,
      "wind_dir_deg": 88.0
    },
    "12": {
      "temp": 17.5,
      "precip": 0.1,
      "wind": 7.8,
      "wind_dir_deg": 138.0
    },
    "14": {
      "temp": 17.1,
      "precip": 0.0,
      "wind": 14.2,
      "wind_dir_deg": 189.0
    },
    "16": {
      "temp": 17.0,
      "precip": 0.0,
      "wind": 18.6,
      "wind_dir_deg": 195.0
    }
  },
  "ride_temp_mean": 17.35,
  "ride_wind_mean": 13.2,
  "ride_wind_dir_deg": 164.47872497896947,
  "ride_rain_flag": 0.0,
  "tent_rain_flag": 0.0,
  "daily_precip_sum": 0.30000000000000004,
  "daily_temp_mean": 17.733333333333334,
  "daily_wind_mean": 14.454166666666666,
  "daily_wind_dir_deg": 115.60654864533626
}