{
  "samples_local": {
    "10": {
      "temp": 10.4,
      "precip": 0.0,
      "wind": 7.8,
      "wind_dir_deg": 233.0
    },
    "12": {
      "temp": 13.0,
      "precip": 0.0,
      "wind": 9.7,
      "wind_dir_deg": 215.0
    },
    "14": {
      "temp": 13.1,
      "precip": 0.0,
      "wind": 14.6,
      "wind_dir_deg": 226.0
    },
    "16": {
      "temp": 14.1,
      "precip": 0.0,
      "wind": 13.8,
      "wind_dir_deg": 237.0
    }
  },
  "ride_temp_mean": 12.65,
  "ride_wind_mean": 11.475,
  "ride_wind_dir_deg": 228.18540756746106,
  "ride_rain_flag": 0.0,
  "tent_rain_flag": 0.0,
  "daily_precip_sum": 0.0,
  "daily_temp_mean": 9.666666666666666,
  "daily_wind_mean": 7.783333333333334,
  "daily_wind_dir_deg": 248.75072789769666
}