{
  "samples_local": {
    "10": {
      "temp": 9.6,
      "precip": 0.0,
      "wind": 17.5,
      "wind_dir_deg": 256.0
    },
    "12": {
      "temp": 11.4,
      "precip": 0.0,
      "wind": 16.4,
      "wind_dir_deg": 255.0
    },
    "14": {
      "temp": 11.8,
      "precip": 0.0,
      "wind": 14.0,
      "wind_dir_deg": 246.0
    },
    "16": {
      "temp": 11.1,
      "precip": 0.0,
      "wind": 14.4,
      "wind_dir_deg": 241.0
    }
  },
  "ride_temp_mean": 10.975,
  "ride_wind_mean": 15.575,
  "ride_wind_dir_deg": 250.02715854943068,
  "ride_rain_flag": 0.0,
  "tent_rain_flag": 0.0,
  "daily_precip_sum": 0.0,
  "daily_temp_mean": 7.829166666666667,
  "daily_wind_mean": 13.383333333333333,
  "daily_wind_dir_deg": 253.78478733083352
}