{
  "samples_local": {
    "10": {
      "temp": 22.2,
      "precip": 0.0,
      "wind": 6.2,
      "wind_dir_deg": 308.0
    },
    "12": {
      "temp": 23.0,
      "precip": 0.0,
      "wind": 10.7,
      "wind_dir_deg": 331.0
    },
    "14": {
      "temp": 22.5,
      "precip": 0.0,
      "wind": 14.2,
      "wind_dir_deg": 279.0
    },
    "16": {
      "temp": 21.6,
      "precip": 0.0,
      "wind": 16.6,
      "wind_dir_deg": 279.0
    }
  },
  "ride_temp_mean": 22.325,
  "ride_wind_mean": 11.925,
  "ride_wind_dir_deg": 293.9582484212115,
  "ride_rain_flag": 0.0,
  "tent_rain_flag": 0.0,
  "daily_precip_sum": 0.0,
  "daily_temp_mean": 19.395833333333332,
  "daily_wind_mean": 6.920833333333333,
  "daily_wind_dir_deg": 266.4599857225662
}