{
  "samples_local": {
    "10": {
      "temp": 14.1,
      "precip": 0.0,
      "wind": 32.1,
      "wind_dir_deg": 250.0
    },
    "12": {
      "temp": 14.8,
      "precip": 0.0,
      "wind": 32.8,
      "wind_dir_deg": 258.0
    },
    "14": {
      "temp": 16.4,
      "precip": 0.0,
      "wind": 26.6,
      "wind_dir_deg": 255.0
    },
    "16": {
      "temp": 17.0,
      "precip": 0.0,
      "wind": 24.8,
      "wind_dir_deg": 241.0
    }
  },
  "ride_temp_mean": 15.575,
  "ride_wind_mean": 29.075,
  "ride_wind_dir_deg": 251.48871833333723,
  "ride_rain_flag": 0.0,
  "tent_rain_flag": 0.0,
  "daily_precip_sum": 0.0,
  "daily_temp_mean": 15.495833333333332,
  "daily_wind_mean": 30.941666666666666,
  "daily_wind_dir_deg": 248.38504391661633
}