{
  "samples_local": {
    "10": {
      "temp": 10.6,
      "precip": 0.1,
      "wind": 4.7
    },
    "12": {
      "temp": 12.4,
      "precip": 0.1,
      "wind": 6.3
    },
    "14": {
      "temp": 12.1,
      "precip": 0.1,
      "wind": 9.6
    },
    "16": {
      "temp": 12.2,
      "precip": 0.1,
      "wind": 8.7
    }
  },
  "ride_temp_mean": 11.825,
  "ride_wind_mean": 7.324999999999999,
  "ride_rain_flag": 0.0,
  "tent_rain_flag": 1.0,
  "daily_precip_sum": 1.9000000000000001,
  "daily_temp_mean": 10.854166666666666,
  "daily_wind_mean": 7.0625
}