{
  "samples_local": {
    "10": {
      "temp": 14.3,
      "precip": 0.1,
      "wind": 14.0,
      "wind_dir_deg": 234.0
    },
    "12": {
      "temp": 15.2,
      "precip": 0.0,
      "wind": 16.6,
      "wind_dir_deg": 223.0
    },
    "14": {
      "temp": 15.1,
      "precip": 0.0,
      "wind": 16.3,
      "wind_dir_deg": 216.0
    },
    "16": {
      "temp": 14.6,
      "precip": 0.0,
      "wind": 18.7,
      "wind_dir_deg": 218.0
    }
  },
  "ride_temp_mean": 14.8,
  "ride_wind_mean": 16.4,
  "ride_wind_dir_deg": 222.16902325896592,
  "ride_rain_flag": 0.0,
  "tent_rain_flag": 1.0,
  "daily_precip_sum": 0.8,
  "daily_temp_mean": 13.629166666666668,
  "daily_wind_mean": 13.554166666666667,
  "daily_wind_dir_deg": 219.45236587242994
}