{
  "ride_temp_mean": 2.775,
  "ride_precip_sum": 0.0,
  "ride_wind_speed": 17.662145164735485,
  "ride_wind_dir": 28.73120523043184,
  "tent_precip_sum": 0.0,
  "tent_temp_mean": 0.915
}