{
  "ride_temp_mean": 9.025,
  "ride_precip_sum": 0.3,
  "ride_wind_speed": 24.74288939703907,
  "ride_wind_dir": 251.10924288529702,
  "tent_precip_sum": 3.6,
  "tent_temp_mean": 8.625
}