{
  "ride_temp_mean": 7.375,
  "ride_precip_sum": 3.5,
  "ride_wind_speed": 25.229629278424113,
  "ride_wind_dir": 261.30247519407214,
  "tent_precip_sum": 9.3,
  "tent_temp_mean": 8.57
}