{
  "ride_temp_mean": -5.15,
  "ride_precip_sum": 0.5,
  "ride_wind_speed": 2.636301371989625,
  "ride_wind_dir": 9.59691192788739,
  "tent_precip_sum": 1.9000000000000001,
  "tent_temp_mean": -7.425
}