{
  "ride_temp_mean": 6.938893903907228e-18,
  "ride_precip_sum": 0.6000000000000001,
  "ride_wind_speed": 7.633405861871781,
  "ride_wind_dir": 9.14481354101838,
  "tent_precip_sum": 1.0,
  "tent_temp_mean": -0.49000000000000005
}