{
  "ride_temp_mean": -0.04999999999999999,
  "ride_precip_sum": 0.0,
  "ride_wind_speed": 23.03131947006428,
  "ride_wind_dir": 264.97143924636725,
  "tent_precip_sum": 2.4,
  "tent_temp_mean": 1.5
}