{
  "ride_temp_mean": 6.475,
  "ride_precip_sum": 0.6,
  "ride_wind_speed": 29.62179934527968,
  "ride_wind_dir": 232.25593494822058,
  "tent_precip_sum": 5.0,
  "tent_temp_mean": 5.84
}