{
  "samples_local": {
    "10": {
      "temp": 29.6,
      "precip": 0.0,
      "wind": 9.7,
      "wind_dir_deg": 301.0
    },
    "12": {
      "temp": 32.5,
      "precip": 0.0,
      "wind": 9.5,
      "wind_dir_deg": 303.0
    },
    "14": {
      "temp": 32.8,
      "precip": 0.0,
      "wind": 7.0,
      "wind_dir_deg": 291.0
    },
    "16": {
      "temp": 34.0,
      "precip": 0.0,
      "wind": 9.3,
      "wind_dir_deg": 283.0
    }
  },
  "ride_temp_mean": 32.225,
  "ride_wind_mean": 8.875,
  "ride_wind_dir_deg": 294.8600742939882,
  "ride_rain_flag": 0.0,
  "tent_rain_flag": 1.0,
  "daily_precip_sum": 0.30000000000000004,
  "daily_temp_mean": 27.400000000000002,
  "daily_wind_mean": 9.345833333333333,
  "daily_wind_dir_deg": 287.2359747461023
}