{
  "samples_local": {
    "10": {
      "temp": 20.7,
      "precip": 0.0,
      "wind": 3.4,
      "wind_dir_deg": 342.0
    },
    "12": {
      "temp": 23.6,
      "precip": 0.0,
      "wind": 7.1,
      "wind_dir_deg": 10.0
    },
    "14": {
      "temp": 24.8,
      "precip": 0.0,
      "wind": 9.4,
      "wind_dir_deg": 12.0
    },
    "16": {
      "temp": 25.1,
      "precip": 0.0,
      "wind": 10.2,
      "wind_dir_deg": 9.0
    }
  },
  "ride_temp_mean": 23.55,
  "ride_wind_mean": 7.5249999999999995,
  "ride_wind_dir_deg": 7.211843165639607,
  "ride_rain_flag": 0.0,
  "tent_rain_flag": 0.0,
  "daily_precip_sum": 0.0,
  "daily_temp_mean": 19.183333333333334,
  "daily_wind_mean": 4.866666666666666,
  "daily_wind_dir_deg": 36.89232065467132
}