{
  "samples_local": {
    "10": {
      "temp": 15.6,
      "precip": 0.2,
      "wind": 24.8,
      "wind_dir_deg": 33.0
    },
    "12": {
      "temp": 16.6,
      "precip": 0.1,
      "wind": 30.1,
      "wind_dir_deg": 43.0
    },
    "14": {
      "temp": 17.5,
      "precip": 0.0,
      "wind": 34.0,
      "wind_dir_deg": 43.0
    },
    "16": {
      "temp": 17.9,
      "precip": 0.0,
      "wind": 32.6,
      "wind_dir_deg": 41.0
    }
  },
  "ride_temp_mean": 16.9,
  "ride_wind_mean": 30.375,
  "ride_wind_dir_deg": 40.42600304279807,
  "ride_rain_flag": 1.0,
  "tent_rain_flag": 1.0,
  "daily_precip_sum": 1.9000000000000001,
  "daily_temp_mean": 16.341666666666665,
  "daily_wind_mean": 25.162499999999998,
  "daily_wind_dir_deg": 47.23350788561402
}