{
  "samples_local": {
    "10": {
      "temp": 30.2,
      "precip": 0.0,
      "wind": 7.6,
      "wind_dir_deg": 313.0
    },
    "12": {
      "temp": 33.2,
      "precip": 0.0,
      "wind": 6.6,
      "wind_dir_deg": 317.0
    },
    "14": {
      "temp": 34.2,
      "precip": 0.0,
      "wind": 7.7,
      "wind_dir_deg": 329.0
    },
    "16": {
      "temp": 27.0,
      "precip": 1.2,
      "wind": 14.6,
      "wind_dir_deg": 261.0
    }
  },
  "ride_temp_mean": 31.150000000000002,
  "ride_wind_mean": 9.125,
  "ride_wind_dir_deg": 296.7317581518097,
  "ride_rain_flag": 1.0,
  "tent_rain_flag": 1.0,
  "daily_precip_sum": 1.9,
  "daily_temp_mean": 26.90833333333333,
  "daily_wind_mean": 7.941666666666666,
  "daily_wind_dir_deg": 287.34020821012626
}