{
  "samples_local": {
    "10": {
      "temp": 14.3,
      "precip": 0.0,
      "wind": 17.6
    },
    "12": {
      "temp": 16.1,
      "precip": 0.0,
      "wind": 22.6
    },
    "14": {
      "temp": 15.6,
      "precip": 0.0,
      "wind": 19.2
    },
    "16": {
      "temp": 15.5,
      "precip": 0.0,
      "wind": 18.7
    }
  },
  "ride_temp_mean": 15.375,
  "ride_wind_mean": 19.525,
  "ride_rain_flag": 0.0,
  "tent_rain_flag": 0.0,
  "daily_precip_sum": 0.6000000000000001,
  "daily_temp_mean": 14.120833333333332,
  "daily_wind_mean": 19.212500000000002
}