{
  "samples_local": {
    "10": {
      "temp": 15.3,
      "precip": 0.1,
      "wind": 25.8
    },
    "12": {
      "temp": 16.8,
      "precip": 0.1,
      "wind": 23.6
    },
    "14": {
      "temp": 17.0,
      "precip": 0.0,
      "wind": 22.0
    },
    "16": {
      "temp": 17.6,
      "precip": 0.0,
      "wind": 19.6
    }
  },
  "ride_temp_mean": 16.675,
  "ride_wind_mean": 22.75,
  "ride_rain_flag": 0.0,
  "tent_rain_flag": 1.0,
  "daily_precip_sum": 0.6000000000000001,
  "daily_temp_mean": 14.166666666666666,
  "daily_wind_mean": 19.654166666666665
}