{
  "samples_local": {
    "10": {
      "temp": 15.0,
      "precip": 0.1,
      "wind": 20.5
    },
    "12": {
      "temp": 17.5,
      "precip": 0.0,
      "wind": 19.6
    },
    "14": {
      "temp": 17.4,
      "precip": 0.1,
      "wind": 15.7
    },
    "16": {
      "temp": 18.0,
      "precip": 0.0,
      "wind": 18.8
    }
  },
  "ride_temp_mean": 16.975,
  "ride_wind_mean": 18.65,
  "ride_rain_flag": 0.0,
  "tent_rain_flag": 0.0,
  "daily_precip_sum": 0.7000000000000001,
  "daily_temp_mean": 14.254166666666668,
  "daily_wind_mean": 16.191666666666666
}