{
  "ride_temp_mean": 4.8,
  "ride_precip_sum": 0.7,
  "ride_wind_speed": 1.8526283623696949,
  "ride_wind_dir": 320.9503901712138,
  "tent_precip_sum": 1.1,
  "tent_temp_mean": 1.255
}