{
  "ride_temp_mean": 6.275,
  "ride_precip_sum": 0.0,
  "ride_wind_speed": 1.9793369969198924,
  "ride_wind_dir": 140.37494079926398,
  "tent_precip_sum": 0.0,
  "tent_temp_mean": 4.025
}