{
  "ride_temp_mean": 2.175,
  "ride_precip_sum": 0.0,
  "ride_wind_speed": 25.645891303035963,
  "ride_wind_dir": 263.15762148881646,
  "tent_precip_sum": 2.9,
  "tent_temp_mean": 3.225
}