{
  "ride_temp_mean": 8.725,
  "ride_precip_sum": 2.1999999999999997,
  "ride_wind_speed": 30.124980086211767,
  "ride_wind_dir": 233.13490977113867,
  "tent_precip_sum": 1.4,
  "tent_temp_mean": 8.015
}