{
  "ride_temp_mean": 4.25,
  "ride_precip_sum": 0.0,
  "ride_wind_speed": 23.834873561844304,
  "ride_wind_dir": 229.8291038324573,
  "tent_precip_sum": 0.0,
  "tent_temp_mean": 2.995
}