{
  "ride_temp_mean": 0.65,
  "ride_precip_sum": 0.6000000000000001,
  "ride_wind_speed": 1.4564951259215229,
  "ride_wind_dir": 21.57334159682017,
  "tent_precip_sum": 1.4000000000000001,
  "tent_temp_mean": 0.32999999999999996
}