{
  "ride_temp_mean": 1.45,
  "ride_precip_sum": 0.0,
  "ride_wind_speed": 15.738905515969863,
  "ride_wind_dir": 276.6066187866942,
  "tent_precip_sum": 1.9000000000000001,
  "tent_temp_mean": 2.32
}