{
  "ride_temp_mean": 6.625,
  "ride_precip_sum": 0.0,
  "ride_wind_speed": 13.31700721135775,
  "ride_wind_dir": 213.29651026839792,
  "tent_precip_sum": 0.0,
  "tent_temp_mean": 2.5300000000000002
}