{
  "samples_local": {
    "10": {
      "temp": 8.3,
      "precip": 0.0,
      "wind": 4.5,
      "wind_dir_deg": 40.0
    },
    "12": {
      "temp": 9.4,
      "precip": 0.0,
      "wind": 7.4,
      "wind_dir_deg": 29.0
    },
    "14": {
      "temp": 9.8,
      "precip": 0.0,
      "wind": 6.2,
      "wind_dir_deg": 57.0
    },
    "16": {
      "temp": 8.4,
      "precip": 0.0,
      "wind": 6.6,
      "wind_dir_deg": 57.0
    }
  },
  "ride_temp_mean": 8.975000000000001,
  "ride_wind_mean": 6.175,
  "ride_wind_dir_deg": 45.54487696909462,
  "ride_rain_flag": 0.0,
  "tent_rain_flag": 0.0,
  "daily_precip_sum": 0.0,
  "daily_temp_mean": 4.6000000000000005,
  "daily_wind_mean": 3.0416666666666665,
  "daily_wind_dir_deg": 63.3280507524243
}