{
  "samples_local": {
    "10": {
      "temp": 11.0,
      "precip": 0.0,
      "wind": 8.2,
      "wind_dir_deg": 341.0
    },
    "12": {
      "temp": 14.8,
      "precip": 0.0,
      "wind": 5.1,
      "wind_dir_deg": 276.0
    },
    "14": {
      "temp": 16.5,
      "precip": 0.0,
      "wind": 10.8,
      "wind_dir_deg": 270.0
    },
    "16": {
      "temp": 16.6,
      "precip": 0.0,
      "wind": 10.1,
      "wind_dir_deg": 287.0
    }
  },
  "ride_temp_mean": 14.725000000000001,
  "ride_wind_mean": 8.55,
  "ride_wind_dir_deg": 291.72981156733596,
  "ride_rain_flag": 0.0,
  "tent_rain_flag": 0.0,
  "daily_precip_sum": 0.0,
  "daily_temp_mean": 9.341666666666667,
  "daily_wind_mean": 9.045833333333333,
  "daily_wind_dir_deg": 337.2505047285449
}