{
  "samples_local": {
    "10": {
      "temp": 6.3,
      "precip": 0.0,
      "wind": 12.1,
      "wind_dir_deg": 325.0
    },
    "12": {
      "temp": 12.5,
      "precip": 0.0,
      "wind": 9.2,
      "wind_dir_deg": 354.0
    },
    "14": {
      "temp": 15.9,
      "precip": 0.0,
      "wind": 8.0,
      "wind_dir_deg": 10.0
    },
    "16": {
      "temp": 16.6,
      "precip": 0.0,
      "wind": 7.6,
      "wind_dir_deg": 3.0
    }
  },
  "ride_temp_mean": 12.825000000000001,
  "ride_wind_mean": 9.225,
  "ride_wind_dir_deg": 349.9573022636576,
  "ride_rain_flag": 0.0,
  "tent_rain_flag": 0.0,
  "daily_precip_sum": 0.0,
  "daily_temp_mean": 6.745833333333334,
  "daily_wind_mean": 7.3500000000000005,
  "daily_wind_dir_deg": 328.8540757021474
}