{
  "samples_local": {
    "10": {
      "temp": 9.7,
      "precip": 0.0,
      "wind": 11.6,
      "wind_dir_deg": 289.0
    },
    "12": {
      "temp": 12.7,
      "precip": 0.0,
      "wind": 17.1,
      "wind_dir_deg": 268.0
    },
    "14": {
      "temp": 14.2,
      "precip": 0.0,
      "wind": 19.1,
      "wind_dir_deg": 272.0
    },
    "16": {
      "temp": 13.7,
      "precip": 0.0,
      "wind": 24.0,
      "wind_dir_deg": 267.0
    }
  },
  "ride_temp_mean": 12.575,
  "ride_wind_mean": 17.95,
  "ride_wind_dir_deg": 272.08610304196804,
  "ride_rain_flag": 0.0,
  "tent_rain_flag": 0.0,
  "daily_precip_sum": 0.0,
  "daily_temp_mean": 7.9125000000000005,
  "daily_wind_mean": 14.833333333333334,
  "daily_wind_dir_deg": 294.248598355033
}