{
  "samples_local": {
    "10": {
      "temp": 10.2,
      "precip": 0.0,
      "wind": 14.0,
      "wind_dir_deg": 288.0
    },
    "12": {
      "temp": 14.0,
      "precip": 0.0,
      "wind": 19.0,
      "wind_dir_deg": 299.0
    },
    "14": {
      "temp": 16.4,
      "precip": 0.0,
      "wind": 18.3,
      "wind_dir_deg": 302.0
    },
    "16": {
      "temp": 16.9,
      "precip": 0.0,
      "wind": 18.4,
      "wind_dir_deg": 304.0
    }
  },
  "ride_temp_mean": 14.375,
  "ride_wind_mean": 17.425,
  "ride_wind_dir_deg": 298.90918941244615,
  "ride_rain_flag": 0.0,
  "tent_rain_flag": 0.0,
  "daily_precip_sum": 0.0,
  "daily_temp_mean": 10.729166666666666,
  "daily_wind_mean": 15.487499999999999,
  "daily_wind_dir_deg": 296.85355679122915
}