{
  "samples_local": {
    "10": {
      "temp": 10.8,
      "precip": 0.0,
      "wind": 15.3,
      "wind_dir_deg": 309.0
    },
    "12": {
      "temp": 14.4,
      "precip": 0.0,
      "wind": 18.3,
      "wind_dir_deg": 311.0
    },
    "14": {
      "temp": 17.1,
      "precip": 0.0,
      "wind": 13.7,
      "wind_dir_deg": 314.0
    },
    "16": {
      "temp": 17.5,
      "precip": 0.0,
      "wind": 13.9,
      "wind_dir_deg": 307.0
    }
  },
  "ride_temp_mean": 14.950000000000001,
  "ride_wind_mean": 15.3,
  "ride_wind_dir_deg": 310.2628988435779,
  "ride_rain_flag": 0.0,
  "tent_rain_flag": 0.0,
  "daily_precip_sum": 0.0,
  "daily_temp_mean": 11.029166666666667,
  "daily_wind_mean": 14.583333333333334,
  "daily_wind_dir_deg": 307.5055856042437
}