{
  "samples_local": {
    "10": {
      "temp": 10.2,
      "precip": 0.0,
      "wind": 9.7,
      "wind_dir_deg": 312.0
    },
    "12": {
      "temp": 14.3,
      "precip": 0.0,
      "wind": 12.1,
      "wind_dir_deg": 320.0
    },
    "14": {
      "temp": 17.0,
      "precip": 0.0,
      "wind": 11.7,
      "wind_dir_deg": 313.0
    },
    "16": {
      "temp": 17.0,
      "precip": 0.0,
      "wind": 12.2,
      "wind_dir_deg": 314.0
    }
  },
  "ride_temp_mean": 14.625,
  "ride_wind_mean": 11.424999999999999,
  "ride_wind_dir_deg": 314.90668565311034,
  "ride_rain_flag": 0.0,
  "tent_rain_flag": 0.0,
  "daily_precip_sum": 0.0,
  "daily_temp_mean": 10.329166666666667,
  "daily_wind_mean": 11.295833333333334,
  "daily_wind_dir_deg": 308.24834024971557
}