{
  "samples_local": {
    "10": {
      "temp": 8.9,
      "precip": 0.0,
      "wind": 7.7,
      "wind_dir_deg": 282.0
    },
    "12": {
      "temp": 14.1,
      "precip": 0.0,
      "wind": 5.5,
      "wind_dir_deg": 283.0
    },
    "14": {
      "temp": 17.2,
      "precip": 0.0,
      "wind": 7.2,
      "wind_dir_deg": 284.0
    },
    "16": {
      "temp": 18.0,
      "precip": 0.0,
      "wind": 9.8,
      "wind_dir_deg": 294.0
    }
  },
  "ride_temp_mean": 14.55,
  "ride_wind_mean": 7.550000000000001,
  "ride_wind_dir_deg": 286.54799857133867,
  "ride_rain_flag": 0.0,
  "tent_rain_flag": 0.0,
  "daily_precip_sum": 0.0,
  "daily_temp_mean": 10.445833333333333,
  "daily_wind_mean": 8.612499999999999,
  "daily_wind_dir_deg": 286.71198901727735
}