{
  "samples_local": {
    "10": {
      "temp": 9.5,
      "precip": 0.0,
      "wind": 12.1,
      "wind_dir_deg": 312.0
    },
    "12": {
      "temp": 11.6,
      "precip": 0.0,
      "wind": 14.8,
      "wind_dir_deg": 324.0
    },
    "14": {
      "temp": 12.4,
      "precip": 0.0,
      "wind": 15.3,
      "wind_dir_deg": 345.0
    },
    "16": {
      "temp": 11.6,
      "precip": 0.0,
      "wind": 17.2,
      "wind_dir_deg": 345.0
    }
  },
  "ride_temp_mean": 11.275,
  "ride_wind_mean": 14.85,
  "ride_wind_dir_deg": 333.10490033752296,
  "ride_rain_flag": 0.0,
  "tent_rain_flag": 0.0,
  "daily_precip_sum": 0.0,
  "daily_temp_mean": 6.891666666666667,
  "daily_wind_mean": 14.108333333333334,
  "daily_wind_dir_deg": 316.8113001575492
}