{
  "samples_local": {
    "10": {
      "temp": 9.4,
      "precip": 0.0,
      "wind": 14.9,
      "wind_dir_deg": 242.0
    },
    "12": {
      "temp": 12.1,
      "precip": 0.0,
      "wind": 11.8,
      "wind_dir_deg": 298.0
    },
    "14": {
      "temp": 13.1,
      "precip": 0.0,
      "wind": 14.4,
      "wind_dir_deg": 319.0
    },
    "16": {
      "temp": 12.4,
      "precip": 0.0,
      "wind": 14.9,
      "wind_dir_deg": 322.0
    }
  },
  "ride_temp_mean": 11.75,
  "ride_wind_mean": 14.0,
  "ride_wind_dir_deg": 296.62602834486637,
  "ride_rain_flag": 0.0,
  "tent_rain_flag": 0.0,
  "daily_precip_sum": 0.0,
  "daily_temp_mean": 6.8999999999999995,
  "daily_wind_mean": 13.045833333333334,
  "daily_wind_dir_deg": 264.0602801224035
}