{
  "samples_local": {
    "10": {
      "temp": 11.4,
      "precip": 0.0,
      "wind": 10.2,
      "wind_dir_deg": 262.0
    },
    "12": {
      "temp": 15.5,
      "precip": 0.0,
      "wind": 13.8,
      "wind_dir_deg": 298.0
    },
    "14": {
      "temp": 18.1,
      "precip": 0.0,
      "wind": 14.4,
      "wind_dir_deg": 307.0
    },
    "16": {
      "temp": 18.1,
      "precip": 0.0,
      "wind": 16.2,
      "wind_dir_deg": 310.0
    }
  },
  "ride_temp_mean": 15.775,
  "ride_wind_mean": 13.65,
  "ride_wind_dir_deg": 297.58823047542637,
  "ride_rain_flag": 0.0,
  "tent_rain_flag": 0.0,
  "daily_precip_sum": 0.0,
  "daily_temp_mean": 10.870833333333332,
  "daily_wind_mean": 12.433333333333332,
  "daily_wind_dir_deg": 281.698392811973
}