{
  "samples_local": {
    "10": {
      "temp": 8.1,
      "precip": 0.0,
      "wind": 12.2,
      "wind_dir_deg": 338.0
    },
    "12": {
      "temp": 13.7,
      "precip": 0.0,
      "wind": 8.1,
      "wind_dir_deg": 12.0
    },
    "14": {
      "temp": 16.3,
      "precip": 0.0,
      "wind": 7.8,
      "wind_dir_deg": 8.0
    },
    "16": {
      "temp": 16.4,
      "precip": 0.0,
      "wind": 9.6,
      "wind_dir_deg": 13.0
    }
  },
  "ride_temp_mean": 13.625,
  "ride_wind_mean": 9.424999999999999,
  "ride_wind_dir_deg": 0.5663719519863548,
  "ride_rain_flag": 0.0,
  "tent_rain_flag": 0.0,
  "daily_precip_sum": 0.0,
  "daily_temp_mean": 8.320833333333333,
  "daily_wind_mean": 8.758333333333333,
  "daily_wind_dir_deg": 337.3308536828813
}