{
  "samples_local": {
    "10": {
      "temp": 9.1,
      "precip": 0.1,
      "wind": 15.1,
      "wind_dir_deg": 302.0
    },
    "12": {
      "temp": 11.9,
      "precip": 0.0,
      "wind": 20.4,
      "wind_dir_deg": 308.0
    },
    "14": {
      "temp": 12.2,
      "precip": 0.0,
      "wind": 20.7,
      "wind_dir_deg": 304.0
    },
    "16": {
      "temp": 12.4,
      "precip": 0.0,
      "wind": 21.2,
      "wind_dir_deg": 309.0
    }
  },
  "ride_temp_mean": 11.4,
  "ride_wind_mean": 19.349999999999998,
  "ride_wind_dir_deg": 306.0338914291047,
  "ride_rain_flag": 0.0,
  "tent_rain_flag": 0.0,
  "daily_precip_sum": 0.2,
  "daily_temp_mean": 8.945833333333333,
  "daily_wind_mean": 13.616666666666667,
  "daily_wind_dir_deg": 302.0550337229108
}