{
  "samples_local": {
    "10": {
      "temp": 7.5,
      "precip": 0.0,
      "wind": 7.3,
      "wind_dir_deg": 343.0
    },
    "12": {
      "temp": 13.4,
      "precip": 0.0,
      "wind": 8.6,
      "wind_dir_deg": 350.0
    },
    "14": {
      "temp": 16.1,
      "precip": 0.0,
      "wind": 11.3,
      "wind_dir_deg": 359.0
    },
    "16": {
      "temp": 15.9,
      "precip": 0.0,
      "wind": 9.8,
      "wind_dir_deg": 354.0
    }
  },
  "ride_temp_mean": 13.225000000000001,
  "ride_wind_mean": 9.25,
  "ride_wind_dir_deg": 352.43114393738796,
  "ride_rain_flag": 0.0,
  "tent_rain_flag": 0.0,
  "daily_precip_sum": 0.0,
  "daily_temp_mean": 6.945833333333334,
  "daily_wind_mean": 7.550000000000001,
  "daily_wind_dir_deg": 339.86427851576866
}