{
  "samples_local": {
    "10": {
      "temp": 10.1,
      "precip": 0.0,
      "wind": 10.7,
      "wind_dir_deg": 284.0
    },
    "12": {
      "temp": 13.7,
      "precip": 0.0,
      "wind": 13.4,
      "wind_dir_deg": 290.0
    },
    "14": {
      "temp": 16.5,
      "precip": 0.0,
      "wind": 13.0,
      "wind_dir_deg": 290.0
    },
    "16": {
      "temp": 17.1,
      "precip": 0.0,
      "wind": 13.8,
      "wind_dir_deg": 290.0
    }
  },
  "ride_temp_mean": 14.35,
  "ride_wind_mean": 12.725,
  "ride_wind_dir_deg": 288.73975911646954,
  "ride_rain_flag": 0.0,
  "tent_rain_flag": 0.0,
  "daily_precip_sum": 0.0,
  "daily_temp_mean": 11.116666666666667,
  "daily_wind_mean": 12.370833333333332,
  "daily_wind_dir_deg": 291.651205680514
}