{
  "samples_local": {
    "10": {
      "temp": 7.2,
      "precip": 0.0,
      "wind": 12.9,
      "wind_dir_deg": 63.0
    },
    "12": {
      "temp": 11.4,
      "precip": 0.0,
      "wind": 15.5,
      "wind_dir_deg": 59.0
    },
    "14": {
      "temp": 14.4,
      "precip": 0.0,
      "wind": 13.5,
      "wind_dir_deg": 65.0
    },
    "16": {
      "temp": 13.8,
      "precip": 0.0,
      "wind": 11.2,
      "wind_dir_deg": 57.0
    }
  },
  "ride_temp_mean": 11.700000000000001,
  "ride_wind_mean": 13.275,
  "ride_wind_dir_deg": 61.07531858754146,
  "ride_rain_flag": 0.0,
  "tent_rain_flag": 0.0,
  "daily_precip_sum": 0.0,
  "daily_temp_mean": 5.833333333333333,
  "daily_wind_mean": 12.237499999999999,
  "daily_wind_dir_deg": 58.72511520952304
}