{
  "samples_local": {
    "10": {
      "temp": 6.9,
      "precip": 0.0,
      "wind": 5.1,
      "wind_dir_deg": 82.0
    },
    "12": {
      "temp": 11.2,
      "precip": 0.0,
      "wind": 9.8,
      "wind_dir_deg": 28.0
    },
    "14": {
      "temp": 12.6,
      "precip": 0.0,
      "wind": 7.9,
      "wind_dir_deg": 33.0
    },
    "16": {
      "temp": 11.2,
      "precip": 0.0,
      "wind": 5.4,
      "wind_dir_deg": 21.0
    }
  },
  "ride_temp_mean": 10.475,
  "ride_wind_mean": 7.050000000000001,
  "ride_wind_dir_deg": 37.07319030010751,
  "ride_rain_flag": 0.0,
  "tent_rain_flag": 0.0,
  "daily_precip_sum": 0.0,
  "daily_temp_mean": 3.891666666666666,
  "daily_wind_mean": 4.270833333333333,
  "daily_wind_dir_deg": 39.98940439466975
}