{
  "ride_temp_mean": 2.8249999999999997,
  "ride_precip_sum": 0.1,
  "ride_wind_speed": 4.014604147082791,
  "ride_wind_dir": 243.46407635412692,
  "tent_precip_sum": 1.1,
  "tent_temp_mean": 0.545
}