{
  "ride_temp_mean": 6.35,
  "ride_precip_sum": 0.0,
  "ride_wind_speed": 3.4087886259426874,
  "ride_wind_dir": 283.7357594525836,
  "tent_precip_sum": 0.30000000000000004,
  "tent_temp_mean": 4.6049999999999995
}