{
  "ride_temp_mean": 4.3500000000000005,
  "ride_precip_sum": 0.0,
  "ride_wind_speed": 2.986288747594173,
  "ride_wind_dir": 285.7855479766973,
  "tent_precip_sum": 0.2,
  "tent_temp_mean": 1.07
}