{
  "samples_local": {
    "10": {
      "temp": 18.1,
      "precip": 0.0,
      "wind": 11.5,
      "wind_dir_deg": 110.0
    },
    "12": {
      "temp": 19.5,
      "precip": 0.0,
      "wind": 11.4,
      "wind_dir_deg": 114.0
    },
    "14": {
      "temp": 20.0,
      "precip": 0.0,
      "wind": 11.6,
      "wind_dir_deg": 112.0
    },
    "16": {
      "temp": 20.0,
      "precip": 0.0,
      "wind": 11.0,
      "wind_dir_deg": 113.0
    }
  },
  "ride_temp_mean": 19.4,
  "ride_wind_mean": 11.375,
  "ride_wind_dir_deg": 112.2374314352362,
  "ride_rain_flag": 0.0,
  "tent_rain_flag": 1.0,
  "daily_precip_sum": 0.8,
  "daily_temp_mean": 17.166666666666668,
  "daily_wind_mean": 9.266666666666667,
  "daily_wind_dir_deg": 101.64015379237838
}