{
  "samples_local": {
    "10": {
      "temp": 18.7,
      "precip": 0.0,
      "wind": 15.4,
      "wind_dir_deg": 111.0
    },
    "12": {
      "temp": 20.0,
      "precip": 0.0,
      "wind": 17.1,
      "wind_dir_deg": 108.0
    },
    "14": {
      "temp": 20.7,
      "precip": 0.0,
      "wind": 16.3,
      "wind_dir_deg": 85.0
    },
    "16": {
      "temp": 20.8,
      "precip": 0.0,
      "wind": 15.8,
      "wind_dir_deg": 90.0
    }
  },
  "ride_temp_mean": 20.05,
  "ride_wind_mean": 16.150000000000002,
  "ride_wind_dir_deg": 98.51350293504981,
  "ride_rain_flag": 0.0,
  "tent_rain_flag": 0.0,
  "daily_precip_sum": 0.30000000000000004,
  "daily_temp_mean": 18.162499999999998,
  "daily_wind_mean": 13.429166666666667,
  "daily_wind_dir_deg": 90.20978065312511
}