{
  "samples_local": {
    "10": {
      "temp": 18.5,
      "precip": 0.1,
      "wind": 16.6,
      "wind_dir_deg": 103.0
    },
    "12": {
      "temp": 20.2,
      "precip": 0.0,
      "wind": 18.8,
      "wind_dir_deg": 107.0
    },
    "14": {
      "temp": 20.2,
      "precip": 0.0,
      "wind": 17.3,
      "wind_dir_deg": 102.0
    },
    "16": {
      "temp": 20.0,
      "precip": 0.0,
      "wind": 17.2,
      "wind_dir_deg": 110.0
    }
  },
  "ride_temp_mean": 19.725,
  "ride_wind_mean": 17.475,
  "ride_wind_dir_deg": 105.55040725142345,
  "ride_rain_flag": 0.0,
  "tent_rain_flag": 0.0,
  "daily_precip_sum": 0.2,
  "daily_temp_mean": 17.587500000000002,
  "daily_wind_mean": 13.904166666666667,
  "daily_wind_dir_deg": 96.88552917924653
}