{
  "samples_local": {
    "10": {
      "temp": 17.9,
      "precip": 0.0,
      "wind": 16.4,
      "wind_dir_deg": 105.0
    },
    "12": {
      "temp": 19.3,
      "precip": 0.0,
      "wind": 17.2,
      "wind_dir_deg": 100.0
    },
    "14": {
      "temp": 19.8,
      "precip": 0.0,
      "wind": 14.1,
      "wind_dir_deg": 96.0
    },
    "16": {
      "temp": 19.9,
      "precip": 0.0,
      "wind": 16.0,
      "wind_dir_deg": 98.0
    }
  },
  "ride_temp_mean": 19.225,
  "ride_wind_mean": 15.924999999999999,
  "ride_wind_dir_deg": 99.89854733723763,
  "ride_rain_flag": 0.0,
  "tent_rain_flag": 0.0,
  "daily_precip_sum": 0.2,
  "daily_temp_mean": 16.925,
  "daily_wind_mean": 12.604166666666666,
  "daily_wind_dir_deg": 89.33922714650907
}