{
  "samples_local": {
    "10": {
      "temp": 14.9,
      "precip": 0.0,
      "wind": 18.6,
      "wind_dir_deg": 122.0
    },
    "12": {
      "temp": 17.3,
      "precip": 0.0,
      "wind": 19.7,
      "wind_dir_deg": 125.0
    },
    "14": {
      "temp": 17.8,
      "precip": 0.0,
      "wind": 15.9,
      "wind_dir_deg": 128.0
    },
    "16": {
      "temp": 17.6,
      "precip": 0.0,
      "wind": 15.5,
      "wind_dir_deg": 132.0
    }
  },
  "ride_temp_mean": 16.900000000000002,
  "ride_wind_mean": 17.425,
  "ride_wind_dir_deg": 126.43970324639054,
  "ride_rain_flag": 0.0,
  "tent_rain_flag": 1.0,
  "daily_precip_sum": 2.0,
  "daily_temp_mean": 15.625,
  "daily_wind_mean": 13.108333333333334,
  "daily_wind_dir_deg": 116.48341779032262
}