{
  "samples_local": {
    "10": {
      "temp": 17.7,
      "precip": 0.0,
      "wind": 23.4,
      "wind_dir_deg": 104.0
    },
    "12": {
      "temp": 19.9,
      "precip": 0.1,
      "wind": 25.3,
      "wind_dir_deg": 94.0
    },
    "14": {
      "temp": 19.7,
      "precip": 0.0,
      "wind": 26.6,
      "wind_dir_deg": 92.0
    },
    "16": {
      "temp": 18.2,
      "precip": 0.0,
      "wind": 23.8,
      "wind_dir_deg": 89.0
    }
  },
  "ride_temp_mean": 18.875,
  "ride_wind_mean": 24.775,
  "ride_wind_dir_deg": 94.61612571448205,
  "ride_rain_flag": 0.0,
  "tent_rain_flag": 1.0,
  "daily_precip_sum": 0.6000000000000001,
  "daily_temp_mean": 18.195833333333333,
  "daily_wind_mean": 18.849999999999998,
  "daily_wind_dir_deg": 79.81593615135017
}