{
  "samples_local": {
    "10": {
      "temp": 17.9,
      "precip": 0.0,
      "wind": 20.4,
      "wind_dir_deg": 107.0
    },
    "12": {
      "temp": 19.2,
      "precip": 0.0,
      "wind": 25.0,
      "wind_dir_deg": 97.0
    },
    "14": {
      "temp": 19.6,
      "precip": 0.0,
      "wind": 23.5,
      "wind_dir_deg": 101.0
    },
    "16": {
      "temp": 19.0,
      "precip": 0.0,
      "wind": 22.0,
      "wind_dir_deg": 100.0
    }
  },
  "ride_temp_mean": 18.925,
  "ride_wind_mean": 22.725,
  "ride_wind_dir_deg": 101.00285194698318,
  "ride_rain_flag": 0.0,
  "tent_rain_flag": 0.0,
  "daily_precip_sum": 0.0,
  "daily_temp_mean": 17.354166666666668,
  "daily_wind_mean": 17.954166666666666,
  "daily_wind_dir_deg": 94.1488363277258
}