{
  "samples_local": {
    "10": {
      "temp": 18.0,
      "precip": 0.1,
      "wind": 21.4,
      "wind_dir_deg": 103.0
    },
    "12": {
      "temp": 20.6,
      "precip": 0.0,
      "wind": 24.3,
      "wind_dir_deg": 97.0
    },
    "14": {
      "temp": 20.7,
      "precip": 0.0,
      "wind": 25.9,
      "wind_dir_deg": 88.0
    },
    "16": {
      "temp": 20.2,
      "precip": 0.0,
      "wind": 25.6,
      "wind_dir_deg": 90.0
    }
  },
  "ride_temp_mean": 19.875,
  "ride_wind_mean": 24.3,
  "ride_wind_dir_deg": 94.07489904387228,
  "ride_rain_flag": 0.0,
  "tent_rain_flag": 1.0,
  "daily_precip_sum": 0.6000000000000001,
  "daily_temp_mean": 18.491666666666667,
  "daily_wind_mean": 17.8125,
  "daily_wind_dir_deg": 82.71558409595497
}