{
  "samples_local": {
    "10": {
      "temp": 19.1,
      "precip": 0.0,
      "wind": 19.1,
      "wind_dir_deg": 106.0
    },
    "12": {
      "temp": 20.6,
      "precip": 0.0,
      "wind": 20.2,
      "wind_dir_deg": 109.0
    },
    "14": {
      "temp": 21.1,
      "precip": 0.0,
      "wind": 20.5,
      "wind_dir_deg": 101.0
    },
    "16": {
      "temp": 20.5,
      "precip": 0.0,
      "wind": 19.5,
      "wind_dir_deg": 102.0
    }
  },
  "ride_temp_mean": 20.325000000000003,
  "ride_wind_mean": 19.825,
  "ride_wind_dir_deg": 104.48753871947304,
  "ride_rain_flag": 0.0,
  "tent_rain_flag": 0.0,
  "daily_precip_sum": 0.30000000000000004,
  "daily_temp_mean": 18.349999999999998,
  "daily_wind_mean": 14.7875,
  "daily_wind_dir_deg": 88.9739748493256
}