{
  "samples_local": {
    "10": {
      "temp": 16.9,
      "precip": 0.0,
      "wind": 18.7,
      "wind_dir_deg": 88.0
    },
    "12": {
      "temp": 18.5,
      "precip": 0.0,
      "wind": 20.9,
      "wind_dir_deg": 88.0
    },
    "14": {
      "temp": 19.6,
      "precip": 0.0,
      "wind": 22.0,
      "wind_dir_deg": 93.0
    },
    "16": {
      "temp": 18.9,
      "precip": 0.0,
      "wind": 19.6,
      "wind_dir_deg": 96.0
    }
  },
  "ride_temp_mean": 18.475,
  "ride_wind_mean": 20.3,
  "ride_wind_dir_deg": 91.2852387727724,
  "ride_rain_flag": 0.0,
  "tent_rain_flag": 1.0,
  "daily_precip_sum": 1.7999999999999998,
  "daily_temp_mean": 16.620833333333334,
  "daily_wind_mean": 15.308333333333332,
  "daily_wind_dir_deg": 87.92312934017559
}