{
  "samples_local": {
    "10": {
      "temp": 19.1,
      "precip": 0.0,
      "wind": 15.1,
      "wind_dir_deg": 115.0
    },
    "12": {
      "temp": 20.5,
      "precip": 0.0,
      "wind": 15.5,
      "wind_dir_deg": 108.0
    },
    "14": {
      "temp": 20.4,
      "precip": 0.0,
      "wind": 18.8,
      "wind_dir_deg": 94.0
    },
    "16": {
      "temp": 20.4,
      "precip": 0.0,
      "wind": 17.9,
      "wind_dir_deg": 99.0
    }
  },
  "ride_temp_mean": 20.1,
  "ride_wind_mean": 16.825,
  "ride_wind_dir_deg": 103.25861152164885,
  "ride_rain_flag": 0.0,
  "tent_rain_flag": 0.0,
  "daily_precip_sum": 0.2,
  "daily_temp_mean": 17.929166666666667,
  "daily_wind_mean": 13.133333333333333,
  "daily_wind_dir_deg": 93.74437646152091
}