{
  "samples_local": {
    "10": {
      "temp": 15.3,
      "precip": 0.0,
      "wind": 15.3,
      "wind_dir_deg": 114.0
    },
    "12": {
      "temp": 15.7,
      "precip": 0.2,
      "wind": 19.7,
      "wind_dir_deg": 99.0
    },
    "14": {
      "temp": 17.0,
      "precip": 0.1,
      "wind": 19.2,
      "wind_dir_deg": 96.0
    },
    "16": {
      "temp": 16.7,
      "precip": 0.1,
      "wind": 18.2,
      "wind_dir_deg": 98.0
    }
  },
  "ride_temp_mean": 16.175,
  "ride_wind_mean": 18.1,
  "ride_wind_dir_deg": 101.10226385859892,
  "ride_rain_flag": 1.0,
  "tent_rain_flag": 1.0,
  "daily_precip_sum": 1.4000000000000001,
  "daily_temp_mean": 14.620833333333332,
  "daily_wind_mean": 14.304166666666667,
  "daily_wind_dir_deg": 99.24305678837902
}