{
  "samples_local": {
    "10": {
      "temp": 20.2,
      "precip": 0.1,
      "wind": 25.2,
      "wind_dir_deg": 91.0
    },
    "12": {
      "temp": 20.6,
      "precip": 0.0,
      "wind": 25.7,
      "wind_dir_deg": 105.0
    },
    "14": {
      "temp": 20.7,
      "precip": 0.0,
      "wind": 27.4,
      "wind_dir_deg": 93.0
    },
    "16": {
      "temp": 20.0,
      "precip": 0.0,
      "wind": 27.4,
      "wind_dir_deg": 90.0
    }
  },
  "ride_temp_mean": 20.375,
  "ride_wind_mean": 26.424999999999997,
  "ride_wind_dir_deg": 94.65151239921153,
  "ride_rain_flag": 0.0,
  "tent_rain_flag": 1.0,
  "daily_precip_sum": 0.6,
  "daily_temp_mean": 18.758333333333333,
  "daily_wind_mean": 19.525000000000002,
  "daily_wind_dir_deg": 75.75866935709274
}