{
  "ride_temp_mean": 8.05,
  "ride_precip_sum": 0.0,
  "ride_wind_speed": 30.481913953226034,
  "ride_wind_dir": 327.19863736232435,
  "tent_precip_sum": 0.30000000000000004,
  "tent_temp_mean": 8.095
}