{
  "ride_temp_mean": 3.425,
  "ride_precip_sum": 0.1,
  "ride_wind_speed": 2.7936103933161656,
  "ride_wind_dir": 185.7649742583143,
  "tent_precip_sum": 3.6,
  "tent_temp_mean": 1.08
}