{
  "ride_temp_mean": 5.375,
  "ride_precip_sum": 0.0,
  "ride_wind_speed": 5.901624657045361,
  "ride_wind_dir": 261.2743938041571,
  "tent_precip_sum": 0.0,
  "tent_temp_mean": 1.815
}