{
  "ride_temp_mean": 25.714285714285715,
  "ride_wind_mean": 9.657142857142857,
  "ride_rain_flag": 1.0,
  "tent_rain_flag": 1.0
}