{
  "ride_temp_mean": 25.771428571428572,
  "ride_wind_mean": 9.542857142857143,
  "ride_rain_flag": 1.0,
  "tent_rain_flag": 1.0
}