{
  "ride_temp_mean": 4.142857142857143,
  "ride_wind_mean": 16.071428571428573,
  "ride_rain_flag": 0.0,
  "tent_rain_flag": 0.0
}