{
  "samples_local": {
    "10": {
      "temp": 0.9,
      "precip": 0.0,
      "wind": 26.8,
      "wind_dir_deg": 61.0
    },
    "12": {
      "temp": 2.7,
      "precip": 0.0,
      "wind": 22.4,
      "wind_dir_deg": 48.0
    },
    "14": {
      "temp": 2.5,
      "precip": 0.0,
      "wind": 18.0,
      "wind_dir_deg": 49.0
    },
    "16": {
      "temp": 2.6,
      "precip": 0.0,
      "wind": 21.0,
      "wind_dir_deg": 43.0
    }
  },
  "ride_temp_mean": 2.1750000000000003,
  "ride_wind_mean": 22.05,
  "ride_wind_dir_deg": 50.954593451545975,
  "ride_rain_flag": 0.0,
  "tent_rain_flag": 0.0,
  "daily_precip_sum": 0.0,
  "daily_temp_mean": 0.5208333333333334,
  "daily_wind_mean": 22.766666666666666,
  "daily_wind_dir_deg": 55.47974065155523
}