{
  "ride_temp_mean": 8.628571428571428,
  "ride_wind_mean": 23.857142857142858,
  "ride_rain_flag": 0.0,
  "tent_rain_flag": 0.0
}