{
  "ride_temp_mean": 4.857142857142857,
  "ride_wind_mean": 16.342857142857145,
  "ride_rain_flag": 0.0,
  "tent_rain_flag": 0.0
}