{
  "ride_temp_mean": 7.257142857142857,
  "ride_wind_mean": 4.942857142857143,
  "ride_rain_flag": 0.0,
  "tent_rain_flag": 0.0
}