{
  "samples_local": {
    "10": {
      "temp": -13.8,
      "precip": 0.0,
      "wind": 4.9,
      "wind_dir_deg": 54.0
    },
    "12": {
      "temp": -2.9,
      "precip": 0.0,
      "wind": 2.7,
      "wind_dir_deg": 20.0
    },
    "14": {
      "temp": 0.1,
      "precip": 0.0,
      "wind": 2.9,
      "wind_dir_deg": 22.0
    },
    "16": {
      "temp": -2.9,
      "precip": 0.0,
      "wind": 2.7,
      "wind_dir_deg": 32.0
    }
  },
  "ride_temp_mean": -4.875,
  "ride_wind_mean": 3.3000000000000003,
  "ride_wind_dir_deg": 35.461513449943254,
  "ride_rain_flag": 0.0,
  "tent_rain_flag": 0.0,
  "daily_precip_sum": 0.0,
  "daily_temp_mean": -12.345833333333333,
  "daily_wind_mean": 4.841666666666667,
  "daily_wind_dir_deg": 54.743564605087556
}