{
  "ride_temp_mean": 8.385714285714284,
  "ride_wind_mean": 17.457142857142856,
  "ride_rain_flag": 0.0,
  "tent_rain_flag": 0.0
}