{
  "ride_temp_mean": 6.242857142857143,
  "ride_wind_mean": 23.114285714285717,
  "ride_rain_flag": 0.0,
  "tent_rain_flag": 0.0
}