{
  "ride_temp_mean": 6.042857142857143,
  "ride_wind_mean": 15.514285714285714,
  "ride_rain_flag": 0.0,
  "tent_rain_flag": 0.0
}