{
  "ride_temp_mean": 7.114285714285714,
  "ride_wind_mean": 22.814285714285713,
  "ride_rain_flag": 0.0,
  "tent_rain_flag": 0.0
}