{
  "samples_local": {
    "10": {
      "temp": -1.8,
      "precip": 0.0,
      "wind": 6.2,
      "wind_dir_deg": 324.0
    },
    "12": {
      "temp": 2.6,
      "precip": 0.0,
      "wind": 3.5,
      "wind_dir_deg": 9.0
    },
    "14": {
      "temp": 2.1,
      "precip": 0.0,
      "wind": 3.8,
      "wind_dir_deg": 352.0
    },
    "16": {
      "temp": -0.6,
      "precip": 0.0,
      "wind": 3.9,
      "wind_dir_deg": 347.0
    }
  },
  "ride_temp_mean": 0.5750000000000001,
  "ride_wind_mean": 4.35,
  "ride_wind_dir_deg": 344.31512323505115,
  "ride_rain_flag": 0.0,
  "tent_rain_flag": 0.0,
  "daily_precip_sum": 0.0,
  "daily_temp_mean": -2.7541666666666664,
  "daily_wind_mean": 6.045833333333333,
  "daily_wind_dir_deg": 329.3595789753045
}