{
  "ride_temp_mean": 12.342857142857143,
  "ride_wind_mean": 31.014285714285712,
  "ride_rain_flag": 0.0,
  "tent_rain_flag": 1.0
}