{
  "ride_temp_mean": 7.6000000000000005,
  "ride_wind_mean": 31.657142857142855,
  "ride_rain_flag": 0.0,
  "tent_rain_flag": 1.0
}