{
  "ride_temp_mean": 11.514285714285714,
  "ride_wind_mean": 28.814285714285713,
  "ride_rain_flag": 0.0,
  "tent_rain_flag": 0.0
}