{
  "ride_temp_mean": 5.071428571428571,
  "ride_wind_mean": 6.585714285714286,
  "ride_rain_flag": 0.0,
  "tent_rain_flag": 0.0
}