{
  "samples_local": {
    "10": {
      "temp": 5.2,
      "precip": 0.0,
      "wind": 29.2,
      "wind_dir_deg": 42.0
    },
    "12": {
      "temp": 5.9,
      "precip": 0.0,
      "wind": 26.4,
      "wind_dir_deg": 36.0
    },
    "14": {
      "temp": 6.2,
      "precip": 0.0,
      "wind": 28.4,
      "wind_dir_deg": 40.0
    },
    "16": {
      "temp": 6.9,
      "precip": 0.0,
      "wind": 28.9,
      "wind_dir_deg": 39.0
    }
  },
  "ride_temp_mean": 6.050000000000001,
  "ride_wind_mean": 28.224999999999998,
  "ride_wind_dir_deg": 39.32613449566048,
  "ride_rain_flag": 0.0,
  "tent_rain_flag": 1.0,
  "daily_precip_sum": 0.7,
  "daily_temp_mean": 5.079166666666667,
  "daily_wind_mean": 27.829166666666666,
  "daily_wind_dir_deg": 41.358920668906705
}