{
  "ride_temp_mean": 2.25,
  "ride_precip_sum": 0.0,
  "ride_wind_speed": 13.180190446124982,
  "ride_wind_dir": 15.955712346651353,
  "tent_precip_sum": 0.0,
  "tent_temp_mean": 0.09000000000000001
}