{
  "ride_temp_mean": 11.75,
  "ride_precip_sum": 0.0,
  "ride_wind_speed": 27.356787272811363,
  "ride_wind_dir": 247.50044202808078,
  "tent_precip_sum": 2.6,
  "tent_temp_mean": 11.225
}