{
  "ride_temp_mean": 5.65,
  "ride_precip_sum": 0.0,
  "ride_wind_speed": 1.757863850442333,
  "ride_wind_dir": 71.47312851855884,
  "tent_precip_sum": 0.0,
  "tent_temp_mean": 1.31
}