{
  "ride_temp_mean": 3.55,
  "ride_precip_sum": 0.2,
  "ride_wind_speed": 14.138633146791076,
  "ride_wind_dir": 272.9364799806458,
  "tent_precip_sum": 1.8,
  "tent_temp_mean": 4.1850000000000005
}