{
  "ride_temp_mean": 9.7,
  "ride_precip_sum": 0.0,
  "ride_wind_speed": 23.666894778063583,
  "ride_wind_dir": 196.45405498253155,
  "tent_precip_sum": 3.9000000000000004,
  "tent_temp_mean": 8.25
}