{
  "ride_temp_mean": 10.8,
  "ride_precip_sum": 1.6,
  "ride_wind_speed": 22.6762178995724,
  "ride_wind_dir": 204.28878371915843,
  "tent_precip_sum": 21.2,
  "tent_temp_mean": 9.78
}