{
  "ride_temp_mean": 0.825,
  "ride_precip_sum": 0.0,
  "ride_wind_speed": 26.00691844674984,
  "ride_wind_dir": 260.7368323125136,
  "tent_precip_sum": 1.7,
  "tent_temp_mean": 2.205
}