{
  "ride_temp_mean": 7.3,
  "ride_precip_sum": 0.30000000000000004,
  "ride_wind_speed": 34.06046420635187,
  "ride_wind_dir": 233.03629684127952,
  "tent_precip_sum": 2.6,
  "tent_temp_mean": 6.790000000000001
}