{
  "ride_temp_mean": 7.875,
  "ride_precip_sum": 1.5,
  "ride_wind_speed": 32.37886677956501,
  "ride_wind_dir": 237.95570794227368,
  "tent_precip_sum": 9.4,
  "tent_temp_mean": 7.409999999999999
}