{
  "ride_temp_mean": 4.125,
  "ride_precip_sum": 0.0,
  "ride_wind_speed": 26.09689344136727,
  "ride_wind_dir": 233.46747004566674,
  "tent_precip_sum": 0.0,
  "tent_temp_mean": 2.5300000000000002
}