{
  "ride_temp_mean": 1.2,
  "ride_precip_sum": 0.0,
  "ride_wind_speed": 5.806256581662891,
  "ride_wind_dir": 203.65598832023258,
  "tent_precip_sum": 0.2,
  "tent_temp_mean": -1.735
}