{
  "ride_temp_mean": 8.575,
  "ride_precip_sum": 0.2,
  "ride_wind_speed": 24.35385978787419,
  "ride_wind_dir": 232.6415675834212,
  "tent_precip_sum": 1.3,
  "tent_temp_mean": 7.6049999999999995
}