{
  "ride_temp_mean": -2.025,
  "ride_precip_sum": 0.8,
  "ride_wind_speed": 7.80906908998558,
  "ride_wind_dir": 253.30483907836145,
  "tent_precip_sum": 3.0,
  "tent_temp_mean": -2.81
}