{
  "ride_temp_mean": -0.3,
  "ride_precip_sum": 0.0,
  "ride_wind_speed": 14.610742695987948,
  "ride_wind_dir": 273.90283448685534,
  "tent_precip_sum": 14.1,
  "tent_temp_mean": -0.43499999999999994
}