{
  "ride_temp_mean": 5.775,
  "ride_precip_sum": 0.8,
  "ride_wind_speed": 21.105541390458765,
  "ride_wind_dir": 244.5933072799353,
  "tent_precip_sum": 10.0,
  "tent_temp_mean": 5.07
}