{
  "samples_local": {
    "10": {
      "temp": 20.6,
      "precip": 0.0,
      "wind": 7.8,
      "wind_dir_deg": 257.0
    },
    "12": {
      "temp": 24.0,
      "precip": 0.0,
      "wind": 9.1,
      "wind_dir_deg": 261.0
    },
    "14": {
      "temp": 25.8,
      "precip": 0.0,
      "wind": 11.1,
      "wind_dir_deg": 257.0
    },
    "16": {
      "temp": 25.8,
      "precip": 0.0,
      "wind": 11.7,
      "wind_dir_deg": 259.0
    }
  },
  "ride_temp_mean": 24.05,
  "ride_wind_mean": 9.924999999999999,
  "ride_wind_dir_deg": 258.5061975458077,
  "ride_rain_flag": 0.0,
  "tent_rain_flag": 0.0,
  "daily_precip_sum": 0.0,
  "daily_temp_mean": 18.704166666666666,
  "daily_wind_mean": 9.204166666666667,
  "daily_wind_dir_deg": 262.8966623523387
}