{
  "samples_local": {
    "10": {
      "temp": 19.6,
      "precip": 0.0,
      "wind": 12.2,
      "wind_dir_deg": 270.0
    },
    "12": {
      "temp": 22.2,
      "precip": 0.0,
      "wind": 15.1,
      "wind_dir_deg": 270.0
    },
    "14": {
      "temp": 23.9,
      "precip": 0.0,
      "wind": 15.1,
      "wind_dir_deg": 269.0
    },
    "16": {
      "temp": 24.0,
      "precip": 0.0,
      "wind": 14.8,
      "wind_dir_deg": 264.0
    }
  },
  "ride_temp_mean": 22.425,
  "ride_wind_mean": 14.3,
  "ride_wind_dir_deg": 268.1843762984689,
  "ride_rain_flag": 0.0,
  "tent_rain_flag": 0.0,
  "daily_precip_sum": 0.0,
  "daily_temp_mean": 18.400000000000002,
  "daily_wind_mean": 11.170833333333334,
  "daily_wind_dir_deg": 269.9475086306047
}