{
  "samples_local": {
    "10": {
      "temp": 22.3,
      "precip": 0.0,
      "wind": 11.9,
      "wind_dir_deg": 268.0
    },
    "12": {
      "temp": 24.8,
      "precip": 0.0,
      "wind": 13.4,
      "wind_dir_deg": 284.0
    },
    "14": {
      "temp": 26.0,
      "precip": 0.0,
      "wind": 13.8,
      "wind_dir_deg": 285.0
    },
    "16": {
      "temp": 25.4,
      "precip": 0.0,
      "wind": 12.7,
      "wind_dir_deg": 278.0
    }
  },
  "ride_temp_mean": 24.625,
  "ride_wind_mean": 12.95,
  "ride_wind_dir_deg": 279.13151905079707,
  "ride_rain_flag": 0.0,
  "tent_rain_flag": 0.0,
  "daily_precip_sum": 0.0,
  "daily_temp_mean": 19.641666666666666,
  "daily_wind_mean": 11.504166666666668,
  "daily_wind_dir_deg": 269.7431570495636
}