{
  "samples_local": {
    "10": {
      "temp": 22.8,
      "precip": 0.0,
      "wind": 3.8,
      "wind_dir_deg": 287.0
    },
    "12": {
      "temp": 25.4,
      "precip": 0.0,
      "wind": 8.2,
      "wind_dir_deg": 299.0
    },
    "14": {
      "temp": 26.6,
      "precip": 0.0,
      "wind": 9.0,
      "wind_dir_deg": 275.0
    },
    "16": {
      "temp": 26.5,
      "precip": 0.0,
      "wind": 10.9,
      "wind_dir_deg": 276.0
    }
  },
  "ride_temp_mean": 25.325,
  "ride_wind_mean": 7.975,
  "ride_wind_dir_deg": 282.89850027489854,
  "ride_rain_flag": 0.0,
  "tent_rain_flag": 0.0,
  "daily_precip_sum": 0.0,
  "daily_temp_mean": 20.204166666666666,
  "daily_wind_mean": 5.6625000000000005,
  "daily_wind_dir_deg": 292.16085717711036
}