{
  "samples_local": {
    "10": {
      "temp": 22.9,
      "precip": 0.0,
      "wind": 9.7,
      "wind_dir_deg": 315.0
    },
    "12": {
      "temp": 26.1,
      "precip": 0.0,
      "wind": 13.0,
      "wind_dir_deg": 326.0
    },
    "14": {
      "temp": 28.2,
      "precip": 0.0,
      "wind": 14.6,
      "wind_dir_deg": 322.0
    },
    "16": {
      "temp": 28.3,
      "precip": 0.0,
      "wind": 12.3,
      "wind_dir_deg": 320.0
    }
  },
  "ride_temp_mean": 26.375,
  "ride_wind_mean": 12.4,
  "ride_wind_dir_deg": 321.1843420695909,
  "ride_rain_flag": 0.0,
  "tent_rain_flag": 0.0,
  "daily_precip_sum": 0.0,
  "daily_temp_mean": 21.670833333333334,
  "daily_wind_mean": 10.262500000000001,
  "daily_wind_dir_deg": 305.95062596938374
}