{
  "samples_local": {
    "10": {
      "temp": 24.1,
      "precip": 0.0,
      "wind": 1.1,
      "wind_dir_deg": 342.0
    },
    "12": {
      "temp": 26.6,
      "precip": 0.0,
      "wind": 2.1,
      "wind_dir_deg": 329.0
    },
    "14": {
      "temp": 28.0,
      "precip": 0.0,
      "wind": 4.8,
      "wind_dir_deg": 283.0
    },
    "16": {
      "temp": 27.6,
      "precip": 0.0,
      "wind": 6.5,
      "wind_dir_deg": 270.0
    }
  },
  "ride_temp_mean": 26.575000000000003,
  "ride_wind_mean": 3.625,
  "ride_wind_dir_deg": 287.3082518821003,
  "ride_rain_flag": 0.0,
  "tent_rain_flag": 0.0,
  "daily_precip_sum": 0.0,
  "daily_temp_mean": 20.849999999999998,
  "daily_wind_mean": 6.8374999999999995,
  "daily_wind_dir_deg": 300.000254023704
}