{
  "samples_local": {
    "10": {
      "temp": 23.5,
      "precip": 0.0,
      "wind": 12.1,
      "wind_dir_deg": 293.0
    },
    "12": {
      "temp": 26.1,
      "precip": 0.0,
      "wind": 11.8,
      "wind_dir_deg": 308.0
    },
    "14": {
      "temp": 27.6,
      "precip": 0.0,
      "wind": 9.0,
      "wind_dir_deg": 299.0
    },
    "16": {
      "temp": 27.5,
      "precip": 0.0,
      "wind": 8.8,
      "wind_dir_deg": 282.0
    }
  },
  "ride_temp_mean": 26.175,
  "ride_wind_mean": 10.425,
  "ride_wind_dir_deg": 296.2258355459635,
  "ride_rain_flag": 0.0,
  "tent_rain_flag": 0.0,
  "daily_precip_sum": 0.0,
  "daily_temp_mean": 21.504166666666666,
  "daily_wind_mean": 10.720833333333333,
  "daily_wind_dir_deg": 286.57776347756567
}