{
  "samples_local": {
    "10": {
      "temp": 23.0,
      "precip": 0.0,
      "wind": 3.9,
      "wind_dir_deg": 292.0
    },
    "12": {
      "temp": 25.8,
      "precip": 0.0,
      "wind": 6.7,
      "wind_dir_deg": 306.0
    },
    "14": {
      "temp": 27.1,
      "precip": 0.0,
      "wind": 5.6,
      "wind_dir_deg": 285.0
    },
    "16": {
      "temp": 27.0,
      "precip": 0.0,
      "wind": 6.1,
      "wind_dir_deg": 273.0
    }
  },
  "ride_temp_mean": 25.725,
  "ride_wind_mean": 5.575,
  "ride_wind_dir_deg": 289.23963553478825,
  "ride_rain_flag": 0.0,
  "tent_rain_flag": 0.0,
  "daily_precip_sum": 0.0,
  "daily_temp_mean": 20.083333333333332,
  "daily_wind_mean": 6.2250000000000005,
  "daily_wind_dir_deg": 306.15683025633615
}