{
  "samples_local": {
    "10": {
      "temp": 20.9,
      "precip": 0.0,
      "wind": 10.5,
      "wind_dir_deg": 276.0
    },
    "12": {
      "temp": 23.7,
      "precip": 0.0,
      "wind": 12.6,
      "wind_dir_deg": 290.0
    },
    "14": {
      "temp": 25.6,
      "precip": 0.0,
      "wind": 12.0,
      "wind_dir_deg": 286.0
    },
    "16": {
      "temp": 25.5,
      "precip": 0.0,
      "wind": 11.9,
      "wind_dir_deg": 272.0
    }
  },
  "ride_temp_mean": 23.925,
  "ride_wind_mean": 11.75,
  "ride_wind_dir_deg": 281.2952944880863,
  "ride_rain_flag": 0.0,
  "tent_rain_flag": 0.0,
  "daily_precip_sum": 0.0,
  "daily_temp_mean": 20.379166666666666,
  "daily_wind_mean": 9.504166666666666,
  "daily_wind_dir_deg": 292.34677652976734
}