{
  "samples_local": {
    "10": {
      "temp": 11.1,
      "precip": 0.0,
      "wind": 32.7,
      "wind_dir_deg": 79.0
    },
    "12": {
      "temp": 11.1,
      "precip": 0.0,
      "wind": 34.9,
      "wind_dir_deg": 88.0
    },
    "14": {
      "temp": 11.6,
      "precip": 0.0,
      "wind": 35.3,
      "wind_dir_deg": 89.0
    },
    "16": {
      "temp": 9.9,
      "precip": 0.0,
      "wind": 29.5,
      "wind_dir_deg": 91.0
    }
  },
  "ride_temp_mean": 10.925,
  "ride_wind_mean": 33.1,
  "ride_wind_dir_deg": 86.7169148055886,
  "ride_rain_flag": 0.0,
  "tent_rain_flag": 0.0,
  "daily_precip_sum": 0.30000000000000004,
  "daily_temp_mean": 9.333333333333334,
  "daily_wind_mean": 30.395833333333332,
  "daily_wind_dir_deg": 72.64275935228972
}