{
  "samples_local": {
    "10": {
      "temp": 7.8,
      "precip": 0.4,
      "wind": 33.6,
      "wind_dir_deg": 84.0
    },
    "12": {
      "temp": 7.5,
      "precip": 0.4,
      "wind": 34.6,
      "wind_dir_deg": 89.0
    },
    "14": {
      "temp": 8.4,
      "precip": 0.1,
      "wind": 33.8,
      "wind_dir_deg": 89.0
    },
    "16": {
      "temp": 7.0,
      "precip": 0.2,
      "wind": 28.1,
      "wind_dir_deg": 91.0
    }
  },
  "ride_temp_mean": 7.675,
  "ride_wind_mean": 32.525,
  "ride_wind_dir_deg": 88.14131903107443,
  "ride_rain_flag": 1.0,
  "tent_rain_flag": 1.0,
  "daily_precip_sum": 3.8000000000000003,
  "daily_temp_mean": 7.408333333333334,
  "daily_wind_mean": 29.745833333333334,
  "daily_wind_dir_deg": 77.55548000781499
}