{
  "ride_temp_mean": 1.3499999999999999,
  "ride_precip_sum": 0.0,
  "ride_wind_speed": 3.580870175821903,
  "ride_wind_dir": 238.3676698999849,
  "tent_precip_sum": 0.0,
  "tent_temp_mean": 0.19
}