{
  "ride_temp_mean": 7.125,
  "ride_precip_sum": 0.1,
  "ride_wind_speed": 10.271168606647354,
  "ride_wind_dir": 230.22147169423195,
  "tent_precip_sum": 0.1,
  "tent_temp_mean": 6.194999999999999
}