{
  "samples_local": {
    "10": {
      "temp": 25.5,
      "precip": 0.1,
      "wind": 9.3,
      "wind_dir_deg": 261.0
    },
    "12": {
      "temp": 29.0,
      "precip": 0.1,
      "wind": 8.3,
      "wind_dir_deg": 284.0
    },
    "14": {
      "temp": 27.0,
      "precip": 2.1,
      "wind": 11.4,
      "wind_dir_deg": 264.0
    },
    "16": {
      "temp": 27.8,
      "precip": 0.3,
      "wind": 8.8,
      "wind_dir_deg": 314.0
    }
  },
  "ride_temp_mean": 27.325,
  "ride_wind_mean": 9.450000000000001,
  "ride_wind_dir_deg": 278.9131971937231,
  "ride_rain_flag": 1.0,
  "tent_rain_flag": 1.0,
  "daily_precip_sum": 8.4,
  "daily_temp_mean": 24.166666666666668,
  "daily_wind_mean": 6.804166666666667,
  "daily_wind_dir_deg": 257.46108232112306
}