{
  "samples_local": {
    "10": {
      "temp": 16.1,
      "precip": 0.0,
      "wind": 13.5,
      "wind_dir_deg": 293.0
    },
    "12": {
      "temp": 17.0,
      "precip": 0.0,
      "wind": 13.6,
      "wind_dir_deg": 247.0
    },
    "14": {
      "temp": 16.2,
      "precip": 0.0,
      "wind": 23.6,
      "wind_dir_deg": 222.0
    },
    "16": {
      "temp": 16.9,
      "precip": 0.0,
      "wind": 24.8,
      "wind_dir_deg": 220.0
    }
  },
  "ride_temp_mean": 16.55,
  "ride_wind_mean": 18.875,
  "ride_wind_dir_deg": 237.16535554148612,
  "ride_rain_flag": 0.0,
  "tent_rain_flag": 0.0,
  "daily_precip_sum": 0.0,
  "daily_temp_mean": 16.212500000000002,
  "daily_wind_mean": 17.529166666666665,
  "daily_wind_dir_deg": 255.67911666938
}