{
  "ride_temp_mean": 30.32857142857143,
  "ride_wind_mean": 12.12857142857143,
  "ride_rain_flag": 1.0,
  "tent_rain_flag": 1.0
}