{
  "samples_local": {
    "10": {
      "temp": 13.9,
      "precip": 0.0,
      "wind": 23.3,
      "wind_dir_deg": 261.0
    },
    "12": {
      "temp": 15.4,
      "precip": 0.0,
      "wind": 24.2,
      "wind_dir_deg": 247.0
    },
    "14": {
      "temp": 16.2,
      "precip": 0.0,
      "wind": 24.8,
      "wind_dir_deg": 252.0
    },
    "16": {
      "temp": 16.2,
      "precip": 0.0,
      "wind": 24.0,
      "wind_dir_deg": 257.0
    }
  },
  "ride_temp_mean": 15.425,
  "ride_wind_mean": 24.075,
  "ride_wind_dir_deg": 254.16781165642777,
  "ride_rain_flag": 0.0,
  "tent_rain_flag": 1.0,
  "daily_precip_sum": 4.9,
  "daily_temp_mean": 15.391666666666666,
  "daily_wind_mean": 21.516666666666666,
  "daily_wind_dir_deg": 253.7260353228764
}