{
  "ride_temp_mean": 32.91428571428572,
  "ride_wind_mean": 10.742857142857144,
  "ride_rain_flag": 0.0,
  "tent_rain_flag": 0.0
}