{
  "ride_temp_mean": 31.785714285714285,
  "ride_wind_mean": 8.371428571428572,
  "ride_rain_flag": 0.0,
  "tent_rain_flag": 0.0
}