{
  "samples_local": {
    "10": {
      "temp": 23.4,
      "precip": 0.0,
      "wind": 13.0,
      "wind_dir_deg": 301.0
    },
    "12": {
      "temp": 24.4,
      "precip": 0.0,
      "wind": 6.1,
      "wind_dir_deg": 166.0
    },
    "14": {
      "temp": 21.3,
      "precip": 0.0,
      "wind": 32.7,
      "wind_dir_deg": 287.0
    },
    "16": {
      "temp": 25.5,
      "precip": 0.0,
      "wind": 23.0,
      "wind_dir_deg": 319.0
    }
  },
  "ride_temp_mean": 23.65,
  "ride_wind_mean": 18.7,
  "ride_wind_dir_deg": 296.3039583261852,
  "ride_rain_flag": 0.0,
  "tent_rain_flag": 1.0,
  "daily_precip_sum": 1.0,
  "daily_temp_mean": 22.087500000000002,
  "daily_wind_mean": 17.599999999999998,
  "daily_wind_dir_deg": 287.39910420070714
}