{
  "samples_local": {
    "10": {
      "temp": 22.7,
      "precip": 0.0,
      "wind": 10.3,
      "wind_dir_deg": 126.0
    },
    "12": {
      "temp": 24.3,
      "precip": 0.0,
      "wind": 11.6,
      "wind_dir_deg": 127.0
    },
    "14": {
      "temp": 24.8,
      "precip": 0.0,
      "wind": 12.5,
      "wind_dir_deg": 135.0
    },
    "16": {
      "temp": 23.8,
      "precip": 0.0,
      "wind": 11.1,
      "wind_dir_deg": 141.0
    }
  },
  "ride_temp_mean": 23.9,
  "ride_wind_mean": 11.375,
  "ride_wind_dir_deg": 132.38365617208592,
  "ride_rain_flag": 0.0,
  "tent_rain_flag": 0.0,
  "daily_precip_sum": 0.0,
  "daily_temp_mean": 19.712500000000002,
  "daily_wind_mean": 6.345833333333334,
  "daily_wind_dir_deg": 142.6058842106819
}