{
  "ride_temp_mean": 21.085714285714285,
  "ride_wind_mean": 15.814285714285715,
  "ride_rain_flag": 0.0,
  "tent_rain_flag": 0.0
}