{
  "ride_temp_mean": 28.157142857142855,
  "ride_wind_mean": 11.642857142857142,
  "ride_rain_flag": 0.0,
  "tent_rain_flag": 0.0
}