{
  "ride_temp_mean": 25.571428571428573,
  "ride_wind_mean": 11.971428571428572,
  "ride_rain_flag": 0.0,
  "tent_rain_flag": 0.0
}