{
  "ride_temp_mean": 29.24285714285714,
  "ride_wind_mean": 12.385714285714286,
  "ride_rain_flag": 0.0,
  "tent_rain_flag": 0.0
}