{
  "samples_local": {
    "10": {
      "temp": 22.0,
      "precip": 0.0,
      "wind": 4.2,
      "wind_dir_deg": 282.0
    },
    "12": {
      "temp": 23.5,
      "precip": 0.0,
      "wind": 4.9,
      "wind_dir_deg": 280.0
    },
    "14": {
      "temp": 25.0,
      "precip": 0.0,
      "wind": 1.9,
      "wind_dir_deg": 292.0
    },
    "16": {
      "temp": 25.0,
      "precip": 0.0,
      "wind": 2.2,
      "wind_dir_deg": 318.0
    }
  },
  "ride_temp_mean": 23.875,
  "ride_wind_mean": 3.3000000000000003,
  "ride_wind_dir_deg": 288.49823360137634,
  "ride_rain_flag": 0.0,
  "tent_rain_flag": 0.0,
  "daily_precip_sum": 0.0,
  "daily_temp_mean": 19.037499999999998,
  "daily_wind_mean": 3.170833333333333,
  "daily_wind_dir_deg": 58.67681278242043
}