{
  "ride_temp_mean": 19.74285714285714,
  "ride_wind_mean": 10.614285714285714,
  "ride_rain_flag": 0.0,
  "tent_rain_flag": 0.0
}