{
  "samples_local": {
    "10": {
      "temp": 15.8,
      "precip": 0.0,
      "wind": 3.7,
      "wind_dir_deg": 247.0
    },
    "12": {
      "temp": 17.6,
      "precip": 0.0,
      "wind": 3.9,
      "wind_dir_deg": 257.0
    },
    "14": {
      "temp": 19.1,
      "precip": 0.0,
      "wind": 4.5,
      "wind_dir_deg": 304.0
    },
    "16": {
      "temp": 19.8,
      "precip": 0.0,
      "wind": 6.8,
      "wind_dir_deg": 297.0
    }
  },
  "ride_temp_mean": 18.075000000000003,
  "ride_wind_mean": 4.725,
  "ride_wind_dir_deg": 280.92498358802476,
  "ride_rain_flag": 0.0,
  "tent_rain_flag": 0.0,
  "daily_precip_sum": 0.0,
  "daily_temp_mean": 14.512500000000001,
  "daily_wind_mean": 6.520833333333333,
  "daily_wind_dir_deg": 251.29238269643088
}