{
  "samples_local": {
    "10": {
      "temp": 15.8,
      "precip": 0.0,
      "wind": 18.7
    },
    "12": {
      "temp": 17.6,
      "precip": 0.0,
      "wind": 15.6
    },
    "14": {
      "temp": 19.0,
      "precip": 0.0,
      "wind": 15.8
    },
    "16": {
      "temp": 19.2,
      "precip": 0.0,
      "wind": 15.3
    }
  },
  "ride_temp_mean": 17.9,
  "ride_wind_mean": 16.35,
  "ride_rain_flag": 0.0,
  "tent_rain_flag": 1.0,
  "daily_precip_sum": 0.6000000000000001,
  "daily_temp_mean": 14.845833333333333,
  "daily_wind_mean": 16.591666666666665
}