{
  "samples_local": {
    "10": {
      "temp": 13.1,
      "precip": 0.1,
      "wind": 21.6,
      "wind_dir_deg": 123.0
    },
    "12": {
      "temp": 14.4,
      "precip": 0.0,
      "wind": 18.1,
      "wind_dir_deg": 123.0
    },
    "14": {
      "temp": 14.2,
      "precip": 0.0,
      "wind": 15.9,
      "wind_dir_deg": 123.0
    },
    "16": {
      "temp": 15.1,
      "precip": 0.0,
      "wind": 15.1,
      "wind_dir_deg": 139.0
    }
  },
  "ride_temp_mean": 14.2,
  "ride_wind_mean": 17.675,
  "ride_wind_dir_deg": 126.3971682466597,
  "ride_rain_flag": 0.0,
  "tent_rain_flag": 1.0,
  "daily_precip_sum": 1.4000000000000001,
  "daily_temp_mean": 12.1875,
  "daily_wind_mean": 15.083333333333334,
  "daily_wind_dir_deg": 119.41005000739972
}