{
  "ride_temp_mean": 8.625,
  "ride_precip_sum": 0.0,
  "ride_wind_speed": 18.592685360658763,
  "ride_wind_dir": 236.81818018580088,
  "tent_precip_sum": 1.4,
  "tent_temp_mean": 6.325
}