{
  "ride_temp_mean": 5.9,
  "ride_precip_sum": 0.0,
  "ride_wind_speed": 6.775779955696167,
  "ride_wind_dir": 281.51255226435404,
  "tent_precip_sum": 0.0,
  "tent_temp_mean": 1.8
}