{
  "ride_temp_mean": -15.225000000000001,
  "ride_precip_sum": 0.0,
  "ride_wind_speed": 2.367405980405843,
  "ride_wind_dir": 278.66936319174147,
  "tent_precip_sum": 0.2,
  "tent_temp_mean": -16.119999999999997
}