{
  "ride_temp_mean": -2.425,
  "ride_precip_sum": 0.0,
  "ride_wind_speed": 2.0896182566983565,
  "ride_wind_dir": 279.8250264701736,
  "tent_precip_sum": 0.0,
  "tent_temp_mean": -5.82
}