{
  "samples_local": {
    "10": {
      "temp": 23.7,
      "precip": 0.1,
      "wind": 11.1,
      "wind_dir_deg": 234.0
    },
    "12": {
      "temp": 25.5,
      "precip": 0.8,
      "wind": 6.7,
      "wind_dir_deg": 236.0
    },
    "14": {
      "temp": 24.1,
      "precip": 1.9,
      "wind": 1.3,
      "wind_dir_deg": 352.0
    },
    "16": {
      "temp": 25.2,
      "precip": 3.7,
      "wind": 3.0,
      "wind_dir_deg": 322.0
    }
  },
  "ride_temp_mean": 24.625,
  "ride_wind_mean": 5.525,
  "ride_wind_dir_deg": 248.21467215388472,
  "ride_rain_flag": 1.0,
  "tent_rain_flag": 1.0,
  "daily_precip_sum": 12.5,
  "daily_temp_mean": 23.204166666666666,
  "daily_wind_mean": 6.270833333333333,
  "daily_wind_dir_deg": 224.45065059689657
}