{
  "ride_temp_mean": 25.24285714285714,
  "ride_wind_mean": 9.185714285714285,
  "ride_rain_flag": 0.0,
  "tent_rain_flag": 1.0
}