{
  "ride_temp_mean": 15.014285714285714,
  "ride_wind_mean": 8.157142857142857,
  "ride_rain_flag": 0.0,
  "tent_rain_flag": 0.0
}