{
  "ride_temp_mean": 15.657142857142857,
  "ride_wind_mean": 11.62857142857143,
  "ride_rain_flag": 0.0,
  "tent_rain_flag": 0.0
}