{
  "ride_temp_mean": 13.857142857142858,
  "ride_wind_mean": 6.314285714285715,
  "ride_rain_flag": 0.0,
  "tent_rain_flag": 0.0
}