{
  "ride_temp_mean": 15.542857142857143,
  "ride_wind_mean": 5.442857142857143,
  "ride_rain_flag": 0.0,
  "tent_rain_flag": 0.0
}