{
  "ride_temp_mean": 12.557142857142859,
  "ride_wind_mean": 2.6285714285714286,
  "ride_rain_flag": 0.0,
  "tent_rain_flag": 0.0
}