{
  "ride_temp_mean": 15.37142857142857,
  "ride_wind_mean": 10.157142857142857,
  "ride_rain_flag": 0.0,
  "tent_rain_flag": 0.0
}