{
  "samples_local": {
    "10": {
      "temp": 4.8,
      "precip": 0.0,
      "wind": 1.2,
      "wind_dir_deg": 333.0
    },
    "12": {
      "temp": 8.2,
      "precip": 0.0,
      "wind": 1.6,
      "wind_dir_deg": 297.0
    },
    "14": {
      "temp": 8.5,
      "precip": 0.0,
      "wind": 3.4,
      "wind_dir_deg": 317.0
    },
    "16": {
      "temp": 7.8,
      "precip": 0.0,
      "wind": 5.3,
      "wind_dir_deg": 342.0
    }
  },
  "ride_temp_mean": 7.324999999999999,
  "ride_wind_mean": 2.875,
  "ride_wind_dir_deg": 327.5537660399692,
  "ride_rain_flag": 0.0,
  "tent_rain_flag": 0.0,
  "daily_precip_sum": 0.0,
  "daily_temp_mean": -2.6125000000000003,
  "daily_wind_mean": 3.516666666666666,
  "daily_wind_dir_deg": 359.33742984705856
}