{
  "ride_temp_mean": 12.214285714285714,
  "ride_wind_mean": 5.228571428571429,
  "ride_rain_flag": 0.0,
  "tent_rain_flag": 0.0
}