{
  "ride_temp_mean": 15.799999999999999,
  "ride_wind_mean": 12.485714285714286,
  "ride_rain_flag": 0.0,
  "tent_rain_flag": 0.0
}