{
  "samples_local": {
    "10": {
      "temp": 5.8,
      "precip": 0.0,
      "wind": 8.3,
      "wind_dir_deg": 24.0
    },
    "12": {
      "temp": 11.2,
      "precip": 0.0,
      "wind": 9.6,
      "wind_dir_deg": 26.0
    },
    "14": {
      "temp": 13.6,
      "precip": 0.0,
      "wind": 10.6,
      "wind_dir_deg": 42.0
    },
    "16": {
      "temp": 13.6,
      "precip": 0.0,
      "wind": 9.5,
      "wind_dir_deg": 33.0
    }
  },
  "ride_temp_mean": 11.049999999999999,
  "ride_wind_mean": 9.5,
  "ride_wind_dir_deg": 31.768804891821958,
  "ride_rain_flag": 0.0,
  "tent_rain_flag": 0.0,
  "daily_precip_sum": 0.0,
  "daily_temp_mean": 5.416666666666667,
  "daily_wind_mean": 8.700000000000001,
  "daily_wind_dir_deg": 30.49216333425335
}