{
  "ride_temp_mean": 27.014285714285712,
  "ride_wind_mean": 11.414285714285715,
  "ride_rain_flag": 0.0,
  "tent_rain_flag": 0.0
}