{
  "ride_temp_mean": 1.475,
  "ride_precip_sum": 0.1,
  "ride_wind_speed": 7.556418369002518,
  "ride_wind_dir": 12.095377276608644,
  "tent_precip_sum": 1.3,
  "tent_temp_mean": 0.645
}