{
  "ride_temp_mean": -9.65,
  "ride_precip_sum": 0.30000000000000004,
  "ride_wind_speed": 2.0106157853770767,
  "ride_wind_dir": 262.42051345571974,
  "tent_precip_sum": 1.0,
  "tent_temp_mean": -11.215
}