{
  "ride_temp_mean": 0.375,
  "ride_precip_sum": 0.2,
  "ride_wind_speed": 11.776950857929371,
  "ride_wind_dir": 277.32788918878333,
  "tent_precip_sum": 17.400000000000002,
  "tent_temp_mean": -0.38499999999999995
}