{
  "samples_local": {
    "10": {
      "temp": 24.0,
      "precip": 0.0,
      "wind": 4.3,
      "wind_dir_deg": 95.0
    },
    "12": {
      "temp": 26.0,
      "precip": 0.0,
      "wind": 5.0,
      "wind_dir_deg": 120.0
    },
    "14": {
      "temp": 20.5,
      "precip": 0.2,
      "wind": 15.5,
      "wind_dir_deg": 91.0
    },
    "16": {
      "temp": 21.2,
      "precip": 0.0,
      "wind": 8.4,
      "wind_dir_deg": 59.0
    }
  },
  "ride_temp_mean": 22.925,
  "ride_wind_mean": 8.3,
  "ride_wind_dir_deg": 87.83989317608876,
  "ride_rain_flag": 1.0,
  "tent_rain_flag": 0.0,
  "daily_precip_sum": 0.30000000000000004,
  "daily_temp_mean": 20.033333333333335,
  "daily_wind_mean": 8.841666666666667,
  "daily_wind_dir_deg": 45.86976957709385
}