{
  "samples_local": {
    "10": {
      "temp": 25.0,
      "precip": 0.0,
      "wind": 11.8,
      "wind_dir_deg": 52.0
    },
    "12": {
      "temp": 26.0,
      "precip": 0.0,
      "wind": 12.7,
      "wind_dir_deg": 65.0
    },
    "14": {
      "temp": 25.7,
      "precip": 0.0,
      "wind": 11.3,
      "wind_dir_deg": 59.0
    },
    "16": {
      "temp": 20.2,
      "precip": 0.0,
      "wind": 16.7,
      "wind_dir_deg": 19.0
    }
  },
  "ride_temp_mean": 24.225,
  "ride_wind_mean": 13.125,
  "ride_wind_dir_deg": 46.3791566940846,
  "ride_rain_flag": 0.0,
  "tent_rain_flag": 1.0,
  "daily_precip_sum": 0.6000000000000001,
  "daily_temp_mean": 20.058333333333334,
  "daily_wind_mean": 7.320833333333333,
  "daily_wind_dir_deg": 52.550910573212605
}