{
  "samples_local": {
    "10": {
      "temp": 24.1,
      "precip": 0.0,
      "wind": 12.0,
      "wind_dir_deg": 327.0
    },
    "12": {
      "temp": 25.8,
      "precip": 0.0,
      "wind": 11.8,
      "wind_dir_deg": 322.0
    },
    "14": {
      "temp": 26.5,
      "precip": 0.0,
      "wind": 9.6,
      "wind_dir_deg": 326.0
    },
    "16": {
      "temp": 26.9,
      "precip": 0.0,
      "wind": 8.7,
      "wind_dir_deg": 343.0
    }
  },
  "ride_temp_mean": 25.825,
  "ride_wind_mean": 10.525,
  "ride_wind_dir_deg": 328.650521111313,
  "ride_rain_flag": 0.0,
  "tent_rain_flag": 1.0,
  "daily_precip_sum": 0.8999999999999999,
  "daily_temp_mean": 21.587500000000002,
  "daily_wind_mean": 9.804166666666667,
  "daily_wind_dir_deg": 322.6607607715985
}