{
  "samples_local": {
    "10": {
      "temp": 26.0,
      "precip": 0.0,
      "wind": 6.6,
      "wind_dir_deg": 61.0
    },
    "12": {
      "temp": 27.4,
      "precip": 0.0,
      "wind": 8.2,
      "wind_dir_deg": 67.0
    },
    "14": {
      "temp": 28.4,
      "precip": 0.0,
      "wind": 14.3,
      "wind_dir_deg": 78.0
    },
    "16": {
      "temp": 23.9,
      "precip": 0.3,
      "wind": 10.8,
      "wind_dir_deg": 105.0
    }
  },
  "ride_temp_mean": 26.424999999999997,
  "ride_wind_mean": 9.975,
  "ride_wind_dir_deg": 80.10748229625699,
  "ride_rain_flag": 1.0,
  "tent_rain_flag": 1.0,
  "daily_precip_sum": 4.0,
  "daily_temp_mean": 21.570833333333336,
  "daily_wind_mean": 9.483333333333333,
  "daily_wind_dir_deg": 53.39805588935303
}