{
  "samples_local": {
    "10": {
      "temp": 23.9,
      "precip": 0.0,
      "wind": 10.5,
      "wind_dir_deg": 322.0
    },
    "12": {
      "temp": 26.0,
      "precip": 0.0,
      "wind": 12.2,
      "wind_dir_deg": 326.0
    },
    "14": {
      "temp": 26.8,
      "precip": 0.0,
      "wind": 11.8,
      "wind_dir_deg": 329.0
    },
    "16": {
      "temp": 26.5,
      "precip": 0.0,
      "wind": 10.9,
      "wind_dir_deg": 326.0
    }
  },
  "ride_temp_mean": 25.8,
  "ride_wind_mean": 11.35,
  "ride_wind_dir_deg": 325.85488748120076,
  "ride_rain_flag": 0.0,
  "tent_rain_flag": 1.0,
  "daily_precip_sum": 0.7,
  "daily_temp_mean": 21.133333333333333,
  "daily_wind_mean": 10.504166666666666,
  "daily_wind_dir_deg": 331.6663385416897
}