{
  "samples_local": {
    "10": {
      "temp": 24.3,
      "precip": 0.0,
      "wind": 11.7,
      "wind_dir_deg": 317.0
    },
    "12": {
      "temp": 26.4,
      "precip": 0.0,
      "wind": 11.2,
      "wind_dir_deg": 320.0
    },
    "14": {
      "temp": 27.2,
      "precip": 0.0,
      "wind": 8.5,
      "wind_dir_deg": 332.0
    },
    "16": {
      "temp": 27.4,
      "precip": 0.0,
      "wind": 6.5,
      "wind_dir_deg": 354.0
    }
  },
  "ride_temp_mean": 26.325,
  "ride_wind_mean": 9.475,
  "ride_wind_dir_deg": 327.4582912706129,
  "ride_rain_flag": 0.0,
  "tent_rain_flag": 0.0,
  "daily_precip_sum": 0.0,
  "daily_temp_mean": 21.895833333333332,
  "daily_wind_mean": 7.979166666666667,
  "daily_wind_dir_deg": 311.19790474544413
}