{
  "samples_local": {
    "10": {
      "temp": 25.5,
      "precip": 0.0,
      "wind": 6.2,
      "wind_dir_deg": 306.0
    },
    "12": {
      "temp": 28.1,
      "precip": 0.0,
      "wind": 5.4,
      "wind_dir_deg": 4.0
    },
    "14": {
      "temp": 29.6,
      "precip": 0.0,
      "wind": 5.1,
      "wind_dir_deg": 51.0
    },
    "16": {
      "temp": 29.1,
      "precip": 0.0,
      "wind": 10.4,
      "wind_dir_deg": 56.0
    }
  },
  "ride_temp_mean": 28.075000000000003,
  "ride_wind_mean": 6.775,
  "ride_wind_dir_deg": 23.753383001643897,
  "ride_rain_flag": 0.0,
  "tent_rain_flag": 0.0,
  "daily_precip_sum": 0.1,
  "daily_temp_mean": 21.900000000000002,
  "daily_wind_mean": 7.166666666666667,
  "daily_wind_dir_deg": 31.333689455631315
}