{
  "samples_local": {
    "10": {
      "temp": 21.4,
      "precip": 0.0,
      "wind": 10.9,
      "wind_dir_deg": 81.0
    },
    "12": {
      "temp": 20.9,
      "precip": 0.2,
      "wind": 16.7,
      "wind_dir_deg": 83.0
    },
    "14": {
      "temp": 21.5,
      "precip": 0.0,
      "wind": 19.8,
      "wind_dir_deg": 92.0
    },
    "16": {
      "temp": 20.9,
      "precip": 0.0,
      "wind": 13.3,
      "wind_dir_deg": 109.0
    }
  },
  "ride_temp_mean": 21.174999999999997,
  "ride_wind_mean": 15.175,
  "ride_wind_dir_deg": 91.22885193115997,
  "ride_rain_flag": 1.0,
  "tent_rain_flag": 1.0,
  "daily_precip_sum": 0.7000000000000001,
  "daily_temp_mean": 19.55,
  "daily_wind_mean": 10.375,
  "daily_wind_dir_deg": 80.77993099758248
}