{
  "samples_local": {
    "10": {
      "temp": 24.6,
      "precip": 0.0,
      "wind": 10.5,
      "wind_dir_deg": 329.0
    },
    "12": {
      "temp": 26.9,
      "precip": 0.0,
      "wind": 10.3,
      "wind_dir_deg": 331.0
    },
    "14": {
      "temp": 28.2,
      "precip": 0.0,
      "wind": 10.1,
      "wind_dir_deg": 17.0
    },
    "16": {
      "temp": 27.3,
      "precip": 0.0,
      "wind": 8.3,
      "wind_dir_deg": 34.0
    }
  },
  "ride_temp_mean": 26.75,
  "ride_wind_mean": 9.8,
  "ride_wind_dir_deg": 355.3547312268211,
  "ride_rain_flag": 0.0,
  "tent_rain_flag": 1.0,
  "daily_precip_sum": 7.8999999999999995,
  "daily_temp_mean": 21.333333333333332,
  "daily_wind_mean": 10.083333333333334,
  "daily_wind_dir_deg": 340.9748419730588
}