{
  "samples_local": {
    "10": {
      "temp": 25.1,
      "precip": 0.0,
      "wind": 4.1,
      "wind_dir_deg": 38.0
    },
    "12": {
      "temp": 27.5,
      "precip": 0.0,
      "wind": 9.1,
      "wind_dir_deg": 56.0
    },
    "14": {
      "temp": 28.4,
      "precip": 0.0,
      "wind": 6.1,
      "wind_dir_deg": 45.0
    },
    "16": {
      "temp": 28.5,
      "precip": 0.0,
      "wind": 6.3,
      "wind_dir_deg": 59.0
    }
  },
  "ride_temp_mean": 27.375,
  "ride_wind_mean": 6.3999999999999995,
  "ride_wind_dir_deg": 51.24843242810954,
  "ride_rain_flag": 0.0,
  "tent_rain_flag": 1.0,
  "daily_precip_sum": 0.30000000000000004,
  "daily_temp_mean": 21.629166666666666,
  "daily_wind_mean": 7.8,
  "daily_wind_dir_deg": 42.89119519851073
}