{
  "samples_local": {
    "10": {
      "temp": 22.1,
      "precip": 0.1,
      "wind": 10.1,
      "wind_dir_deg": 90.0
    },
    "12": {
      "temp": 19.8,
      "precip": 2.5,
      "wind": 12.6,
      "wind_dir_deg": 59.0
    },
    "14": {
      "temp": 19.0,
      "precip": 2.1,
      "wind": 13.7,
      "wind_dir_deg": 88.0
    },
    "16": {
      "temp": 21.0,
      "precip": 0.0,
      "wind": 13.5,
      "wind_dir_deg": 106.0
    }
  },
  "ride_temp_mean": 20.475,
  "ride_wind_mean": 12.475,
  "ride_wind_dir_deg": 86.09572018102153,
  "ride_rain_flag": 1.0,
  "tent_rain_flag": 1.0,
  "daily_precip_sum": 6.3,
  "daily_temp_mean": 19.162499999999998,
  "daily_wind_mean": 9.479166666666666,
  "daily_wind_dir_deg": 101.49128363384636
}