{
  "ride_temp_mean": 4.725,
  "ride_precip_sum": 0.0,
  "ride_wind_speed": 16.261441033944138,
  "ride_wind_dir": 76.98517341931404,
  "tent_precip_sum": 0.30000000000000004,
  "tent_temp_mean": 4.915
}