{
  "ride_temp_mean": 7.85,
  "ride_precip_sum": 0.0,
  "ride_wind_speed": 10.9727572573924,
  "ride_wind_dir": 10.400931730815103,
  "tent_precip_sum": 0.2,
  "tent_temp_mean": 8.075
}