{
  "ride_temp_mean": 13.775,
  "ride_precip_sum": 0.2,
  "ride_wind_speed": 33.457925336431025,
  "ride_wind_dir": 247.18085620252793,
  "tent_precip_sum": 0.5,
  "tent_temp_mean": 13.575
}