{
  "ride_temp_mean": 13.4,
  "ride_precip_sum": 0.1,
  "ride_wind_speed": 56.060878087779955,
  "ride_wind_dir": 261.86750024322714,
  "tent_precip_sum": 1.4000000000000001,
  "tent_temp_mean": 13.525
}