{
  "ride_temp_mean": 12.075,
  "ride_precip_sum": 0.0,
  "ride_wind_speed": 33.141741254450864,
  "ride_wind_dir": 218.08473257736586,
  "tent_precip_sum": 0.0,
  "tent_temp_mean": 11.879999999999999
}