{
  "samples_local": {
    "10": {
      "temp": 10.0,
      "precip": 0.4,
      "wind": 19.9,
      "wind_dir_deg": 190.0
    },
    "12": {
      "temp": 10.9,
      "precip": 0.1,
      "wind": 18.8,
      "wind_dir_deg": 201.0
    },
    "14": {
      "temp": 11.2,
      "precip": 0.3,
      "wind": 16.6,
      "wind_dir_deg": 197.0
    },
    "16": {
      "temp": 9.8,
      "precip": 1.3,
      "wind": 15.7,
      "wind_dir_deg": 197.0
    }
  },
  "ride_temp_mean": 10.475,
  "ride_wind_mean": 17.75,
  "ride_wind_dir_deg": 196.0988102130029,
  "ride_rain_flag": 1.0,
  "tent_rain_flag": 1.0,
  "daily_precip_sum": 7.6000000000000005,
  "daily_temp_mean": 9.979166666666666,
  "daily_wind_mean": 16.162499999999998,
  "daily_wind_dir_deg": 190.7809301860687
}