{
  "samples_local": {
    "10": {
      "temp": 10.9,
      "precip": 0.1,
      "wind": 17.9,
      "wind_dir_deg": 189.0
    },
    "12": {
      "temp": 12.6,
      "precip": 0.0,
      "wind": 18.6,
      "wind_dir_deg": 192.0
    },
    "14": {
      "temp": 13.9,
      "precip": 0.0,
      "wind": 22.8,
      "wind_dir_deg": 190.0
    },
    "16": {
      "temp": 13.1,
      "precip": 0.0,
      "wind": 21.6,
      "wind_dir_deg": 201.0
    }
  },
  "ride_temp_mean": 12.625,
  "ride_wind_mean": 20.225,
  "ride_wind_dir_deg": 193.17031408131226,
  "ride_rain_flag": 0.0,
  "tent_rain_flag": 1.0,
  "daily_precip_sum": 1.1,
  "daily_temp_mean": 10.637500000000001,
  "daily_wind_mean": 14.345833333333333,
  "daily_wind_dir_deg": 192.25048665543628
}