{
  "samples_local": {
    "10": {
      "temp": 14.4,
      "precip": 0.0,
      "wind": 21.7,
      "wind_dir_deg": 200.0
    },
    "12": {
      "temp": 15.4,
      "precip": 0.0,
      "wind": 17.5,
      "wind_dir_deg": 208.0
    },
    "14": {
      "temp": 15.6,
      "precip": 0.1,
      "wind": 12.0,
      "wind_dir_deg": 171.0
    },
    "16": {
      "temp": 16.2,
      "precip": 0.0,
      "wind": 12.1,
      "wind_dir_deg": 170.0
    }
  },
  "ride_temp_mean": 15.4,
  "ride_wind_mean": 15.825,
  "ride_wind_dir_deg": 191.06663237561517,
  "ride_rain_flag": 0.0,
  "tent_rain_flag": 0.0,
  "daily_precip_sum": 0.2,
  "daily_temp_mean": 15.229166666666666,
  "daily_wind_mean": 22.108333333333334,
  "daily_wind_dir_deg": 195.96228082157862
}