{
  "samples_local": {
    "10": {
      "temp": 13.8,
      "precip": 0.0,
      "wind": 14.2,
      "wind_dir_deg": 179.0
    },
    "12": {
      "temp": 16.4,
      "precip": 0.0,
      "wind": 16.0,
      "wind_dir_deg": 191.0
    },
    "14": {
      "temp": 16.4,
      "precip": 0.0,
      "wind": 16.4,
      "wind_dir_deg": 192.0
    },
    "16": {
      "temp": 16.9,
      "precip": 0.0,
      "wind": 18.4,
      "wind_dir_deg": 178.0
    }
  },
  "ride_temp_mean": 15.875,
  "ride_wind_mean": 16.25,
  "ride_wind_dir_deg": 184.9506787857884,
  "ride_rain_flag": 0.0,
  "tent_rain_flag": 0.0,
  "daily_precip_sum": 0.0,
  "daily_temp_mean": 12.674999999999999,
  "daily_wind_mean": 13.966666666666667,
  "daily_wind_dir_deg": 179.21742367732975
}