{
  "samples_local": {
    "10": {
      "temp": 12.1,
      "precip": 0.1,
      "wind": 13.2,
      "wind_dir_deg": 170.0
    },
    "12": {
      "temp": 12.1,
      "precip": 0.5,
      "wind": 14.0,
      "wind_dir_deg": 180.0
    },
    "14": {
      "temp": 13.4,
      "precip": 0.1,
      "wind": 15.7,
      "wind_dir_deg": 181.0
    },
    "16": {
      "temp": 13.3,
      "precip": 0.1,
      "wind": 13.3,
      "wind_dir_deg": 188.0
    }
  },
  "ride_temp_mean": 12.725,
  "ride_wind_mean": 14.05,
  "ride_wind_dir_deg": 179.8285767151533,
  "ride_rain_flag": 1.0,
  "tent_rain_flag": 1.0,
  "daily_precip_sum": 2.7,
  "daily_temp_mean": 11.641666666666666,
  "daily_wind_mean": 11.295833333333334,
  "daily_wind_dir_deg": 176.81566662885018
}