{
  "samples_local": {
    "10": {
      "temp": 15.0,
      "precip": 0.1,
      "wind": 29.3,
      "wind_dir_deg": 181.0
    },
    "12": {
      "temp": 15.1,
      "precip": 0.0,
      "wind": 22.1,
      "wind_dir_deg": 179.0
    },
    "14": {
      "temp": 16.2,
      "precip": 0.0,
      "wind": 21.9,
      "wind_dir_deg": 189.0
    },
    "16": {
      "temp": 16.6,
      "precip": 0.0,
      "wind": 20.9,
      "wind_dir_deg": 176.0
    }
  },
  "ride_temp_mean": 15.725,
  "ride_wind_mean": 23.55,
  "ride_wind_dir_deg": 181.27768202557812,
  "ride_rain_flag": 0.0,
  "tent_rain_flag": 0.0,
  "daily_precip_sum": 0.30000000000000004,
  "daily_temp_mean": 15.65,
  "daily_wind_mean": 23.629166666666666,
  "daily_wind_dir_deg": 184.35048961396566
}