{
  "samples_local": {
    "10": {
      "temp": 15.7,
      "precip": 0.0,
      "wind": 16.8,
      "wind_dir_deg": 116.0
    },
    "12": {
      "temp": 16.5,
      "precip": 0.0,
      "wind": 19.1,
      "wind_dir_deg": 114.0
    },
    "14": {
      "temp": 16.5,
      "precip": 0.0,
      "wind": 21.1,
      "wind_dir_deg": 107.0
    },
    "16": {
      "temp": 15.1,
      "precip": 0.0,
      "wind": 20.3,
      "wind_dir_deg": 98.0
    }
  },
  "ride_temp_mean": 15.95,
  "ride_wind_mean": 19.325000000000003,
  "ride_wind_dir_deg": 108.32956396870554,
  "ride_rain_flag": 0.0,
  "tent_rain_flag": 0.0,
  "daily_precip_sum": 0.5,
  "daily_temp_mean": 14.020833333333334,
  "daily_wind_mean": 14.895833333333334,
  "daily_wind_dir_deg": 105.07360713004323
}