{
  "samples_local": {
    "10": {
      "temp": 29.5,
      "precip": 0.0,
      "wind": 11.4,
      "wind_dir_deg": 288.0
    },
    "12": {
      "temp": 32.3,
      "precip": 0.0,
      "wind": 14.3,
      "wind_dir_deg": 280.0
    },
    "14": {
      "temp": 33.8,
      "precip": 0.0,
      "wind": 15.0,
      "wind_dir_deg": 291.0
    },
    "16": {
      "temp": 32.8,
      "precip": 0.2,
      "wind": 11.7,
      "wind_dir_deg": 261.0
    }
  },
  "ride_temp_mean": 32.099999999999994,
  "ride_wind_mean": 13.1,
  "ride_wind_dir_deg": 280.71321675434683,
  "ride_rain_flag": 1.0,
  "tent_rain_flag": 0.0,
  "daily_precip_sum": 0.2,
  "daily_temp_mean": 27.291666666666668,
  "daily_wind_mean": 11.225,
  "daily_wind_dir_deg": 280.53616996043553
}