{
  "samples_local": {
    "10": {
      "temp": 4.4,
      "precip": 0.0,
      "wind": 0.7,
      "wind_dir_deg": 180.0
    },
    "12": {
      "temp": 7.8,
      "precip": 0.0,
      "wind": 3.5,
      "wind_dir_deg": 336.0
    },
    "14": {
      "temp": 7.9,
      "precip": 0.2,
      "wind": 2.4,
      "wind_dir_deg": 333.0
    },
    "16": {
      "temp": 8.1,
      "precip": 0.0,
      "wind": 1.6,
      "wind_dir_deg": 27.0
    }
  },
  "ride_temp_mean": 7.05,
  "ride_wind_mean": 2.05,
  "ride_wind_dir_deg": 343.5757045315907,
  "ride_rain_flag": 1.0,
  "tent_rain_flag": 0.0,
  "daily_precip_sum": 0.30000000000000004,
  "daily_temp_mean": 3.4416666666666664,
  "daily_wind_mean": 4.433333333333334,
  "daily_wind_dir_deg": 101.14194353053136
}