{
  "samples_local": {
    "10": {
      "temp": 0.9,
      "precip": 0.6,
      "wind": 7.6,
      "wind_dir_deg": 115.0
    },
    "12": {
      "temp": 2.3,
      "precip": 0.2,
      "wind": 8.4,
      "wind_dir_deg": 137.0
    },
    "14": {
      "temp": 1.5,
      "precip": 0.4,
      "wind": 7.4,
      "wind_dir_deg": 129.0
    },
    "16": {
      "temp": 1.7,
      "precip": 0.4,
      "wind": 7.4,
      "wind_dir_deg": 141.0
    }
  },
  "ride_temp_mean": 1.5999999999999999,
  "ride_wind_mean": 7.7,
  "ride_wind_dir_deg": 130.64110721243316,
  "ride_rain_flag": 1.0,
  "tent_rain_flag": 1.0,
  "daily_precip_sum": 14.5,
  "daily_temp_mean": 1.0333333333333334,
  "daily_wind_mean": 6.029166666666666,
  "daily_wind_dir_deg": 126.10973719623132
}