{
  "samples_local": {
    "10": {
      "temp": 1.6,
      "precip": 1.8,
      "wind": 8.9,
      "wind_dir_deg": 137.0
    },
    "12": {
      "temp": 1.6,
      "precip": 0.9,
      "wind": 8.2,
      "wind_dir_deg": 131.0
    },
    "14": {
      "temp": 4.0,
      "precip": 1.5,
      "wind": 5.6,
      "wind_dir_deg": 140.0
    },
    "16": {
      "temp": 3.6,
      "precip": 2.2,
      "wind": 4.6,
      "wind_dir_deg": 141.0
    }
  },
  "ride_temp_mean": 2.7,
  "ride_wind_mean": 6.824999999999999,
  "ride_wind_dir_deg": 136.488461147897,
  "ride_rain_flag": 1.0,
  "tent_rain_flag": 1.0,
  "daily_precip_sum": 26.3,
  "daily_temp_mean": 2.620833333333333,
  "daily_wind_mean": 5.779166666666666,
  "daily_wind_dir_deg": 116.92676580835001
}