{
  "samples_local": {
    "10": {
      "temp": 7.0,
      "precip": 0.0,
      "wind": 2.3,
      "wind_dir_deg": 39.0
    },
    "12": {
      "temp": 9.0,
      "precip": 0.0,
      "wind": 0.8,
      "wind_dir_deg": 297.0
    },
    "14": {
      "temp": 8.9,
      "precip": 0.0,
      "wind": 4.6,
      "wind_dir_deg": 231.0
    },
    "16": {
      "temp": 9.1,
      "precip": 0.0,
      "wind": 6.9,
      "wind_dir_deg": 231.0
    }
  },
  "ride_temp_mean": 8.5,
  "ride_wind_mean": 3.65,
  "ride_wind_dir_deg": 238.19615626666854,
  "ride_rain_flag": 0.0,
  "tent_rain_flag": 0.0,
  "daily_precip_sum": 0.30000000000000004,
  "daily_temp_mean": 7.0874999999999995,
  "daily_wind_mean": 5.529166666666666,
  "daily_wind_dir_deg": 237.63113947843976
}