{
  "samples_local": {
    "10": {
      "temp": 5.2,
      "precip": 0.0,
      "wind": 7.6,
      "wind_dir_deg": 251.0
    },
    "12": {
      "temp": 7.2,
      "precip": 0.0,
      "wind": 9.7,
      "wind_dir_deg": 225.0
    },
    "14": {
      "temp": 6.2,
      "precip": 0.0,
      "wind": 12.6,
      "wind_dir_deg": 211.0
    },
    "16": {
      "temp": 5.8,
      "precip": 0.1,
      "wind": 12.1,
      "wind_dir_deg": 207.0
    }
  },
  "ride_temp_mean": 6.1,
  "ride_wind_mean": 10.5,
  "ride_wind_dir_deg": 220.094591462764,
  "ride_rain_flag": 0.0,
  "tent_rain_flag": 0.0,
  "daily_precip_sum": 0.30000000000000004,
  "daily_temp_mean": 3.783333333333333,
  "daily_wind_mean": 8.845833333333333,
  "daily_wind_dir_deg": 220.9598839657987
}