{
  "samples_local": {
    "10": {
      "temp": 7.7,
      "precip": 0.0,
      "wind": 17.7,
      "wind_dir_deg": 28.0
    },
    "12": {
      "temp": 9.7,
      "precip": 0.0,
      "wind": 15.9,
      "wind_dir_deg": 26.0
    },
    "14": {
      "temp": 11.6,
      "precip": 0.0,
      "wind": 22.7,
      "wind_dir_deg": 46.0
    },
    "16": {
      "temp": 11.2,
      "precip": 0.0,
      "wind": 23.1,
      "wind_dir_deg": 48.0
    }
  },
  "ride_temp_mean": 10.049999999999999,
  "ride_wind_mean": 19.85,
  "ride_wind_dir_deg": 38.57954274197232,
  "ride_rain_flag": 0.0,
  "tent_rain_flag": 0.0,
  "daily_precip_sum": 0.2,
  "daily_temp_mean": 8.808333333333334,
  "daily_wind_mean": 18.891666666666666,
  "daily_wind_dir_deg": 39.04509598999556
}