{
  "samples_local": {
    "10": {
      "temp": 5.7,
      "precip": 0.2,
      "wind": 22.9,
      "wind_dir_deg": 33.0
    },
    "12": {
      "temp": 7.8,
      "precip": 0.0,
      "wind": 21.8,
      "wind_dir_deg": 31.0
    },
    "14": {
      "temp": 8.6,
      "precip": 0.0,
      "wind": 22.3,
      "wind_dir_deg": 35.0
    },
    "16": {
      "temp": 9.2,
      "precip": 0.0,
      "wind": 31.0,
      "wind_dir_deg": 43.0
    }
  },
  "ride_temp_mean": 7.824999999999999,
  "ride_wind_mean": 24.5,
  "ride_wind_dir_deg": 36.170313675965815,
  "ride_rain_flag": 1.0,
  "tent_rain_flag": 0.0,
  "daily_precip_sum": 0.2,
  "daily_temp_mean": 6.945833333333333,
  "daily_wind_mean": 21.616666666666664,
  "daily_wind_dir_deg": 35.98825841639638
}