{
  "samples_local": {
    "10": {
      "temp": 9.7,
      "precip": 0.0,
      "wind": 36.8,
      "wind_dir_deg": 28.0
    },
    "12": {
      "temp": 11.2,
      "precip": 0.0,
      "wind": 38.8,
      "wind_dir_deg": 33.0
    },
    "14": {
      "temp": 11.3,
      "precip": 0.1,
      "wind": 41.9,
      "wind_dir_deg": 39.0
    },
    "16": {
      "temp": 11.9,
      "precip": 0.0,
      "wind": 45.5,
      "wind_dir_deg": 55.0
    }
  },
  "ride_temp_mean": 11.025,
  "ride_wind_mean": 40.75,
  "ride_wind_dir_deg": 39.523110337125615,
  "ride_rain_flag": 0.0,
  "tent_rain_flag": 1.0,
  "daily_precip_sum": 0.7000000000000001,
  "daily_temp_mean": 9.604166666666666,
  "daily_wind_mean": 33.87916666666667,
  "daily_wind_dir_deg": 37.854492230722826
}