{
  "samples_local": {
    "10": {
      "temp": 5.2,
      "precip": 0.2,
      "wind": 30.5,
      "wind_dir_deg": 45.0
    },
    "12": {
      "temp": 7.6,
      "precip": 0.0,
      "wind": 36.6,
      "wind_dir_deg": 50.0
    },
    "14": {
      "temp": 7.7,
      "precip": 0.0,
      "wind": 32.0,
      "wind_dir_deg": 49.0
    },
    "16": {
      "temp": 7.8,
      "precip": 0.0,
      "wind": 31.8,
      "wind_dir_deg": 50.0
    }
  },
  "ride_temp_mean": 7.075,
  "ride_wind_mean": 32.725,
  "ride_wind_dir_deg": 48.59099974161637,
  "ride_rain_flag": 1.0,
  "tent_rain_flag": 1.0,
  "daily_precip_sum": 1.2000000000000002,
  "daily_temp_mean": 6.129166666666666,
  "daily_wind_mean": 28.383333333333336,
  "daily_wind_dir_deg": 46.42703457418406
}