{
  "samples_local": {
    "10": {
      "temp": 9.5,
      "precip": 0.0,
      "wind": 26.9,
      "wind_dir_deg": 34.0
    },
    "12": {
      "temp": 11.2,
      "precip": 0.0,
      "wind": 31.1,
      "wind_dir_deg": 35.0
    },
    "14": {
      "temp": 11.1,
      "precip": 0.0,
      "wind": 32.1,
      "wind_dir_deg": 39.0
    },
    "16": {
      "temp": 11.8,
      "precip": 0.2,
      "wind": 35.3,
      "wind_dir_deg": 52.0
    }
  },
  "ride_temp_mean": 10.9,
  "ride_wind_mean": 31.35,
  "ride_wind_dir_deg": 40.57898336889264,
  "ride_rain_flag": 1.0,
  "tent_rain_flag": 1.0,
  "daily_precip_sum": 1.2000000000000002,
  "daily_temp_mean": 9.733333333333333,
  "daily_wind_mean": 26.108333333333334,
  "daily_wind_dir_deg": 39.29626572897547
}