{
  "ride_temp_mean": -9.625,
  "ride_precip_sum": 0.1,
  "ride_wind_speed": 2.145593540117254,
  "ride_wind_dir": 327.04382719749003,
  "tent_precip_sum": 1.6,
  "tent_temp_mean": -9.940000000000001
}