{
  "ride_temp_mean": 0.95,
  "ride_precip_sum": 0.0,
  "ride_wind_speed": 2.400744000592936,
  "ride_wind_dir": 206.57659129084612,
  "tent_precip_sum": 0.0,
  "tent_temp_mean": -2.225
}