{
  "ride_temp_mean": 7.025,
  "ride_precip_sum": 3.0,
  "ride_wind_speed": 33.97373337647496,
  "ride_wind_dir": 243.29035297990072,
  "tent_precip_sum": 11.0,
  "tent_temp_mean": 6.57
}