{
  "samples_local": {
    "10": {
      "temp": 17.4,
      "precip": 0.2,
      "wind": 15.5,
      "wind_dir_deg": 68.0
    },
    "12": {
      "temp": 18.4,
      "precip": 0.1,
      "wind": 6.8,
      "wind_dir_deg": 68.0
    },
    "14": {
      "temp": 21.0,
      "precip": 0.0,
      "wind": 9.9,
      "wind_dir_deg": 91.0
    },
    "16": {
      "temp": 20.1,
      "precip": 0.0,
      "wind": 8.1,
      "wind_dir_deg": 102.0
    }
  },
  "ride_temp_mean": 19.225,
  "ride_wind_mean": 10.075,
  "ride_wind_dir_deg": 80.42102905118088,
  "ride_rain_flag": 1.0,
  "tent_rain_flag": 1.0,
  "daily_precip_sum": 13.799999999999999,
  "daily_temp_mean": 16.966666666666665,
  "daily_wind_mean": 10.012500000000001,
  "daily_wind_dir_deg": 45.37070860174771
}