{
  "samples_local": {
    "10": {
      "temp": 10.9,
      "precip": 0.0,
      "wind": 16.6,
      "wind_dir_deg": 49.0
    },
    "12": {
      "temp": 12.3,
      "precip": 0.1,
      "wind": 16.1,
      "wind_dir_deg": 55.0
    },
    "14": {
      "temp": 11.1,
      "precip": 1.7,
      "wind": 11.0,
      "wind_dir_deg": 19.0
    },
    "16": {
      "temp": 11.0,
      "precip": 3.4,
      "wind": 10.2,
      "wind_dir_deg": 14.0
    }
  },
  "ride_temp_mean": 11.325,
  "ride_wind_mean": 13.475000000000001,
  "ride_wind_dir_deg": 38.16120926379165,
  "ride_rain_flag": 1.0,
  "tent_rain_flag": 1.0,
  "daily_precip_sum": 11.1,
  "daily_temp_mean": 10.679166666666667,
  "daily_wind_mean": 15.920833333333334,
  "daily_wind_dir_deg": 42.00489674494014
}