{
  "samples_local": {
    "10": {
      "temp": 12.9,
      "precip": 0.1,
      "wind": 12.3,
      "wind_dir_deg": 51.0
    },
    "12": {
      "temp": 14.9,
      "precip": 0.0,
      "wind": 11.2,
      "wind_dir_deg": 49.0
    },
    "14": {
      "temp": 15.6,
      "precip": 0.0,
      "wind": 7.6,
      "wind_dir_deg": 22.0
    },
    "16": {
      "temp": 15.5,
      "precip": 0.0,
      "wind": 8.3,
      "wind_dir_deg": 30.0
    }
  },
  "ride_temp_mean": 14.725,
  "ride_wind_mean": 9.85,
  "ride_wind_dir_deg": 40.45969912689145,
  "ride_rain_flag": 0.0,
  "tent_rain_flag": 1.0,
  "daily_precip_sum": 2.3000000000000003,
  "daily_temp_mean": 13.012500000000001,
  "daily_wind_mean": 10.683333333333332,
  "daily_wind_dir_deg": 17.30474302655449
}