{
  "samples_local": {
    "10": {
      "temp": 14.4,
      "precip": 0.0,
      "wind": 20.3,
      "wind_dir_deg": 73.0
    },
    "12": {
      "temp": 14.1,
      "precip": 0.0,
      "wind": 17.5,
      "wind_dir_deg": 64.0
    },
    "14": {
      "temp": 14.8,
      "precip": 0.0,
      "wind": 14.3,
      "wind_dir_deg": 48.0
    },
    "16": {
      "temp": 14.6,
      "precip": 0.0,
      "wind": 16.6,
      "wind_dir_deg": 351.0
    }
  },
  "ride_temp_mean": 14.475,
  "ride_wind_mean": 17.175,
  "ride_wind_dir_deg": 47.49210332117963,
  "ride_rain_flag": 0.0,
  "tent_rain_flag": 1.0,
  "daily_precip_sum": 10.9,
  "daily_temp_mean": 14.833333333333334,
  "daily_wind_mean": 26.195833333333336,
  "daily_wind_dir_deg": 41.53130010533414
}