{
  "samples_local": {
    "10": {
      "temp": 7.1,
      "precip": 0.0,
      "wind": 2.8,
      "wind_dir_deg": 259.0
    },
    "12": {
      "temp": 10.2,
      "precip": 0.0,
      "wind": 4.2,
      "wind_dir_deg": 211.0
    },
    "14": {
      "temp": 10.1,
      "precip": 0.9,
      "wind": 2.7,
      "wind_dir_deg": 188.0
    },
    "16": {
      "temp": 10.2,
      "precip": 0.1,
      "wind": 2.4,
      "wind_dir_deg": 253.0
    }
  },
  "ride_temp_mean": 9.399999999999999,
  "ride_wind_mean": 3.025,
  "ride_wind_dir_deg": 225.27648896034933,
  "ride_rain_flag": 1.0,
  "tent_rain_flag": 1.0,
  "daily_precip_sum": 5.5,
  "daily_temp_mean": 7.183333333333334,
  "daily_wind_mean": 2.720833333333333,
  "daily_wind_dir_deg": 316.48675065453773
}