{
  "samples_local": {
    "10": {
      "temp": 12.9,
      "precip": 0.0,
      "wind": 11.2,
      "wind_dir_deg": 40.0
    },
    "12": {
      "temp": 14.6,
      "precip": 0.0,
      "wind": 9.2,
      "wind_dir_deg": 47.0
    },
    "14": {
      "temp": 14.9,
      "precip": 0.2,
      "wind": 11.7,
      "wind_dir_deg": 27.0
    },
    "16": {
      "temp": 14.6,
      "precip": 0.0,
      "wind": 9.1,
      "wind_dir_deg": 30.0
    }
  },
  "ride_temp_mean": 14.25,
  "ride_wind_mean": 10.299999999999999,
  "ride_wind_dir_deg": 35.65634421640584,
  "ride_rain_flag": 1.0,
  "tent_rain_flag": 1.0,
  "daily_precip_sum": 2.3000000000000003,
  "daily_temp_mean": 12.591666666666667,
  "daily_wind_mean": 11.679166666666667,
  "daily_wind_dir_deg": 16.703560155859122
}