{
  "samples_local": {
    "10": {
      "temp": 29.0,
      "precip": 0.1,
      "wind": 12.1,
      "wind_dir_deg": 280.0
    },
    "12": {
      "temp": 31.0,
      "precip": 0.0,
      "wind": 13.1,
      "wind_dir_deg": 272.0
    },
    "14": {
      "temp": 32.0,
      "precip": 0.0,
      "wind": 12.8,
      "wind_dir_deg": 269.0
    },
    "16": {
      "temp": 31.5,
      "precip": 0.0,
      "wind": 10.7,
      "wind_dir_deg": 265.0
    }
  },
  "ride_temp_mean": 30.875,
  "ride_wind_mean": 12.175,
  "ride_wind_dir_deg": 271.6574134688658,
  "ride_rain_flag": 0.0,
  "tent_rain_flag": 0.0,
  "daily_precip_sum": 0.30000000000000004,
  "daily_temp_mean": 26.71666666666667,
  "daily_wind_mean": 10.566666666666666,
  "daily_wind_dir_deg": 274.5587005804987
}