{
  "samples_local": {
    "10": {
      "temp": 12.8,
      "precip": 0.0,
      "wind": 10.3
    },
    "12": {
      "temp": 15.5,
      "precip": 0.1,
      "wind": 14.3
    },
    "14": {
      "temp": 13.6,
      "precip": 0.2,
      "wind": 8.9
    },
    "16": {
      "temp": 13.0,
      "precip": 0.1,
      "wind": 7.8
    }
  },
  "ride_temp_mean": 13.725,
  "ride_wind_mean": 10.325000000000001,
  "ride_rain_flag": 1.0,
  "tent_rain_flag": 1.0,
  "daily_precip_sum": 0.6000000000000001,
  "daily_temp_mean": 11.179166666666667,
  "daily_wind_mean": 10.083333333333334
}