{
  "ride_temp_mean": -9.649999999999999,
  "ride_precip_sum": 0.4,
  "ride_wind_speed": 2.3904074029149407,
  "ride_wind_dir": 330.6037406522044,
  "tent_precip_sum": 1.8,
  "tent_temp_mean": -10.629999999999999
}