{
  "ride_temp_mean": 0.7,
  "ride_precip_sum": 0.0,
  "ride_wind_speed": 2.9168736745884343,
  "ride_wind_dir": 213.87635955401126,
  "tent_precip_sum": 0.0,
  "tent_temp_mean": -1.975
}