{
  "ride_temp_mean": -1.9000000000000001,
  "ride_precip_sum": 0.0,
  "ride_wind_speed": 6.05051369136875,
  "ride_wind_dir": 200.91447476950998,
  "tent_precip_sum": 7.1000000000000005,
  "tent_temp_mean": -2.84
}