{
  "ride_temp_mean": -3.5,
  "ride_precip_sum": 0.0,
  "ride_wind_speed": 3.149718947813208,
  "ride_wind_dir": 195.27520623064626,
  "tent_precip_sum": 0.0,
  "tent_temp_mean": -7.725
}