{
  "ride_temp_mean": 9.25,
  "ride_precip_sum": 1.7,
  "ride_wind_speed": 25.343511312729277,
  "ride_wind_dir": 224.77616181996422,
  "tent_precip_sum": 8.9,
  "tent_temp_mean": 8.545
}