{
  "ride_temp_mean": 2.625,
  "ride_precip_sum": 0.0,
  "ride_wind_speed": 21.67059285770125,
  "ride_wind_dir": 219.42702073734546,
  "tent_precip_sum": 0.0,
  "tent_temp_mean": 2.815
}