{
  "ride_temp_mean": 0.025,
  "ride_precip_sum": 1.0,
  "ride_wind_speed": 5.5432717620749505,
  "ride_wind_dir": 315.46761757245923,
  "tent_precip_sum": 4.0,
  "tent_temp_mean": 0.05499999999999999
}