{
  "ride_temp_mean": 9.3,
  "ride_precip_sum": 0.0,
  "ride_wind_speed": 30.663703353272716,
  "ride_wind_dir": 236.62461012469157,
  "tent_precip_sum": 1.5,
  "tent_temp_mean": 8.0
}