{
  "ride_temp_mean": -6.525,
  "ride_precip_sum": 0.2,
  "ride_wind_speed": 3.0481752090922964,
  "ride_wind_dir": 304.27094571114145,
  "tent_precip_sum": 0.7000000000000001,
  "tent_temp_mean": -8.345
}