{
  "ride_temp_mean": -5.199999999999999,
  "ride_precip_sum": 1.2000000000000002,
  "ride_wind_speed": 6.019772448675443,
  "ride_wind_dir": 341.0953228803693,
  "tent_precip_sum": 25.6,
  "tent_temp_mean": -4.915
}