{
  "ride_temp_mean": 3.6,
  "ride_precip_sum": 0.0,
  "ride_wind_speed": 13.548327851356555,
  "ride_wind_dir": 226.4001070359293,
  "tent_precip_sum": 4.5,
  "tent_temp_mean": 2.32
}