{
  "ride_temp_mean": -0.12500000000000003,
  "ride_precip_sum": 0.0,
  "ride_wind_speed": 5.705886129536536,
  "ride_wind_dir": 144.97343415971915,
  "tent_precip_sum": 0.0,
  "tent_temp_mean": -8.015
}