<?xml version="1.0" encoding="UTF-8"?>
<gpx version="1.1" creator="OSRM realistic route generator" xmlns="http://www.topografix.com/GPX/1/1">
  <trk><name>Vienna to Berlin</name><trkseg>
    <trkpt lat="48.207818" lon="16.373724"></trkpt>
    <trkpt lat="48.207767" lon="16.373846"></trkpt>
    <trkpt lat="48.207762" lon="16.373859"></trkpt>
    <trkpt lat="48.207758" lon="16.373867"></trkpt>
    <trkpt lat="48.207743" lon="16.373874"></trkpt>
    <trkpt lat="48.207725" lon="16.373875"></trkpt>
    <trkpt lat="48.207694" lon="16.373868"></trkpt>
    <trkpt lat="48.207661" lon="16.373854"></trkpt>
    <trkpt lat="48.207591" lon="16.373815"></trkpt>
    <trkpt lat="48.207523" lon="16.373756"></trkpt>
    <trkpt lat="48.207518" lon="16.373752"></trkpt>
    <trkpt lat="48.207396" lon="16.373684"></trkpt>
    <trkpt lat="48.207357" lon="16.373649"></trkpt>
    <trkpt lat="48.207539" lon="16.373157"></trkpt>
    <trkpt lat="48.207589" lon="16.373010"></trkpt>
    <trkpt lat="48.207540" lon="16.372988"></trkpt>
    <trkpt lat="48.206983" lon="16.372751"></trkpt>
    <trkpt lat="48.206928" lon="16.372962"></trkpt>
    <trkpt lat="48.206855" lon="16.373277"></trkpt>
    <trkpt lat="48.206813" lon="16.373381"></trkpt>
    <trkpt lat="48.206718" lon="16.373611"></trkpt>
    <trkpt lat="48.206623" lon="16.373790"></trkpt>
    <trkpt lat="48.206495" lon="16.374010"></trkpt>
    <trkpt lat="48.206288" lon="16.374202"></trkpt>
    <trkpt lat="48.206269" lon="16.374213"></trkpt>
    <trkpt lat="48.205954" lon="16.374715"></trkpt>
    <trkpt lat="48.205885" lon="16.374932"></trkpt>
    <trkpt lat="48.205659" lon="16.375354"></trkpt>
    <trkpt lat="48.205577" lon="16.375437"></trkpt>
    <trkpt lat="48.205372" lon="16.375754"></trkpt>
    <trkpt lat="48.205204" lon="16.376052"></trkpt>
    <trkpt lat="48.205162" lon="16.376121"></trkpt>
    <trkpt lat="48.205123" lon="16.376203"></trkpt>
    <trkpt lat="48.204889" lon="16.376717"></trkpt>
    <trkpt lat="48.204839" lon="16.376828"></trkpt>
    <trkpt lat="48.204601" lon="16.377359"></trkpt>
    <trkpt lat="48.204582" lon="16.377401"></trkpt>
    <trkpt lat="48.204550" lon="16.377473"></trkpt>
    <trkpt lat="48.204526" lon="16.377528"></trkpt>
    <trkpt lat="48.204512" lon="16.377565"></trkpt>
    <trkpt lat="48.204485" lon="16.377635"></trkpt>
    <trkpt lat="48.204457" lon="16.377710"></trkpt>
    <trkpt lat="48.204403" lon="16.377660"></trkpt>
    <trkpt lat="48.203892" lon="16.377134"></trkpt>
    <trkpt lat="48.203444" lon="16.376666"></trkpt>
    <trkpt lat="48.203389" lon="16.376608"></trkpt>
    <trkpt lat="48.203326" lon="16.376547"></trkpt>
    <trkpt lat="48.203275" lon="16.376495"></trkpt>
    <trkpt lat="48.202808" lon="16.376019"></trkpt>
    <trkpt lat="48.202225" lon="16.375432"></trkpt>
    <trkpt lat="48.201920" lon="16.375109"></trkpt>
    <trkpt lat="48.201839" lon="16.375003"></trkpt>
    <trkpt lat="48.201784" lon="16.374853"></trkpt>
    <trkpt lat="48.201720" lon="16.374615"></trkpt>
    <trkpt lat="48.201708" lon="16.374570"></trkpt>
    <trkpt lat="48.201682" lon="16.374466"></trkpt>
    <trkpt lat="48.201658" lon="16.374367"></trkpt>
    <trkpt lat="48.201634" lon="16.374276"></trkpt>
    <trkpt lat="48.201625" lon="16.374240"></trkpt>
    <trkpt lat="48.201618" lon="16.374209"></trkpt>
    <trkpt lat="48.201603" lon="16.374152"></trkpt>
    <trkpt lat="48.201523" lon="16.374139"></trkpt>
    <trkpt lat="48.201490" lon="16.374141"></trkpt>
    <trkpt lat="48.201451" lon="16.374148"></trkpt>
    <trkpt lat="48.201435" lon="16.374150"></trkpt>
    <trkpt lat="48.201395" lon="16.374165"></trkpt>
    <trkpt lat="48.201351" lon="16.374183"></trkpt>
    <trkpt lat="48.201307" lon="16.374208"></trkpt>
    <trkpt lat="48.200605" lon="16.374608"></trkpt>
    <trkpt lat="48.200547" lon="16.374641"></trkpt>
    <trkpt lat="48.200367" lon="16.374745"></trkpt>
    <trkpt lat="48.200309" lon="16.374779"></trkpt>
    <trkpt lat="48.200236" lon="16.374819"></trkpt>
    <trkpt lat="48.200156" lon="16.374864"></trkpt>
    <trkpt lat="48.199961" lon="16.374973"></trkpt>
    <trkpt lat="48.199871" lon="16.375022"></trkpt>
    <trkpt lat="48.199392" lon="16.375300"></trkpt>
    <trkpt lat="48.199360" lon="16.375318"></trkpt>
    <trkpt lat="48.199348" lon="16.375338"></trkpt>
    <trkpt lat="48.199311" lon="16.375395"></trkpt>
    <trkpt lat="48.199279" lon="16.375459"></trkpt>
    <trkpt lat="48.199273" lon="16.375472"></trkpt>
    <trkpt lat="48.199242" lon="16.375543"></trkpt>
    <trkpt lat="48.199239" lon="16.375553"></trkpt>
    <trkpt lat="48.199214" lon="16.375638"></trkpt>
    <trkpt lat="48.199131" lon="16.375936"></trkpt>
    <trkpt lat="48.199098" lon="16.376061"></trkpt>
    <trkpt lat="48.199083" lon="16.376113"></trkpt>
    <trkpt lat="48.199048" lon="16.376216"></trkpt>
    <trkpt lat="48.199012" lon="16.376290"></trkpt>
    <trkpt lat="48.198967" lon="16.376365"></trkpt>
    <trkpt lat="48.198891" lon="16.376459"></trkpt>
    <trkpt lat="48.198804" lon="16.376560"></trkpt>
    <trkpt lat="48.198657" lon="16.376738"></trkpt>
    <trkpt lat="48.198630" lon="16.376772"></trkpt>
    <trkpt lat="48.198310" lon="16.377170"></trkpt>
    <trkpt lat="48.198292" lon="16.377197"></trkpt>
    <trkpt lat="48.198155" lon="16.377401"></trkpt>
    <trkpt lat="48.198106" lon="16.377486"></trkpt>
    <trkpt lat="48.198067" lon="16.377564"></trkpt>
    <trkpt lat="48.197996" lon="16.377750"></trkpt>
    <trkpt lat="48.197874" lon="16.378066"></trkpt>
    <trkpt lat="48.197733" lon="16.378467"></trkpt>
    <trkpt lat="48.197703" lon="16.378578"></trkpt>
    <trkpt lat="48.197697" lon="16.378620"></trkpt>
    <trkpt lat="48.197688" lon="16.378685"></trkpt>
    <trkpt lat="48.197539" lon="16.379085"></trkpt>
    <trkpt lat="48.197413" lon="16.379423"></trkpt>
    <trkpt lat="48.197292" lon="16.379753"></trkpt>
    <trkpt lat="48.197193" lon="16.380019"></trkpt>
    <trkpt lat="48.197077" lon="16.380324"></trkpt>
    <trkpt lat="48.196970" lon="16.380594"></trkpt>
    <trkpt lat="48.196827" lon="16.380901"></trkpt>
    <trkpt lat="48.196815" lon="16.380924"></trkpt>
    <trkpt lat="48.196779" lon="16.381000"></trkpt>
    <trkpt lat="48.196767" lon="16.381025"></trkpt>
    <trkpt lat="48.196762" lon="16.381035"></trkpt>
    <trkpt lat="48.196700" lon="16.381165"></trkpt>
    <trkpt lat="48.196655" lon="16.381258"></trkpt>
    <trkpt lat="48.196645" lon="16.381279"></trkpt>
    <trkpt lat="48.196633" lon="16.381304"></trkpt>
    <trkpt lat="48.196561" lon="16.381452"></trkpt>
    <trkpt lat="48.196423" lon="16.381738"></trkpt>
    <trkpt lat="48.196104" lon="16.382394"></trkpt>
    <trkpt lat="48.196053" lon="16.382505"></trkpt>
    <trkpt lat="48.195815" lon="16.383018"></trkpt>
    <trkpt lat="48.195575" lon="16.383588"></trkpt>
    <trkpt lat="48.195543" lon="16.383664"></trkpt>
    <trkpt lat="48.195408" lon="16.383999"></trkpt>
    <trkpt lat="48.195403" lon="16.384012"></trkpt>
    <trkpt lat="48.195399" lon="16.384022"></trkpt>
    <trkpt lat="48.195388" lon="16.384048"></trkpt>
    <trkpt lat="48.195347" lon="16.384150"></trkpt>
    <trkpt lat="48.195259" lon="16.384383"></trkpt>
    <trkpt lat="48.195238" lon="16.384436"></trkpt>
    <trkpt lat="48.195155" lon="16.384651"></trkpt>
    <trkpt lat="48.195030" lon="16.384979"></trkpt>
    <trkpt lat="48.195012" lon="16.385026"></trkpt>
    <trkpt lat="48.194886" lon="16.385384"></trkpt>
    <trkpt lat="48.194874" lon="16.385416"></trkpt>
    <trkpt lat="48.194857" lon="16.385464"></trkpt>
    <trkpt lat="48.194830" lon="16.385543"></trkpt>
    <trkpt lat="48.194686" lon="16.385730"></trkpt>
    <trkpt lat="48.194612" lon="16.385920"></trkpt>
    <trkpt lat="48.194522" lon="16.386174"></trkpt>
    <trkpt lat="48.194513" lon="16.386199"></trkpt>
    <trkpt lat="48.194496" lon="16.386252"></trkpt>
    <trkpt lat="48.194486" lon="16.386292"></trkpt>
    <trkpt lat="48.194466" lon="16.386396"></trkpt>
    <trkpt lat="48.194462" lon="16.386415"></trkpt>
    <trkpt lat="48.194459" lon="16.386434"></trkpt>
    <trkpt lat="48.194440" lon="16.386533"></trkpt>
    <trkpt lat="48.194434" lon="16.386585"></trkpt>
    <trkpt lat="48.194414" lon="16.386729"></trkpt>
    <trkpt lat="48.194398" lon="16.386832"></trkpt>
    <trkpt lat="48.194383" lon="16.386924"></trkpt>
    <trkpt lat="48.194368" lon="16.387033"></trkpt>
    <trkpt lat="48.194356" lon="16.387124"></trkpt>
    <trkpt lat="48.194347" lon="16.387371"></trkpt>
    <trkpt lat="48.194296" lon="16.387593"></trkpt>
    <trkpt lat="48.194226" lon="16.387881"></trkpt>
    <trkpt lat="48.194123" lon="16.388320"></trkpt>
    <trkpt lat="48.194064" lon="16.388573"></trkpt>
    <trkpt lat="48.193987" lon="16.388902"></trkpt>
    <trkpt lat="48.193773" lon="16.389809"></trkpt>
    <trkpt lat="48.193652" lon="16.390012"></trkpt>
    <trkpt lat="48.193602" lon="16.390217"></trkpt>
    <trkpt lat="48.193552" lon="16.390425"></trkpt>
    <trkpt lat="48.193557" lon="16.390488"></trkpt>
    <trkpt lat="48.193571" lon="16.390642"></trkpt>
    <trkpt lat="48.193558" lon="16.390634"></trkpt>
    <trkpt lat="48.193508" lon="16.390605"></trkpt>
    <trkpt lat="48.193452" lon="16.390574"></trkpt>
    <trkpt lat="48.193404" lon="16.390549"></trkpt>
    <trkpt lat="48.193344" lon="16.390518"></trkpt>
    <trkpt lat="48.193326" lon="16.390509"></trkpt>
    <trkpt lat="48.192997" lon="16.390337"></trkpt>
    <trkpt lat="48.192945" lon="16.390319"></trkpt>
    <trkpt lat="48.192893" lon="16.390301"></trkpt>
    <trkpt lat="48.192793" lon="16.390337"></trkpt>
    <trkpt lat="48.192458" lon="16.390750"></trkpt>
    <trkpt lat="48.192341" lon="16.390850"></trkpt>
    <trkpt lat="48.191796" lon="16.391263"></trkpt>
    <trkpt lat="48.191510" lon="16.391433"></trkpt>
    <trkpt lat="48.191211" lon="16.391572"></trkpt>
    <trkpt lat="48.191111" lon="16.391603"></trkpt>
    <trkpt lat="48.190889" lon="16.391673"></trkpt>
    <trkpt lat="48.190526" lon="16.391725"></trkpt>
    <trkpt lat="48.190276" lon="16.391737"></trkpt>
    <trkpt lat="48.189969" lon="16.391717"></trkpt>
    <trkpt lat="48.189872" lon="16.391698"></trkpt>
    <trkpt lat="48.189680" lon="16.391656"></trkpt>
    <trkpt lat="48.189438" lon="16.391587"></trkpt>
    <trkpt lat="48.189136" lon="16.391442"></trkpt>
    <trkpt lat="48.189086" lon="16.391419"></trkpt>
    <trkpt lat="48.188434" lon="16.391015"></trkpt>
    <trkpt lat="48.188377" lon="16.390983"></trkpt>
    <trkpt lat="48.188320" lon="16.390960"></trkpt>
    <trkpt lat="48.188310" lon="16.390957"></trkpt>
    <trkpt lat="48.188281" lon="16.390947"></trkpt>
    <trkpt lat="48.188250" lon="16.390939"></trkpt>
    <trkpt lat="48.188169" lon="16.390918"></trkpt>
    <trkpt lat="48.188050" lon="16.390901"></trkpt>
    <trkpt lat="48.188035" lon="16.391106"></trkpt>
    <trkpt lat="48.188014" lon="16.391334"></trkpt>
    <trkpt lat="48.187981" lon="16.391585"></trkpt>
    <trkpt lat="48.187917" lon="16.391992"></trkpt>
    <trkpt lat="48.187847" lon="16.392330"></trkpt>
    <trkpt lat="48.187757" lon="16.392683"></trkpt>
    <trkpt lat="48.187695" lon="16.392895"></trkpt>
    <trkpt lat="48.187655" lon="16.393030"></trkpt>
    <trkpt lat="48.187518" lon="16.393378"></trkpt>
    <trkpt lat="48.187496" lon="16.393433"></trkpt>
    <trkpt lat="48.187442" lon="16.393570"></trkpt>
    <trkpt lat="48.187322" lon="16.393941"></trkpt>
    <trkpt lat="48.187246" lon="16.394124"></trkpt>
    <trkpt lat="48.187177" lon="16.394270"></trkpt>
    <trkpt lat="48.187123" lon="16.394375"></trkpt>
    <trkpt lat="48.187066" lon="16.394488"></trkpt>
    <trkpt lat="48.186965" lon="16.394669"></trkpt>
    <trkpt lat="48.186855" lon="16.394855"></trkpt>
    <trkpt lat="48.186735" lon="16.395036"></trkpt>
    <trkpt lat="48.186549" lon="16.395294"></trkpt>
    <trkpt lat="48.186139" lon="16.395812"></trkpt>
    <trkpt lat="48.185945" lon="16.396046"></trkpt>
    <trkpt lat="48.185585" lon="16.396408"></trkpt>
    <trkpt lat="48.184920" lon="16.396915"></trkpt>
    <trkpt lat="48.184832" lon="16.396985"></trkpt>
    <trkpt lat="48.184721" lon="16.397088"></trkpt>
    <trkpt lat="48.184597" lon="16.397231"></trkpt>
    <trkpt lat="48.184371" lon="16.397520"></trkpt>
    <trkpt lat="48.184107" lon="16.397838"></trkpt>
    <trkpt lat="48.183952" lon="16.398020"></trkpt>
    <trkpt lat="48.183788" lon="16.398189"></trkpt>
    <trkpt lat="48.183625" lon="16.398321"></trkpt>
    <trkpt lat="48.183390" lon="16.398496"></trkpt>
    <trkpt lat="48.183054" lon="16.398718"></trkpt>
    <trkpt lat="48.182834" lon="16.398861"></trkpt>
    <trkpt lat="48.182681" lon="16.398963"></trkpt>
    <trkpt lat="48.182560" lon="16.399044"></trkpt>
    <trkpt lat="48.182136" lon="16.399335"></trkpt>
    <trkpt lat="48.181639" lon="16.399691"></trkpt>
    <trkpt lat="48.181336" lon="16.399972"></trkpt>
    <trkpt lat="48.181209" lon="16.400117"></trkpt>
    <trkpt lat="48.181050" lon="16.400308"></trkpt>
    <trkpt lat="48.180986" lon="16.400407"></trkpt>
    <trkpt lat="48.180830" lon="16.400589"></trkpt>
    <trkpt lat="48.180747" lon="16.400737"></trkpt>
    <trkpt lat="48.180678" lon="16.400883"></trkpt>
    <trkpt lat="48.180601" lon="16.401063"></trkpt>
    <trkpt lat="48.180542" lon="16.401239"></trkpt>
    <trkpt lat="48.180499" lon="16.401402"></trkpt>
    <trkpt lat="48.180460" lon="16.401578"></trkpt>
    <trkpt lat="48.180438" lon="16.401731"></trkpt>
    <trkpt lat="48.180421" lon="16.401901"></trkpt>
    <trkpt lat="48.180415" lon="16.402063"></trkpt>
    <trkpt lat="48.180418" lon="16.402234"></trkpt>
    <trkpt lat="48.180430" lon="16.402394"></trkpt>
    <trkpt lat="48.180454" lon="16.402583"></trkpt>
    <trkpt lat="48.180498" lon="16.402786"></trkpt>
    <trkpt lat="48.180551" lon="16.402966"></trkpt>
    <trkpt lat="48.180612" lon="16.403132"></trkpt>
    <trkpt lat="48.180687" lon="16.403296"></trkpt>
    <trkpt lat="48.180777" lon="16.403449"></trkpt>
    <trkpt lat="48.180870" lon="16.403578"></trkpt>
    <trkpt lat="48.180967" lon="16.403697"></trkpt>
    <trkpt lat="48.181083" lon="16.403805"></trkpt>
    <trkpt lat="48.181210" lon="16.403908"></trkpt>
    <trkpt lat="48.181336" lon="16.403985"></trkpt>
    <trkpt lat="48.181449" lon="16.404044"></trkpt>
    <trkpt lat="48.181559" lon="16.404093"></trkpt>
    <trkpt lat="48.181687" lon="16.404138"></trkpt>
    <trkpt lat="48.181831" lon="16.404174"></trkpt>
    <trkpt lat="48.181969" lon="16.404196"></trkpt>
    <trkpt lat="48.182124" lon="16.404207"></trkpt>
    <trkpt lat="48.182408" lon="16.404210"></trkpt>
    <trkpt lat="48.182753" lon="16.404166"></trkpt>
    <trkpt lat="48.182931" lon="16.404229"></trkpt>
    <trkpt lat="48.183197" lon="16.404322"></trkpt>
    <trkpt lat="48.183457" lon="16.404434"></trkpt>
    <trkpt lat="48.183827" lon="16.404609"></trkpt>
    <trkpt lat="48.184196" lon="16.404804"></trkpt>
    <trkpt lat="48.184425" lon="16.404936"></trkpt>
    <trkpt lat="48.184649" lon="16.405078"></trkpt>
    <trkpt lat="48.184836" lon="16.405206"></trkpt>
    <trkpt lat="48.184956" lon="16.405289"></trkpt>
    <trkpt lat="48.185097" lon="16.405400"></trkpt>
    <trkpt lat="48.185282" lon="16.405549"></trkpt>
    <trkpt lat="48.185464" lon="16.405727"></trkpt>
    <trkpt lat="48.185638" lon="16.405909"></trkpt>
    <trkpt lat="48.185765" lon="16.406055"></trkpt>
    <trkpt lat="48.185943" lon="16.406269"></trkpt>
    <trkpt lat="48.186131" lon="16.406521"></trkpt>
    <trkpt lat="48.186250" lon="16.406679"></trkpt>
    <trkpt lat="48.186445" lon="16.406959"></trkpt>
    <trkpt lat="48.187069" lon="16.407869"></trkpt>
    <trkpt lat="48.187644" lon="16.408707"></trkpt>
    <trkpt lat="48.188351" lon="16.409738"></trkpt>
    <trkpt lat="48.188944" lon="16.410602"></trkpt>
    <trkpt lat="48.189561" lon="16.411507"></trkpt>
    <trkpt lat="48.190486" lon="16.412859"></trkpt>
    <trkpt lat="48.190513" lon="16.412900"></trkpt>
    <trkpt lat="48.190788" lon="16.413274"></trkpt>
    <trkpt lat="48.191745" lon="16.414696"></trkpt>
    <trkpt lat="48.192474" lon="16.415777"></trkpt>
    <trkpt lat="48.192656" lon="16.416043"></trkpt>
    <trkpt lat="48.193384" lon="16.417104"></trkpt>
    <trkpt lat="48.193852" lon="16.417777"></trkpt>
    <trkpt lat="48.194314" lon="16.418451"></trkpt>
    <trkpt lat="48.195191" lon="16.419699"></trkpt>
    <trkpt lat="48.195385" lon="16.419979"></trkpt>
    <trkpt lat="48.195762" lon="16.420516"></trkpt>
    <trkpt lat="48.196123" lon="16.421031"></trkpt>
    <trkpt lat="48.196287" lon="16.421266"></trkpt>
    <trkpt lat="48.200131" lon="16.426878"></trkpt>
    <trkpt lat="48.200719" lon="16.427734"></trkpt>
    <trkpt lat="48.200852" lon="16.427927"></trkpt>
    <trkpt lat="48.201309" lon="16.428602"></trkpt>
    <trkpt lat="48.202219" lon="16.429976"></trkpt>
    <trkpt lat="48.202618" lon="16.430574"></trkpt>
    <trkpt lat="48.203060" lon="16.431222"></trkpt>
    <trkpt lat="48.203540" lon="16.431922"></trkpt>
    <trkpt lat="48.204205" lon="16.432890"></trkpt>
    <trkpt lat="48.204813" lon="16.433780"></trkpt>
    <trkpt lat="48.205229" lon="16.434385"></trkpt>
    <trkpt lat="48.207299" lon="16.437406"></trkpt>
    <trkpt lat="48.208538" lon="16.439220"></trkpt>
    <trkpt lat="48.208875" lon="16.439713"></trkpt>
    <trkpt lat="48.209203" lon="16.440190"></trkpt>
    <trkpt lat="48.209381" lon="16.440451"></trkpt>
    <trkpt lat="48.209573" lon="16.440732"></trkpt>
    <trkpt lat="48.210115" lon="16.441526"></trkpt>
    <trkpt lat="48.210320" lon="16.441825"></trkpt>
    <trkpt lat="48.210549" lon="16.442159"></trkpt>
    <trkpt lat="48.210792" lon="16.442514"></trkpt>
    <trkpt lat="48.211546" lon="16.443655"></trkpt>
    <trkpt lat="48.212090" lon="16.444450"></trkpt>
    <trkpt lat="48.212446" lon="16.444972"></trkpt>
    <trkpt lat="48.212553" lon="16.445066"></trkpt>
    <trkpt lat="48.213035" lon="16.445735"></trkpt>
    <trkpt lat="48.213330" lon="16.446073"></trkpt>
    <trkpt lat="48.213614" lon="16.446364"></trkpt>
    <trkpt lat="48.213851" lon="16.446568"></trkpt>
    <trkpt lat="48.214084" lon="16.446733"></trkpt>
    <trkpt lat="48.214384" lon="16.446905"></trkpt>
    <trkpt lat="48.214608" lon="16.447008"></trkpt>
    <trkpt lat="48.214834" lon="16.447082"></trkpt>
    <trkpt lat="48.215121" lon="16.447148"></trkpt>
    <trkpt lat="48.215384" lon="16.447183"></trkpt>
    <trkpt lat="48.215604" lon="16.447187"></trkpt>
    <trkpt lat="48.215935" lon="16.447175"></trkpt>
    <trkpt lat="48.216210" lon="16.447149"></trkpt>
    <trkpt lat="48.216652" lon="16.447127"></trkpt>
    <trkpt lat="48.216982" lon="16.447119"></trkpt>
    <trkpt lat="48.217308" lon="16.447120"></trkpt>
    <trkpt lat="48.217917" lon="16.447129"></trkpt>
    <trkpt lat="48.219968" lon="16.447160"></trkpt>
    <trkpt lat="48.220272" lon="16.447182"></trkpt>
    <trkpt lat="48.220463" lon="16.447213"></trkpt>
    <trkpt lat="48.220636" lon="16.447255"></trkpt>
    <trkpt lat="48.220795" lon="16.447305"></trkpt>
    <trkpt lat="48.220939" lon="16.447360"></trkpt>
    <trkpt lat="48.221181" lon="16.447471"></trkpt>
    <trkpt lat="48.221737" lon="16.447763"></trkpt>
    <trkpt lat="48.222198" lon="16.447988"></trkpt>
    <trkpt lat="48.222789" lon="16.448274"></trkpt>
    <trkpt lat="48.223041" lon="16.448388"></trkpt>
    <trkpt lat="48.223307" lon="16.448503"></trkpt>
    <trkpt lat="48.223766" lon="16.448694"></trkpt>
    <trkpt lat="48.224308" lon="16.448942"></trkpt>
    <trkpt lat="48.224523" lon="16.449057"></trkpt>
    <trkpt lat="48.224770" lon="16.449218"></trkpt>
    <trkpt lat="48.225087" lon="16.449464"></trkpt>
    <trkpt lat="48.225368" lon="16.449727"></trkpt>
    <trkpt lat="48.225625" lon="16.450023"></trkpt>
    <trkpt lat="48.226140" lon="16.450628"></trkpt>
    <trkpt lat="48.226360" lon="16.450879"></trkpt>
    <trkpt lat="48.226654" lon="16.451156"></trkpt>
    <trkpt lat="48.227079" lon="16.451471"></trkpt>
    <trkpt lat="48.227413" lon="16.451680"></trkpt>
    <trkpt lat="48.227857" lon="16.451900"></trkpt>
    <trkpt lat="48.229430" lon="16.452612"></trkpt>
    <trkpt lat="48.230603" lon="16.453111"></trkpt>
    <trkpt lat="48.231881" lon="16.453621"></trkpt>
    <trkpt lat="48.232067" lon="16.453702"></trkpt>
    <trkpt lat="48.232427" lon="16.453872"></trkpt>
    <trkpt lat="48.232755" lon="16.454066"></trkpt>
    <trkpt lat="48.233195" lon="16.454356"></trkpt>
    <trkpt lat="48.233480" lon="16.454564"></trkpt>
    <trkpt lat="48.233671" lon="16.454722"></trkpt>
    <trkpt lat="48.234019" lon="16.455035"></trkpt>
    <trkpt lat="48.234328" lon="16.455343"></trkpt>
    <trkpt lat="48.234737" lon="16.455799"></trkpt>
    <trkpt lat="48.235429" lon="16.456665"></trkpt>
    <trkpt lat="48.235668" lon="16.456960"></trkpt>
    <trkpt lat="48.235885" lon="16.457199"></trkpt>
    <trkpt lat="48.236092" lon="16.457399"></trkpt>
    <trkpt lat="48.236335" lon="16.457601"></trkpt>
    <trkpt lat="48.236649" lon="16.457821"></trkpt>
    <trkpt lat="48.237649" lon="16.458441"></trkpt>
    <trkpt lat="48.239209" lon="16.459403"></trkpt>
    <trkpt lat="48.239404" lon="16.459522"></trkpt>
    <trkpt lat="48.240472" lon="16.460182"></trkpt>
    <trkpt lat="48.240652" lon="16.460297"></trkpt>
    <trkpt lat="48.241162" lon="16.460641"></trkpt>
    <trkpt lat="48.241339" lon="16.460769"></trkpt>
    <trkpt lat="48.241743" lon="16.461078"></trkpt>
    <trkpt lat="48.242162" lon="16.461426"></trkpt>
    <trkpt lat="48.242628" lon="16.461828"></trkpt>
    <trkpt lat="48.243169" lon="16.462335"></trkpt>
    <trkpt lat="48.243421" lon="16.462600"></trkpt>
    <trkpt lat="48.243833" lon="16.463039"></trkpt>
    <trkpt lat="48.244202" lon="16.463465"></trkpt>
    <trkpt lat="48.244496" lon="16.463808"></trkpt>
    <trkpt lat="48.244967" lon="16.464404"></trkpt>
    <trkpt lat="48.245574" lon="16.465141"></trkpt>
    <trkpt lat="48.245757" lon="16.465372"></trkpt>
    <trkpt lat="48.246612" lon="16.466427"></trkpt>
    <trkpt lat="48.246861" lon="16.466731"></trkpt>
    <trkpt lat="48.247093" lon="16.467016"></trkpt>
    <trkpt lat="48.247293" lon="16.467264"></trkpt>
    <trkpt lat="48.247526" lon="16.467548"></trkpt>
    <trkpt lat="48.247983" lon="16.468099"></trkpt>
    <trkpt lat="48.248303" lon="16.468464"></trkpt>
    <trkpt lat="48.248728" lon="16.468926"></trkpt>
    <trkpt lat="48.249044" lon="16.469250"></trkpt>
    <trkpt lat="48.249369" lon="16.469572"></trkpt>
    <trkpt lat="48.249625" lon="16.469818"></trkpt>
    <trkpt lat="48.249980" lon="16.470139"></trkpt>
    <trkpt lat="48.250600" lon="16.470668"></trkpt>
    <trkpt lat="48.251515" lon="16.471446"></trkpt>
    <trkpt lat="48.251880" lon="16.471755"></trkpt>
    <trkpt lat="48.252508" lon="16.472287"></trkpt>
    <trkpt lat="48.252842" lon="16.472554"></trkpt>
    <trkpt lat="48.253117" lon="16.472761"></trkpt>
    <trkpt lat="48.253511" lon="16.473039"></trkpt>
    <trkpt lat="48.253884" lon="16.473284"></trkpt>
    <trkpt lat="48.254643" lon="16.473756"></trkpt>
    <trkpt lat="48.255403" lon="16.474171"></trkpt>
    <trkpt lat="48.256133" lon="16.474548"></trkpt>
    <trkpt lat="48.256688" lon="16.474797"></trkpt>
    <trkpt lat="48.257217" lon="16.475011"></trkpt>
    <trkpt lat="48.257454" lon="16.475098"></trkpt>
    <trkpt lat="48.257669" lon="16.475173"></trkpt>
    <trkpt lat="48.257865" lon="16.475236"></trkpt>
    <trkpt lat="48.258059" lon="16.475298"></trkpt>
    <trkpt lat="48.258313" lon="16.475372"></trkpt>
    <trkpt lat="48.258544" lon="16.475435"></trkpt>
    <trkpt lat="48.258750" lon="16.475483"></trkpt>
    <trkpt lat="48.258984" lon="16.475534"></trkpt>
    <trkpt lat="48.259381" lon="16.475620"></trkpt>
    <trkpt lat="48.259796" lon="16.475697"></trkpt>
    <trkpt lat="48.260077" lon="16.475728"></trkpt>
    <trkpt lat="48.260256" lon="16.475738"></trkpt>
    <trkpt lat="48.260440" lon="16.475736"></trkpt>
    <trkpt lat="48.260643" lon="16.475714"></trkpt>
    <trkpt lat="48.260829" lon="16.475676"></trkpt>
    <trkpt lat="48.261038" lon="16.475620"></trkpt>
    <trkpt lat="48.261228" lon="16.475562"></trkpt>
    <trkpt lat="48.261808" lon="16.475394"></trkpt>
    <trkpt lat="48.262140" lon="16.475319"></trkpt>
    <trkpt lat="48.262362" lon="16.475296"></trkpt>
    <trkpt lat="48.262540" lon="16.475296"></trkpt>
    <trkpt lat="48.262727" lon="16.475313"></trkpt>
    <trkpt lat="48.262925" lon="16.475359"></trkpt>
    <trkpt lat="48.263100" lon="16.475413"></trkpt>
    <trkpt lat="48.263291" lon="16.475494"></trkpt>
    <trkpt lat="48.263476" lon="16.475579"></trkpt>
    <trkpt lat="48.264472" lon="16.476089"></trkpt>
    <trkpt lat="48.264892" lon="16.476311"></trkpt>
    <trkpt lat="48.265637" lon="16.476685"></trkpt>
    <trkpt lat="48.265684" lon="16.476704"></trkpt>
    <trkpt lat="48.265831" lon="16.476786"></trkpt>
    <trkpt lat="48.266064" lon="16.476930"></trkpt>
    <trkpt lat="48.266280" lon="16.477091"></trkpt>
    <trkpt lat="48.266465" lon="16.477254"></trkpt>
    <trkpt lat="48.266645" lon="16.477434"></trkpt>
    <trkpt lat="48.266766" lon="16.477572"></trkpt>
    <trkpt lat="48.266869" lon="16.477696"></trkpt>
    <trkpt lat="48.267000" lon="16.477869"></trkpt>
    <trkpt lat="48.267198" lon="16.478166"></trkpt>
    <trkpt lat="48.267344" lon="16.478433"></trkpt>
    <trkpt lat="48.267482" lon="16.478695"></trkpt>
    <trkpt lat="48.267608" lon="16.478981"></trkpt>
    <trkpt lat="48.267710" lon="16.479247"></trkpt>
    <trkpt lat="48.267795" lon="16.479499"></trkpt>
    <trkpt lat="48.267874" lon="16.479770"></trkpt>
    <trkpt lat="48.267933" lon="16.480006"></trkpt>
    <trkpt lat="48.268034" lon="16.480481"></trkpt>
    <trkpt lat="48.268122" lon="16.481006"></trkpt>
    <trkpt lat="48.268207" lon="16.481569"></trkpt>
    <trkpt lat="48.268275" lon="16.482114"></trkpt>
    <trkpt lat="48.268333" lon="16.482733"></trkpt>
    <trkpt lat="48.268365" lon="16.483319"></trkpt>
    <trkpt lat="48.268382" lon="16.484167"></trkpt>
    <trkpt lat="48.268372" lon="16.484926"></trkpt>
    <trkpt lat="48.268329" lon="16.485640"></trkpt>
    <trkpt lat="48.268265" lon="16.486351"></trkpt>
    <trkpt lat="48.268186" lon="16.487033"></trkpt>
    <trkpt lat="48.268056" lon="16.487807"></trkpt>
    <trkpt lat="48.267898" lon="16.488566"></trkpt>
    <trkpt lat="48.267528" lon="16.489957"></trkpt>
    <trkpt lat="48.267195" lon="16.491262"></trkpt>
    <trkpt lat="48.267099" lon="16.491784"></trkpt>
    <trkpt lat="48.267008" lon="16.492314"></trkpt>
    <trkpt lat="48.266926" lon="16.492886"></trkpt>
    <trkpt lat="48.266850" lon="16.493575"></trkpt>
    <trkpt lat="48.266800" lon="16.494257"></trkpt>
    <trkpt lat="48.266774" lon="16.494956"></trkpt>
    <trkpt lat="48.266769" lon="16.495479"></trkpt>
    <trkpt lat="48.266781" lon="16.496047"></trkpt>
    <trkpt lat="48.266807" lon="16.496668"></trkpt>
    <trkpt lat="48.266858" lon="16.497288"></trkpt>
    <trkpt lat="48.266917" lon="16.497849"></trkpt>
    <trkpt lat="48.267024" lon="16.498568"></trkpt>
    <trkpt lat="48.267167" lon="16.499340"></trkpt>
    <trkpt lat="48.267348" lon="16.500130"></trkpt>
    <trkpt lat="48.267540" lon="16.500847"></trkpt>
    <trkpt lat="48.267669" lon="16.501251"></trkpt>
    <trkpt lat="48.267815" lon="16.501694"></trkpt>
    <trkpt lat="48.267955" lon="16.502083"></trkpt>
    <trkpt lat="48.268106" lon="16.502475"></trkpt>
    <trkpt lat="48.268296" lon="16.502927"></trkpt>
    <trkpt lat="48.268501" lon="16.503363"></trkpt>
    <trkpt lat="48.268720" lon="16.503802"></trkpt>
    <trkpt lat="48.268960" lon="16.504246"></trkpt>
    <trkpt lat="48.269152" lon="16.504555"></trkpt>
    <trkpt lat="48.269367" lon="16.504859"></trkpt>
    <trkpt lat="48.269588" lon="16.505157"></trkpt>
    <trkpt lat="48.269813" lon="16.505433"></trkpt>
    <trkpt lat="48.270045" lon="16.505682"></trkpt>
    <trkpt lat="48.270309" lon="16.505924"></trkpt>
    <trkpt lat="48.270553" lon="16.506131"></trkpt>
    <trkpt lat="48.270831" lon="16.506329"></trkpt>
    <trkpt lat="48.271061" lon="16.506487"></trkpt>
    <trkpt lat="48.271361" lon="16.506655"></trkpt>
    <trkpt lat="48.271690" lon="16.506798"></trkpt>
    <trkpt lat="48.272036" lon="16.506925"></trkpt>
    <trkpt lat="48.272394" lon="16.507038"></trkpt>
    <trkpt lat="48.273124" lon="16.507273"></trkpt>
    <trkpt lat="48.274472" lon="16.507729"></trkpt>
    <trkpt lat="48.275027" lon="16.507937"></trkpt>
    <trkpt lat="48.275422" lon="16.508092"></trkpt>
    <trkpt lat="48.275739" lon="16.508222"></trkpt>
    <trkpt lat="48.276218" lon="16.508448"></trkpt>
    <trkpt lat="48.276650" lon="16.508684"></trkpt>
    <trkpt lat="48.277163" lon="16.508972"></trkpt>
    <trkpt lat="48.277396" lon="16.509103"></trkpt>
    <trkpt lat="48.278166" lon="16.509577"></trkpt>
    <trkpt lat="48.279528" lon="16.510434"></trkpt>
    <trkpt lat="48.280593" lon="16.511109"></trkpt>
    <trkpt lat="48.281197" lon="16.511484"></trkpt>
    <trkpt lat="48.281871" lon="16.511916"></trkpt>
    <trkpt lat="48.282818" lon="16.512514"></trkpt>
    <trkpt lat="48.283474" lon="16.512916"></trkpt>
    <trkpt lat="48.284376" lon="16.513495"></trkpt>
    <trkpt lat="48.284701" lon="16.513660"></trkpt>
    <trkpt lat="48.285004" lon="16.513809"></trkpt>
    <trkpt lat="48.285252" lon="16.513923"></trkpt>
    <trkpt lat="48.285597" lon="16.514067"></trkpt>
    <trkpt lat="48.285858" lon="16.514157"></trkpt>
    <trkpt lat="48.286336" lon="16.514315"></trkpt>
    <trkpt lat="48.286760" lon="16.514416"></trkpt>
    <trkpt lat="48.287238" lon="16.514504"></trkpt>
    <trkpt lat="48.287647" lon="16.514549"></trkpt>
    <trkpt lat="48.288046" lon="16.514574"></trkpt>
    <trkpt lat="48.288458" lon="16.514575"></trkpt>
    <trkpt lat="48.288910" lon="16.514552"></trkpt>
    <trkpt lat="48.289380" lon="16.514500"></trkpt>
    <trkpt lat="48.289836" lon="16.514415"></trkpt>
    <trkpt lat="48.290197" lon="16.514329"></trkpt>
    <trkpt lat="48.290539" lon="16.514230"></trkpt>
    <trkpt lat="48.290961" lon="16.514079"></trkpt>
    <trkpt lat="48.291375" lon="16.513902"></trkpt>
    <trkpt lat="48.291703" lon="16.513742"></trkpt>
    <trkpt lat="48.291962" lon="16.513608"></trkpt>
    <trkpt lat="48.292327" lon="16.513402"></trkpt>
    <trkpt lat="48.292757" lon="16.513129"></trkpt>
    <trkpt lat="48.293171" lon="16.512843"></trkpt>
    <trkpt lat="48.293967" lon="16.512291"></trkpt>
    <trkpt lat="48.296036" lon="16.510833"></trkpt>
    <trkpt lat="48.296672" lon="16.510416"></trkpt>
    <trkpt lat="48.297324" lon="16.510048"></trkpt>
    <trkpt lat="48.297651" lon="16.509884"></trkpt>
    <trkpt lat="48.298109" lon="16.509695"></trkpt>
    <trkpt lat="48.298586" lon="16.509530"></trkpt>
    <trkpt lat="48.299033" lon="16.509411"></trkpt>
    <trkpt lat="48.299480" lon="16.509315"></trkpt>
    <trkpt lat="48.299823" lon="16.509265"></trkpt>
    <trkpt lat="48.300260" lon="16.509227"></trkpt>
    <trkpt lat="48.300699" lon="16.509208"></trkpt>
    <trkpt lat="48.301228" lon="16.509233"></trkpt>
    <trkpt lat="48.301756" lon="16.509289"></trkpt>
    <trkpt lat="48.302308" lon="16.509393"></trkpt>
    <trkpt lat="48.302766" lon="16.509511"></trkpt>
    <trkpt lat="48.303132" lon="16.509633"></trkpt>
    <trkpt lat="48.303849" lon="16.509909"></trkpt>
    <trkpt lat="48.304875" lon="16.510413"></trkpt>
    <trkpt lat="48.305625" lon="16.510777"></trkpt>
    <trkpt lat="48.306173" lon="16.511047"></trkpt>
    <trkpt lat="48.307017" lon="16.511449"></trkpt>
    <trkpt lat="48.307838" lon="16.511852"></trkpt>
    <trkpt lat="48.308242" lon="16.512051"></trkpt>
    <trkpt lat="48.309940" lon="16.512880"></trkpt>
    <trkpt lat="48.311819" lon="16.513812"></trkpt>
    <trkpt lat="48.312203" lon="16.514003"></trkpt>
    <trkpt lat="48.313954" lon="16.514855"></trkpt>
    <trkpt lat="48.314647" lon="16.515146"></trkpt>
    <trkpt lat="48.315287" lon="16.515366"></trkpt>
    <trkpt lat="48.315871" lon="16.515516"></trkpt>
    <trkpt lat="48.316499" lon="16.515639"></trkpt>
    <trkpt lat="48.317046" lon="16.515712"></trkpt>
    <trkpt lat="48.317716" lon="16.515760"></trkpt>
    <trkpt lat="48.318232" lon="16.515758"></trkpt>
    <trkpt lat="48.318980" lon="16.515709"></trkpt>
    <trkpt lat="48.319883" lon="16.515601"></trkpt>
    <trkpt lat="48.320584" lon="16.515537"></trkpt>
    <trkpt lat="48.321243" lon="16.515492"></trkpt>
    <trkpt lat="48.321986" lon="16.515471"></trkpt>
    <trkpt lat="48.322899" lon="16.515484"></trkpt>
    <trkpt lat="48.323901" lon="16.515565"></trkpt>
    <trkpt lat="48.324684" lon="16.515653"></trkpt>
    <trkpt lat="48.325875" lon="16.515857"></trkpt>
    <trkpt lat="48.326466" lon="16.515972"></trkpt>
    <trkpt lat="48.326725" lon="16.516016"></trkpt>
    <trkpt lat="48.327158" lon="16.516066"></trkpt>
    <trkpt lat="48.327580" lon="16.516094"></trkpt>
    <trkpt lat="48.328175" lon="16.516091"></trkpt>
    <trkpt lat="48.328599" lon="16.516056"></trkpt>
    <trkpt lat="48.328900" lon="16.516011"></trkpt>
    <trkpt lat="48.329460" lon="16.515891"></trkpt>
    <trkpt lat="48.329689" lon="16.515851"></trkpt>
    <trkpt lat="48.329962" lon="16.515777"></trkpt>
    <trkpt lat="48.330379" lon="16.515625"></trkpt>
    <trkpt lat="48.330793" lon="16.515452"></trkpt>
    <trkpt lat="48.331295" lon="16.515221"></trkpt>
    <trkpt lat="48.331607" lon="16.515056"></trkpt>
    <trkpt lat="48.331952" lon="16.514846"></trkpt>
    <trkpt lat="48.332522" lon="16.514468"></trkpt>
    <trkpt lat="48.333031" lon="16.514056"></trkpt>
    <trkpt lat="48.333630" lon="16.513533"></trkpt>
    <trkpt lat="48.334081" lon="16.513094"></trkpt>
    <trkpt lat="48.334449" lon="16.512676"></trkpt>
    <trkpt lat="48.334981" lon="16.512008"></trkpt>
    <trkpt lat="48.335518" lon="16.511241"></trkpt>
    <trkpt lat="48.339095" lon="16.505480"></trkpt>
    <trkpt lat="48.339265" lon="16.505210"></trkpt>
    <trkpt lat="48.341169" lon="16.502082"></trkpt>
    <trkpt lat="48.341742" lon="16.501166"></trkpt>
    <trkpt lat="48.342192" lon="16.500429"></trkpt>
    <trkpt lat="48.343710" lon="16.497978"></trkpt>
    <trkpt lat="48.344126" lon="16.497316"></trkpt>
    <trkpt lat="48.344638" lon="16.496497"></trkpt>
    <trkpt lat="48.345494" lon="16.495120"></trkpt>
    <trkpt lat="48.345770" lon="16.494649"></trkpt>
    <trkpt lat="48.346009" lon="16.494205"></trkpt>
    <trkpt lat="48.346307" lon="16.493586"></trkpt>
    <trkpt lat="48.346507" lon="16.493115"></trkpt>
    <trkpt lat="48.346792" lon="16.492367"></trkpt>
    <trkpt lat="48.347098" lon="16.491418"></trkpt>
    <trkpt lat="48.347288" lon="16.490696"></trkpt>
    <trkpt lat="48.347390" lon="16.490225"></trkpt>
    <trkpt lat="48.347511" lon="16.489623"></trkpt>
    <trkpt lat="48.347619" lon="16.489018"></trkpt>
    <trkpt lat="48.347812" lon="16.488252"></trkpt>
    <trkpt lat="48.347866" lon="16.488001"></trkpt>
    <trkpt lat="48.347962" lon="16.487519"></trkpt>
    <trkpt lat="48.348043" lon="16.487114"></trkpt>
    <trkpt lat="48.348131" lon="16.486686"></trkpt>
    <trkpt lat="48.348214" lon="16.486329"></trkpt>
    <trkpt lat="48.348280" lon="16.486084"></trkpt>
    <trkpt lat="48.348326" lon="16.485930"></trkpt>
    <trkpt lat="48.348365" lon="16.485800"></trkpt>
    <trkpt lat="48.348456" lon="16.485546"></trkpt>
    <trkpt lat="48.348540" lon="16.485340"></trkpt>
    <trkpt lat="48.348633" lon="16.485123"></trkpt>
    <trkpt lat="48.348707" lon="16.484972"></trkpt>
    <trkpt lat="48.348821" lon="16.484751"></trkpt>
    <trkpt lat="48.348958" lon="16.484520"></trkpt>
    <trkpt lat="48.349059" lon="16.484363"></trkpt>
    <trkpt lat="48.349175" lon="16.484197"></trkpt>
    <trkpt lat="48.349356" lon="16.483965"></trkpt>
    <trkpt lat="48.349481" lon="16.483824"></trkpt>
    <trkpt lat="48.349641" lon="16.483662"></trkpt>
    <trkpt lat="48.349755" lon="16.483554"></trkpt>
    <trkpt lat="48.349833" lon="16.483485"></trkpt>
    <trkpt lat="48.350000" lon="16.483356"></trkpt>
    <trkpt lat="48.350138" lon="16.483256"></trkpt>
    <trkpt lat="48.350252" lon="16.483184"></trkpt>
    <trkpt lat="48.350365" lon="16.483120"></trkpt>
    <trkpt lat="48.350485" lon="16.483056"></trkpt>
    <trkpt lat="48.350619" lon="16.482994"></trkpt>
    <trkpt lat="48.350781" lon="16.482931"></trkpt>
    <trkpt lat="48.350956" lon="16.482875"></trkpt>
    <trkpt lat="48.351127" lon="16.482835"></trkpt>
    <trkpt lat="48.351297" lon="16.482806"></trkpt>
    <trkpt lat="48.351458" lon="16.482790"></trkpt>
    <trkpt lat="48.351604" lon="16.482785"></trkpt>
    <trkpt lat="48.351735" lon="16.482789"></trkpt>
    <trkpt lat="48.351870" lon="16.482800"></trkpt>
    <trkpt lat="48.352002" lon="16.482818"></trkpt>
    <trkpt lat="48.352102" lon="16.482836"></trkpt>
    <trkpt lat="48.352252" lon="16.482871"></trkpt>
    <trkpt lat="48.352723" lon="16.482956"></trkpt>
    <trkpt lat="48.353450" lon="16.483157"></trkpt>
    <trkpt lat="48.354127" lon="16.483309"></trkpt>
    <trkpt lat="48.354552" lon="16.483397"></trkpt>
    <trkpt lat="48.355219" lon="16.483497"></trkpt>
    <trkpt lat="48.355585" lon="16.483541"></trkpt>
    <trkpt lat="48.355971" lon="16.483580"></trkpt>
    <trkpt lat="48.356186" lon="16.483585"></trkpt>
    <trkpt lat="48.356399" lon="16.483592"></trkpt>
    <trkpt lat="48.356759" lon="16.483603"></trkpt>
    <trkpt lat="48.357159" lon="16.483609"></trkpt>
    <trkpt lat="48.357275" lon="16.483610"></trkpt>
    <trkpt lat="48.357701" lon="16.483604"></trkpt>
    <trkpt lat="48.358550" lon="16.483579"></trkpt>
    <trkpt lat="48.359525" lon="16.483572"></trkpt>
    <trkpt lat="48.360221" lon="16.483587"></trkpt>
    <trkpt lat="48.360664" lon="16.483622"></trkpt>
    <trkpt lat="48.361072" lon="16.483658"></trkpt>
    <trkpt lat="48.361804" lon="16.483772"></trkpt>
    <trkpt lat="48.362179" lon="16.483854"></trkpt>
    <trkpt lat="48.362590" lon="16.483964"></trkpt>
    <trkpt lat="48.362988" lon="16.484078"></trkpt>
    <trkpt lat="48.363402" lon="16.484214"></trkpt>
    <trkpt lat="48.363758" lon="16.484348"></trkpt>
    <trkpt lat="48.364113" lon="16.484482"></trkpt>
    <trkpt lat="48.364514" lon="16.484655"></trkpt>
    <trkpt lat="48.364966" lon="16.484868"></trkpt>
    <trkpt lat="48.365335" lon="16.485064"></trkpt>
    <trkpt lat="48.365578" lon="16.485187"></trkpt>
    <trkpt lat="48.365865" lon="16.485348"></trkpt>
    <trkpt lat="48.366175" lon="16.485536"></trkpt>
    <trkpt lat="48.366525" lon="16.485754"></trkpt>
    <trkpt lat="48.367161" lon="16.486153"></trkpt>
    <trkpt lat="48.367404" lon="16.486306"></trkpt>
    <trkpt lat="48.367767" lon="16.486514"></trkpt>
    <trkpt lat="48.368716" lon="16.487001"></trkpt>
    <trkpt lat="48.369053" lon="16.487146"></trkpt>
    <trkpt lat="48.369296" lon="16.487253"></trkpt>
    <trkpt lat="48.369734" lon="16.487435"></trkpt>
    <trkpt lat="48.370070" lon="16.487561"></trkpt>
    <trkpt lat="48.370850" lon="16.487821"></trkpt>
    <trkpt lat="48.371662" lon="16.488071"></trkpt>
    <trkpt lat="48.371994" lon="16.488177"></trkpt>
    <trkpt lat="48.373263" lon="16.488557"></trkpt>
    <trkpt lat="48.374318" lon="16.488846"></trkpt>
    <trkpt lat="48.375265" lon="16.489123"></trkpt>
    <trkpt lat="48.375803" lon="16.489290"></trkpt>
    <trkpt lat="48.376770" lon="16.489606"></trkpt>
    <trkpt lat="48.378065" lon="16.490008"></trkpt>
    <trkpt lat="48.378886" lon="16.490237"></trkpt>
    <trkpt lat="48.379450" lon="16.490396"></trkpt>
    <trkpt lat="48.380664" lon="16.490738"></trkpt>
    <trkpt lat="48.381855" lon="16.491081"></trkpt>
    <trkpt lat="48.382742" lon="16.491362"></trkpt>
    <trkpt lat="48.383032" lon="16.491459"></trkpt>
    <trkpt lat="48.383492" lon="16.491645"></trkpt>
    <trkpt lat="48.383696" lon="16.491736"></trkpt>
    <trkpt lat="48.383911" lon="16.491851"></trkpt>
    <trkpt lat="48.384232" lon="16.492042"></trkpt>
    <trkpt lat="48.384435" lon="16.492177"></trkpt>
    <trkpt lat="48.384726" lon="16.492389"></trkpt>
    <trkpt lat="48.384921" lon="16.492549"></trkpt>
    <trkpt lat="48.385125" lon="16.492726"></trkpt>
    <trkpt lat="48.385311" lon="16.492902"></trkpt>
    <trkpt lat="48.385516" lon="16.493108"></trkpt>
    <trkpt lat="48.385758" lon="16.493373"></trkpt>
    <trkpt lat="48.385967" lon="16.493623"></trkpt>
    <trkpt lat="48.386104" lon="16.493796"></trkpt>
    <trkpt lat="48.386299" lon="16.494057"></trkpt>
    <trkpt lat="48.386509" lon="16.494363"></trkpt>
    <trkpt lat="48.386671" lon="16.494615"></trkpt>
    <trkpt lat="48.386812" lon="16.494845"></trkpt>
    <trkpt lat="48.386984" lon="16.495153"></trkpt>
    <trkpt lat="48.387172" lon="16.495513"></trkpt>
    <trkpt lat="48.387817" lon="16.496790"></trkpt>
    <trkpt lat="48.388252" lon="16.497625"></trkpt>
    <trkpt lat="48.388857" lon="16.498747"></trkpt>
    <trkpt lat="48.388994" lon="16.499001"></trkpt>
    <trkpt lat="48.389553" lon="16.500031"></trkpt>
    <trkpt lat="48.389963" lon="16.500799"></trkpt>
    <trkpt lat="48.390489" lon="16.501805"></trkpt>
    <trkpt lat="48.390975" lon="16.502812"></trkpt>
    <trkpt lat="48.391351" lon="16.503605"></trkpt>
    <trkpt lat="48.391794" lon="16.504493"></trkpt>
    <trkpt lat="48.392011" lon="16.504925"></trkpt>
    <trkpt lat="48.392298" lon="16.505472"></trkpt>
    <trkpt lat="48.392542" lon="16.505918"></trkpt>
    <trkpt lat="48.392871" lon="16.506478"></trkpt>
    <trkpt lat="48.393263" lon="16.507123"></trkpt>
    <trkpt lat="48.393460" lon="16.507434"></trkpt>
    <trkpt lat="48.393699" lon="16.507788"></trkpt>
    <trkpt lat="48.393992" lon="16.508207"></trkpt>
    <trkpt lat="48.394392" lon="16.508757"></trkpt>
    <trkpt lat="48.394871" lon="16.509421"></trkpt>
    <trkpt lat="48.395179" lon="16.509879"></trkpt>
    <trkpt lat="48.395461" lon="16.510334"></trkpt>
    <trkpt lat="48.395747" lon="16.510838"></trkpt>
    <trkpt lat="48.395981" lon="16.511279"></trkpt>
    <trkpt lat="48.396120" lon="16.511568"></trkpt>
    <trkpt lat="48.396231" lon="16.511803"></trkpt>
    <trkpt lat="48.396448" lon="16.512281"></trkpt>
    <trkpt lat="48.396680" lon="16.512846"></trkpt>
    <trkpt lat="48.396865" lon="16.513335"></trkpt>
    <trkpt lat="48.397031" lon="16.513812"></trkpt>
    <trkpt lat="48.397162" lon="16.514227"></trkpt>
    <trkpt lat="48.397296" lon="16.514674"></trkpt>
    <trkpt lat="48.397458" lon="16.515201"></trkpt>
    <trkpt lat="48.397745" lon="16.516191"></trkpt>
    <trkpt lat="48.398087" lon="16.517334"></trkpt>
    <trkpt lat="48.398446" lon="16.518485"></trkpt>
    <trkpt lat="48.398866" lon="16.519779"></trkpt>
    <trkpt lat="48.399278" lon="16.521020"></trkpt>
    <trkpt lat="48.399520" lon="16.521693"></trkpt>
    <trkpt lat="48.399755" lon="16.522381"></trkpt>
    <trkpt lat="48.399962" lon="16.522972"></trkpt>
    <trkpt lat="48.400188" lon="16.523596"></trkpt>
    <trkpt lat="48.400501" lon="16.524446"></trkpt>
    <trkpt lat="48.400773" lon="16.525170"></trkpt>
    <trkpt lat="48.401060" lon="16.525893"></trkpt>
    <trkpt lat="48.401215" lon="16.526259"></trkpt>
    <trkpt lat="48.401424" lon="16.526741"></trkpt>
    <trkpt lat="48.401583" lon="16.527101"></trkpt>
    <trkpt lat="48.401839" lon="16.527659"></trkpt>
    <trkpt lat="48.401989" lon="16.527980"></trkpt>
    <trkpt lat="48.402322" lon="16.528655"></trkpt>
    <trkpt lat="48.402508" lon="16.529019"></trkpt>
    <trkpt lat="48.402661" lon="16.529303"></trkpt>
    <trkpt lat="48.402825" lon="16.529593"></trkpt>
    <trkpt lat="48.403139" lon="16.530129"></trkpt>
    <trkpt lat="48.403344" lon="16.530450"></trkpt>
    <trkpt lat="48.403626" lon="16.530875"></trkpt>
    <trkpt lat="48.403741" lon="16.531040"></trkpt>
    <trkpt lat="48.404039" lon="16.531464"></trkpt>
    <trkpt lat="48.404319" lon="16.531852"></trkpt>
    <trkpt lat="48.404766" lon="16.532435"></trkpt>
    <trkpt lat="48.405270" lon="16.533050"></trkpt>
    <trkpt lat="48.405477" lon="16.533304"></trkpt>
    <trkpt lat="48.405691" lon="16.533553"></trkpt>
    <trkpt lat="48.406335" lon="16.534242"></trkpt>
    <trkpt lat="48.406642" lon="16.534548"></trkpt>
    <trkpt lat="48.407024" lon="16.534911"></trkpt>
    <trkpt lat="48.407471" lon="16.535307"></trkpt>
    <trkpt lat="48.407927" lon="16.535693"></trkpt>
    <trkpt lat="48.408236" lon="16.535940"></trkpt>
    <trkpt lat="48.408537" lon="16.536165"></trkpt>
    <trkpt lat="48.408873" lon="16.536407"></trkpt>
    <trkpt lat="48.409244" lon="16.536663"></trkpt>
    <trkpt lat="48.412517" lon="16.538791"></trkpt>
    <trkpt lat="48.414562" lon="16.540117"></trkpt>
    <trkpt lat="48.417465" lon="16.542007"></trkpt>
    <trkpt lat="48.420375" lon="16.543902"></trkpt>
    <trkpt lat="48.421041" lon="16.544338"></trkpt>
    <trkpt lat="48.421560" lon="16.544679"></trkpt>
    <trkpt lat="48.422635" lon="16.545393"></trkpt>
    <trkpt lat="48.424900" lon="16.546898"></trkpt>
    <trkpt lat="48.426063" lon="16.547666"></trkpt>
    <trkpt lat="48.427301" lon="16.548490"></trkpt>
    <trkpt lat="48.428322" lon="16.549156"></trkpt>
    <trkpt lat="48.428861" lon="16.549516"></trkpt>
    <trkpt lat="48.429757" lon="16.550107"></trkpt>
    <trkpt lat="48.430040" lon="16.550295"></trkpt>
    <trkpt lat="48.430624" lon="16.550683"></trkpt>
    <trkpt lat="48.433664" lon="16.552694"></trkpt>
    <trkpt lat="48.436312" lon="16.554449"></trkpt>
    <trkpt lat="48.437804" lon="16.555436"></trkpt>
    <trkpt lat="48.438291" lon="16.555753"></trkpt>
    <trkpt lat="48.438817" lon="16.556065"></trkpt>
    <trkpt lat="48.439143" lon="16.556234"></trkpt>
    <trkpt lat="48.439501" lon="16.556395"></trkpt>
    <trkpt lat="48.439882" lon="16.556536"></trkpt>
    <trkpt lat="48.440197" lon="16.556639"></trkpt>
    <trkpt lat="48.440567" lon="16.556731"></trkpt>
    <trkpt lat="48.440969" lon="16.556806"></trkpt>
    <trkpt lat="48.441287" lon="16.556846"></trkpt>
    <trkpt lat="48.441584" lon="16.556867"></trkpt>
    <trkpt lat="48.441928" lon="16.556875"></trkpt>
    <trkpt lat="48.442302" lon="16.556861"></trkpt>
    <trkpt lat="48.442671" lon="16.556823"></trkpt>
    <trkpt lat="48.442901" lon="16.556789"></trkpt>
    <trkpt lat="48.443184" lon="16.556737"></trkpt>
    <trkpt lat="48.443508" lon="16.556655"></trkpt>
    <trkpt lat="48.443816" lon="16.556557"></trkpt>
    <trkpt lat="48.444104" lon="16.556458"></trkpt>
    <trkpt lat="48.444442" lon="16.556316"></trkpt>
    <trkpt lat="48.444750" lon="16.556178"></trkpt>
    <trkpt lat="48.446514" lon="16.555316"></trkpt>
    <trkpt lat="48.447400" lon="16.554906"></trkpt>
    <trkpt lat="48.448310" lon="16.554496"></trkpt>
    <trkpt lat="48.449621" lon="16.553928"></trkpt>
    <trkpt lat="48.450374" lon="16.553617"></trkpt>
    <trkpt lat="48.450700" lon="16.553488"></trkpt>
    <trkpt lat="48.451054" lon="16.553358"></trkpt>
    <trkpt lat="48.451312" lon="16.553265"></trkpt>
    <trkpt lat="48.451726" lon="16.553137"></trkpt>
    <trkpt lat="48.452124" lon="16.553022"></trkpt>
    <trkpt lat="48.452717" lon="16.552869"></trkpt>
    <trkpt lat="48.453098" lon="16.552780"></trkpt>
    <trkpt lat="48.453495" lon="16.552703"></trkpt>
    <trkpt lat="48.454098" lon="16.552603"></trkpt>
    <trkpt lat="48.454513" lon="16.552552"></trkpt>
    <trkpt lat="48.455158" lon="16.552494"></trkpt>
    <trkpt lat="48.455744" lon="16.552458"></trkpt>
    <trkpt lat="48.456345" lon="16.552448"></trkpt>
    <trkpt lat="48.457002" lon="16.552458"></trkpt>
    <trkpt lat="48.457459" lon="16.552488"></trkpt>
    <trkpt lat="48.458123" lon="16.552565"></trkpt>
    <trkpt lat="48.458640" lon="16.552640"></trkpt>
    <trkpt lat="48.458976" lon="16.552698"></trkpt>
    <trkpt lat="48.459326" lon="16.552766"></trkpt>
    <trkpt lat="48.459870" lon="16.552888"></trkpt>
    <trkpt lat="48.460150" lon="16.552960"></trkpt>
    <trkpt lat="48.460448" lon="16.553040"></trkpt>
    <trkpt lat="48.460982" lon="16.553203"></trkpt>
    <trkpt lat="48.461410" lon="16.553348"></trkpt>
    <trkpt lat="48.462047" lon="16.553591"></trkpt>
    <trkpt lat="48.462361" lon="16.553719"></trkpt>
    <trkpt lat="48.463020" lon="16.554006"></trkpt>
    <trkpt lat="48.463504" lon="16.554232"></trkpt>
    <trkpt lat="48.463939" lon="16.554441"></trkpt>
    <trkpt lat="48.464567" lon="16.554753"></trkpt>
    <trkpt lat="48.465474" lon="16.555237"></trkpt>
    <trkpt lat="48.466012" lon="16.555537"></trkpt>
    <trkpt lat="48.466538" lon="16.555842"></trkpt>
    <trkpt lat="48.467332" lon="16.556327"></trkpt>
    <trkpt lat="48.468094" lon="16.556816"></trkpt>
    <trkpt lat="48.469045" lon="16.557465"></trkpt>
    <trkpt lat="48.469804" lon="16.558010"></trkpt>
    <trkpt lat="48.470440" lon="16.558493"></trkpt>
    <trkpt lat="48.471318" lon="16.559188"></trkpt>
    <trkpt lat="48.471665" lon="16.559461"></trkpt>
    <trkpt lat="48.472036" lon="16.559774"></trkpt>
    <trkpt lat="48.472606" lon="16.560259"></trkpt>
    <trkpt lat="48.473069" lon="16.560667"></trkpt>
    <trkpt lat="48.473777" lon="16.561315"></trkpt>
    <trkpt lat="48.474401" lon="16.561908"></trkpt>
    <trkpt lat="48.475054" lon="16.562558"></trkpt>
    <trkpt lat="48.475666" lon="16.563183"></trkpt>
    <trkpt lat="48.476436" lon="16.563992"></trkpt>
    <trkpt lat="48.477314" lon="16.564937"></trkpt>
    <trkpt lat="48.477751" lon="16.565425"></trkpt>
    <trkpt lat="48.478167" lon="16.565900"></trkpt>
    <trkpt lat="48.479121" lon="16.567017"></trkpt>
    <trkpt lat="48.479970" lon="16.568038"></trkpt>
    <trkpt lat="48.480837" lon="16.569129"></trkpt>
    <trkpt lat="48.481819" lon="16.570414"></trkpt>
    <trkpt lat="48.482854" lon="16.571827"></trkpt>
    <trkpt lat="48.483261" lon="16.572404"></trkpt>
    <trkpt lat="48.483686" lon="16.573015"></trkpt>
    <trkpt lat="48.484064" lon="16.573567"></trkpt>
    <trkpt lat="48.484498" lon="16.574213"></trkpt>
    <trkpt lat="48.484856" lon="16.574752"></trkpt>
    <trkpt lat="48.485410" lon="16.575612"></trkpt>
    <trkpt lat="48.485739" lon="16.576129"></trkpt>
    <trkpt lat="48.486343" lon="16.577098"></trkpt>
    <trkpt lat="48.486850" lon="16.577935"></trkpt>
    <trkpt lat="48.487339" lon="16.578763"></trkpt>
    <trkpt lat="48.488074" lon="16.580050"></trkpt>
    <trkpt lat="48.488466" lon="16.580756"></trkpt>
    <trkpt lat="48.488643" lon="16.581086"></trkpt>
    <trkpt lat="48.488867" lon="16.581533"></trkpt>
    <trkpt lat="48.489240" lon="16.582324"></trkpt>
    <trkpt lat="48.489459" lon="16.582843"></trkpt>
    <trkpt lat="48.489642" lon="16.583309"></trkpt>
    <trkpt lat="48.489852" lon="16.583874"></trkpt>
    <trkpt lat="48.490048" lon="16.584447"></trkpt>
    <trkpt lat="48.490243" lon="16.585071"></trkpt>
    <trkpt lat="48.490386" lon="16.585575"></trkpt>
    <trkpt lat="48.490510" lon="16.586054"></trkpt>
    <trkpt lat="48.490646" lon="16.586626"></trkpt>
    <trkpt lat="48.490802" lon="16.587360"></trkpt>
    <trkpt lat="48.490876" lon="16.587766"></trkpt>
    <trkpt lat="48.491018" lon="16.588597"></trkpt>
    <trkpt lat="48.491178" lon="16.589636"></trkpt>
    <trkpt lat="48.491263" lon="16.590098"></trkpt>
    <trkpt lat="48.491335" lon="16.590459"></trkpt>
    <trkpt lat="48.491424" lon="16.590877"></trkpt>
    <trkpt lat="48.491521" lon="16.591289"></trkpt>
    <trkpt lat="48.491649" lon="16.591745"></trkpt>
    <trkpt lat="48.491801" lon="16.592242"></trkpt>
    <trkpt lat="48.491975" lon="16.592765"></trkpt>
    <trkpt lat="48.492153" lon="16.593251"></trkpt>
    <trkpt lat="48.492361" lon="16.593756"></trkpt>
    <trkpt lat="48.492582" lon="16.594242"></trkpt>
    <trkpt lat="48.492867" lon="16.594815"></trkpt>
    <trkpt lat="48.493106" lon="16.595251"></trkpt>
    <trkpt lat="48.493359" lon="16.595677"></trkpt>
    <trkpt lat="48.493648" lon="16.596117"></trkpt>
    <trkpt lat="48.493936" lon="16.596520"></trkpt>
    <trkpt lat="48.494174" lon="16.596837"></trkpt>
    <trkpt lat="48.494320" lon="16.597013"></trkpt>
    <trkpt lat="48.494461" lon="16.597179"></trkpt>
    <trkpt lat="48.494746" lon="16.597499"></trkpt>
    <trkpt lat="48.495031" lon="16.597787"></trkpt>
    <trkpt lat="48.495283" lon="16.598025"></trkpt>
    <trkpt lat="48.495529" lon="16.598238"></trkpt>
    <trkpt lat="48.495848" lon="16.598498"></trkpt>
    <trkpt lat="48.496168" lon="16.598730"></trkpt>
    <trkpt lat="48.496477" lon="16.598934"></trkpt>
    <trkpt lat="48.496733" lon="16.599088"></trkpt>
    <trkpt lat="48.496918" lon="16.599189"></trkpt>
    <trkpt lat="48.497582" lon="16.599539"></trkpt>
    <trkpt lat="48.498216" lon="16.599871"></trkpt>
    <trkpt lat="48.498772" lon="16.600169"></trkpt>
    <trkpt lat="48.499701" lon="16.600680"></trkpt>
    <trkpt lat="48.500402" lon="16.601082"></trkpt>
    <trkpt lat="48.500654" lon="16.601222"></trkpt>
    <trkpt lat="48.501785" lon="16.601902"></trkpt>
    <trkpt lat="48.502769" lon="16.602524"></trkpt>
    <trkpt lat="48.503681" lon="16.603106"></trkpt>
    <trkpt lat="48.503980" lon="16.603305"></trkpt>
    <trkpt lat="48.504856" lon="16.603898"></trkpt>
    <trkpt lat="48.505744" lon="16.604514"></trkpt>
    <trkpt lat="48.506292" lon="16.604918"></trkpt>
    <trkpt lat="48.507030" lon="16.605497"></trkpt>
    <trkpt lat="48.507642" lon="16.606013"></trkpt>
    <trkpt lat="48.508061" lon="16.606380"></trkpt>
    <trkpt lat="48.508479" lon="16.606769"></trkpt>
    <trkpt lat="48.508904" lon="16.607176"></trkpt>
    <trkpt lat="48.509303" lon="16.607574"></trkpt>
    <trkpt lat="48.509712" lon="16.607997"></trkpt>
    <trkpt lat="48.510379" lon="16.608732"></trkpt>
    <trkpt lat="48.510657" lon="16.609055"></trkpt>
    <trkpt lat="48.511132" lon="16.609612"></trkpt>
    <trkpt lat="48.511457" lon="16.610016"></trkpt>
    <trkpt lat="48.511792" lon="16.610449"></trkpt>
    <trkpt lat="48.512237" lon="16.611039"></trkpt>
    <trkpt lat="48.512560" lon="16.611481"></trkpt>
    <trkpt lat="48.513221" lon="16.612437"></trkpt>
    <trkpt lat="48.513708" lon="16.613188"></trkpt>
    <trkpt lat="48.514134" lon="16.613885"></trkpt>
    <trkpt lat="48.514543" lon="16.614581"></trkpt>
    <trkpt lat="48.514848" lon="16.615122"></trkpt>
    <trkpt lat="48.515117" lon="16.615616"></trkpt>
    <trkpt lat="48.515288" lon="16.615934"></trkpt>
    <trkpt lat="48.515662" lon="16.616644"></trkpt>
    <trkpt lat="48.516731" lon="16.618663"></trkpt>
    <trkpt lat="48.517097" lon="16.619364"></trkpt>
    <trkpt lat="48.517364" lon="16.619872"></trkpt>
    <trkpt lat="48.517614" lon="16.620342"></trkpt>
    <trkpt lat="48.517780" lon="16.620641"></trkpt>
    <trkpt lat="48.517949" lon="16.620931"></trkpt>
    <trkpt lat="48.518199" lon="16.621346"></trkpt>
    <trkpt lat="48.518458" lon="16.621751"></trkpt>
    <trkpt lat="48.518736" lon="16.622151"></trkpt>
    <trkpt lat="48.518986" lon="16.622491"></trkpt>
    <trkpt lat="48.519209" lon="16.622781"></trkpt>
    <trkpt lat="48.519458" lon="16.623092"></trkpt>
    <trkpt lat="48.519687" lon="16.623355"></trkpt>
    <trkpt lat="48.519881" lon="16.623578"></trkpt>
    <trkpt lat="48.520095" lon="16.623804"></trkpt>
    <trkpt lat="48.520306" lon="16.624022"></trkpt>
    <trkpt lat="48.520518" lon="16.624230"></trkpt>
    <trkpt lat="48.520784" lon="16.624474"></trkpt>
    <trkpt lat="48.521059" lon="16.624715"></trkpt>
    <trkpt lat="48.521356" lon="16.624957"></trkpt>
    <trkpt lat="48.521681" lon="16.625207"></trkpt>
    <trkpt lat="48.521972" lon="16.625414"></trkpt>
    <trkpt lat="48.522221" lon="16.625576"></trkpt>
    <trkpt lat="48.522653" lon="16.625846"></trkpt>
    <trkpt lat="48.523085" lon="16.626088"></trkpt>
    <trkpt lat="48.523459" lon="16.626275"></trkpt>
    <trkpt lat="48.523840" lon="16.626448"></trkpt>
    <trkpt lat="48.524196" lon="16.626593"></trkpt>
    <trkpt lat="48.524567" lon="16.626731"></trkpt>
    <trkpt lat="48.525019" lon="16.626874"></trkpt>
    <trkpt lat="48.525372" lon="16.626967"></trkpt>
    <trkpt lat="48.525752" lon="16.627055"></trkpt>
    <trkpt lat="48.526209" lon="16.627138"></trkpt>
    <trkpt lat="48.526706" lon="16.627197"></trkpt>
    <trkpt lat="48.527146" lon="16.627228"></trkpt>
    <trkpt lat="48.527485" lon="16.627239"></trkpt>
    <trkpt lat="48.527894" lon="16.627234"></trkpt>
    <trkpt lat="48.528295" lon="16.627212"></trkpt>
    <trkpt lat="48.528840" lon="16.627171"></trkpt>
    <trkpt lat="48.529784" lon="16.627096"></trkpt>
    <trkpt lat="48.536104" lon="16.626605"></trkpt>
    <trkpt lat="48.536649" lon="16.626569"></trkpt>
    <trkpt lat="48.537220" lon="16.626569"></trkpt>
    <trkpt lat="48.537765" lon="16.626596"></trkpt>
    <trkpt lat="48.538367" lon="16.626647"></trkpt>
    <trkpt lat="48.539053" lon="16.626728"></trkpt>
    <trkpt lat="48.539657" lon="16.626828"></trkpt>
    <trkpt lat="48.540249" lon="16.626964"></trkpt>
    <trkpt lat="48.540863" lon="16.627136"></trkpt>
    <trkpt lat="48.541458" lon="16.627337"></trkpt>
    <trkpt lat="48.542038" lon="16.627562"></trkpt>
    <trkpt lat="48.542645" lon="16.627825"></trkpt>
    <trkpt lat="48.543175" lon="16.628084"></trkpt>
    <trkpt lat="48.543646" lon="16.628330"></trkpt>
    <trkpt lat="48.544578" lon="16.628809"></trkpt>
    <trkpt lat="48.544928" lon="16.628993"></trkpt>
    <trkpt lat="48.550900" lon="16.632111"></trkpt>
    <trkpt lat="48.553119" lon="16.633270"></trkpt>
    <trkpt lat="48.553607" lon="16.633523"></trkpt>
    <trkpt lat="48.554140" lon="16.633772"></trkpt>
    <trkpt lat="48.554710" lon="16.634012"></trkpt>
    <trkpt lat="48.555154" lon="16.634179"></trkpt>
    <trkpt lat="48.555595" lon="16.634326"></trkpt>
    <trkpt lat="48.555860" lon="16.634406"></trkpt>
    <trkpt lat="48.556180" lon="16.634495"></trkpt>
    <trkpt lat="48.556697" lon="16.634619"></trkpt>
    <trkpt lat="48.557022" lon="16.634686"></trkpt>
    <trkpt lat="48.557373" lon="16.634748"></trkpt>
    <trkpt lat="48.557779" lon="16.634808"></trkpt>
    <trkpt lat="48.558170" lon="16.634849"></trkpt>
    <trkpt lat="48.558580" lon="16.634881"></trkpt>
    <trkpt lat="48.558962" lon="16.634899"></trkpt>
    <trkpt lat="48.559447" lon="16.634903"></trkpt>
    <trkpt lat="48.560030" lon="16.634883"></trkpt>
    <trkpt lat="48.560398" lon="16.634852"></trkpt>
    <trkpt lat="48.561008" lon="16.634780"></trkpt>
    <trkpt lat="48.561444" lon="16.634709"></trkpt>
    <trkpt lat="48.561887" lon="16.634620"></trkpt>
    <trkpt lat="48.562267" lon="16.634531"></trkpt>
    <trkpt lat="48.562685" lon="16.634419"></trkpt>
    <trkpt lat="48.563119" lon="16.634286"></trkpt>
    <trkpt lat="48.563664" lon="16.634095"></trkpt>
    <trkpt lat="48.564144" lon="16.633904"></trkpt>
    <trkpt lat="48.564523" lon="16.633738"></trkpt>
    <trkpt lat="48.564939" lon="16.633538"></trkpt>
    <trkpt lat="48.565307" lon="16.633350"></trkpt>
    <trkpt lat="48.565712" lon="16.633125"></trkpt>
    <trkpt lat="48.566091" lon="16.632900"></trkpt>
    <trkpt lat="48.566471" lon="16.632658"></trkpt>
    <trkpt lat="48.566876" lon="16.632386"></trkpt>
    <trkpt lat="48.567243" lon="16.632123"></trkpt>
    <trkpt lat="48.567578" lon="16.631869"></trkpt>
    <trkpt lat="48.567886" lon="16.631622"></trkpt>
    <trkpt lat="48.568160" lon="16.631395"></trkpt>
    <trkpt lat="48.568534" lon="16.631071"></trkpt>
    <trkpt lat="48.568994" lon="16.630656"></trkpt>
    <trkpt lat="48.570445" lon="16.629335"></trkpt>
    <trkpt lat="48.572447" lon="16.627513"></trkpt>
    <trkpt lat="48.573470" lon="16.626585"></trkpt>
    <trkpt lat="48.574033" lon="16.626084"></trkpt>
    <trkpt lat="48.574432" lon="16.625757"></trkpt>
    <trkpt lat="48.574781" lon="16.625498"></trkpt>
    <trkpt lat="48.575035" lon="16.625332"></trkpt>
    <trkpt lat="48.575261" lon="16.625203"></trkpt>
    <trkpt lat="48.575704" lon="16.624969"></trkpt>
    <trkpt lat="48.576232" lon="16.624715"></trkpt>
    <trkpt lat="48.576559" lon="16.624580"></trkpt>
    <trkpt lat="48.576943" lon="16.624440"></trkpt>
    <trkpt lat="48.577303" lon="16.624332"></trkpt>
    <trkpt lat="48.577607" lon="16.624254"></trkpt>
    <trkpt lat="48.577887" lon="16.624193"></trkpt>
    <trkpt lat="48.578220" lon="16.624136"></trkpt>
    <trkpt lat="48.578488" lon="16.624100"></trkpt>
    <trkpt lat="48.578750" lon="16.624077"></trkpt>
    <trkpt lat="48.579063" lon="16.624062"></trkpt>
    <trkpt lat="48.579265" lon="16.624057"></trkpt>
    <trkpt lat="48.579555" lon="16.624064"></trkpt>
    <trkpt lat="48.579812" lon="16.624077"></trkpt>
    <trkpt lat="48.580069" lon="16.624105"></trkpt>
    <trkpt lat="48.580364" lon="16.624144"></trkpt>
    <trkpt lat="48.580760" lon="16.624228"></trkpt>
    <trkpt lat="48.581119" lon="16.624323"></trkpt>
    <trkpt lat="48.581535" lon="16.624451"></trkpt>
    <trkpt lat="48.581889" lon="16.624579"></trkpt>
    <trkpt lat="48.582278" lon="16.624742"></trkpt>
    <trkpt lat="48.582664" lon="16.624932"></trkpt>
    <trkpt lat="48.583037" lon="16.625132"></trkpt>
    <trkpt lat="48.583327" lon="16.625307"></trkpt>
    <trkpt lat="48.583710" lon="16.625559"></trkpt>
    <trkpt lat="48.584150" lon="16.625878"></trkpt>
    <trkpt lat="48.584584" lon="16.626202"></trkpt>
    <trkpt lat="48.585219" lon="16.626674"></trkpt>
    <trkpt lat="48.585517" lon="16.626888"></trkpt>
    <trkpt lat="48.585895" lon="16.627136"></trkpt>
    <trkpt lat="48.586129" lon="16.627280"></trkpt>
    <trkpt lat="48.586368" lon="16.627430"></trkpt>
    <trkpt lat="48.586669" lon="16.627609"></trkpt>
    <trkpt lat="48.586932" lon="16.627758"></trkpt>
    <trkpt lat="48.587266" lon="16.627931"></trkpt>
    <trkpt lat="48.587711" lon="16.628152"></trkpt>
    <trkpt lat="48.588127" lon="16.628335"></trkpt>
    <trkpt lat="48.588480" lon="16.628478"></trkpt>
    <trkpt lat="48.588812" lon="16.628601"></trkpt>
    <trkpt lat="48.589164" lon="16.628721"></trkpt>
    <trkpt lat="48.589618" lon="16.628860"></trkpt>
    <trkpt lat="48.590263" lon="16.629052"></trkpt>
    <trkpt lat="48.590606" lon="16.629161"></trkpt>
    <trkpt lat="48.590965" lon="16.629286"></trkpt>
    <trkpt lat="48.591279" lon="16.629403"></trkpt>
    <trkpt lat="48.591526" lon="16.629507"></trkpt>
    <trkpt lat="48.591801" lon="16.629625"></trkpt>
    <trkpt lat="48.592082" lon="16.629756"></trkpt>
    <trkpt lat="48.592461" lon="16.629950"></trkpt>
    <trkpt lat="48.592812" lon="16.630145"></trkpt>
    <trkpt lat="48.593149" lon="16.630342"></trkpt>
    <trkpt lat="48.593513" lon="16.630574"></trkpt>
    <trkpt lat="48.593946" lon="16.630873"></trkpt>
    <trkpt lat="48.594255" lon="16.631101"></trkpt>
    <trkpt lat="48.594590" lon="16.631364"></trkpt>
    <trkpt lat="48.595019" lon="16.631722"></trkpt>
    <trkpt lat="48.595363" lon="16.632033"></trkpt>
    <trkpt lat="48.595626" lon="16.632280"></trkpt>
    <trkpt lat="48.595800" lon="16.632453"></trkpt>
    <trkpt lat="48.595892" lon="16.632544"></trkpt>
    <trkpt lat="48.596118" lon="16.632777"></trkpt>
    <trkpt lat="48.596371" lon="16.633047"></trkpt>
    <trkpt lat="48.596613" lon="16.633322"></trkpt>
    <trkpt lat="48.596862" lon="16.633607"></trkpt>
    <trkpt lat="48.597068" lon="16.633863"></trkpt>
    <trkpt lat="48.597355" lon="16.634222"></trkpt>
    <trkpt lat="48.597608" lon="16.634562"></trkpt>
    <trkpt lat="48.597827" lon="16.634863"></trkpt>
    <trkpt lat="48.598032" lon="16.635163"></trkpt>
    <trkpt lat="48.598290" lon="16.635548"></trkpt>
    <trkpt lat="48.598535" lon="16.635933"></trkpt>
    <trkpt lat="48.598783" lon="16.636342"></trkpt>
    <trkpt lat="48.599024" lon="16.636762"></trkpt>
    <trkpt lat="48.599163" lon="16.637016"></trkpt>
    <trkpt lat="48.599354" lon="16.637377"></trkpt>
    <trkpt lat="48.599559" lon="16.637769"></trkpt>
    <trkpt lat="48.599748" lon="16.638152"></trkpt>
    <trkpt lat="48.599979" lon="16.638651"></trkpt>
    <trkpt lat="48.600247" lon="16.639256"></trkpt>
    <trkpt lat="48.600467" lon="16.639793"></trkpt>
    <trkpt lat="48.600623" lon="16.640202"></trkpt>
    <trkpt lat="48.600802" lon="16.640688"></trkpt>
    <trkpt lat="48.600949" lon="16.641109"></trkpt>
    <trkpt lat="48.601142" lon="16.641697"></trkpt>
    <trkpt lat="48.601245" lon="16.642023"></trkpt>
    <trkpt lat="48.601376" lon="16.642464"></trkpt>
    <trkpt lat="48.601535" lon="16.643041"></trkpt>
    <trkpt lat="48.601684" lon="16.643626"></trkpt>
    <trkpt lat="48.601806" lon="16.644137"></trkpt>
    <trkpt lat="48.601912" lon="16.644616"></trkpt>
    <trkpt lat="48.602013" lon="16.645108"></trkpt>
    <trkpt lat="48.602181" lon="16.645970"></trkpt>
    <trkpt lat="48.603406" lon="16.652300"></trkpt>
    <trkpt lat="48.604083" lon="16.655803"></trkpt>
    <trkpt lat="48.604439" lon="16.657651"></trkpt>
    <trkpt lat="48.604715" lon="16.659087"></trkpt>
    <trkpt lat="48.604985" lon="16.660408"></trkpt>
    <trkpt lat="48.605152" lon="16.661271"></trkpt>
    <trkpt lat="48.605288" lon="16.661896"></trkpt>
    <trkpt lat="48.605412" lon="16.662417"></trkpt>
    <trkpt lat="48.605540" lon="16.662957"></trkpt>
    <trkpt lat="48.605670" lon="16.663465"></trkpt>
    <trkpt lat="48.605799" lon="16.663965"></trkpt>
    <trkpt lat="48.605969" lon="16.664574"></trkpt>
    <trkpt lat="48.606094" lon="16.664988"></trkpt>
    <trkpt lat="48.606236" lon="16.665447"></trkpt>
    <trkpt lat="48.606451" lon="16.666060"></trkpt>
    <trkpt lat="48.606630" lon="16.666549"></trkpt>
    <trkpt lat="48.606828" lon="16.667048"></trkpt>
    <trkpt lat="48.606995" lon="16.667443"></trkpt>
    <trkpt lat="48.607178" lon="16.667865"></trkpt>
    <trkpt lat="48.607473" lon="16.668483"></trkpt>
    <trkpt lat="48.607822" lon="16.669161"></trkpt>
    <trkpt lat="48.608100" lon="16.669671"></trkpt>
    <trkpt lat="48.608230" lon="16.669889"></trkpt>
    <trkpt lat="48.608567" lon="16.670452"></trkpt>
    <trkpt lat="48.608825" lon="16.670857"></trkpt>
    <trkpt lat="48.609078" lon="16.671221"></trkpt>
    <trkpt lat="48.609339" lon="16.671576"></trkpt>
    <trkpt lat="48.609766" lon="16.672117"></trkpt>
    <trkpt lat="48.610161" lon="16.672590"></trkpt>
    <trkpt lat="48.610498" lon="16.672964"></trkpt>
    <trkpt lat="48.610833" lon="16.673322"></trkpt>
    <trkpt lat="48.611217" lon="16.673691"></trkpt>
    <trkpt lat="48.611588" lon="16.674019"></trkpt>
    <trkpt lat="48.611951" lon="16.674320"></trkpt>
    <trkpt lat="48.612291" lon="16.674600"></trkpt>
    <trkpt lat="48.612608" lon="16.674830"></trkpt>
    <trkpt lat="48.612937" lon="16.675064"></trkpt>
    <trkpt lat="48.613273" lon="16.675281"></trkpt>
    <trkpt lat="48.613635" lon="16.675507"></trkpt>
    <trkpt lat="48.613805" lon="16.675600"></trkpt>
    <trkpt lat="48.614246" lon="16.675811"></trkpt>
    <trkpt lat="48.614643" lon="16.675981"></trkpt>
    <trkpt lat="48.615000" lon="16.676122"></trkpt>
    <trkpt lat="48.615401" lon="16.676274"></trkpt>
    <trkpt lat="48.615691" lon="16.676368"></trkpt>
    <trkpt lat="48.615965" lon="16.676443"></trkpt>
    <trkpt lat="48.616492" lon="16.676565"></trkpt>
    <trkpt lat="48.616962" lon="16.676646"></trkpt>
    <trkpt lat="48.617530" lon="16.676716"></trkpt>
    <trkpt lat="48.617963" lon="16.676747"></trkpt>
    <trkpt lat="48.618385" lon="16.676764"></trkpt>
    <trkpt lat="48.618860" lon="16.676747"></trkpt>
    <trkpt lat="48.619261" lon="16.676715"></trkpt>
    <trkpt lat="48.619741" lon="16.676652"></trkpt>
    <trkpt lat="48.620202" lon="16.676571"></trkpt>
    <trkpt lat="48.620952" lon="16.676396"></trkpt>
    <trkpt lat="48.621225" lon="16.676329"></trkpt>
    <trkpt lat="48.621677" lon="16.676230"></trkpt>
    <trkpt lat="48.621822" lon="16.676202"></trkpt>
    <trkpt lat="48.621935" lon="16.676181"></trkpt>
    <trkpt lat="48.622251" lon="16.676129"></trkpt>
    <trkpt lat="48.622579" lon="16.676085"></trkpt>
    <trkpt lat="48.622985" lon="16.676038"></trkpt>
    <trkpt lat="48.623357" lon="16.676010"></trkpt>
    <trkpt lat="48.623887" lon="16.675995"></trkpt>
    <trkpt lat="48.624357" lon="16.676002"></trkpt>
    <trkpt lat="48.624839" lon="16.676023"></trkpt>
    <trkpt lat="48.625373" lon="16.676069"></trkpt>
    <trkpt lat="48.625722" lon="16.676116"></trkpt>
    <trkpt lat="48.625991" lon="16.676155"></trkpt>
    <trkpt lat="48.626545" lon="16.676259"></trkpt>
    <trkpt lat="48.626774" lon="16.676311"></trkpt>
    <trkpt lat="48.627107" lon="16.676395"></trkpt>
    <trkpt lat="48.627402" lon="16.676477"></trkpt>
    <trkpt lat="48.627940" lon="16.676645"></trkpt>
    <trkpt lat="48.628325" lon="16.676783"></trkpt>
    <trkpt lat="48.628638" lon="16.676902"></trkpt>
    <trkpt lat="48.629132" lon="16.677112"></trkpt>
    <trkpt lat="48.629502" lon="16.677284"></trkpt>
    <trkpt lat="48.629750" lon="16.677412"></trkpt>
    <trkpt lat="48.630048" lon="16.677560"></trkpt>
    <trkpt lat="48.630364" lon="16.677732"></trkpt>
    <trkpt lat="48.630907" lon="16.678058"></trkpt>
    <trkpt lat="48.631235" lon="16.678265"></trkpt>
    <trkpt lat="48.631522" lon="16.678469"></trkpt>
    <trkpt lat="48.632135" lon="16.678907"></trkpt>
    <trkpt lat="48.632630" lon="16.679298"></trkpt>
    <trkpt lat="48.633493" lon="16.679958"></trkpt>
    <trkpt lat="48.634455" lon="16.680705"></trkpt>
    <trkpt lat="48.635334" lon="16.681436"></trkpt>
    <trkpt lat="48.635931" lon="16.681908"></trkpt>
    <trkpt lat="48.638692" lon="16.684093"></trkpt>
    <trkpt lat="48.639627" lon="16.684833"></trkpt>
    <trkpt lat="48.640202" lon="16.685275"></trkpt>
    <trkpt lat="48.640710" lon="16.685651"></trkpt>
    <trkpt lat="48.641117" lon="16.685941"></trkpt>
    <trkpt lat="48.641552" lon="16.686244"></trkpt>
    <trkpt lat="48.642016" lon="16.686556"></trkpt>
    <trkpt lat="48.642506" lon="16.686877"></trkpt>
    <trkpt lat="48.643015" lon="16.687194"></trkpt>
    <trkpt lat="48.643499" lon="16.687488"></trkpt>
    <trkpt lat="48.643968" lon="16.687760"></trkpt>
    <trkpt lat="48.644487" lon="16.688050"></trkpt>
    <trkpt lat="48.645140" lon="16.688401"></trkpt>
    <trkpt lat="48.645625" lon="16.688645"></trkpt>
    <trkpt lat="48.646209" lon="16.688928"></trkpt>
    <trkpt lat="48.646683" lon="16.689146"></trkpt>
    <trkpt lat="48.647273" lon="16.689407"></trkpt>
    <trkpt lat="48.647822" lon="16.689635"></trkpt>
    <trkpt lat="48.648399" lon="16.689863"></trkpt>
    <trkpt lat="48.648887" lon="16.690042"></trkpt>
    <trkpt lat="48.649338" lon="16.690198"></trkpt>
    <trkpt lat="48.649652" lon="16.690299"></trkpt>
    <trkpt lat="48.649950" lon="16.690384"></trkpt>
    <trkpt lat="48.650250" lon="16.690464"></trkpt>
    <trkpt lat="48.650506" lon="16.690521"></trkpt>
    <trkpt lat="48.650890" lon="16.690604"></trkpt>
    <trkpt lat="48.651201" lon="16.690655"></trkpt>
    <trkpt lat="48.651265" lon="16.690665"></trkpt>
    <trkpt lat="48.651652" lon="16.690716"></trkpt>
    <trkpt lat="48.651958" lon="16.690744"></trkpt>
    <trkpt lat="48.652327" lon="16.690769"></trkpt>
    <trkpt lat="48.652687" lon="16.690781"></trkpt>
    <trkpt lat="48.653136" lon="16.690776"></trkpt>
    <trkpt lat="48.653571" lon="16.690753"></trkpt>
    <trkpt lat="48.653933" lon="16.690724"></trkpt>
    <trkpt lat="48.654290" lon="16.690677"></trkpt>
    <trkpt lat="48.654625" lon="16.690625"></trkpt>
    <trkpt lat="48.654967" lon="16.690561"></trkpt>
    <trkpt lat="48.655299" lon="16.690484"></trkpt>
    <trkpt lat="48.655529" lon="16.690428"></trkpt>
    <trkpt lat="48.655843" lon="16.690339"></trkpt>
    <trkpt lat="48.656164" lon="16.690240"></trkpt>
    <trkpt lat="48.656482" lon="16.690133"></trkpt>
    <trkpt lat="48.656865" lon="16.689987"></trkpt>
    <trkpt lat="48.657208" lon="16.689843"></trkpt>
    <trkpt lat="48.657484" lon="16.689717"></trkpt>
    <trkpt lat="48.657775" lon="16.689577"></trkpt>
    <trkpt lat="48.658065" lon="16.689427"></trkpt>
    <trkpt lat="48.658439" lon="16.689221"></trkpt>
    <trkpt lat="48.658796" lon="16.689007"></trkpt>
    <trkpt lat="48.659127" lon="16.688797"></trkpt>
    <trkpt lat="48.659429" lon="16.688592"></trkpt>
    <trkpt lat="48.659687" lon="16.688409"></trkpt>
    <trkpt lat="48.659929" lon="16.688227"></trkpt>
    <trkpt lat="48.660230" lon="16.687994"></trkpt>
    <trkpt lat="48.660603" lon="16.687688"></trkpt>
    <trkpt lat="48.660952" lon="16.687380"></trkpt>
    <trkpt lat="48.661226" lon="16.687126"></trkpt>
    <trkpt lat="48.661469" lon="16.686889"></trkpt>
    <trkpt lat="48.661718" lon="16.686637"></trkpt>
    <trkpt lat="48.661771" lon="16.686582"></trkpt>
    <trkpt lat="48.662005" lon="16.686338"></trkpt>
    <trkpt lat="48.662314" lon="16.685991"></trkpt>
    <trkpt lat="48.662609" lon="16.685648"></trkpt>
    <trkpt lat="48.662890" lon="16.685313"></trkpt>
    <trkpt lat="48.663252" lon="16.684854"></trkpt>
    <trkpt lat="48.663723" lon="16.684227"></trkpt>
    <trkpt lat="48.663970" lon="16.683887"></trkpt>
    <trkpt lat="48.665290" lon="16.682108"></trkpt>
    <trkpt lat="48.666554" lon="16.680404"></trkpt>
    <trkpt lat="48.667020" lon="16.679775"></trkpt>
    <trkpt lat="48.667311" lon="16.679387"></trkpt>
    <trkpt lat="48.667552" lon="16.679070"></trkpt>
    <trkpt lat="48.667776" lon="16.678786"></trkpt>
    <trkpt lat="48.668021" lon="16.678493"></trkpt>
    <trkpt lat="48.668375" lon="16.678096"></trkpt>
    <trkpt lat="48.668597" lon="16.677852"></trkpt>
    <trkpt lat="48.668955" lon="16.677508"></trkpt>
    <trkpt lat="48.669226" lon="16.677268"></trkpt>
    <trkpt lat="48.669676" lon="16.676899"></trkpt>
    <trkpt lat="48.670085" lon="16.676597"></trkpt>
    <trkpt lat="48.670435" lon="16.676350"></trkpt>
    <trkpt lat="48.670604" lon="16.676229"></trkpt>
    <trkpt lat="48.670851" lon="16.676051"></trkpt>
    <trkpt lat="48.671122" lon="16.675843"></trkpt>
    <trkpt lat="48.671345" lon="16.675668"></trkpt>
    <trkpt lat="48.671622" lon="16.675428"></trkpt>
    <trkpt lat="48.671851" lon="16.675219"></trkpt>
    <trkpt lat="48.672205" lon="16.674877"></trkpt>
    <trkpt lat="48.672481" lon="16.674599"></trkpt>
    <trkpt lat="48.672680" lon="16.674376"></trkpt>
    <trkpt lat="48.672938" lon="16.674068"></trkpt>
    <trkpt lat="48.673159" lon="16.673799"></trkpt>
    <trkpt lat="48.673361" lon="16.673539"></trkpt>
    <trkpt lat="48.673556" lon="16.673274"></trkpt>
    <trkpt lat="48.673963" lon="16.672667"></trkpt>
    <trkpt lat="48.674285" lon="16.672134"></trkpt>
    <trkpt lat="48.674661" lon="16.671466"></trkpt>
    <trkpt lat="48.675026" lon="16.670803"></trkpt>
    <trkpt lat="48.676666" lon="16.667747"></trkpt>
    <trkpt lat="48.679106" lon="16.663212"></trkpt>
    <trkpt lat="48.679362" lon="16.662733"></trkpt>
    <trkpt lat="48.679603" lon="16.662292"></trkpt>
    <trkpt lat="48.680037" lon="16.661547"></trkpt>
    <trkpt lat="48.680316" lon="16.661105"></trkpt>
    <trkpt lat="48.680709" lon="16.660554"></trkpt>
    <trkpt lat="48.681009" lon="16.660155"></trkpt>
    <trkpt lat="48.681158" lon="16.659979"></trkpt>
    <trkpt lat="48.681434" lon="16.659656"></trkpt>
    <trkpt lat="48.681948" lon="16.659115"></trkpt>
    <trkpt lat="48.682245" lon="16.658832"></trkpt>
    <trkpt lat="48.682500" lon="16.658598"></trkpt>
    <trkpt lat="48.682812" lon="16.658329"></trkpt>
    <trkpt lat="48.683153" lon="16.658068"></trkpt>
    <trkpt lat="48.683437" lon="16.657867"></trkpt>
    <trkpt lat="48.683741" lon="16.657670"></trkpt>
    <trkpt lat="48.684144" lon="16.657430"></trkpt>
    <trkpt lat="48.684473" lon="16.657253"></trkpt>
    <trkpt lat="48.684877" lon="16.657065"></trkpt>
    <trkpt lat="48.685234" lon="16.656923"></trkpt>
    <trkpt lat="48.685717" lon="16.656758"></trkpt>
    <trkpt lat="48.686243" lon="16.656613"></trkpt>
    <trkpt lat="48.686739" lon="16.656511"></trkpt>
    <trkpt lat="48.687150" lon="16.656462"></trkpt>
    <trkpt lat="48.687517" lon="16.656433"></trkpt>
    <trkpt lat="48.688624" lon="16.656408"></trkpt>
    <trkpt lat="48.691467" lon="16.656312"></trkpt>
    <trkpt lat="48.692033" lon="16.656281"></trkpt>
    <trkpt lat="48.692403" lon="16.656242"></trkpt>
    <trkpt lat="48.692753" lon="16.656195"></trkpt>
    <trkpt lat="48.693025" lon="16.656145"></trkpt>
    <trkpt lat="48.693264" lon="16.656092"></trkpt>
    <trkpt lat="48.693556" lon="16.656019"></trkpt>
    <trkpt lat="48.693842" lon="16.655936"></trkpt>
    <trkpt lat="48.694179" lon="16.655818"></trkpt>
    <trkpt lat="48.694413" lon="16.655734"></trkpt>
    <trkpt lat="48.694869" lon="16.655521"></trkpt>
    <trkpt lat="48.695128" lon="16.655391"></trkpt>
    <trkpt lat="48.695535" lon="16.655155"></trkpt>
    <trkpt lat="48.695902" lon="16.654928"></trkpt>
    <trkpt lat="48.696256" lon="16.654686"></trkpt>
    <trkpt lat="48.696616" lon="16.654413"></trkpt>
    <trkpt lat="48.697012" lon="16.654091"></trkpt>
    <trkpt lat="48.697436" lon="16.653735"></trkpt>
    <trkpt lat="48.697844" lon="16.653405"></trkpt>
    <trkpt lat="48.698173" lon="16.653155"></trkpt>
    <trkpt lat="48.698460" lon="16.652955"></trkpt>
    <trkpt lat="48.698650" lon="16.652829"></trkpt>
    <trkpt lat="48.698892" lon="16.652678"></trkpt>
    <trkpt lat="48.699145" lon="16.652535"></trkpt>
    <trkpt lat="48.699407" lon="16.652394"></trkpt>
    <trkpt lat="48.699791" lon="16.652210"></trkpt>
    <trkpt lat="48.700099" lon="16.652077"></trkpt>
    <trkpt lat="48.700397" lon="16.651966"></trkpt>
    <trkpt lat="48.700632" lon="16.651888"></trkpt>
    <trkpt lat="48.700907" lon="16.651805"></trkpt>
    <trkpt lat="48.701145" lon="16.651741"></trkpt>
    <trkpt lat="48.701333" lon="16.651698"></trkpt>
    <trkpt lat="48.701643" lon="16.651637"></trkpt>
    <trkpt lat="48.701925" lon="16.651597"></trkpt>
    <trkpt lat="48.702378" lon="16.651553"></trkpt>
    <trkpt lat="48.702676" lon="16.651537"></trkpt>
    <trkpt lat="48.703191" lon="16.651543"></trkpt>
    <trkpt lat="48.703447" lon="16.651560"></trkpt>
    <trkpt lat="48.703819" lon="16.651599"></trkpt>
    <trkpt lat="48.704079" lon="16.651643"></trkpt>
    <trkpt lat="48.704394" lon="16.651717"></trkpt>
    <trkpt lat="48.704744" lon="16.651808"></trkpt>
    <trkpt lat="48.705077" lon="16.651919"></trkpt>
    <trkpt lat="48.705365" lon="16.652020"></trkpt>
    <trkpt lat="48.705590" lon="16.652103"></trkpt>
    <trkpt lat="48.705837" lon="16.652210"></trkpt>
    <trkpt lat="48.706122" lon="16.652334"></trkpt>
    <trkpt lat="48.706721" lon="16.652638"></trkpt>
    <trkpt lat="48.707685" lon="16.653150"></trkpt>
    <trkpt lat="48.708426" lon="16.653479"></trkpt>
    <trkpt lat="48.708593" lon="16.653543"></trkpt>
    <trkpt lat="48.708907" lon="16.653648"></trkpt>
    <trkpt lat="48.709335" lon="16.653775"></trkpt>
    <trkpt lat="48.709688" lon="16.653869"></trkpt>
    <trkpt lat="48.710161" lon="16.653987"></trkpt>
    <trkpt lat="48.710743" lon="16.654135"></trkpt>
    <trkpt lat="48.710994" lon="16.654179"></trkpt>
    <trkpt lat="48.711189" lon="16.654198"></trkpt>
    <trkpt lat="48.711288" lon="16.654203"></trkpt>
    <trkpt lat="48.711474" lon="16.654193"></trkpt>
    <trkpt lat="48.711612" lon="16.654174"></trkpt>
    <trkpt lat="48.711762" lon="16.654154"></trkpt>
    <trkpt lat="48.712177" lon="16.654099"></trkpt>
    <trkpt lat="48.712418" lon="16.654081"></trkpt>
    <trkpt lat="48.712563" lon="16.654075"></trkpt>
    <trkpt lat="48.712718" lon="16.654082"></trkpt>
    <trkpt lat="48.712895" lon="16.654101"></trkpt>
    <trkpt lat="48.713039" lon="16.654128"></trkpt>
    <trkpt lat="48.713254" lon="16.654173"></trkpt>
    <trkpt lat="48.713694" lon="16.654276"></trkpt>
    <trkpt lat="48.713867" lon="16.654313"></trkpt>
    <trkpt lat="48.714039" lon="16.654317"></trkpt>
    <trkpt lat="48.714094" lon="16.654330"></trkpt>
    <trkpt lat="48.714418" lon="16.654410"></trkpt>
    <trkpt lat="48.715296" lon="16.654624"></trkpt>
    <trkpt lat="48.715898" lon="16.654772"></trkpt>
    <trkpt lat="48.717976" lon="16.655306"></trkpt>
    <trkpt lat="48.720881" lon="16.656052"></trkpt>
    <trkpt lat="48.721499" lon="16.656211"></trkpt>
    <trkpt lat="48.724488" lon="16.656975"></trkpt>
    <trkpt lat="48.727450" lon="16.657732"></trkpt>
    <trkpt lat="48.727936" lon="16.657834"></trkpt>
    <trkpt lat="48.728232" lon="16.657863"></trkpt>
    <trkpt lat="48.728600" lon="16.657877"></trkpt>
    <trkpt lat="48.728991" lon="16.657847"></trkpt>
    <trkpt lat="48.729332" lon="16.657781"></trkpt>
    <trkpt lat="48.729578" lon="16.657713"></trkpt>
    <trkpt lat="48.729886" lon="16.657598"></trkpt>
    <trkpt lat="48.730159" lon="16.657477"></trkpt>
    <trkpt lat="48.730864" lon="16.657134"></trkpt>
    <trkpt lat="48.731743" lon="16.656715"></trkpt>
    <trkpt lat="48.732042" lon="16.656589"></trkpt>
    <trkpt lat="48.732345" lon="16.656479"></trkpt>
    <trkpt lat="48.732498" lon="16.656430"></trkpt>
    <trkpt lat="48.732650" lon="16.656382"></trkpt>
    <trkpt lat="48.732957" lon="16.656304"></trkpt>
    <trkpt lat="48.733296" lon="16.656238"></trkpt>
    <trkpt lat="48.733608" lon="16.656185"></trkpt>
    <trkpt lat="48.733762" lon="16.656225"></trkpt>
    <trkpt lat="48.733870" lon="16.656226"></trkpt>
    <trkpt lat="48.733930" lon="16.656245"></trkpt>
    <trkpt lat="48.733967" lon="16.656259"></trkpt>
    <trkpt lat="48.733997" lon="16.656318"></trkpt>
    <trkpt lat="48.734038" lon="16.656361"></trkpt>
    <trkpt lat="48.734085" lon="16.656382"></trkpt>
    <trkpt lat="48.734134" lon="16.656380"></trkpt>
    <trkpt lat="48.734181" lon="16.656355"></trkpt>
    <trkpt lat="48.734220" lon="16.656309"></trkpt>
    <trkpt lat="48.734248" lon="16.656246"></trkpt>
    <trkpt lat="48.734259" lon="16.656196"></trkpt>
    <trkpt lat="48.734263" lon="16.656143"></trkpt>
    <trkpt lat="48.734258" lon="16.656090"></trkpt>
    <trkpt lat="48.734238" lon="16.656017"></trkpt>
    <trkpt lat="48.734215" lon="16.655975"></trkpt>
    <trkpt lat="48.734187" lon="16.655942"></trkpt>
    <trkpt lat="48.734162" lon="16.655890"></trkpt>
    <trkpt lat="48.734145" lon="16.655800"></trkpt>
    <trkpt lat="48.734109" lon="16.655378"></trkpt>
    <trkpt lat="48.734117" lon="16.654809"></trkpt>
    <trkpt lat="48.734121" lon="16.654355"></trkpt>
    <trkpt lat="48.734144" lon="16.654056"></trkpt>
    <trkpt lat="48.734174" lon="16.653835"></trkpt>
    <trkpt lat="48.734218" lon="16.653603"></trkpt>
    <trkpt lat="48.734290" lon="16.653332"></trkpt>
    <trkpt lat="48.734374" lon="16.653088"></trkpt>
    <trkpt lat="48.734485" lon="16.652834"></trkpt>
    <trkpt lat="48.734914" lon="16.651991"></trkpt>
    <trkpt lat="48.735139" lon="16.651520"></trkpt>
    <trkpt lat="48.735431" lon="16.650836"></trkpt>
    <trkpt lat="48.735699" lon="16.650131"></trkpt>
    <trkpt lat="48.735945" lon="16.649403"></trkpt>
    <trkpt lat="48.736144" lon="16.648727"></trkpt>
    <trkpt lat="48.736336" lon="16.647968"></trkpt>
    <trkpt lat="48.736510" lon="16.647158"></trkpt>
    <trkpt lat="48.736730" lon="16.646104"></trkpt>
    <trkpt lat="48.736869" lon="16.645522"></trkpt>
    <trkpt lat="48.737012" lon="16.644989"></trkpt>
    <trkpt lat="48.737178" lon="16.644439"></trkpt>
    <trkpt lat="48.737358" lon="16.643911"></trkpt>
    <trkpt lat="48.737511" lon="16.643500"></trkpt>
    <trkpt lat="48.737726" lon="16.642977"></trkpt>
    <trkpt lat="48.737890" lon="16.642618"></trkpt>
    <trkpt lat="48.737946" lon="16.642498"></trkpt>
    <trkpt lat="48.738195" lon="16.642008"></trkpt>
    <trkpt lat="48.738424" lon="16.641604"></trkpt>
    <trkpt lat="48.738702" lon="16.641144"></trkpt>
    <trkpt lat="48.738929" lon="16.640792"></trkpt>
    <trkpt lat="48.739234" lon="16.640356"></trkpt>
    <trkpt lat="48.739530" lon="16.639967"></trkpt>
    <trkpt lat="48.739852" lon="16.639582"></trkpt>
    <trkpt lat="48.740220" lon="16.639185"></trkpt>
    <trkpt lat="48.740562" lon="16.638853"></trkpt>
    <trkpt lat="48.740876" lon="16.638579"></trkpt>
    <trkpt lat="48.741189" lon="16.638323"></trkpt>
    <trkpt lat="48.741519" lon="16.638079"></trkpt>
    <trkpt lat="48.741814" lon="16.637874"></trkpt>
    <trkpt lat="48.742088" lon="16.637708"></trkpt>
    <trkpt lat="48.742455" lon="16.637513"></trkpt>
    <trkpt lat="48.742885" lon="16.637323"></trkpt>
    <trkpt lat="48.743200" lon="16.637205"></trkpt>
    <trkpt lat="48.743443" lon="16.637130"></trkpt>
    <trkpt lat="48.743792" lon="16.637034"></trkpt>
    <trkpt lat="48.744114" lon="16.636962"></trkpt>
    <trkpt lat="48.744530" lon="16.636876"></trkpt>
    <trkpt lat="48.745064" lon="16.636749"></trkpt>
    <trkpt lat="48.745710" lon="16.636591"></trkpt>
    <trkpt lat="48.746078" lon="16.636488"></trkpt>
    <trkpt lat="48.746482" lon="16.636383"></trkpt>
    <trkpt lat="48.747112" lon="16.636234"></trkpt>
    <trkpt lat="48.747642" lon="16.636095"></trkpt>
    <trkpt lat="48.748459" lon="16.635882"></trkpt>
    <trkpt lat="48.749043" lon="16.635740"></trkpt>
    <trkpt lat="48.749745" lon="16.635564"></trkpt>
    <trkpt lat="48.751217" lon="16.635178"></trkpt>
    <trkpt lat="48.751904" lon="16.635006"></trkpt>
    <trkpt lat="48.752346" lon="16.634895"></trkpt>
    <trkpt lat="48.753201" lon="16.634683"></trkpt>
    <trkpt lat="48.753917" lon="16.634512"></trkpt>
    <trkpt lat="48.754375" lon="16.634415"></trkpt>
    <trkpt lat="48.754736" lon="16.634344"></trkpt>
    <trkpt lat="48.755079" lon="16.634296"></trkpt>
    <trkpt lat="48.755673" lon="16.634242"></trkpt>
    <trkpt lat="48.756174" lon="16.634229"></trkpt>
    <trkpt lat="48.756662" lon="16.634243"></trkpt>
    <trkpt lat="48.757124" lon="16.634286"></trkpt>
    <trkpt lat="48.757614" lon="16.634350"></trkpt>
    <trkpt lat="48.758176" lon="16.634468"></trkpt>
    <trkpt lat="48.758722" lon="16.634601"></trkpt>
    <trkpt lat="48.759160" lon="16.634757"></trkpt>
    <trkpt lat="48.759746" lon="16.634991"></trkpt>
    <trkpt lat="48.760331" lon="16.635258"></trkpt>
    <trkpt lat="48.760974" lon="16.635581"></trkpt>
    <trkpt lat="48.761552" lon="16.635888"></trkpt>
    <trkpt lat="48.762830" lon="16.636523"></trkpt>
    <trkpt lat="48.763876" lon="16.637048"></trkpt>
    <trkpt lat="48.764975" lon="16.637587"></trkpt>
    <trkpt lat="48.766002" lon="16.638102"></trkpt>
    <trkpt lat="48.767890" lon="16.639045"></trkpt>
    <trkpt lat="48.769396" lon="16.639802"></trkpt>
    <trkpt lat="48.769633" lon="16.639944"></trkpt>
    <trkpt lat="48.769834" lon="16.640082"></trkpt>
    <trkpt lat="48.769976" lon="16.640177"></trkpt>
    <trkpt lat="48.770128" lon="16.640312"></trkpt>
    <trkpt lat="48.770327" lon="16.640511"></trkpt>
    <trkpt lat="48.770456" lon="16.640656"></trkpt>
    <trkpt lat="48.770608" lon="16.640845"></trkpt>
    <trkpt lat="48.770812" lon="16.641147"></trkpt>
    <trkpt lat="48.770980" lon="16.641389"></trkpt>
    <trkpt lat="48.771028" lon="16.641458"></trkpt>
    <trkpt lat="48.771136" lon="16.641600"></trkpt>
    <trkpt lat="48.771248" lon="16.641736"></trkpt>
    <trkpt lat="48.771442" lon="16.641958"></trkpt>
    <trkpt lat="48.771479" lon="16.641999"></trkpt>
    <trkpt lat="48.771501" lon="16.642040"></trkpt>
    <trkpt lat="48.771521" lon="16.642140"></trkpt>
    <trkpt lat="48.771524" lon="16.642210"></trkpt>
    <trkpt lat="48.771537" lon="16.642277"></trkpt>
    <trkpt lat="48.771563" lon="16.642345"></trkpt>
    <trkpt lat="48.771599" lon="16.642400"></trkpt>
    <trkpt lat="48.771644" lon="16.642440"></trkpt>
    <trkpt lat="48.771698" lon="16.642462"></trkpt>
    <trkpt lat="48.771753" lon="16.642461"></trkpt>
    <trkpt lat="48.771806" lon="16.642438"></trkpt>
    <trkpt lat="48.771853" lon="16.642393"></trkpt>
    <trkpt lat="48.771905" lon="16.642386"></trkpt>
    <trkpt lat="48.771948" lon="16.642388"></trkpt>
    <trkpt lat="48.772014" lon="16.642408"></trkpt>
    <trkpt lat="48.772090" lon="16.642427"></trkpt>
    <trkpt lat="48.772226" lon="16.642431"></trkpt>
    <trkpt lat="48.772314" lon="16.642435"></trkpt>
    <trkpt lat="48.772459" lon="16.642438"></trkpt>
    <trkpt lat="48.772595" lon="16.642407"></trkpt>
    <trkpt lat="48.772711" lon="16.642375"></trkpt>
    <trkpt lat="48.773366" lon="16.642160"></trkpt>
    <trkpt lat="48.774714" lon="16.641772"></trkpt>
    <trkpt lat="48.774937" lon="16.641704"></trkpt>
    <trkpt lat="48.775116" lon="16.641649"></trkpt>
    <trkpt lat="48.775868" lon="16.641429"></trkpt>
    <trkpt lat="48.776529" lon="16.641231"></trkpt>
    <trkpt lat="48.776644" lon="16.641198"></trkpt>
    <trkpt lat="48.776871" lon="16.641138"></trkpt>
    <trkpt lat="48.777276" lon="16.641016"></trkpt>
    <trkpt lat="48.777364" lon="16.640989"></trkpt>
    <trkpt lat="48.777587" lon="16.640919"></trkpt>
    <trkpt lat="48.777678" lon="16.640890"></trkpt>
    <trkpt lat="48.778160" lon="16.640753"></trkpt>
    <trkpt lat="48.778304" lon="16.640714"></trkpt>
    <trkpt lat="48.778351" lon="16.640700"></trkpt>
    <trkpt lat="48.778761" lon="16.640583"></trkpt>
    <trkpt lat="48.779163" lon="16.640458"></trkpt>
    <trkpt lat="48.779672" lon="16.640302"></trkpt>
    <trkpt lat="48.780501" lon="16.640051"></trkpt>
    <trkpt lat="48.781855" lon="16.639659"></trkpt>
    <trkpt lat="48.782725" lon="16.639391"></trkpt>
    <trkpt lat="48.783280" lon="16.639231"></trkpt>
    <trkpt lat="48.785535" lon="16.638566"></trkpt>
    <trkpt lat="48.785749" lon="16.638499"></trkpt>
    <trkpt lat="48.785829" lon="16.638480"></trkpt>
    <trkpt lat="48.785926" lon="16.638452"></trkpt>
    <trkpt lat="48.786189" lon="16.638374"></trkpt>
    <trkpt lat="48.786399" lon="16.638306"></trkpt>
    <trkpt lat="48.786666" lon="16.638208"></trkpt>
    <trkpt lat="48.786924" lon="16.638104"></trkpt>
    <trkpt lat="48.787132" lon="16.638008"></trkpt>
    <trkpt lat="48.787388" lon="16.637890"></trkpt>
    <trkpt lat="48.787675" lon="16.637728"></trkpt>
    <trkpt lat="48.787945" lon="16.637555"></trkpt>
    <trkpt lat="48.788187" lon="16.637397"></trkpt>
    <trkpt lat="48.788432" lon="16.637202"></trkpt>
    <trkpt lat="48.788899" lon="16.636796"></trkpt>
    <trkpt lat="48.788973" lon="16.636733"></trkpt>
    <trkpt lat="48.789498" lon="16.636281"></trkpt>
    <trkpt lat="48.789791" lon="16.636023"></trkpt>
    <trkpt lat="48.790354" lon="16.635537"></trkpt>
    <trkpt lat="48.790464" lon="16.635440"></trkpt>
    <trkpt lat="48.790776" lon="16.635176"></trkpt>
    <trkpt lat="48.790829" lon="16.635130"></trkpt>
    <trkpt lat="48.791411" lon="16.634633"></trkpt>
    <trkpt lat="48.791587" lon="16.634512"></trkpt>
    <trkpt lat="48.791786" lon="16.634371"></trkpt>
    <trkpt lat="48.791945" lon="16.634290"></trkpt>
    <trkpt lat="48.792126" lon="16.634196"></trkpt>
    <trkpt lat="48.792323" lon="16.634116"></trkpt>
    <trkpt lat="48.792508" lon="16.634054"></trkpt>
    <trkpt lat="48.792701" lon="16.634004"></trkpt>
    <trkpt lat="48.792905" lon="16.633964"></trkpt>
    <trkpt lat="48.793055" lon="16.633939"></trkpt>
    <trkpt lat="48.793690" lon="16.633831"></trkpt>
    <trkpt lat="48.794586" lon="16.633697"></trkpt>
    <trkpt lat="48.794817" lon="16.633649"></trkpt>
    <trkpt lat="48.795262" lon="16.633576"></trkpt>
    <trkpt lat="48.795410" lon="16.633551"></trkpt>
    <trkpt lat="48.795852" lon="16.633486"></trkpt>
    <trkpt lat="48.796950" lon="16.633296"></trkpt>
    <trkpt lat="48.797489" lon="16.633203"></trkpt>
    <trkpt lat="48.797674" lon="16.633171"></trkpt>
    <trkpt lat="48.798013" lon="16.633100"></trkpt>
    <trkpt lat="48.798147" lon="16.633062"></trkpt>
    <trkpt lat="48.798281" lon="16.633015"></trkpt>
    <trkpt lat="48.798586" lon="16.632880"></trkpt>
    <trkpt lat="48.798857" lon="16.632732"></trkpt>
    <trkpt lat="48.799157" lon="16.632509"></trkpt>
    <trkpt lat="48.799190" lon="16.632480"></trkpt>
    <trkpt lat="48.799495" lon="16.632219"></trkpt>
    <trkpt lat="48.799621" lon="16.632095"></trkpt>
    <trkpt lat="48.799827" lon="16.631877"></trkpt>
    <trkpt lat="48.799935" lon="16.631739"></trkpt>
    <trkpt lat="48.800037" lon="16.631594"></trkpt>
    <trkpt lat="48.800142" lon="16.631430"></trkpt>
    <trkpt lat="48.800523" lon="16.630777"></trkpt>
    <trkpt lat="48.800641" lon="16.630526"></trkpt>
    <trkpt lat="48.800674" lon="16.630562"></trkpt>
    <trkpt lat="48.800712" lon="16.630580"></trkpt>
    <trkpt lat="48.800752" lon="16.630580"></trkpt>
    <trkpt lat="48.800790" lon="16.630561"></trkpt>
    <trkpt lat="48.800826" lon="16.630521"></trkpt>
    <trkpt lat="48.800851" lon="16.630464"></trkpt>
    <trkpt lat="48.800861" lon="16.630398"></trkpt>
    <trkpt lat="48.800856" lon="16.630330"></trkpt>
    <trkpt lat="48.800837" lon="16.630269"></trkpt>
    <trkpt lat="48.800805" lon="16.630222"></trkpt>
    <trkpt lat="48.800951" lon="16.629942"></trkpt>
    <trkpt lat="48.801487" lon="16.628937"></trkpt>
    <trkpt lat="48.801629" lon="16.628689"></trkpt>
    <trkpt lat="48.801829" lon="16.628372"></trkpt>
    <trkpt lat="48.802023" lon="16.628116"></trkpt>
    <trkpt lat="48.802310" lon="16.627790"></trkpt>
    <trkpt lat="48.802381" lon="16.627713"></trkpt>
    <trkpt lat="48.802506" lon="16.627598"></trkpt>
    <trkpt lat="48.802678" lon="16.627448"></trkpt>
    <trkpt lat="48.802816" lon="16.627339"></trkpt>
    <trkpt lat="48.803031" lon="16.627194"></trkpt>
    <trkpt lat="48.803186" lon="16.627104"></trkpt>
    <trkpt lat="48.803377" lon="16.627015"></trkpt>
    <trkpt lat="48.803667" lon="16.626882"></trkpt>
    <trkpt lat="48.804122" lon="16.626734"></trkpt>
    <trkpt lat="48.804463" lon="16.626661"></trkpt>
    <trkpt lat="48.804798" lon="16.626607"></trkpt>
    <trkpt lat="48.806146" lon="16.626379"></trkpt>
    <trkpt lat="48.806159" lon="16.626443"></trkpt>
    <trkpt lat="48.806185" lon="16.626497"></trkpt>
    <trkpt lat="48.806222" lon="16.626534"></trkpt>
    <trkpt lat="48.806265" lon="16.626550"></trkpt>
    <trkpt lat="48.806309" lon="16.626542"></trkpt>
    <trkpt lat="48.806349" lon="16.626513"></trkpt>
    <trkpt lat="48.806379" lon="16.626465"></trkpt>
    <trkpt lat="48.806397" lon="16.626404"></trkpt>
    <trkpt lat="48.806401" lon="16.626337"></trkpt>
    <trkpt lat="48.810141" lon="16.625746"></trkpt>
    <trkpt lat="48.811918" lon="16.625461"></trkpt>
    <trkpt lat="48.812146" lon="16.625424"></trkpt>
    <trkpt lat="48.812902" lon="16.625300"></trkpt>
    <trkpt lat="48.813853" lon="16.625144"></trkpt>
    <trkpt lat="48.814152" lon="16.625095"></trkpt>
    <trkpt lat="48.814486" lon="16.625004"></trkpt>
    <trkpt lat="48.815047" lon="16.624810"></trkpt>
    <trkpt lat="48.815482" lon="16.624634"></trkpt>
    <trkpt lat="48.815987" lon="16.624280"></trkpt>
    <trkpt lat="48.816642" lon="16.623820"></trkpt>
    <trkpt lat="48.816918" lon="16.623510"></trkpt>
    <trkpt lat="48.817634" lon="16.622707"></trkpt>
    <trkpt lat="48.818871" lon="16.620783"></trkpt>
    <trkpt lat="48.820243" lon="16.619003"></trkpt>
    <trkpt lat="48.821910" lon="16.617417"></trkpt>
    <trkpt lat="48.825855" lon="16.614505"></trkpt>
    <trkpt lat="48.827237" lon="16.613750"></trkpt>
    <trkpt lat="48.827852" lon="16.613414"></trkpt>
    <trkpt lat="48.828819" lon="16.613130"></trkpt>
    <trkpt lat="48.829350" lon="16.612997"></trkpt>
    <trkpt lat="48.829876" lon="16.612892"></trkpt>
    <trkpt lat="48.830741" lon="16.612772"></trkpt>
    <trkpt lat="48.831682" lon="16.612642"></trkpt>
    <trkpt lat="48.832317" lon="16.612554"></trkpt>
    <trkpt lat="48.833792" lon="16.612350"></trkpt>
    <trkpt lat="48.841121" lon="16.611336"></trkpt>
    <trkpt lat="48.841255" lon="16.611318"></trkpt>
    <trkpt lat="48.846513" lon="16.610590"></trkpt>
    <trkpt lat="48.848723" lon="16.610273"></trkpt>
    <trkpt lat="48.850379" lon="16.610049"></trkpt>
    <trkpt lat="48.850682" lon="16.609999"></trkpt>
    <trkpt lat="48.851559" lon="16.609856"></trkpt>
    <trkpt lat="48.852925" lon="16.609641"></trkpt>
    <trkpt lat="48.853823" lon="16.609496"></trkpt>
    <trkpt lat="48.854525" lon="16.609391"></trkpt>
    <trkpt lat="48.854811" lon="16.609348"></trkpt>
    <trkpt lat="48.856479" lon="16.609099"></trkpt>
    <trkpt lat="48.857521" lon="16.608942"></trkpt>
    <trkpt lat="48.858565" lon="16.608778"></trkpt>
    <trkpt lat="48.859508" lon="16.608613"></trkpt>
    <trkpt lat="48.859848" lon="16.608547"></trkpt>
    <trkpt lat="48.860374" lon="16.608451"></trkpt>
    <trkpt lat="48.860851" lon="16.608353"></trkpt>
    <trkpt lat="48.861107" lon="16.608300"></trkpt>
    <trkpt lat="48.861349" lon="16.608268"></trkpt>
    <trkpt lat="48.862193" lon="16.608070"></trkpt>
    <trkpt lat="48.862603" lon="16.607972"></trkpt>
    <trkpt lat="48.863404" lon="16.607795"></trkpt>
    <trkpt lat="48.863778" lon="16.607702"></trkpt>
    <trkpt lat="48.865035" lon="16.607358"></trkpt>
    <trkpt lat="48.865475" lon="16.607212"></trkpt>
    <trkpt lat="48.877201" lon="16.604197"></trkpt>
    <trkpt lat="48.878144" lon="16.603861"></trkpt>
    <trkpt lat="48.878827" lon="16.603603"></trkpt>
    <trkpt lat="48.879498" lon="16.603274"></trkpt>
    <trkpt lat="48.879829" lon="16.603078"></trkpt>
    <trkpt lat="48.880068" lon="16.602939"></trkpt>
    <trkpt lat="48.880461" lon="16.602654"></trkpt>
    <trkpt lat="48.880850" lon="16.602338"></trkpt>
    <trkpt lat="48.881230" lon="16.601986"></trkpt>
    <trkpt lat="48.881595" lon="16.601615"></trkpt>
    <trkpt lat="48.882207" lon="16.600895"></trkpt>
    <trkpt lat="48.882656" lon="16.600287"></trkpt>
    <trkpt lat="48.882867" lon="16.599983"></trkpt>
    <trkpt lat="48.883339" lon="16.599343"></trkpt>
    <trkpt lat="48.887375" lon="16.593467"></trkpt>
    <trkpt lat="48.887914" lon="16.592715"></trkpt>
    <trkpt lat="48.888336" lon="16.592181"></trkpt>
    <trkpt lat="48.888654" lon="16.591817"></trkpt>
    <trkpt lat="48.888903" lon="16.591555"></trkpt>
    <trkpt lat="48.889325" lon="16.591165"></trkpt>
    <trkpt lat="48.889613" lon="16.590910"></trkpt>
    <trkpt lat="48.889911" lon="16.590687"></trkpt>
    <trkpt lat="48.890212" lon="16.590482"></trkpt>
    <trkpt lat="48.890653" lon="16.590213"></trkpt>
    <trkpt lat="48.891269" lon="16.589894"></trkpt>
    <trkpt lat="48.891750" lon="16.589673"></trkpt>
    <trkpt lat="48.892051" lon="16.589534"></trkpt>
    <trkpt lat="48.892947" lon="16.589123"></trkpt>
    <trkpt lat="48.893905" lon="16.588719"></trkpt>
    <trkpt lat="48.893978" lon="16.588687"></trkpt>
    <trkpt lat="48.894477" lon="16.588465"></trkpt>
    <trkpt lat="48.895386" lon="16.588060"></trkpt>
    <trkpt lat="48.901407" lon="16.585405"></trkpt>
    <trkpt lat="48.901747" lon="16.585223"></trkpt>
    <trkpt lat="48.901961" lon="16.585094"></trkpt>
    <trkpt lat="48.902281" lon="16.584874"></trkpt>
    <trkpt lat="48.902459" lon="16.584735"></trkpt>
    <trkpt lat="48.902784" lon="16.584458"></trkpt>
    <trkpt lat="48.903073" lon="16.584126"></trkpt>
    <trkpt lat="48.903251" lon="16.583901"></trkpt>
    <trkpt lat="48.903507" lon="16.583528"></trkpt>
    <trkpt lat="48.903670" lon="16.583251"></trkpt>
    <trkpt lat="48.903863" lon="16.582897"></trkpt>
    <trkpt lat="48.904083" lon="16.582391"></trkpt>
    <trkpt lat="48.904230" lon="16.581981"></trkpt>
    <trkpt lat="48.904374" lon="16.581524"></trkpt>
    <trkpt lat="48.904531" lon="16.580928"></trkpt>
    <trkpt lat="48.904671" lon="16.580318"></trkpt>
    <trkpt lat="48.904809" lon="16.579663"></trkpt>
    <trkpt lat="48.904908" lon="16.579197"></trkpt>
    <trkpt lat="48.905050" lon="16.578502"></trkpt>
    <trkpt lat="48.905279" lon="16.577705"></trkpt>
    <trkpt lat="48.905348" lon="16.577421"></trkpt>
    <trkpt lat="48.905666" lon="16.576084"></trkpt>
    <trkpt lat="48.905845" lon="16.575556"></trkpt>
    <trkpt lat="48.905966" lon="16.575229"></trkpt>
    <trkpt lat="48.906124" lon="16.574839"></trkpt>
    <trkpt lat="48.906294" lon="16.574470"></trkpt>
    <trkpt lat="48.906645" lon="16.573781"></trkpt>
    <trkpt lat="48.907022" lon="16.573171"></trkpt>
    <trkpt lat="48.907358" lon="16.572685"></trkpt>
    <trkpt lat="48.907820" lon="16.572105"></trkpt>
    <trkpt lat="48.908358" lon="16.571548"></trkpt>
    <trkpt lat="48.908904" lon="16.571053"></trkpt>
    <trkpt lat="48.911901" lon="16.568661"></trkpt>
    <trkpt lat="48.912589" lon="16.568090"></trkpt>
    <trkpt lat="48.913216" lon="16.567526"></trkpt>
    <trkpt lat="48.913845" lon="16.566853"></trkpt>
    <trkpt lat="48.914289" lon="16.566316"></trkpt>
    <trkpt lat="48.914721" lon="16.565719"></trkpt>
    <trkpt lat="48.915163" lon="16.565006"></trkpt>
    <trkpt lat="48.915583" lon="16.564228"></trkpt>
    <trkpt lat="48.917350" lon="16.560746"></trkpt>
    <trkpt lat="48.917662" lon="16.560146"></trkpt>
    <trkpt lat="48.918200" lon="16.559115"></trkpt>
    <trkpt lat="48.918546" lon="16.558423"></trkpt>
    <trkpt lat="48.919083" lon="16.557349"></trkpt>
    <trkpt lat="48.919530" lon="16.556427"></trkpt>
    <trkpt lat="48.920094" lon="16.555317"></trkpt>
    <trkpt lat="48.920805" lon="16.553925"></trkpt>
    <trkpt lat="48.921154" lon="16.553241"></trkpt>
    <trkpt lat="48.921676" lon="16.552200"></trkpt>
    <trkpt lat="48.922217" lon="16.551127"></trkpt>
    <trkpt lat="48.922715" lon="16.550151"></trkpt>
    <trkpt lat="48.923683" lon="16.548217"></trkpt>
    <trkpt lat="48.923993" lon="16.547597"></trkpt>
    <trkpt lat="48.924543" lon="16.546489"></trkpt>
    <trkpt lat="48.928394" lon="16.538734"></trkpt>
    <trkpt lat="48.929550" lon="16.536415"></trkpt>
    <trkpt lat="48.929867" lon="16.535779"></trkpt>
    <trkpt lat="48.930133" lon="16.535318"></trkpt>
    <trkpt lat="48.930414" lon="16.534889"></trkpt>
    <trkpt lat="48.930726" lon="16.534518"></trkpt>
    <trkpt lat="48.931043" lon="16.534198"></trkpt>
    <trkpt lat="48.931388" lon="16.533883"></trkpt>
    <trkpt lat="48.931761" lon="16.533621"></trkpt>
    <trkpt lat="48.932157" lon="16.533401"></trkpt>
    <trkpt lat="48.932540" lon="16.533251"></trkpt>
    <trkpt lat="48.933005" lon="16.533130"></trkpt>
    <trkpt lat="48.933432" lon="16.533097"></trkpt>
    <trkpt lat="48.933780" lon="16.533090"></trkpt>
    <trkpt lat="48.934513" lon="16.533220"></trkpt>
    <trkpt lat="48.935082" lon="16.533350"></trkpt>
    <trkpt lat="48.935532" lon="16.533445"></trkpt>
    <trkpt lat="48.936081" lon="16.533542"></trkpt>
    <trkpt lat="48.936804" lon="16.533589"></trkpt>
    <trkpt lat="48.937528" lon="16.533566"></trkpt>
    <trkpt lat="48.938083" lon="16.533496"></trkpt>
    <trkpt lat="48.938635" lon="16.533393"></trkpt>
    <trkpt lat="48.939171" lon="16.533246"></trkpt>
    <trkpt lat="48.939555" lon="16.533128"></trkpt>
    <trkpt lat="48.939784" lon="16.533034"></trkpt>
    <trkpt lat="48.940762" lon="16.532571"></trkpt>
    <trkpt lat="48.941500" lon="16.532123"></trkpt>
    <trkpt lat="48.942451" lon="16.531362"></trkpt>
    <trkpt lat="48.942994" lon="16.530888"></trkpt>
    <trkpt lat="48.943886" lon="16.529883"></trkpt>
    <trkpt lat="48.944512" lon="16.529098"></trkpt>
    <trkpt lat="48.946130" lon="16.526938"></trkpt>
    <trkpt lat="48.946580" lon="16.526401"></trkpt>
    <trkpt lat="48.947187" lon="16.525739"></trkpt>
    <trkpt lat="48.947807" lon="16.525154"></trkpt>
    <trkpt lat="48.948421" lon="16.524646"></trkpt>
    <trkpt lat="48.948913" lon="16.524301"></trkpt>
    <trkpt lat="48.949149" lon="16.524146"></trkpt>
    <trkpt lat="48.949397" lon="16.523998"></trkpt>
    <trkpt lat="48.949917" lon="16.523712"></trkpt>
    <trkpt lat="48.950248" lon="16.523553"></trkpt>
    <trkpt lat="48.950873" lon="16.523303"></trkpt>
    <trkpt lat="48.951157" lon="16.523189"></trkpt>
    <trkpt lat="48.951670" lon="16.523020"></trkpt>
    <trkpt lat="48.955329" lon="16.521923"></trkpt>
    <trkpt lat="48.957627" lon="16.521227"></trkpt>
    <trkpt lat="48.958960" lon="16.520828"></trkpt>
    <trkpt lat="48.959038" lon="16.520807"></trkpt>
    <trkpt lat="48.959364" lon="16.520720"></trkpt>
    <trkpt lat="48.959762" lon="16.520640"></trkpt>
    <trkpt lat="48.960328" lon="16.520533"></trkpt>
    <trkpt lat="48.960721" lon="16.520534"></trkpt>
    <trkpt lat="48.961113" lon="16.520514"></trkpt>
    <trkpt lat="48.961776" lon="16.520492"></trkpt>
    <trkpt lat="48.962192" lon="16.520504"></trkpt>
    <trkpt lat="48.962557" lon="16.520524"></trkpt>
    <trkpt lat="48.962848" lon="16.520539"></trkpt>
    <trkpt lat="48.963158" lon="16.520587"></trkpt>
    <trkpt lat="48.963511" lon="16.520640"></trkpt>
    <trkpt lat="48.963940" lon="16.520736"></trkpt>
    <trkpt lat="48.964184" lon="16.520801"></trkpt>
    <trkpt lat="48.964456" lon="16.520875"></trkpt>
    <trkpt lat="48.964767" lon="16.520979"></trkpt>
    <trkpt lat="48.965251" lon="16.521160"></trkpt>
    <trkpt lat="48.965696" lon="16.521360"></trkpt>
    <trkpt lat="48.966062" lon="16.521546"></trkpt>
    <trkpt lat="48.966533" lon="16.521807"></trkpt>
    <trkpt lat="48.966989" lon="16.522086"></trkpt>
    <trkpt lat="48.967468" lon="16.522430"></trkpt>
    <trkpt lat="48.967944" lon="16.522799"></trkpt>
    <trkpt lat="48.968228" lon="16.523043"></trkpt>
    <trkpt lat="48.968516" lon="16.523304"></trkpt>
    <trkpt lat="48.968955" lon="16.523731"></trkpt>
    <trkpt lat="48.969418" lon="16.524230"></trkpt>
    <trkpt lat="48.970065" lon="16.525008"></trkpt>
    <trkpt lat="48.970296" lon="16.525306"></trkpt>
    <trkpt lat="48.970593" lon="16.525714"></trkpt>
    <trkpt lat="48.970915" lon="16.526186"></trkpt>
    <trkpt lat="48.971012" lon="16.526328"></trkpt>
    <trkpt lat="48.971176" lon="16.526581"></trkpt>
    <trkpt lat="48.971733" lon="16.527455"></trkpt>
    <trkpt lat="48.972308" lon="16.528402"></trkpt>
    <trkpt lat="48.972829" lon="16.529292"></trkpt>
    <trkpt lat="48.973045" lon="16.529663"></trkpt>
    <trkpt lat="48.973633" lon="16.530652"></trkpt>
    <trkpt lat="48.974194" lon="16.531569"></trkpt>
    <trkpt lat="48.974720" lon="16.532407"></trkpt>
    <trkpt lat="48.975030" lon="16.532887"></trkpt>
    <trkpt lat="48.975508" lon="16.533610"></trkpt>
    <trkpt lat="48.976150" lon="16.534522"></trkpt>
    <trkpt lat="48.976833" lon="16.535439"></trkpt>
    <trkpt lat="48.977575" lon="16.536381"></trkpt>
    <trkpt lat="48.978092" lon="16.537000"></trkpt>
    <trkpt lat="48.978166" lon="16.537094"></trkpt>
    <trkpt lat="48.979006" lon="16.538057"></trkpt>
    <trkpt lat="48.980216" lon="16.539304"></trkpt>
    <trkpt lat="48.980933" lon="16.539995"></trkpt>
    <trkpt lat="48.981575" lon="16.540570"></trkpt>
    <trkpt lat="48.982709" lon="16.541512"></trkpt>
    <trkpt lat="48.983029" lon="16.541769"></trkpt>
    <trkpt lat="48.983710" lon="16.542308"></trkpt>
    <trkpt lat="48.984448" lon="16.542876"></trkpt>
    <trkpt lat="48.985054" lon="16.543311"></trkpt>
    <trkpt lat="48.985623" lon="16.543707"></trkpt>
    <trkpt lat="48.987993" lon="16.545223"></trkpt>
    <trkpt lat="48.989248" lon="16.545919"></trkpt>
    <trkpt lat="48.989727" lon="16.546180"></trkpt>
    <trkpt lat="48.989924" lon="16.546280"></trkpt>
    <trkpt lat="48.990926" lon="16.546789"></trkpt>
    <trkpt lat="48.991272" lon="16.546949"></trkpt>
    <trkpt lat="48.991730" lon="16.547151"></trkpt>
    <trkpt lat="48.991808" lon="16.547185"></trkpt>
    <trkpt lat="48.992171" lon="16.547343"></trkpt>
    <trkpt lat="48.992911" lon="16.547652"></trkpt>
    <trkpt lat="48.993912" lon="16.548025"></trkpt>
    <trkpt lat="48.994865" lon="16.548347"></trkpt>
    <trkpt lat="48.995464" lon="16.548525"></trkpt>
    <trkpt lat="48.995897" lon="16.548639"></trkpt>
    <trkpt lat="48.996604" lon="16.548819"></trkpt>
    <trkpt lat="48.997275" lon="16.548967"></trkpt>
    <trkpt lat="48.997756" lon="16.549056"></trkpt>
    <trkpt lat="48.998607" lon="16.549204"></trkpt>
    <trkpt lat="48.998723" lon="16.549222"></trkpt>
    <trkpt lat="48.999868" lon="16.549382"></trkpt>
    <trkpt lat="49.000651" lon="16.549462"></trkpt>
    <trkpt lat="49.001294" lon="16.549514"></trkpt>
    <trkpt lat="49.002618" lon="16.549590"></trkpt>
    <trkpt lat="49.004412" lon="16.549636"></trkpt>
    <trkpt lat="49.006666" lon="16.549605"></trkpt>
    <trkpt lat="49.007525" lon="16.549574"></trkpt>
    <trkpt lat="49.008035" lon="16.549547"></trkpt>
    <trkpt lat="49.008754" lon="16.549501"></trkpt>
    <trkpt lat="49.009627" lon="16.549439"></trkpt>
    <trkpt lat="49.010524" lon="16.549361"></trkpt>
    <trkpt lat="49.011817" lon="16.549227"></trkpt>
    <trkpt lat="49.012973" lon="16.549073"></trkpt>
    <trkpt lat="49.014745" lon="16.548801"></trkpt>
    <trkpt lat="49.016307" lon="16.548522"></trkpt>
    <trkpt lat="49.017280" lon="16.548329"></trkpt>
    <trkpt lat="49.018441" lon="16.548106"></trkpt>
    <trkpt lat="49.019682" lon="16.547829"></trkpt>
    <trkpt lat="49.020954" lon="16.547536"></trkpt>
    <trkpt lat="49.022083" lon="16.547263"></trkpt>
    <trkpt lat="49.024156" lon="16.546746"></trkpt>
    <trkpt lat="49.026519" lon="16.546134"></trkpt>
    <trkpt lat="49.029049" lon="16.545479"></trkpt>
    <trkpt lat="49.030489" lon="16.545117"></trkpt>
    <trkpt lat="49.031795" lon="16.544800"></trkpt>
    <trkpt lat="49.033366" lon="16.544444"></trkpt>
    <trkpt lat="49.034301" lon="16.544247"></trkpt>
    <trkpt lat="49.035337" lon="16.544046"></trkpt>
    <trkpt lat="49.036316" lon="16.543872"></trkpt>
    <trkpt lat="49.037056" lon="16.543753"></trkpt>
    <trkpt lat="49.037780" lon="16.543651"></trkpt>
    <trkpt lat="49.039181" lon="16.543481"></trkpt>
    <trkpt lat="49.040040" lon="16.543404"></trkpt>
    <trkpt lat="49.040433" lon="16.543369"></trkpt>
    <trkpt lat="49.041088" lon="16.543328"></trkpt>
    <trkpt lat="49.041654" lon="16.543312"></trkpt>
    <trkpt lat="49.042552" lon="16.543290"></trkpt>
    <trkpt lat="49.043426" lon="16.543297"></trkpt>
    <trkpt lat="49.044393" lon="16.543325"></trkpt>
    <trkpt lat="49.045413" lon="16.543383"></trkpt>
    <trkpt lat="49.045994" lon="16.543429"></trkpt>
    <trkpt lat="49.046504" lon="16.543481"></trkpt>
    <trkpt lat="49.047395" lon="16.543581"></trkpt>
    <trkpt lat="49.048394" lon="16.543725"></trkpt>
    <trkpt lat="49.049170" lon="16.543853"></trkpt>
    <trkpt lat="49.050054" lon="16.544026"></trkpt>
    <trkpt lat="49.050722" lon="16.544164"></trkpt>
    <trkpt lat="49.051193" lon="16.544274"></trkpt>
    <trkpt lat="49.051802" lon="16.544423"></trkpt>
    <trkpt lat="49.052306" lon="16.544557"></trkpt>
    <trkpt lat="49.052834" lon="16.544699"></trkpt>
    <trkpt lat="49.053703" lon="16.544961"></trkpt>
    <trkpt lat="49.054655" lon="16.545275"></trkpt>
    <trkpt lat="49.055456" lon="16.545557"></trkpt>
    <trkpt lat="49.056542" lon="16.545970"></trkpt>
    <trkpt lat="49.056818" lon="16.546088"></trkpt>
    <trkpt lat="49.056908" lon="16.546123"></trkpt>
    <trkpt lat="49.057321" lon="16.546294"></trkpt>
    <trkpt lat="49.057909" lon="16.546549"></trkpt>
    <trkpt lat="49.058000" lon="16.546588"></trkpt>
    <trkpt lat="49.058851" lon="16.546973"></trkpt>
    <trkpt lat="49.060153" lon="16.547656"></trkpt>
    <trkpt lat="49.060749" lon="16.547998"></trkpt>
    <trkpt lat="49.061294" lon="16.548335"></trkpt>
    <trkpt lat="49.061616" lon="16.548545"></trkpt>
    <trkpt lat="49.062003" lon="16.548785"></trkpt>
    <trkpt lat="49.063045" lon="16.549521"></trkpt>
    <trkpt lat="49.063515" lon="16.549875"></trkpt>
    <trkpt lat="49.063813" lon="16.550102"></trkpt>
    <trkpt lat="49.064354" lon="16.550537"></trkpt>
    <trkpt lat="49.064650" lon="16.550785"></trkpt>
    <trkpt lat="49.064749" lon="16.550865"></trkpt>
    <trkpt lat="49.065331" lon="16.551381"></trkpt>
    <trkpt lat="49.065764" lon="16.551752"></trkpt>
    <trkpt lat="49.066308" lon="16.552230"></trkpt>
    <trkpt lat="49.067141" lon="16.552974"></trkpt>
    <trkpt lat="49.068539" lon="16.554232"></trkpt>
    <trkpt lat="49.069584" lon="16.555172"></trkpt>
    <trkpt lat="49.071463" lon="16.556893"></trkpt>
    <trkpt lat="49.072479" lon="16.557824"></trkpt>
    <trkpt lat="49.074560" lon="16.559762"></trkpt>
    <trkpt lat="49.075026" lon="16.560184"></trkpt>
    <trkpt lat="49.075573" lon="16.560719"></trkpt>
    <trkpt lat="49.076030" lon="16.561176"></trkpt>
    <trkpt lat="49.076892" lon="16.562090"></trkpt>
    <trkpt lat="49.077586" lon="16.562868"></trkpt>
    <trkpt lat="49.077905" lon="16.563252"></trkpt>
    <trkpt lat="49.078456" lon="16.563941"></trkpt>
    <trkpt lat="49.078970" lon="16.564610"></trkpt>
    <trkpt lat="49.079475" lon="16.565303"></trkpt>
    <trkpt lat="49.079687" lon="16.565603"></trkpt>
    <trkpt lat="49.080067" lon="16.566155"></trkpt>
    <trkpt lat="49.080702" lon="16.567158"></trkpt>
    <trkpt lat="49.080986" lon="16.567620"></trkpt>
    <trkpt lat="49.081293" lon="16.568136"></trkpt>
    <trkpt lat="49.081703" lon="16.568859"></trkpt>
    <trkpt lat="49.082280" lon="16.569945"></trkpt>
    <trkpt lat="49.082700" lon="16.570787"></trkpt>
    <trkpt lat="49.083047" lon="16.571509"></trkpt>
    <trkpt lat="49.083515" lon="16.572547"></trkpt>
    <trkpt lat="49.083864" lon="16.573373"></trkpt>
    <trkpt lat="49.084247" lon="16.574325"></trkpt>
    <trkpt lat="49.084681" lon="16.575487"></trkpt>
    <trkpt lat="49.085067" lon="16.576593"></trkpt>
    <trkpt lat="49.085419" lon="16.577680"></trkpt>
    <trkpt lat="49.086605" lon="16.581528"></trkpt>
    <trkpt lat="49.087197" lon="16.583342"></trkpt>
    <trkpt lat="49.087572" lon="16.584432"></trkpt>
    <trkpt lat="49.087739" lon="16.584897"></trkpt>
    <trkpt lat="49.087785" lon="16.585025"></trkpt>
    <trkpt lat="49.087808" lon="16.585086"></trkpt>
    <trkpt lat="49.088102" lon="16.585886"></trkpt>
    <trkpt lat="49.088277" lon="16.586330"></trkpt>
    <trkpt lat="49.088505" lon="16.586892"></trkpt>
    <trkpt lat="49.088645" lon="16.587226"></trkpt>
    <trkpt lat="49.088944" lon="16.587915"></trkpt>
    <trkpt lat="49.089221" lon="16.588514"></trkpt>
    <trkpt lat="49.089409" lon="16.588909"></trkpt>
    <trkpt lat="49.089608" lon="16.589317"></trkpt>
    <trkpt lat="49.089795" lon="16.589688"></trkpt>
    <trkpt lat="49.090128" lon="16.590325"></trkpt>
    <trkpt lat="49.090353" lon="16.590735"></trkpt>
    <trkpt lat="49.090723" lon="16.591387"></trkpt>
    <trkpt lat="49.091101" lon="16.592027"></trkpt>
    <trkpt lat="49.091420" lon="16.592527"></trkpt>
    <trkpt lat="49.091742" lon="16.593021"></trkpt>
    <trkpt lat="49.092086" lon="16.593528"></trkpt>
    <trkpt lat="49.092294" lon="16.593825"></trkpt>
    <trkpt lat="49.092562" lon="16.594193"></trkpt>
    <trkpt lat="49.092802" lon="16.594518"></trkpt>
    <trkpt lat="49.093123" lon="16.594936"></trkpt>
    <trkpt lat="49.093382" lon="16.595259"></trkpt>
    <trkpt lat="49.093678" lon="16.595618"></trkpt>
    <trkpt lat="49.093983" lon="16.595975"></trkpt>
    <trkpt lat="49.094498" lon="16.596543"></trkpt>
    <trkpt lat="49.094585" lon="16.596640"></trkpt>
    <trkpt lat="49.094617" lon="16.596675"></trkpt>
    <trkpt lat="49.095290" lon="16.597371"></trkpt>
    <trkpt lat="49.095755" lon="16.597826"></trkpt>
    <trkpt lat="49.096355" lon="16.598362"></trkpt>
    <trkpt lat="49.097044" lon="16.598946"></trkpt>
    <trkpt lat="49.097643" lon="16.599410"></trkpt>
    <trkpt lat="49.098332" lon="16.599938"></trkpt>
    <trkpt lat="49.098691" lon="16.600228"></trkpt>
    <trkpt lat="49.098843" lon="16.600338"></trkpt>
    <trkpt lat="49.099850" lon="16.601074"></trkpt>
    <trkpt lat="49.100366" lon="16.601436"></trkpt>
    <trkpt lat="49.100787" lon="16.601729"></trkpt>
    <trkpt lat="49.101541" lon="16.602198"></trkpt>
    <trkpt lat="49.101957" lon="16.602442"></trkpt>
    <trkpt lat="49.102701" lon="16.602885"></trkpt>
    <trkpt lat="49.103400" lon="16.603208"></trkpt>
    <trkpt lat="49.103759" lon="16.603368"></trkpt>
    <trkpt lat="49.104465" lon="16.603682"></trkpt>
    <trkpt lat="49.105356" lon="16.604031"></trkpt>
    <trkpt lat="49.105670" lon="16.604150"></trkpt>
    <trkpt lat="49.106022" lon="16.604256"></trkpt>
    <trkpt lat="49.107152" lon="16.604581"></trkpt>
    <trkpt lat="49.107734" lon="16.604706"></trkpt>
    <trkpt lat="49.108354" lon="16.604830"></trkpt>
    <trkpt lat="49.108682" lon="16.604889"></trkpt>
    <trkpt lat="49.109085" lon="16.604953"></trkpt>
    <trkpt lat="49.109403" lon="16.604997"></trkpt>
    <trkpt lat="49.110090" lon="16.605062"></trkpt>
    <trkpt lat="49.110519" lon="16.605098"></trkpt>
    <trkpt lat="49.111384" lon="16.605122"></trkpt>
    <trkpt lat="49.112039" lon="16.605118"></trkpt>
    <trkpt lat="49.113106" lon="16.605070"></trkpt>
    <trkpt lat="49.113717" lon="16.605022"></trkpt>
    <trkpt lat="49.119180" lon="16.604514"></trkpt>
    <trkpt lat="49.122071" lon="16.604291"></trkpt>
    <trkpt lat="49.122946" lon="16.604210"></trkpt>
    <trkpt lat="49.123086" lon="16.604197"></trkpt>
    <trkpt lat="49.123861" lon="16.604128"></trkpt>
    <trkpt lat="49.125356" lon="16.603997"></trkpt>
    <trkpt lat="49.126293" lon="16.603939"></trkpt>
    <trkpt lat="49.126588" lon="16.603926"></trkpt>
    <trkpt lat="49.127526" lon="16.603888"></trkpt>
    <trkpt lat="49.127820" lon="16.603880"></trkpt>
    <trkpt lat="49.128885" lon="16.603868"></trkpt>
    <trkpt lat="49.129353" lon="16.603871"></trkpt>
    <trkpt lat="49.129489" lon="16.603872"></trkpt>
    <trkpt lat="49.131901" lon="16.603907"></trkpt>
    <trkpt lat="49.133713" lon="16.603903"></trkpt>
    <trkpt lat="49.135876" lon="16.603745"></trkpt>
    <trkpt lat="49.136315" lon="16.603724"></trkpt>
    <trkpt lat="49.138211" lon="16.603470"></trkpt>
    <trkpt lat="49.147472" lon="16.601937"></trkpt>
    <trkpt lat="49.154336" lon="16.600726"></trkpt>
    <trkpt lat="49.155937" lon="16.600455"></trkpt>
    <trkpt lat="49.156895" lon="16.600292"></trkpt>
    <trkpt lat="49.157305" lon="16.600214"></trkpt>
    <trkpt lat="49.157599" lon="16.600167"></trkpt>
    <trkpt lat="49.157685" lon="16.600153"></trkpt>
    <trkpt lat="49.159240" lon="16.599876"></trkpt>
    <trkpt lat="49.159559" lon="16.599824"></trkpt>
    <trkpt lat="49.160179" lon="16.599718"></trkpt>
    <trkpt lat="49.160965" lon="16.599585"></trkpt>
    <trkpt lat="49.161318" lon="16.599525"></trkpt>
    <trkpt lat="49.162643" lon="16.599327"></trkpt>
    <trkpt lat="49.162997" lon="16.599282"></trkpt>
    <trkpt lat="49.163821" lon="16.599172"></trkpt>
    <trkpt lat="49.164618" lon="16.599083"></trkpt>
    <trkpt lat="49.164747" lon="16.599074"></trkpt>
    <trkpt lat="49.165181" lon="16.599046"></trkpt>
    <trkpt lat="49.165608" lon="16.599021"></trkpt>
    <trkpt lat="49.165670" lon="16.599017"></trkpt>
    <trkpt lat="49.166155" lon="16.598985"></trkpt>
    <trkpt lat="49.167211" lon="16.598914"></trkpt>
    <trkpt lat="49.167582" lon="16.598947"></trkpt>
    <trkpt lat="49.168603" lon="16.598998"></trkpt>
    <trkpt lat="49.169080" lon="16.599120"></trkpt>
    <trkpt lat="49.169503" lon="16.599279"></trkpt>
    <trkpt lat="49.169983" lon="16.599509"></trkpt>
    <trkpt lat="49.170464" lon="16.599859"></trkpt>
    <trkpt lat="49.170923" lon="16.600194"></trkpt>
    <trkpt lat="49.172143" lon="16.601269"></trkpt>
    <trkpt lat="49.172215" lon="16.601332"></trkpt>
    <trkpt lat="49.172640" lon="16.601644"></trkpt>
    <trkpt lat="49.172798" lon="16.601748"></trkpt>
    <trkpt lat="49.173241" lon="16.601974"></trkpt>
    <trkpt lat="49.173626" lon="16.602136"></trkpt>
    <trkpt lat="49.173732" lon="16.602180"></trkpt>
    <trkpt lat="49.174546" lon="16.602494"></trkpt>
    <trkpt lat="49.175120" lon="16.602725"></trkpt>
    <trkpt lat="49.175204" lon="16.602759"></trkpt>
    <trkpt lat="49.175271" lon="16.602786"></trkpt>
    <trkpt lat="49.175480" lon="16.602862"></trkpt>
    <trkpt lat="49.175889" lon="16.603038"></trkpt>
    <trkpt lat="49.176366" lon="16.603219"></trkpt>
    <trkpt lat="49.177531" lon="16.603645"></trkpt>
    <trkpt lat="49.177660" lon="16.603695"></trkpt>
    <trkpt lat="49.177855" lon="16.603772"></trkpt>
    <trkpt lat="49.178064" lon="16.603837"></trkpt>
    <trkpt lat="49.178213" lon="16.603867"></trkpt>
    <trkpt lat="49.178332" lon="16.603888"></trkpt>
    <trkpt lat="49.178581" lon="16.603913"></trkpt>
    <trkpt lat="49.178945" lon="16.603909"></trkpt>
    <trkpt lat="49.179341" lon="16.603869"></trkpt>
    <trkpt lat="49.179550" lon="16.603842"></trkpt>
    <trkpt lat="49.179977" lon="16.603762"></trkpt>
    <trkpt lat="49.180146" lon="16.603757"></trkpt>
    <trkpt lat="49.180427" lon="16.603764"></trkpt>
    <trkpt lat="49.180476" lon="16.603764"></trkpt>
    <trkpt lat="49.180891" lon="16.603789"></trkpt>
    <trkpt lat="49.181311" lon="16.603824"></trkpt>
    <trkpt lat="49.181415" lon="16.603849"></trkpt>
    <trkpt lat="49.181728" lon="16.603922"></trkpt>
    <trkpt lat="49.182261" lon="16.604137"></trkpt>
    <trkpt lat="49.182365" lon="16.604180"></trkpt>
    <trkpt lat="49.183115" lon="16.604448"></trkpt>
    <trkpt lat="49.183400" lon="16.604549"></trkpt>
    <trkpt lat="49.183491" lon="16.604583"></trkpt>
    <trkpt lat="49.183606" lon="16.604613"></trkpt>
    <trkpt lat="49.183632" lon="16.604621"></trkpt>
    <trkpt lat="49.183681" lon="16.604617"></trkpt>
    <trkpt lat="49.183722" lon="16.604567"></trkpt>
    <trkpt lat="49.183769" lon="16.604315"></trkpt>
    <trkpt lat="49.183956" lon="16.603637"></trkpt>
    <trkpt lat="49.184023" lon="16.603472"></trkpt>
    <trkpt lat="49.184119" lon="16.603246"></trkpt>
    <trkpt lat="49.184370" lon="16.602751"></trkpt>
    <trkpt lat="49.184438" lon="16.602602"></trkpt>
    <trkpt lat="49.184570" lon="16.602728"></trkpt>
    <trkpt lat="49.184621" lon="16.602775"></trkpt>
    <trkpt lat="49.184684" lon="16.602837"></trkpt>
    <trkpt lat="49.185330" lon="16.603469"></trkpt>
    <trkpt lat="49.185413" lon="16.603561"></trkpt>
    <trkpt lat="49.185817" lon="16.603975"></trkpt>
    <trkpt lat="49.186541" lon="16.604767"></trkpt>
    <trkpt lat="49.186634" lon="16.604870"></trkpt>
    <trkpt lat="49.187220" lon="16.605522"></trkpt>
    <trkpt lat="49.187261" lon="16.605567"></trkpt>
    <trkpt lat="49.187406" lon="16.605729"></trkpt>
    <trkpt lat="49.187547" lon="16.605885"></trkpt>
    <trkpt lat="49.187653" lon="16.606004"></trkpt>
    <trkpt lat="49.187896" lon="16.606274"></trkpt>
    <trkpt lat="49.188292" lon="16.606801"></trkpt>
    <trkpt lat="49.188326" lon="16.606845"></trkpt>
    <trkpt lat="49.188363" lon="16.606896"></trkpt>
    <trkpt lat="49.188413" lon="16.606969"></trkpt>
    <trkpt lat="49.188451" lon="16.607025"></trkpt>
    <trkpt lat="49.188546" lon="16.607164"></trkpt>
    <trkpt lat="49.188577" lon="16.607209"></trkpt>
    <trkpt lat="49.188664" lon="16.607347"></trkpt>
    <trkpt lat="49.188750" lon="16.607475"></trkpt>
    <trkpt lat="49.188937" lon="16.607715"></trkpt>
    <trkpt lat="49.188945" lon="16.607726"></trkpt>
    <trkpt lat="49.188970" lon="16.607758"></trkpt>
    <trkpt lat="49.189086" lon="16.607886"></trkpt>
    <trkpt lat="49.189198" lon="16.608013"></trkpt>
    <trkpt lat="49.189357" lon="16.608204"></trkpt>
    <trkpt lat="49.189587" lon="16.608495"></trkpt>
    <trkpt lat="49.189596" lon="16.608506"></trkpt>
    <trkpt lat="49.189618" lon="16.608531"></trkpt>
    <trkpt lat="49.189692" lon="16.608594"></trkpt>
    <trkpt lat="49.189729" lon="16.608609"></trkpt>
    <trkpt lat="49.189777" lon="16.608614"></trkpt>
    <trkpt lat="49.189815" lon="16.608611"></trkpt>
    <trkpt lat="49.189866" lon="16.608589"></trkpt>
    <trkpt lat="49.189895" lon="16.608559"></trkpt>
    <trkpt lat="49.189925" lon="16.608482"></trkpt>
    <trkpt lat="49.189965" lon="16.608338"></trkpt>
    <trkpt lat="49.189979" lon="16.608274"></trkpt>
    <trkpt lat="49.190013" lon="16.608124"></trkpt>
    <trkpt lat="49.190048" lon="16.607974"></trkpt>
    <trkpt lat="49.190205" lon="16.607231"></trkpt>
    <trkpt lat="49.190236" lon="16.607018"></trkpt>
    <trkpt lat="49.190263" lon="16.606485"></trkpt>
    <trkpt lat="49.190285" lon="16.606271"></trkpt>
    <trkpt lat="49.190316" lon="16.606098"></trkpt>
    <trkpt lat="49.190347" lon="16.605935"></trkpt>
    <trkpt lat="49.190398" lon="16.605742"></trkpt>
    <trkpt lat="49.190455" lon="16.605545"></trkpt>
    <trkpt lat="49.190488" lon="16.605430"></trkpt>
    <trkpt lat="49.190522" lon="16.605323"></trkpt>
    <trkpt lat="49.190553" lon="16.605258"></trkpt>
    <trkpt lat="49.190589" lon="16.605192"></trkpt>
    <trkpt lat="49.190618" lon="16.605146"></trkpt>
    <trkpt lat="49.190654" lon="16.605104"></trkpt>
    <trkpt lat="49.190703" lon="16.605058"></trkpt>
    <trkpt lat="49.190751" lon="16.605026"></trkpt>
    <trkpt lat="49.190799" lon="16.605001"></trkpt>
    <trkpt lat="49.190861" lon="16.604982"></trkpt>
    <trkpt lat="49.190926" lon="16.604974"></trkpt>
    <trkpt lat="49.190989" lon="16.604977"></trkpt>
    <trkpt lat="49.191036" lon="16.604991"></trkpt>
    <trkpt lat="49.191080" lon="16.605011"></trkpt>
    <trkpt lat="49.191182" lon="16.605076"></trkpt>
    <trkpt lat="49.191297" lon="16.605156"></trkpt>
    <trkpt lat="49.191450" lon="16.605261"></trkpt>
    <trkpt lat="49.191558" lon="16.605338"></trkpt>
    <trkpt lat="49.191599" lon="16.605360"></trkpt>
    <trkpt lat="49.191631" lon="16.605371"></trkpt>
    <trkpt lat="49.191663" lon="16.605377"></trkpt>
    <trkpt lat="49.191725" lon="16.605379"></trkpt>
    <trkpt lat="49.191786" lon="16.605364"></trkpt>
    <trkpt lat="49.192165" lon="16.605231"></trkpt>
    <trkpt lat="49.192221" lon="16.605209"></trkpt>
    <trkpt lat="49.192308" lon="16.605177"></trkpt>
    <trkpt lat="49.192370" lon="16.605156"></trkpt>
    <trkpt lat="49.192452" lon="16.605132"></trkpt>
    <trkpt lat="49.192598" lon="16.605079"></trkpt>
    <trkpt lat="49.192629" lon="16.605066"></trkpt>
    <trkpt lat="49.192661" lon="16.605050"></trkpt>
    <trkpt lat="49.192726" lon="16.605011"></trkpt>
    <trkpt lat="49.192789" lon="16.604979"></trkpt>
    <trkpt lat="49.192868" lon="16.604950"></trkpt>
    <trkpt lat="49.193692" lon="16.604659"></trkpt>
    <trkpt lat="49.194037" lon="16.604537"></trkpt>
    <trkpt lat="49.194512" lon="16.604373"></trkpt>
    <trkpt lat="49.194549" lon="16.604360"></trkpt>
    <trkpt lat="49.194598" lon="16.604343"></trkpt>
    <trkpt lat="49.195008" lon="16.604199"></trkpt>
    <trkpt lat="49.195159" lon="16.604145"></trkpt>
    <trkpt lat="49.195190" lon="16.604134"></trkpt>
    <trkpt lat="49.195206" lon="16.604129"></trkpt>
    <trkpt lat="49.195267" lon="16.604107"></trkpt>
    <trkpt lat="49.195788" lon="16.603925"></trkpt>
    <trkpt lat="49.196150" lon="16.603800"></trkpt>
    <trkpt lat="49.196200" lon="16.603783"></trkpt>
    <trkpt lat="49.196290" lon="16.603752"></trkpt>
    <trkpt lat="49.196293" lon="16.603773"></trkpt>
    <trkpt lat="49.196320" lon="16.603926"></trkpt>
    <trkpt lat="49.196327" lon="16.603968"></trkpt>
    <trkpt lat="49.196406" lon="16.604462"></trkpt>
    <trkpt lat="49.196500" lon="16.604805"></trkpt>
    <trkpt lat="49.196518" lon="16.604856"></trkpt>
    <trkpt lat="49.196723" lon="16.605448"></trkpt>
    <trkpt lat="49.196752" lon="16.605535"></trkpt>
    <trkpt lat="49.196741" lon="16.605574"></trkpt>
    <trkpt lat="49.196725" lon="16.605599"></trkpt>
    <trkpt lat="49.196706" lon="16.605618"></trkpt>
    <trkpt lat="49.196687" lon="16.605631"></trkpt>
    <trkpt lat="49.196395" lon="16.605737"></trkpt>
    <trkpt lat="49.196208" lon="16.605807"></trkpt>
    <trkpt lat="49.195860" lon="16.605945"></trkpt>
    <trkpt lat="49.195762" lon="16.605984"></trkpt>
    <trkpt lat="49.195599" lon="16.606049"></trkpt>
    <trkpt lat="49.195472" lon="16.606130"></trkpt>
    <trkpt lat="49.195378" lon="16.606194"></trkpt>
    <trkpt lat="49.195128" lon="16.606413"></trkpt>
    <trkpt lat="49.195002" lon="16.606515"></trkpt>
    <trkpt lat="49.194949" lon="16.606558"></trkpt>
    <trkpt lat="49.194606" lon="16.606827"></trkpt>
    <trkpt lat="49.194473" lon="16.606919"></trkpt>
    <trkpt lat="49.194292" lon="16.607005"></trkpt>
    <trkpt lat="49.194200" lon="16.606977"></trkpt>
    <trkpt lat="49.194096" lon="16.606947"></trkpt>
    <trkpt lat="49.193878" lon="16.607037"></trkpt>
    <trkpt lat="49.193667" lon="16.607129"></trkpt>
    <trkpt lat="49.193634" lon="16.607142"></trkpt>
    <trkpt lat="49.193549" lon="16.607227"></trkpt>
    <trkpt lat="49.193484" lon="16.607026"></trkpt>
    <trkpt lat="49.193403" lon="16.606703"></trkpt>
    <trkpt lat="49.193291" lon="16.606409"></trkpt>
    <trkpt lat="49.193050" lon="16.606011"></trkpt>
    <trkpt lat="49.192870" lon="16.605874"></trkpt>
    <trkpt lat="49.192765" lon="16.605805"></trkpt>
    <trkpt lat="49.192673" lon="16.605761"></trkpt>
    <trkpt lat="49.192531" lon="16.605737"></trkpt>
    <trkpt lat="49.192424" lon="16.605753"></trkpt>
    <trkpt lat="49.192349" lon="16.605265"></trkpt>
    <trkpt lat="49.192319" lon="16.605199"></trkpt>
    <trkpt lat="49.192308" lon="16.605177"></trkpt>
    <trkpt lat="49.192301" lon="16.605160"></trkpt>
    <trkpt lat="49.192278" lon="16.605100"></trkpt>
    <trkpt lat="49.192200" lon="16.605124"></trkpt>
    <trkpt lat="49.191757" lon="16.605278"></trkpt>
    <trkpt lat="49.191715" lon="16.605293"></trkpt>
    <trkpt lat="49.191668" lon="16.605306"></trkpt>
    <trkpt lat="49.191589" lon="16.605327"></trkpt>
    <trkpt lat="49.191558" lon="16.605338"></trkpt>
    <trkpt lat="49.191450" lon="16.605261"></trkpt>
    <trkpt lat="49.191297" lon="16.605156"></trkpt>
    <trkpt lat="49.191182" lon="16.605076"></trkpt>
    <trkpt lat="49.191080" lon="16.605011"></trkpt>
    <trkpt lat="49.191036" lon="16.604991"></trkpt>
    <trkpt lat="49.190989" lon="16.604977"></trkpt>
    <trkpt lat="49.190926" lon="16.604974"></trkpt>
    <trkpt lat="49.190861" lon="16.604982"></trkpt>
    <trkpt lat="49.190799" lon="16.605001"></trkpt>
    <trkpt lat="49.190751" lon="16.605026"></trkpt>
    <trkpt lat="49.190703" lon="16.605058"></trkpt>
    <trkpt lat="49.190654" lon="16.605104"></trkpt>
    <trkpt lat="49.190618" lon="16.605146"></trkpt>
    <trkpt lat="49.190589" lon="16.605192"></trkpt>
    <trkpt lat="49.190553" lon="16.605258"></trkpt>
    <trkpt lat="49.190522" lon="16.605323"></trkpt>
    <trkpt lat="49.190488" lon="16.605430"></trkpt>
    <trkpt lat="49.190455" lon="16.605545"></trkpt>
    <trkpt lat="49.190398" lon="16.605742"></trkpt>
    <trkpt lat="49.190347" lon="16.605935"></trkpt>
    <trkpt lat="49.190316" lon="16.606098"></trkpt>
    <trkpt lat="49.190285" lon="16.606271"></trkpt>
    <trkpt lat="49.190263" lon="16.606485"></trkpt>
    <trkpt lat="49.190236" lon="16.607018"></trkpt>
    <trkpt lat="49.190205" lon="16.607231"></trkpt>
    <trkpt lat="49.190048" lon="16.607974"></trkpt>
    <trkpt lat="49.190013" lon="16.608124"></trkpt>
    <trkpt lat="49.189987" lon="16.608160"></trkpt>
    <trkpt lat="49.189913" lon="16.608228"></trkpt>
    <trkpt lat="49.189880" lon="16.608249"></trkpt>
    <trkpt lat="49.189850" lon="16.608259"></trkpt>
    <trkpt lat="49.189825" lon="16.608258"></trkpt>
    <trkpt lat="49.189802" lon="16.608254"></trkpt>
    <trkpt lat="49.189777" lon="16.608242"></trkpt>
    <trkpt lat="49.189688" lon="16.608176"></trkpt>
    <trkpt lat="49.189416" lon="16.607831"></trkpt>
    <trkpt lat="49.189409" lon="16.607823"></trkpt>
    <trkpt lat="49.189336" lon="16.607732"></trkpt>
    <trkpt lat="49.189311" lon="16.607703"></trkpt>
    <trkpt lat="49.189282" lon="16.607673"></trkpt>
    <trkpt lat="49.189250" lon="16.607639"></trkpt>
    <trkpt lat="49.189175" lon="16.607557"></trkpt>
    <trkpt lat="49.189140" lon="16.607518"></trkpt>
    <trkpt lat="49.189131" lon="16.607509"></trkpt>
    <trkpt lat="49.189122" lon="16.607499"></trkpt>
    <trkpt lat="49.189093" lon="16.607471"></trkpt>
    <trkpt lat="49.189065" lon="16.607443"></trkpt>
    <trkpt lat="49.189013" lon="16.607394"></trkpt>
    <trkpt lat="49.188852" lon="16.607194"></trkpt>
    <trkpt lat="49.188563" lon="16.606833"></trkpt>
    <trkpt lat="49.188424" lon="16.606642"></trkpt>
    <trkpt lat="49.188117" lon="16.606247"></trkpt>
    <trkpt lat="49.187391" lon="16.605437"></trkpt>
    <trkpt lat="49.187121" lon="16.605138"></trkpt>
    <trkpt lat="49.186924" lon="16.604917"></trkpt>
    <trkpt lat="49.186717" lon="16.604685"></trkpt>
    <trkpt lat="49.186307" lon="16.604228"></trkpt>
    <trkpt lat="49.185796" lon="16.603656"></trkpt>
    <trkpt lat="49.185584" lon="16.603419"></trkpt>
    <trkpt lat="49.185426" lon="16.603250"></trkpt>
    <trkpt lat="49.184711" lon="16.602543"></trkpt>
    <trkpt lat="49.184546" lon="16.602383"></trkpt>
    <trkpt lat="49.184512" lon="16.602355"></trkpt>
    <trkpt lat="49.184470" lon="16.602326"></trkpt>
    <trkpt lat="49.184433" lon="16.602401"></trkpt>
    <trkpt lat="49.184411" lon="16.602446"></trkpt>
    <trkpt lat="49.184371" lon="16.602520"></trkpt>
    <trkpt lat="49.184297" lon="16.602663"></trkpt>
    <trkpt lat="49.184175" lon="16.602881"></trkpt>
    <trkpt lat="49.184033" lon="16.603130"></trkpt>
    <trkpt lat="49.183857" lon="16.603513"></trkpt>
    <trkpt lat="49.183762" lon="16.603794"></trkpt>
    <trkpt lat="49.183670" lon="16.604129"></trkpt>
    <trkpt lat="49.183638" lon="16.604310"></trkpt>
    <trkpt lat="49.183621" lon="16.604467"></trkpt>
    <trkpt lat="49.183515" lon="16.604414"></trkpt>
    <trkpt lat="49.183423" lon="16.604374"></trkpt>
    <trkpt lat="49.183149" lon="16.604270"></trkpt>
    <trkpt lat="49.182397" lon="16.603998"></trkpt>
    <trkpt lat="49.182022" lon="16.603854"></trkpt>
    <trkpt lat="49.181367" lon="16.603667"></trkpt>
    <trkpt lat="49.181253" lon="16.603643"></trkpt>
    <trkpt lat="49.180996" lon="16.603614"></trkpt>
    <trkpt lat="49.180731" lon="16.603589"></trkpt>
    <trkpt lat="49.180477" lon="16.603584"></trkpt>
    <trkpt lat="49.180020" lon="16.603617"></trkpt>
    <trkpt lat="49.179932" lon="16.603626"></trkpt>
    <trkpt lat="49.179434" lon="16.603681"></trkpt>
    <trkpt lat="49.179022" lon="16.603731"></trkpt>
    <trkpt lat="49.178525" lon="16.603730"></trkpt>
    <trkpt lat="49.178386" lon="16.603711"></trkpt>
    <trkpt lat="49.177885" lon="16.603608"></trkpt>
    <trkpt lat="49.177711" lon="16.603550"></trkpt>
    <trkpt lat="49.177552" lon="16.603490"></trkpt>
    <trkpt lat="49.177226" lon="16.603364"></trkpt>
    <trkpt lat="49.177000" lon="16.603276"></trkpt>
    <trkpt lat="49.176551" lon="16.603111"></trkpt>
    <trkpt lat="49.175966" lon="16.602875"></trkpt>
    <trkpt lat="49.175288" lon="16.602582"></trkpt>
    <trkpt lat="49.175221" lon="16.602561"></trkpt>
    <trkpt lat="49.175160" lon="16.602532"></trkpt>
    <trkpt lat="49.174214" lon="16.602172"></trkpt>
    <trkpt lat="49.173744" lon="16.602000"></trkpt>
    <trkpt lat="49.173228" lon="16.601774"></trkpt>
    <trkpt lat="49.172650" lon="16.601421"></trkpt>
    <trkpt lat="49.172199" lon="16.601086"></trkpt>
    <trkpt lat="49.170980" lon="16.599979"></trkpt>
    <trkpt lat="49.170264" lon="16.599425"></trkpt>
    <trkpt lat="49.170042" lon="16.599280"></trkpt>
    <trkpt lat="49.169611" lon="16.599060"></trkpt>
    <trkpt lat="49.169555" lon="16.599032"></trkpt>
    <trkpt lat="49.169003" lon="16.598836"></trkpt>
    <trkpt lat="49.168641" lon="16.598736"></trkpt>
    <trkpt lat="49.168087" lon="16.598642"></trkpt>
    <trkpt lat="49.167383" lon="16.598610"></trkpt>
    <trkpt lat="49.166784" lon="16.598644"></trkpt>
    <trkpt lat="49.165589" lon="16.598711"></trkpt>
    <trkpt lat="49.164629" lon="16.598784"></trkpt>
    <trkpt lat="49.163543" lon="16.598884"></trkpt>
    <trkpt lat="49.163014" lon="16.598938"></trkpt>
    <trkpt lat="49.162712" lon="16.598967"></trkpt>
    <trkpt lat="49.162636" lon="16.598976"></trkpt>
    <trkpt lat="49.162337" lon="16.598923"></trkpt>
    <trkpt lat="49.162058" lon="16.598852"></trkpt>
    <trkpt lat="49.161817" lon="16.598759"></trkpt>
    <trkpt lat="49.161539" lon="16.598553"></trkpt>
    <trkpt lat="49.161456" lon="16.598477"></trkpt>
    <trkpt lat="49.161375" lon="16.598393"></trkpt>
    <trkpt lat="49.161298" lon="16.598303"></trkpt>
    <trkpt lat="49.161225" lon="16.598205"></trkpt>
    <trkpt lat="49.161156" lon="16.598100"></trkpt>
    <trkpt lat="49.161090" lon="16.597990"></trkpt>
    <trkpt lat="49.161030" lon="16.597873"></trkpt>
    <trkpt lat="49.160890" lon="16.597567"></trkpt>
    <trkpt lat="49.160828" lon="16.597413"></trkpt>
    <trkpt lat="49.160750" lon="16.597194"></trkpt>
    <trkpt lat="49.160692" lon="16.597022"></trkpt>
    <trkpt lat="49.160637" lon="16.596829"></trkpt>
    <trkpt lat="49.160592" lon="16.596624"></trkpt>
    <trkpt lat="49.160555" lon="16.596416"></trkpt>
    <trkpt lat="49.160527" lon="16.596216"></trkpt>
    <trkpt lat="49.160509" lon="16.596039"></trkpt>
    <trkpt lat="49.160498" lon="16.595802"></trkpt>
    <trkpt lat="49.160492" lon="16.595542"></trkpt>
    <trkpt lat="49.160493" lon="16.595345"></trkpt>
    <trkpt lat="49.160513" lon="16.594654"></trkpt>
    <trkpt lat="49.160874" lon="16.591518"></trkpt>
    <trkpt lat="49.161217" lon="16.588516"></trkpt>
    <trkpt lat="49.161265" lon="16.588091"></trkpt>
    <trkpt lat="49.161322" lon="16.587475"></trkpt>
    <trkpt lat="49.161391" lon="16.586715"></trkpt>
    <trkpt lat="49.161429" lon="16.586144"></trkpt>
    <trkpt lat="49.161495" lon="16.584885"></trkpt>
    <trkpt lat="49.161522" lon="16.584012"></trkpt>
    <trkpt lat="49.161527" lon="16.583450"></trkpt>
    <trkpt lat="49.161518" lon="16.582844"></trkpt>
    <trkpt lat="49.161495" lon="16.581950"></trkpt>
    <trkpt lat="49.161473" lon="16.581424"></trkpt>
    <trkpt lat="49.161448" lon="16.580969"></trkpt>
    <trkpt lat="49.161419" lon="16.580522"></trkpt>
    <trkpt lat="49.161364" lon="16.579828"></trkpt>
    <trkpt lat="49.161284" lon="16.578962"></trkpt>
    <trkpt lat="49.161265" lon="16.578781"></trkpt>
    <trkpt lat="49.160861" lon="16.575148"></trkpt>
    <trkpt lat="49.160805" lon="16.574480"></trkpt>
    <trkpt lat="49.160753" lon="16.573762"></trkpt>
    <trkpt lat="49.160722" lon="16.573116"></trkpt>
    <trkpt lat="49.160698" lon="16.572375"></trkpt>
    <trkpt lat="49.160692" lon="16.571607"></trkpt>
    <trkpt lat="49.160704" lon="16.570705"></trkpt>
    <trkpt lat="49.160730" lon="16.569979"></trkpt>
    <trkpt lat="49.160773" lon="16.569245"></trkpt>
    <trkpt lat="49.160833" lon="16.568483"></trkpt>
    <trkpt lat="49.160862" lon="16.568150"></trkpt>
    <trkpt lat="49.160939" lon="16.567434"></trkpt>
    <trkpt lat="49.161029" lon="16.566768"></trkpt>
    <trkpt lat="49.161150" lon="16.565993"></trkpt>
    <trkpt lat="49.161285" lon="16.565208"></trkpt>
    <trkpt lat="49.161486" lon="16.564208"></trkpt>
    <trkpt lat="49.161580" lon="16.563801"></trkpt>
    <trkpt lat="49.161933" lon="16.562449"></trkpt>
    <trkpt lat="49.162096" lon="16.561878"></trkpt>
    <trkpt lat="49.162310" lon="16.561195"></trkpt>
    <trkpt lat="49.163568" lon="16.557490"></trkpt>
    <trkpt lat="49.163665" lon="16.557205"></trkpt>
    <trkpt lat="49.163722" lon="16.557030"></trkpt>
    <trkpt lat="49.164024" lon="16.556126"></trkpt>
    <trkpt lat="49.164336" lon="16.555202"></trkpt>
    <trkpt lat="49.164518" lon="16.554665"></trkpt>
    <trkpt lat="49.165950" lon="16.550433"></trkpt>
    <trkpt lat="49.166093" lon="16.550008"></trkpt>
    <trkpt lat="49.166274" lon="16.549373"></trkpt>
    <trkpt lat="49.166735" lon="16.547739"></trkpt>
    <trkpt lat="49.167012" lon="16.546732"></trkpt>
    <trkpt lat="49.167246" lon="16.545843"></trkpt>
    <trkpt lat="49.167343" lon="16.545495"></trkpt>
    <trkpt lat="49.167645" lon="16.544262"></trkpt>
    <trkpt lat="49.167816" lon="16.543501"></trkpt>
    <trkpt lat="49.168445" lon="16.540686"></trkpt>
    <trkpt lat="49.168680" lon="16.539412"></trkpt>
    <trkpt lat="49.168734" lon="16.539112"></trkpt>
    <trkpt lat="49.169043" lon="16.537400"></trkpt>
    <trkpt lat="49.169407" lon="16.535046"></trkpt>
    <trkpt lat="49.170838" lon="16.523654"></trkpt>
    <trkpt lat="49.170864" lon="16.523435"></trkpt>
    <trkpt lat="49.171071" lon="16.521834"></trkpt>
    <trkpt lat="49.171206" lon="16.520983"></trkpt>
    <trkpt lat="49.171350" lon="16.520187"></trkpt>
    <trkpt lat="49.171504" lon="16.519495"></trkpt>
    <trkpt lat="49.171672" lon="16.518764"></trkpt>
    <trkpt lat="49.171830" lon="16.518183"></trkpt>
    <trkpt lat="49.171989" lon="16.517642"></trkpt>
    <trkpt lat="49.172335" lon="16.516574"></trkpt>
    <trkpt lat="49.172696" lon="16.515542"></trkpt>
    <trkpt lat="49.173292" lon="16.514006"></trkpt>
    <trkpt lat="49.173793" lon="16.512644"></trkpt>
    <trkpt lat="49.174068" lon="16.511810"></trkpt>
    <trkpt lat="49.174392" lon="16.510746"></trkpt>
    <trkpt lat="49.174693" lon="16.509546"></trkpt>
    <trkpt lat="49.174799" lon="16.509090"></trkpt>
    <trkpt lat="49.174969" lon="16.508353"></trkpt>
    <trkpt lat="49.175135" lon="16.507569"></trkpt>
    <trkpt lat="49.175291" lon="16.506682"></trkpt>
    <trkpt lat="49.175512" lon="16.505247"></trkpt>
    <trkpt lat="49.175651" lon="16.504228"></trkpt>
    <trkpt lat="49.175712" lon="16.503745"></trkpt>
    <trkpt lat="49.175965" lon="16.501870"></trkpt>
    <trkpt lat="49.176212" lon="16.500156"></trkpt>
    <trkpt lat="49.176421" lon="16.498890"></trkpt>
    <trkpt lat="49.176549" lon="16.498144"></trkpt>
    <trkpt lat="49.176689" lon="16.497439"></trkpt>
    <trkpt lat="49.176969" lon="16.496192"></trkpt>
    <trkpt lat="49.177246" lon="16.495071"></trkpt>
    <trkpt lat="49.177716" lon="16.493380"></trkpt>
    <trkpt lat="49.178254" lon="16.491715"></trkpt>
    <trkpt lat="49.178404" lon="16.491280"></trkpt>
    <trkpt lat="49.178936" lon="16.489740"></trkpt>
    <trkpt lat="49.179111" lon="16.489248"></trkpt>
    <trkpt lat="49.179780" lon="16.487430"></trkpt>
    <trkpt lat="49.181190" lon="16.483404"></trkpt>
    <trkpt lat="49.181785" lon="16.481631"></trkpt>
    <trkpt lat="49.182235" lon="16.480143"></trkpt>
    <trkpt lat="49.182621" lon="16.478793"></trkpt>
    <trkpt lat="49.182953" lon="16.477509"></trkpt>
    <trkpt lat="49.183177" lon="16.476604"></trkpt>
    <trkpt lat="49.183652" lon="16.474486"></trkpt>
    <trkpt lat="49.183940" lon="16.473064"></trkpt>
    <trkpt lat="49.184189" lon="16.471700"></trkpt>
    <trkpt lat="49.184472" lon="16.470126"></trkpt>
    <trkpt lat="49.184496" lon="16.469986"></trkpt>
    <trkpt lat="49.184967" lon="16.467390"></trkpt>
    <trkpt lat="49.185507" lon="16.464377"></trkpt>
    <trkpt lat="49.186323" lon="16.459841"></trkpt>
    <trkpt lat="49.186657" lon="16.457974"></trkpt>
    <trkpt lat="49.186997" lon="16.456091"></trkpt>
    <trkpt lat="49.187220" lon="16.454845"></trkpt>
    <trkpt lat="49.187538" lon="16.453047"></trkpt>
    <trkpt lat="49.187673" lon="16.452348"></trkpt>
    <trkpt lat="49.187994" lon="16.450696"></trkpt>
    <trkpt lat="49.188109" lon="16.450128"></trkpt>
    <trkpt lat="49.188478" lon="16.448473"></trkpt>
    <trkpt lat="49.188733" lon="16.447361"></trkpt>
    <trkpt lat="49.189044" lon="16.446149"></trkpt>
    <trkpt lat="49.189409" lon="16.444803"></trkpt>
    <trkpt lat="49.189731" lon="16.443698"></trkpt>
    <trkpt lat="49.190066" lon="16.442601"></trkpt>
    <trkpt lat="49.190434" lon="16.441509"></trkpt>
    <trkpt lat="49.190858" lon="16.440251"></trkpt>
    <trkpt lat="49.191067" lon="16.439669"></trkpt>
    <trkpt lat="49.191231" lon="16.439246"></trkpt>
    <trkpt lat="49.191260" lon="16.439170"></trkpt>
    <trkpt lat="49.191712" lon="16.438001"></trkpt>
    <trkpt lat="49.192154" lon="16.436918"></trkpt>
    <trkpt lat="49.192497" lon="16.436113"></trkpt>
    <trkpt lat="49.192758" lon="16.435533"></trkpt>
    <trkpt lat="49.193077" lon="16.434842"></trkpt>
    <trkpt lat="49.193998" lon="16.432934"></trkpt>
    <trkpt lat="49.194487" lon="16.432001"></trkpt>
    <trkpt lat="49.194949" lon="16.431156"></trkpt>
    <trkpt lat="49.195531" lon="16.430129"></trkpt>
    <trkpt lat="49.196276" lon="16.428890"></trkpt>
    <trkpt lat="49.197265" lon="16.427366"></trkpt>
    <trkpt lat="49.197876" lon="16.426508"></trkpt>
    <trkpt lat="49.198579" lon="16.425601"></trkpt>
    <trkpt lat="49.199173" lon="16.424872"></trkpt>
    <trkpt lat="49.199585" lon="16.424421"></trkpt>
    <trkpt lat="49.199948" lon="16.424018"></trkpt>
    <trkpt lat="49.200470" lon="16.423477"></trkpt>
    <trkpt lat="49.201350" lon="16.422608"></trkpt>
    <trkpt lat="49.202224" lon="16.421865"></trkpt>
    <trkpt lat="49.202659" lon="16.421510"></trkpt>
    <trkpt lat="49.203124" lon="16.421157"></trkpt>
    <trkpt lat="49.203870" lon="16.420625"></trkpt>
    <trkpt lat="49.204377" lon="16.420292"></trkpt>
    <trkpt lat="49.204764" lon="16.420052"></trkpt>
    <trkpt lat="49.204831" lon="16.420013"></trkpt>
    <trkpt lat="49.204911" lon="16.419966"></trkpt>
    <trkpt lat="49.205800" lon="16.419448"></trkpt>
    <trkpt lat="49.207352" lon="16.418595"></trkpt>
    <trkpt lat="49.208356" lon="16.418057"></trkpt>
    <trkpt lat="49.208600" lon="16.417924"></trkpt>
    <trkpt lat="49.209224" lon="16.417536"></trkpt>
    <trkpt lat="49.209683" lon="16.417251"></trkpt>
    <trkpt lat="49.210280" lon="16.416846"></trkpt>
    <trkpt lat="49.210874" lon="16.416428"></trkpt>
    <trkpt lat="49.211307" lon="16.416085"></trkpt>
    <trkpt lat="49.212152" lon="16.415379"></trkpt>
    <trkpt lat="49.212893" lon="16.414687"></trkpt>
    <trkpt lat="49.213422" lon="16.414132"></trkpt>
    <trkpt lat="49.213992" lon="16.413508"></trkpt>
    <trkpt lat="49.214479" lon="16.412936"></trkpt>
    <trkpt lat="49.214937" lon="16.412357"></trkpt>
    <trkpt lat="49.215582" lon="16.411486"></trkpt>
    <trkpt lat="49.215966" lon="16.410932"></trkpt>
    <trkpt lat="49.216227" lon="16.410528"></trkpt>
    <trkpt lat="49.216568" lon="16.409980"></trkpt>
    <trkpt lat="49.216896" lon="16.409441"></trkpt>
    <trkpt lat="49.217315" lon="16.408691"></trkpt>
    <trkpt lat="49.217674" lon="16.408031"></trkpt>
    <trkpt lat="49.218108" lon="16.407150"></trkpt>
    <trkpt lat="49.218511" lon="16.406291"></trkpt>
    <trkpt lat="49.218782" lon="16.405661"></trkpt>
    <trkpt lat="49.219127" lon="16.404812"></trkpt>
    <trkpt lat="49.219426" lon="16.404024"></trkpt>
    <trkpt lat="49.219738" lon="16.403137"></trkpt>
    <trkpt lat="49.220034" lon="16.402229"></trkpt>
    <trkpt lat="49.220369" lon="16.401193"></trkpt>
    <trkpt lat="49.220946" lon="16.399253"></trkpt>
    <trkpt lat="49.221315" lon="16.398019"></trkpt>
    <trkpt lat="49.221748" lon="16.396624"></trkpt>
    <trkpt lat="49.222035" lon="16.395778"></trkpt>
    <trkpt lat="49.222419" lon="16.394711"></trkpt>
    <trkpt lat="49.222746" lon="16.393891"></trkpt>
    <trkpt lat="49.223107" lon="16.393064"></trkpt>
    <trkpt lat="49.223545" lon="16.392129"></trkpt>
    <trkpt lat="49.223957" lon="16.391316"></trkpt>
    <trkpt lat="49.224381" lon="16.390559"></trkpt>
    <trkpt lat="49.224984" lon="16.389555"></trkpt>
    <trkpt lat="49.225470" lon="16.388816"></trkpt>
    <trkpt lat="49.225948" lon="16.388137"></trkpt>
    <trkpt lat="49.226652" lon="16.387224"></trkpt>
    <trkpt lat="49.227094" lon="16.386733"></trkpt>
    <trkpt lat="49.227743" lon="16.386024"></trkpt>
    <trkpt lat="49.228561" lon="16.385200"></trkpt>
    <trkpt lat="49.230344" lon="16.383484"></trkpt>
    <trkpt lat="49.230661" lon="16.383149"></trkpt>
    <trkpt lat="49.230996" lon="16.382799"></trkpt>
    <trkpt lat="49.231383" lon="16.382370"></trkpt>
    <trkpt lat="49.231719" lon="16.381958"></trkpt>
    <trkpt lat="49.232360" lon="16.381155"></trkpt>
    <trkpt lat="49.232712" lon="16.380667"></trkpt>
    <trkpt lat="49.233079" lon="16.380124"></trkpt>
    <trkpt lat="49.233576" lon="16.379373"></trkpt>
    <trkpt lat="49.233938" lon="16.378802"></trkpt>
    <trkpt lat="49.234884" lon="16.377301"></trkpt>
    <trkpt lat="49.235491" lon="16.376348"></trkpt>
    <trkpt lat="49.235932" lon="16.375694"></trkpt>
    <trkpt lat="49.236400" lon="16.375034"></trkpt>
    <trkpt lat="49.237213" lon="16.373974"></trkpt>
    <trkpt lat="49.237808" lon="16.373253"></trkpt>
    <trkpt lat="49.238472" lon="16.372493"></trkpt>
    <trkpt lat="49.239160" lon="16.371740"></trkpt>
    <trkpt lat="49.241648" lon="16.369013"></trkpt>
    <trkpt lat="49.242109" lon="16.368494"></trkpt>
    <trkpt lat="49.242997" lon="16.367427"></trkpt>
    <trkpt lat="49.243527" lon="16.366700"></trkpt>
    <trkpt lat="49.244032" lon="16.365973"></trkpt>
    <trkpt lat="49.244486" lon="16.365262"></trkpt>
    <trkpt lat="49.244923" lon="16.364542"></trkpt>
    <trkpt lat="49.245528" lon="16.363507"></trkpt>
    <trkpt lat="49.246137" lon="16.362449"></trkpt>
    <trkpt lat="49.246806" lon="16.361288"></trkpt>
    <trkpt lat="49.248157" lon="16.358944"></trkpt>
    <trkpt lat="49.249506" lon="16.356610"></trkpt>
    <trkpt lat="49.250460" lon="16.354953"></trkpt>
    <trkpt lat="49.251387" lon="16.353348"></trkpt>
    <trkpt lat="49.252287" lon="16.351795"></trkpt>
    <trkpt lat="49.253139" lon="16.350266"></trkpt>
    <trkpt lat="49.253691" lon="16.349228"></trkpt>
    <trkpt lat="49.254219" lon="16.348122"></trkpt>
    <trkpt lat="49.254902" lon="16.346532"></trkpt>
    <trkpt lat="49.255240" lon="16.345613"></trkpt>
    <trkpt lat="49.255562" lon="16.344694"></trkpt>
    <trkpt lat="49.255932" lon="16.343483"></trkpt>
    <trkpt lat="49.256201" lon="16.342526"></trkpt>
    <trkpt lat="49.256437" lon="16.341555"></trkpt>
    <trkpt lat="49.256670" lon="16.340575"></trkpt>
    <trkpt lat="49.256859" lon="16.339597"></trkpt>
    <trkpt lat="49.257053" lon="16.338424"></trkpt>
    <trkpt lat="49.257182" lon="16.337449"></trkpt>
    <trkpt lat="49.257291" lon="16.336504"></trkpt>
    <trkpt lat="49.257377" lon="16.335511"></trkpt>
    <trkpt lat="49.257438" lon="16.334564"></trkpt>
    <trkpt lat="49.257484" lon="16.333421"></trkpt>
    <trkpt lat="49.257526" lon="16.331501"></trkpt>
    <trkpt lat="49.257661" lon="16.324510"></trkpt>
    <trkpt lat="49.257741" lon="16.322514"></trkpt>
    <trkpt lat="49.257919" lon="16.320190"></trkpt>
    <trkpt lat="49.257981" lon="16.319574"></trkpt>
    <trkpt lat="49.258150" lon="16.318216"></trkpt>
    <trkpt lat="49.258233" lon="16.317691"></trkpt>
    <trkpt lat="49.258347" lon="16.316916"></trkpt>
    <trkpt lat="49.258509" lon="16.315994"></trkpt>
    <trkpt lat="49.258673" lon="16.315137"></trkpt>
    <trkpt lat="49.258927" lon="16.313962"></trkpt>
    <trkpt lat="49.259104" lon="16.313211"></trkpt>
    <trkpt lat="49.259376" lon="16.312146"></trkpt>
    <trkpt lat="49.259531" lon="16.311581"></trkpt>
    <trkpt lat="49.259792" lon="16.310679"></trkpt>
    <trkpt lat="49.260110" lon="16.309663"></trkpt>
    <trkpt lat="49.260429" lon="16.308713"></trkpt>
    <trkpt lat="49.260747" lon="16.307855"></trkpt>
    <trkpt lat="49.261092" lon="16.306951"></trkpt>
    <trkpt lat="49.261510" lon="16.305910"></trkpt>
    <trkpt lat="49.261967" lon="16.304805"></trkpt>
    <trkpt lat="49.262419" lon="16.303720"></trkpt>
    <trkpt lat="49.262938" lon="16.302441"></trkpt>
    <trkpt lat="49.263744" lon="16.300498"></trkpt>
    <trkpt lat="49.264378" lon="16.298951"></trkpt>
    <trkpt lat="49.264796" lon="16.297943"></trkpt>
    <trkpt lat="49.265526" lon="16.296170"></trkpt>
    <trkpt lat="49.266186" lon="16.294562"></trkpt>
    <trkpt lat="49.266902" lon="16.292797"></trkpt>
    <trkpt lat="49.267252" lon="16.291874"></trkpt>
    <trkpt lat="49.267610" lon="16.290874"></trkpt>
    <trkpt lat="49.267961" lon="16.289798"></trkpt>
    <trkpt lat="49.268146" lon="16.289211"></trkpt>
    <trkpt lat="49.268368" lon="16.288449"></trkpt>
    <trkpt lat="49.268653" lon="16.287382"></trkpt>
    <trkpt lat="49.268759" lon="16.286955"></trkpt>
    <trkpt lat="49.268885" lon="16.286443"></trkpt>
    <trkpt lat="49.268964" lon="16.286097"></trkpt>
    <trkpt lat="49.269046" lon="16.285725"></trkpt>
    <trkpt lat="49.269139" lon="16.285291"></trkpt>
    <trkpt lat="49.269221" lon="16.284902"></trkpt>
    <trkpt lat="49.269301" lon="16.284509"></trkpt>
    <trkpt lat="49.269449" lon="16.283709"></trkpt>
    <trkpt lat="49.269498" lon="16.283433"></trkpt>
    <trkpt lat="49.269554" lon="16.283099"></trkpt>
    <trkpt lat="49.269599" lon="16.282837"></trkpt>
    <trkpt lat="49.269639" lon="16.282575"></trkpt>
    <trkpt lat="49.269682" lon="16.282302"></trkpt>
    <trkpt lat="49.269713" lon="16.282083"></trkpt>
    <trkpt lat="49.269789" lon="16.281532"></trkpt>
    <trkpt lat="49.269860" lon="16.280969"></trkpt>
    <trkpt lat="49.269967" lon="16.280079"></trkpt>
    <trkpt lat="49.270022" lon="16.279509"></trkpt>
    <trkpt lat="49.270076" lon="16.278933"></trkpt>
    <trkpt lat="49.270110" lon="16.278529"></trkpt>
    <trkpt lat="49.270141" lon="16.278116"></trkpt>
    <trkpt lat="49.270191" lon="16.277446"></trkpt>
    <trkpt lat="49.270236" lon="16.276800"></trkpt>
    <trkpt lat="49.270342" lon="16.275270"></trkpt>
    <trkpt lat="49.270509" lon="16.272826"></trkpt>
    <trkpt lat="49.270596" lon="16.271615"></trkpt>
    <trkpt lat="49.270724" lon="16.269800"></trkpt>
    <trkpt lat="49.270871" lon="16.267664"></trkpt>
    <trkpt lat="49.271017" lon="16.265555"></trkpt>
    <trkpt lat="49.271163" lon="16.263363"></trkpt>
    <trkpt lat="49.271277" lon="16.261669"></trkpt>
    <trkpt lat="49.271383" lon="16.259920"></trkpt>
    <trkpt lat="49.271432" lon="16.259066"></trkpt>
    <trkpt lat="49.271506" lon="16.257715"></trkpt>
    <trkpt lat="49.271600" lon="16.255903"></trkpt>
    <trkpt lat="49.271699" lon="16.253743"></trkpt>
    <trkpt lat="49.271821" lon="16.251002"></trkpt>
    <trkpt lat="49.271909" lon="16.249042"></trkpt>
    <trkpt lat="49.271966" lon="16.247630"></trkpt>
    <trkpt lat="49.272031" lon="16.246235"></trkpt>
    <trkpt lat="49.272137" lon="16.243968"></trkpt>
    <trkpt lat="49.272217" lon="16.242455"></trkpt>
    <trkpt lat="49.272277" lon="16.241559"></trkpt>
    <trkpt lat="49.272358" lon="16.240715"></trkpt>
    <trkpt lat="49.272534" lon="16.239226"></trkpt>
    <trkpt lat="49.272809" lon="16.237453"></trkpt>
    <trkpt lat="49.273094" lon="16.235911"></trkpt>
    <trkpt lat="49.273266" lon="16.235116"></trkpt>
    <trkpt lat="49.273326" lon="16.234852"></trkpt>
    <trkpt lat="49.273495" lon="16.234099"></trkpt>
    <trkpt lat="49.273740" lon="16.233123"></trkpt>
    <trkpt lat="49.273922" lon="16.232411"></trkpt>
    <trkpt lat="49.274443" lon="16.230391"></trkpt>
    <trkpt lat="49.274713" lon="16.229360"></trkpt>
    <trkpt lat="49.275147" lon="16.227635"></trkpt>
    <trkpt lat="49.275547" lon="16.225988"></trkpt>
    <trkpt lat="49.275626" lon="16.225638"></trkpt>
    <trkpt lat="49.275712" lon="16.225252"></trkpt>
    <trkpt lat="49.275782" lon="16.224944"></trkpt>
    <trkpt lat="49.276123" lon="16.223394"></trkpt>
    <trkpt lat="49.276362" lon="16.222241"></trkpt>
    <trkpt lat="49.276602" lon="16.221089"></trkpt>
    <trkpt lat="49.277022" lon="16.219014"></trkpt>
    <trkpt lat="49.277823" lon="16.214444"></trkpt>
    <trkpt lat="49.278420" lon="16.211411"></trkpt>
    <trkpt lat="49.278871" lon="16.209326"></trkpt>
    <trkpt lat="49.279186" lon="16.208009"></trkpt>
    <trkpt lat="49.279361" lon="16.207347"></trkpt>
    <trkpt lat="49.279531" lon="16.206703"></trkpt>
    <trkpt lat="49.279617" lon="16.206391"></trkpt>
    <trkpt lat="49.280253" lon="16.204180"></trkpt>
    <trkpt lat="49.280593" lon="16.203152"></trkpt>
    <trkpt lat="49.280931" lon="16.202155"></trkpt>
    <trkpt lat="49.281319" lon="16.201038"></trkpt>
    <trkpt lat="49.281671" lon="16.200089"></trkpt>
    <trkpt lat="49.282285" lon="16.198558"></trkpt>
    <trkpt lat="49.282898" lon="16.197115"></trkpt>
    <trkpt lat="49.283344" lon="16.196142"></trkpt>
    <trkpt lat="49.283696" lon="16.195384"></trkpt>
    <trkpt lat="49.284026" lon="16.194701"></trkpt>
    <trkpt lat="49.284357" lon="16.194041"></trkpt>
    <trkpt lat="49.284686" lon="16.193397"></trkpt>
    <trkpt lat="49.286390" lon="16.190292"></trkpt>
    <trkpt lat="49.287203" lon="16.188888"></trkpt>
    <trkpt lat="49.288082" lon="16.187353"></trkpt>
    <trkpt lat="49.288190" lon="16.187159"></trkpt>
    <trkpt lat="49.290989" lon="16.182233"></trkpt>
    <trkpt lat="49.293011" lon="16.178438"></trkpt>
    <trkpt lat="49.294765" lon="16.174747"></trkpt>
    <trkpt lat="49.295803" lon="16.172267"></trkpt>
    <trkpt lat="49.296324" lon="16.170984"></trkpt>
    <trkpt lat="49.296827" lon="16.169704"></trkpt>
    <trkpt lat="49.297783" lon="16.167067"></trkpt>
    <trkpt lat="49.298235" lon="16.165745"></trkpt>
    <trkpt lat="49.298668" lon="16.164422"></trkpt>
    <trkpt lat="49.299234" lon="16.162590"></trkpt>
    <trkpt lat="49.299316" lon="16.162318"></trkpt>
    <trkpt lat="49.299450" lon="16.161852"></trkpt>
    <trkpt lat="49.299894" lon="16.160308"></trkpt>
    <trkpt lat="49.300387" lon="16.158448"></trkpt>
    <trkpt lat="49.301057" lon="16.155699"></trkpt>
    <trkpt lat="49.301680" lon="16.152853"></trkpt>
    <trkpt lat="49.301960" lon="16.151439"></trkpt>
    <trkpt lat="49.302437" lon="16.148783"></trkpt>
    <trkpt lat="49.302613" lon="16.147728"></trkpt>
    <trkpt lat="49.303053" lon="16.144899"></trkpt>
    <trkpt lat="49.303465" lon="16.142100"></trkpt>
    <trkpt lat="49.303493" lon="16.141898"></trkpt>
    <trkpt lat="49.304517" lon="16.134862"></trkpt>
    <trkpt lat="49.304922" lon="16.132136"></trkpt>
    <trkpt lat="49.305360" lon="16.129521"></trkpt>
    <trkpt lat="49.305678" lon="16.127839"></trkpt>
    <trkpt lat="49.305985" lon="16.126374"></trkpt>
    <trkpt lat="49.306368" lon="16.124705"></trkpt>
    <trkpt lat="49.306787" lon="16.123091"></trkpt>
    <trkpt lat="49.307213" lon="16.121564"></trkpt>
    <trkpt lat="49.307746" lon="16.119823"></trkpt>
    <trkpt lat="49.308292" lon="16.118198"></trkpt>
    <trkpt lat="49.308923" lon="16.116415"></trkpt>
    <trkpt lat="49.309594" lon="16.114720"></trkpt>
    <trkpt lat="49.310071" lon="16.113582"></trkpt>
    <trkpt lat="49.311091" lon="16.111344"></trkpt>
    <trkpt lat="49.312067" lon="16.109368"></trkpt>
    <trkpt lat="49.312542" lon="16.108430"></trkpt>
    <trkpt lat="49.314220" lon="16.105146"></trkpt>
    <trkpt lat="49.314871" lon="16.103817"></trkpt>
    <trkpt lat="49.315186" lon="16.103130"></trkpt>
    <trkpt lat="49.315471" lon="16.102493"></trkpt>
    <trkpt lat="49.315852" lon="16.101628"></trkpt>
    <trkpt lat="49.316187" lon="16.100803"></trkpt>
    <trkpt lat="49.316516" lon="16.099947"></trkpt>
    <trkpt lat="49.316842" lon="16.099056"></trkpt>
    <trkpt lat="49.317111" lon="16.098283"></trkpt>
    <trkpt lat="49.317365" lon="16.097521"></trkpt>
    <trkpt lat="49.317756" lon="16.096314"></trkpt>
    <trkpt lat="49.318145" lon="16.095067"></trkpt>
    <trkpt lat="49.318955" lon="16.092407"></trkpt>
    <trkpt lat="49.319039" lon="16.092124"></trkpt>
    <trkpt lat="49.319580" lon="16.090371"></trkpt>
    <trkpt lat="49.320101" lon="16.088808"></trkpt>
    <trkpt lat="49.320530" lon="16.087714"></trkpt>
    <trkpt lat="49.320965" lon="16.086602"></trkpt>
    <trkpt lat="49.322256" lon="16.084007"></trkpt>
    <trkpt lat="49.323549" lon="16.081879"></trkpt>
    <trkpt lat="49.324074" lon="16.081128"></trkpt>
    <trkpt lat="49.324163" lon="16.081009"></trkpt>
    <trkpt lat="49.324470" lon="16.080579"></trkpt>
    <trkpt lat="49.325066" lon="16.079832"></trkpt>
    <trkpt lat="49.325659" lon="16.079120"></trkpt>
    <trkpt lat="49.328105" lon="16.076253"></trkpt>
    <trkpt lat="49.328498" lon="16.075754"></trkpt>
    <trkpt lat="49.328936" lon="16.075133"></trkpt>
    <trkpt lat="49.329472" lon="16.074356"></trkpt>
    <trkpt lat="49.330004" lon="16.073483"></trkpt>
    <trkpt lat="49.330542" lon="16.072568"></trkpt>
    <trkpt lat="49.330966" lon="16.071748"></trkpt>
    <trkpt lat="49.331393" lon="16.070893"></trkpt>
    <trkpt lat="49.332126" lon="16.069314"></trkpt>
    <trkpt lat="49.332698" lon="16.068062"></trkpt>
    <trkpt lat="49.332755" lon="16.067938"></trkpt>
    <trkpt lat="49.332829" lon="16.067776"></trkpt>
    <trkpt lat="49.333139" lon="16.067094"></trkpt>
    <trkpt lat="49.333828" lon="16.065588"></trkpt>
    <trkpt lat="49.334881" lon="16.063282"></trkpt>
    <trkpt lat="49.335700" lon="16.061523"></trkpt>
    <trkpt lat="49.336549" lon="16.059779"></trkpt>
    <trkpt lat="49.337718" lon="16.057597"></trkpt>
    <trkpt lat="49.340565" lon="16.052951"></trkpt>
    <trkpt lat="49.341227" lon="16.051852"></trkpt>
    <trkpt lat="49.342278" lon="16.049977"></trkpt>
    <trkpt lat="49.342749" lon="16.049124"></trkpt>
    <trkpt lat="49.343282" lon="16.048121"></trkpt>
    <trkpt lat="49.345655" lon="16.043622"></trkpt>
    <trkpt lat="49.346163" lon="16.042655"></trkpt>
    <trkpt lat="49.346828" lon="16.041447"></trkpt>
    <trkpt lat="49.347154" lon="16.040886"></trkpt>
    <trkpt lat="49.347373" lon="16.040524"></trkpt>
    <trkpt lat="49.347880" lon="16.039732"></trkpt>
    <trkpt lat="49.348599" lon="16.038683"></trkpt>
    <trkpt lat="49.349157" lon="16.037932"></trkpt>
    <trkpt lat="49.349733" lon="16.037219"></trkpt>
    <trkpt lat="49.350675" lon="16.036161"></trkpt>
    <trkpt lat="49.351892" lon="16.034779"></trkpt>
    <trkpt lat="49.352221" lon="16.034367"></trkpt>
    <trkpt lat="49.352554" lon="16.033940"></trkpt>
    <trkpt lat="49.352980" lon="16.033341"></trkpt>
    <trkpt lat="49.353518" lon="16.032546"></trkpt>
    <trkpt lat="49.354020" lon="16.031726"></trkpt>
    <trkpt lat="49.354718" lon="16.030390"></trkpt>
    <trkpt lat="49.355043" lon="16.029754"></trkpt>
    <trkpt lat="49.355587" lon="16.028531"></trkpt>
    <trkpt lat="49.355946" lon="16.027616"></trkpt>
    <trkpt lat="49.356245" lon="16.026740"></trkpt>
    <trkpt lat="49.356591" lon="16.025716"></trkpt>
    <trkpt lat="49.357358" lon="16.023228"></trkpt>
    <trkpt lat="49.357679" lon="16.022211"></trkpt>
    <trkpt lat="49.357868" lon="16.021674"></trkpt>
    <trkpt lat="49.358198" lon="16.020771"></trkpt>
    <trkpt lat="49.358435" lon="16.020171"></trkpt>
    <trkpt lat="49.358675" lon="16.019609"></trkpt>
    <trkpt lat="49.359126" lon="16.018588"></trkpt>
    <trkpt lat="49.359508" lon="16.017740"></trkpt>
    <trkpt lat="49.359887" lon="16.016866"></trkpt>
    <trkpt lat="49.360378" lon="16.015673"></trkpt>
    <trkpt lat="49.360680" lon="16.014867"></trkpt>
    <trkpt lat="49.360964" lon="16.014058"></trkpt>
    <trkpt lat="49.361394" lon="16.012683"></trkpt>
    <trkpt lat="49.361676" lon="16.011669"></trkpt>
    <trkpt lat="49.361871" lon="16.010926"></trkpt>
    <trkpt lat="49.362038" lon="16.010195"></trkpt>
    <trkpt lat="49.362325" lon="16.008857"></trkpt>
    <trkpt lat="49.362572" lon="16.007504"></trkpt>
    <trkpt lat="49.362782" lon="16.006026"></trkpt>
    <trkpt lat="49.362884" lon="16.005224"></trkpt>
    <trkpt lat="49.362973" lon="16.004366"></trkpt>
    <trkpt lat="49.363039" lon="16.003553"></trkpt>
    <trkpt lat="49.363092" lon="16.002716"></trkpt>
    <trkpt lat="49.363183" lon="16.000567"></trkpt>
    <trkpt lat="49.363291" lon="15.998658"></trkpt>
    <trkpt lat="49.363392" lon="15.997293"></trkpt>
    <trkpt lat="49.363502" lon="15.996105"></trkpt>
    <trkpt lat="49.363640" lon="15.994951"></trkpt>
    <trkpt lat="49.363773" lon="15.993894"></trkpt>
    <trkpt lat="49.363969" lon="15.992588"></trkpt>
    <trkpt lat="49.364197" lon="15.991274"></trkpt>
    <trkpt lat="49.364480" lon="15.989860"></trkpt>
    <trkpt lat="49.364769" lon="15.988613"></trkpt>
    <trkpt lat="49.364905" lon="15.988019"></trkpt>
    <trkpt lat="49.365023" lon="15.987544"></trkpt>
    <trkpt lat="49.365326" lon="15.986412"></trkpt>
    <trkpt lat="49.365384" lon="15.986199"></trkpt>
    <trkpt lat="49.365677" lon="15.985204"></trkpt>
    <trkpt lat="49.365876" lon="15.984568"></trkpt>
    <trkpt lat="49.366304" lon="15.983270"></trkpt>
    <trkpt lat="49.366907" lon="15.981527"></trkpt>
    <trkpt lat="49.368068" lon="15.978158"></trkpt>
    <trkpt lat="49.369077" lon="15.975245"></trkpt>
    <trkpt lat="49.369458" lon="15.974141"></trkpt>
    <trkpt lat="49.370006" lon="15.972551"></trkpt>
    <trkpt lat="49.370125" lon="15.972210"></trkpt>
    <trkpt lat="49.370377" lon="15.971480"></trkpt>
    <trkpt lat="49.370833" lon="15.970173"></trkpt>
    <trkpt lat="49.371483" lon="15.968264"></trkpt>
    <trkpt lat="49.372555" lon="15.965090"></trkpt>
    <trkpt lat="49.372763" lon="15.964448"></trkpt>
    <trkpt lat="49.373594" lon="15.961890"></trkpt>
    <trkpt lat="49.373709" lon="15.961533"></trkpt>
    <trkpt lat="49.374627" lon="15.958698"></trkpt>
    <trkpt lat="49.375535" lon="15.955940"></trkpt>
    <trkpt lat="49.376172" lon="15.953957"></trkpt>
    <trkpt lat="49.376728" lon="15.952225"></trkpt>
    <trkpt lat="49.376841" lon="15.951872"></trkpt>
    <trkpt lat="49.377220" lon="15.950707"></trkpt>
    <trkpt lat="49.377272" lon="15.950550"></trkpt>
    <trkpt lat="49.378122" lon="15.947934"></trkpt>
    <trkpt lat="49.378403" lon="15.947038"></trkpt>
    <trkpt lat="49.379130" lon="15.944818"></trkpt>
    <trkpt lat="49.380096" lon="15.941830"></trkpt>
    <trkpt lat="49.380791" lon="15.939700"></trkpt>
    <trkpt lat="49.382488" lon="15.934450"></trkpt>
    <trkpt lat="49.382586" lon="15.934146"></trkpt>
    <trkpt lat="49.384619" lon="15.927865"></trkpt>
    <trkpt lat="49.385663" lon="15.924640"></trkpt>
    <trkpt lat="49.386833" lon="15.921058"></trkpt>
    <trkpt lat="49.386954" lon="15.920686"></trkpt>
    <trkpt lat="49.387627" lon="15.918587"></trkpt>
    <trkpt lat="49.387938" lon="15.917604"></trkpt>
    <trkpt lat="49.388436" lon="15.915913"></trkpt>
    <trkpt lat="49.388747" lon="15.914785"></trkpt>
    <trkpt lat="49.388952" lon="15.913935"></trkpt>
    <trkpt lat="49.389143" lon="15.913094"></trkpt>
    <trkpt lat="49.389273" lon="15.912516"></trkpt>
    <trkpt lat="49.389386" lon="15.911966"></trkpt>
    <trkpt lat="49.389619" lon="15.910801"></trkpt>
    <trkpt lat="49.390129" lon="15.908163"></trkpt>
    <trkpt lat="49.390589" lon="15.905760"></trkpt>
    <trkpt lat="49.390961" lon="15.904048"></trkpt>
    <trkpt lat="49.391307" lon="15.902624"></trkpt>
    <trkpt lat="49.391529" lon="15.901763"></trkpt>
    <trkpt lat="49.391752" lon="15.900964"></trkpt>
    <trkpt lat="49.392260" lon="15.899208"></trkpt>
    <trkpt lat="49.392611" lon="15.898105"></trkpt>
    <trkpt lat="49.392952" lon="15.897088"></trkpt>
    <trkpt lat="49.393057" lon="15.896778"></trkpt>
    <trkpt lat="49.394142" lon="15.893672"></trkpt>
    <trkpt lat="49.395191" lon="15.890801"></trkpt>
    <trkpt lat="49.395898" lon="15.888752"></trkpt>
    <trkpt lat="49.396363" lon="15.887242"></trkpt>
    <trkpt lat="49.396740" lon="15.885858"></trkpt>
    <trkpt lat="49.396902" lon="15.885174"></trkpt>
    <trkpt lat="49.397116" lon="15.884144"></trkpt>
    <trkpt lat="49.397248" lon="15.883428"></trkpt>
    <trkpt lat="49.397322" lon="15.883034"></trkpt>
    <trkpt lat="49.397394" lon="15.882575"></trkpt>
    <trkpt lat="49.397504" lon="15.881912"></trkpt>
    <trkpt lat="49.397557" lon="15.881491"></trkpt>
    <trkpt lat="49.397686" lon="15.880399"></trkpt>
    <trkpt lat="49.397871" lon="15.878495"></trkpt>
    <trkpt lat="49.398084" lon="15.876168"></trkpt>
    <trkpt lat="49.398307" lon="15.873994"></trkpt>
    <trkpt lat="49.398508" lon="15.872556"></trkpt>
    <trkpt lat="49.398713" lon="15.871165"></trkpt>
    <trkpt lat="49.399165" lon="15.868562"></trkpt>
    <trkpt lat="49.399461" lon="15.866878"></trkpt>
    <trkpt lat="49.399527" lon="15.866495"></trkpt>
    <trkpt lat="49.399792" lon="15.865026"></trkpt>
    <trkpt lat="49.400148" lon="15.863037"></trkpt>
    <trkpt lat="49.401043" lon="15.858007"></trkpt>
    <trkpt lat="49.401670" lon="15.854509"></trkpt>
    <trkpt lat="49.403292" lon="15.845361"></trkpt>
    <trkpt lat="49.403338" lon="15.845091"></trkpt>
    <trkpt lat="49.403580" lon="15.843760"></trkpt>
    <trkpt lat="49.403701" lon="15.842980"></trkpt>
    <trkpt lat="49.403919" lon="15.841499"></trkpt>
    <trkpt lat="49.404176" lon="15.839590"></trkpt>
    <trkpt lat="49.404474" lon="15.837098"></trkpt>
    <trkpt lat="49.404580" lon="15.835979"></trkpt>
    <trkpt lat="49.404762" lon="15.833906"></trkpt>
    <trkpt lat="49.404842" lon="15.832887"></trkpt>
    <trkpt lat="49.404919" lon="15.831782"></trkpt>
    <trkpt lat="49.405029" lon="15.829842"></trkpt>
    <trkpt lat="49.405158" lon="15.827788"></trkpt>
    <trkpt lat="49.405209" lon="15.827088"></trkpt>
    <trkpt lat="49.405352" lon="15.825218"></trkpt>
    <trkpt lat="49.405542" lon="15.823172"></trkpt>
    <trkpt lat="49.405554" lon="15.823016"></trkpt>
    <trkpt lat="49.405685" lon="15.821686"></trkpt>
    <trkpt lat="49.405999" lon="15.819012"></trkpt>
    <trkpt lat="49.406198" lon="15.817566"></trkpt>
    <trkpt lat="49.406461" lon="15.815576"></trkpt>
    <trkpt lat="49.406498" lon="15.815295"></trkpt>
    <trkpt lat="49.406644" lon="15.814263"></trkpt>
    <trkpt lat="49.406869" lon="15.812554"></trkpt>
    <trkpt lat="49.407004" lon="15.811452"></trkpt>
    <trkpt lat="49.407145" lon="15.810282"></trkpt>
    <trkpt lat="49.407236" lon="15.809493"></trkpt>
    <trkpt lat="49.407317" lon="15.808666"></trkpt>
    <trkpt lat="49.407390" lon="15.807868"></trkpt>
    <trkpt lat="49.407470" lon="15.806927"></trkpt>
    <trkpt lat="49.407554" lon="15.805801"></trkpt>
    <trkpt lat="49.407564" lon="15.805654"></trkpt>
    <trkpt lat="49.407629" lon="15.804589"></trkpt>
    <trkpt lat="49.407663" lon="15.803696"></trkpt>
    <trkpt lat="49.407720" lon="15.802016"></trkpt>
    <trkpt lat="49.407731" lon="15.800872"></trkpt>
    <trkpt lat="49.407729" lon="15.800027"></trkpt>
    <trkpt lat="49.407724" lon="15.798769"></trkpt>
    <trkpt lat="49.407696" lon="15.797364"></trkpt>
    <trkpt lat="49.407649" lon="15.796161"></trkpt>
    <trkpt lat="49.407606" lon="15.794993"></trkpt>
    <trkpt lat="49.407519" lon="15.793203"></trkpt>
    <trkpt lat="49.407344" lon="15.789571"></trkpt>
    <trkpt lat="49.407276" lon="15.787804"></trkpt>
    <trkpt lat="49.407243" lon="15.786270"></trkpt>
    <trkpt lat="49.407242" lon="15.784807"></trkpt>
    <trkpt lat="49.407268" lon="15.783372"></trkpt>
    <trkpt lat="49.407307" lon="15.782353"></trkpt>
    <trkpt lat="49.407361" lon="15.781432"></trkpt>
    <trkpt lat="49.407428" lon="15.780506"></trkpt>
    <trkpt lat="49.407498" lon="15.779628"></trkpt>
    <trkpt lat="49.407602" lon="15.778565"></trkpt>
    <trkpt lat="49.407700" lon="15.777668"></trkpt>
    <trkpt lat="49.407846" lon="15.776445"></trkpt>
    <trkpt lat="49.407985" lon="15.775327"></trkpt>
    <trkpt lat="49.408239" lon="15.773411"></trkpt>
    <trkpt lat="49.408407" lon="15.772120"></trkpt>
    <trkpt lat="49.408526" lon="15.771138"></trkpt>
    <trkpt lat="49.408644" lon="15.770132"></trkpt>
    <trkpt lat="49.408751" lon="15.769200"></trkpt>
    <trkpt lat="49.408851" lon="15.768089"></trkpt>
    <trkpt lat="49.408939" lon="15.766845"></trkpt>
    <trkpt lat="49.409005" lon="15.765493"></trkpt>
    <trkpt lat="49.409036" lon="15.764048"></trkpt>
    <trkpt lat="49.409040" lon="15.762728"></trkpt>
    <trkpt lat="49.409020" lon="15.761057"></trkpt>
    <trkpt lat="49.408970" lon="15.759316"></trkpt>
    <trkpt lat="49.408949" lon="15.757458"></trkpt>
    <trkpt lat="49.408941" lon="15.755705"></trkpt>
    <trkpt lat="49.408947" lon="15.755288"></trkpt>
    <trkpt lat="49.408989" lon="15.753330"></trkpt>
    <trkpt lat="49.409057" lon="15.752147"></trkpt>
    <trkpt lat="49.409150" lon="15.750830"></trkpt>
    <trkpt lat="49.409249" lon="15.749878"></trkpt>
    <trkpt lat="49.409347" lon="15.748942"></trkpt>
    <trkpt lat="49.409513" lon="15.747488"></trkpt>
    <trkpt lat="49.409814" lon="15.745066"></trkpt>
    <trkpt lat="49.410233" lon="15.741649"></trkpt>
    <trkpt lat="49.410307" lon="15.741040"></trkpt>
    <trkpt lat="49.410422" lon="15.740131"></trkpt>
    <trkpt lat="49.410745" lon="15.737322"></trkpt>
    <trkpt lat="49.410928" lon="15.735748"></trkpt>
    <trkpt lat="49.411059" lon="15.734468"></trkpt>
    <trkpt lat="49.411219" lon="15.732819"></trkpt>
    <trkpt lat="49.411448" lon="15.730276"></trkpt>
    <trkpt lat="49.411582" lon="15.728661"></trkpt>
    <trkpt lat="49.411734" lon="15.726484"></trkpt>
    <trkpt lat="49.411903" lon="15.724182"></trkpt>
    <trkpt lat="49.411937" lon="15.723695"></trkpt>
    <trkpt lat="49.412035" lon="15.722464"></trkpt>
    <trkpt lat="49.412178" lon="15.721070"></trkpt>
    <trkpt lat="49.412286" lon="15.720222"></trkpt>
    <trkpt lat="49.412502" lon="15.718905"></trkpt>
    <trkpt lat="49.412590" lon="15.718382"></trkpt>
    <trkpt lat="49.412792" lon="15.717362"></trkpt>
    <trkpt lat="49.413098" lon="15.716061"></trkpt>
    <trkpt lat="49.413390" lon="15.715013"></trkpt>
    <trkpt lat="49.413788" lon="15.713667"></trkpt>
    <trkpt lat="49.414006" lon="15.713016"></trkpt>
    <trkpt lat="49.414237" lon="15.712381"></trkpt>
    <trkpt lat="49.414711" lon="15.711172"></trkpt>
    <trkpt lat="49.415151" lon="15.710162"></trkpt>
    <trkpt lat="49.416386" lon="15.707594"></trkpt>
    <trkpt lat="49.418855" lon="15.702531"></trkpt>
    <trkpt lat="49.419591" lon="15.700874"></trkpt>
    <trkpt lat="49.420127" lon="15.699535"></trkpt>
    <trkpt lat="49.420510" lon="15.698466"></trkpt>
    <trkpt lat="49.420842" lon="15.697497"></trkpt>
    <trkpt lat="49.420978" lon="15.697074"></trkpt>
    <trkpt lat="49.421315" lon="15.695917"></trkpt>
    <trkpt lat="49.421533" lon="15.695136"></trkpt>
    <trkpt lat="49.421826" lon="15.693954"></trkpt>
    <trkpt lat="49.422064" lon="15.692893"></trkpt>
    <trkpt lat="49.422291" lon="15.691778"></trkpt>
    <trkpt lat="49.422424" lon="15.691049"></trkpt>
    <trkpt lat="49.422583" lon="15.690059"></trkpt>
    <trkpt lat="49.422697" lon="15.689253"></trkpt>
    <trkpt lat="49.422816" lon="15.688407"></trkpt>
    <trkpt lat="49.422879" lon="15.687913"></trkpt>
    <trkpt lat="49.422921" lon="15.687589"></trkpt>
    <trkpt lat="49.423159" lon="15.685664"></trkpt>
    <trkpt lat="49.423263" lon="15.684728"></trkpt>
    <trkpt lat="49.423495" lon="15.682986"></trkpt>
    <trkpt lat="49.423587" lon="15.682203"></trkpt>
    <trkpt lat="49.423758" lon="15.680634"></trkpt>
    <trkpt lat="49.424008" lon="15.678610"></trkpt>
    <trkpt lat="49.424203" lon="15.677095"></trkpt>
    <trkpt lat="49.424397" lon="15.675732"></trkpt>
    <trkpt lat="49.424613" lon="15.674285"></trkpt>
    <trkpt lat="49.424825" lon="15.672979"></trkpt>
    <trkpt lat="49.424977" lon="15.672127"></trkpt>
    <trkpt lat="49.425148" lon="15.671245"></trkpt>
    <trkpt lat="49.425317" lon="15.670419"></trkpt>
    <trkpt lat="49.425468" lon="15.669711"></trkpt>
    <trkpt lat="49.425630" lon="15.668981"></trkpt>
    <trkpt lat="49.425862" lon="15.668011"></trkpt>
    <trkpt lat="49.426105" lon="15.667030"></trkpt>
    <trkpt lat="49.426500" lon="15.665577"></trkpt>
    <trkpt lat="49.426716" lon="15.664820"></trkpt>
    <trkpt lat="49.426960" lon="15.664038"></trkpt>
    <trkpt lat="49.427313" lon="15.662923"></trkpt>
    <trkpt lat="49.427762" lon="15.661594"></trkpt>
    <trkpt lat="49.428478" lon="15.659644"></trkpt>
    <trkpt lat="49.428764" lon="15.658917"></trkpt>
    <trkpt lat="49.429038" lon="15.658251"></trkpt>
    <trkpt lat="49.429481" lon="15.657217"></trkpt>
    <trkpt lat="49.429986" lon="15.656093"></trkpt>
    <trkpt lat="49.430353" lon="15.655315"></trkpt>
    <trkpt lat="49.431479" lon="15.653114"></trkpt>
    <trkpt lat="49.431946" lon="15.652190"></trkpt>
    <trkpt lat="49.432305" lon="15.651479"></trkpt>
    <trkpt lat="49.432945" lon="15.650275"></trkpt>
    <trkpt lat="49.433793" lon="15.648668"></trkpt>
    <trkpt lat="49.434502" lon="15.647327"></trkpt>
    <trkpt lat="49.434793" lon="15.646757"></trkpt>
    <trkpt lat="49.435486" lon="15.645477"></trkpt>
    <trkpt lat="49.436044" lon="15.644449"></trkpt>
    <trkpt lat="49.436553" lon="15.643447"></trkpt>
    <trkpt lat="49.437063" lon="15.642464"></trkpt>
    <trkpt lat="49.437858" lon="15.640912"></trkpt>
    <trkpt lat="49.438429" lon="15.639799"></trkpt>
    <trkpt lat="49.439083" lon="15.638474"></trkpt>
    <trkpt lat="49.439830" lon="15.636972"></trkpt>
    <trkpt lat="49.440287" lon="15.636015"></trkpt>
    <trkpt lat="49.441014" lon="15.634483"></trkpt>
    <trkpt lat="49.442040" lon="15.632339"></trkpt>
    <trkpt lat="49.442584" lon="15.631162"></trkpt>
    <trkpt lat="49.443132" lon="15.629942"></trkpt>
    <trkpt lat="49.443914" lon="15.628246"></trkpt>
    <trkpt lat="49.444773" lon="15.626336"></trkpt>
    <trkpt lat="49.447137" lon="15.621066"></trkpt>
    <trkpt lat="49.448768" lon="15.617383"></trkpt>
    <trkpt lat="49.448839" lon="15.617216"></trkpt>
    <trkpt lat="49.449752" lon="15.615178"></trkpt>
    <trkpt lat="49.450389" lon="15.613776"></trkpt>
    <trkpt lat="49.450549" lon="15.613404"></trkpt>
    <trkpt lat="49.451139" lon="15.612074"></trkpt>
    <trkpt lat="49.451365" lon="15.611547"></trkpt>
    <trkpt lat="49.451642" lon="15.610866"></trkpt>
    <trkpt lat="49.451874" lon="15.610269"></trkpt>
    <trkpt lat="49.452044" lon="15.609777"></trkpt>
    <trkpt lat="49.452439" lon="15.608601"></trkpt>
    <trkpt lat="49.452633" lon="15.607911"></trkpt>
    <trkpt lat="49.452862" lon="15.607122"></trkpt>
    <trkpt lat="49.453004" lon="15.606502"></trkpt>
    <trkpt lat="49.453139" lon="15.605903"></trkpt>
    <trkpt lat="49.453235" lon="15.605430"></trkpt>
    <trkpt lat="49.453383" lon="15.604656"></trkpt>
    <trkpt lat="49.453465" lon="15.604160"></trkpt>
    <trkpt lat="49.453547" lon="15.603637"></trkpt>
    <trkpt lat="49.453700" lon="15.602476"></trkpt>
    <trkpt lat="49.453730" lon="15.602181"></trkpt>
    <trkpt lat="49.453824" lon="15.601257"></trkpt>
    <trkpt lat="49.453893" lon="15.600355"></trkpt>
    <trkpt lat="49.453946" lon="15.599673"></trkpt>
    <trkpt lat="49.454005" lon="15.598806"></trkpt>
    <trkpt lat="49.454077" lon="15.597877"></trkpt>
    <trkpt lat="49.454154" lon="15.597037"></trkpt>
    <trkpt lat="49.454229" lon="15.596367"></trkpt>
    <trkpt lat="49.454311" lon="15.595751"></trkpt>
    <trkpt lat="49.454401" lon="15.595174"></trkpt>
    <trkpt lat="49.454569" lon="15.594283"></trkpt>
    <trkpt lat="49.454721" lon="15.593575"></trkpt>
    <trkpt lat="49.454851" lon="15.593042"></trkpt>
    <trkpt lat="49.455090" lon="15.592154"></trkpt>
    <trkpt lat="49.455231" lon="15.591682"></trkpt>
    <trkpt lat="49.455407" lon="15.591141"></trkpt>
    <trkpt lat="49.455619" lon="15.590547"></trkpt>
    <trkpt lat="49.455891" lon="15.589851"></trkpt>
    <trkpt lat="49.456310" lon="15.588865"></trkpt>
    <trkpt lat="49.456675" lon="15.588108"></trkpt>
    <trkpt lat="49.456865" lon="15.587753"></trkpt>
    <trkpt lat="49.457284" lon="15.587009"></trkpt>
    <trkpt lat="49.457604" lon="15.586485"></trkpt>
    <trkpt lat="49.458083" lon="15.585781"></trkpt>
    <trkpt lat="49.458779" lon="15.584903"></trkpt>
    <trkpt lat="49.459293" lon="15.584325"></trkpt>
    <trkpt lat="49.459816" lon="15.583768"></trkpt>
    <trkpt lat="49.460676" lon="15.582900"></trkpt>
    <trkpt lat="49.461140" lon="15.582485"></trkpt>
    <trkpt lat="49.462420" lon="15.581294"></trkpt>
    <trkpt lat="49.463431" lon="15.580309"></trkpt>
    <trkpt lat="49.463834" lon="15.579889"></trkpt>
    <trkpt lat="49.464155" lon="15.579525"></trkpt>
    <trkpt lat="49.464459" lon="15.579173"></trkpt>
    <trkpt lat="49.464725" lon="15.578837"></trkpt>
    <trkpt lat="49.464968" lon="15.578512"></trkpt>
    <trkpt lat="49.465456" lon="15.577794"></trkpt>
    <trkpt lat="49.465776" lon="15.577232"></trkpt>
    <trkpt lat="49.466015" lon="15.576790"></trkpt>
    <trkpt lat="49.466371" lon="15.576047"></trkpt>
    <trkpt lat="49.466734" lon="15.575192"></trkpt>
    <trkpt lat="49.467333" lon="15.573593"></trkpt>
    <trkpt lat="49.467613" lon="15.572853"></trkpt>
    <trkpt lat="49.467978" lon="15.571972"></trkpt>
    <trkpt lat="49.468209" lon="15.571454"></trkpt>
    <trkpt lat="49.468455" lon="15.570962"></trkpt>
    <trkpt lat="49.468826" lon="15.570298"></trkpt>
    <trkpt lat="49.469168" lon="15.569758"></trkpt>
    <trkpt lat="49.469466" lon="15.569341"></trkpt>
    <trkpt lat="49.469800" lon="15.568917"></trkpt>
    <trkpt lat="49.470182" lon="15.568485"></trkpt>
    <trkpt lat="49.470442" lon="15.568193"></trkpt>
    <trkpt lat="49.470858" lon="15.567809"></trkpt>
    <trkpt lat="49.471153" lon="15.567568"></trkpt>
    <trkpt lat="49.471433" lon="15.567351"></trkpt>
    <trkpt lat="49.471875" lon="15.567040"></trkpt>
    <trkpt lat="49.472281" lon="15.566779"></trkpt>
    <trkpt lat="49.472677" lon="15.566532"></trkpt>
    <trkpt lat="49.473442" lon="15.566053"></trkpt>
    <trkpt lat="49.473841" lon="15.565776"></trkpt>
    <trkpt lat="49.474218" lon="15.565500"></trkpt>
    <trkpt lat="49.474712" lon="15.565098"></trkpt>
    <trkpt lat="49.475161" lon="15.564675"></trkpt>
    <trkpt lat="49.475386" lon="15.564428"></trkpt>
    <trkpt lat="49.475624" lon="15.564156"></trkpt>
    <trkpt lat="49.476046" lon="15.563635"></trkpt>
    <trkpt lat="49.476479" lon="15.563013"></trkpt>
    <trkpt lat="49.476696" lon="15.562665"></trkpt>
    <trkpt lat="49.476947" lon="15.562231"></trkpt>
    <trkpt lat="49.477224" lon="15.561707"></trkpt>
    <trkpt lat="49.477526" lon="15.561055"></trkpt>
    <trkpt lat="49.477764" lon="15.560476"></trkpt>
    <trkpt lat="49.477975" lon="15.559906"></trkpt>
    <trkpt lat="49.478144" lon="15.559399"></trkpt>
    <trkpt lat="49.478257" lon="15.559020"></trkpt>
    <trkpt lat="49.478370" lon="15.558601"></trkpt>
    <trkpt lat="49.478491" lon="15.558123"></trkpt>
    <trkpt lat="49.478598" lon="15.557641"></trkpt>
    <trkpt lat="49.478707" lon="15.557069"></trkpt>
    <trkpt lat="49.478881" lon="15.556035"></trkpt>
    <trkpt lat="49.479019" lon="15.555110"></trkpt>
    <trkpt lat="49.479227" lon="15.553732"></trkpt>
    <trkpt lat="49.479616" lon="15.551104"></trkpt>
    <trkpt lat="49.479819" lon="15.549724"></trkpt>
    <trkpt lat="49.480092" lon="15.547887"></trkpt>
    <trkpt lat="49.480296" lon="15.546504"></trkpt>
    <trkpt lat="49.480516" lon="15.545014"></trkpt>
    <trkpt lat="49.480758" lon="15.543402"></trkpt>
    <trkpt lat="49.481096" lon="15.541153"></trkpt>
    <trkpt lat="49.481131" lon="15.540919"></trkpt>
    <trkpt lat="49.481316" lon="15.539766"></trkpt>
    <trkpt lat="49.481501" lon="15.538643"></trkpt>
    <trkpt lat="49.481762" lon="15.537181"></trkpt>
    <trkpt lat="49.482044" lon="15.535726"></trkpt>
    <trkpt lat="49.482344" lon="15.534299"></trkpt>
    <trkpt lat="49.482659" lon="15.532936"></trkpt>
    <trkpt lat="49.483064" lon="15.531299"></trkpt>
    <trkpt lat="49.483216" lon="15.530734"></trkpt>
    <trkpt lat="49.483427" lon="15.529925"></trkpt>
    <trkpt lat="49.483815" lon="15.528537"></trkpt>
    <trkpt lat="49.483992" lon="15.527892"></trkpt>
    <trkpt lat="49.484376" lon="15.526572"></trkpt>
    <trkpt lat="49.484788" lon="15.525149"></trkpt>
    <trkpt lat="49.485615" lon="15.522338"></trkpt>
    <trkpt lat="49.485828" lon="15.521567"></trkpt>
    <trkpt lat="49.486409" lon="15.519510"></trkpt>
    <trkpt lat="49.486716" lon="15.518433"></trkpt>
    <trkpt lat="49.487048" lon="15.517178"></trkpt>
    <trkpt lat="49.487486" lon="15.515531"></trkpt>
    <trkpt lat="49.487573" lon="15.515190"></trkpt>
    <trkpt lat="49.488094" lon="15.513119"></trkpt>
    <trkpt lat="49.488381" lon="15.511908"></trkpt>
    <trkpt lat="49.488641" lon="15.510816"></trkpt>
    <trkpt lat="49.488864" lon="15.509854"></trkpt>
    <trkpt lat="49.489295" lon="15.507954"></trkpt>
    <trkpt lat="49.489460" lon="15.507203"></trkpt>
    <trkpt lat="49.489859" lon="15.505361"></trkpt>
    <trkpt lat="49.490449" lon="15.502701"></trkpt>
    <trkpt lat="49.490943" lon="15.500433"></trkpt>
    <trkpt lat="49.491769" lon="15.496665"></trkpt>
    <trkpt lat="49.492213" lon="15.494673"></trkpt>
    <trkpt lat="49.492643" lon="15.492813"></trkpt>
    <trkpt lat="49.492858" lon="15.491916"></trkpt>
    <trkpt lat="49.493085" lon="15.491034"></trkpt>
    <trkpt lat="49.493313" lon="15.490190"></trkpt>
    <trkpt lat="49.493540" lon="15.489405"></trkpt>
    <trkpt lat="49.493754" lon="15.488705"></trkpt>
    <trkpt lat="49.494038" lon="15.487810"></trkpt>
    <trkpt lat="49.494344" lon="15.486922"></trkpt>
    <trkpt lat="49.494630" lon="15.486145"></trkpt>
    <trkpt lat="49.494946" lon="15.485333"></trkpt>
    <trkpt lat="49.495270" lon="15.484545"></trkpt>
    <trkpt lat="49.495609" lon="15.483785"></trkpt>
    <trkpt lat="49.495954" lon="15.483049"></trkpt>
    <trkpt lat="49.496300" lon="15.482348"></trkpt>
    <trkpt lat="49.496644" lon="15.481686"></trkpt>
    <trkpt lat="49.496977" lon="15.481067"></trkpt>
    <trkpt lat="49.497296" lon="15.480508"></trkpt>
    <trkpt lat="49.497629" lon="15.479940"></trkpt>
    <trkpt lat="49.497960" lon="15.479407"></trkpt>
    <trkpt lat="49.498209" lon="15.479020"></trkpt>
    <trkpt lat="49.498535" lon="15.478524"></trkpt>
    <trkpt lat="49.499023" lon="15.477826"></trkpt>
    <trkpt lat="49.499390" lon="15.477321"></trkpt>
    <trkpt lat="49.499829" lon="15.476758"></trkpt>
    <trkpt lat="49.500128" lon="15.476385"></trkpt>
    <trkpt lat="49.500533" lon="15.475900"></trkpt>
    <trkpt lat="49.500918" lon="15.475450"></trkpt>
    <trkpt lat="49.501225" lon="15.475112"></trkpt>
    <trkpt lat="49.501632" lon="15.474647"></trkpt>
    <trkpt lat="49.501888" lon="15.474364"></trkpt>
    <trkpt lat="49.502202" lon="15.474001"></trkpt>
    <trkpt lat="49.502615" lon="15.473522"></trkpt>
    <trkpt lat="49.503010" lon="15.473037"></trkpt>
    <trkpt lat="49.503396" lon="15.472548"></trkpt>
    <trkpt lat="49.503756" lon="15.472053"></trkpt>
    <trkpt lat="49.504160" lon="15.471479"></trkpt>
    <trkpt lat="49.504521" lon="15.470927"></trkpt>
    <trkpt lat="49.505108" lon="15.469984"></trkpt>
    <trkpt lat="49.505780" lon="15.468888"></trkpt>
    <trkpt lat="49.506225" lon="15.468180"></trkpt>
    <trkpt lat="49.506695" lon="15.467455"></trkpt>
    <trkpt lat="49.507270" lon="15.466618"></trkpt>
    <trkpt lat="49.507625" lon="15.466129"></trkpt>
    <trkpt lat="49.508133" lon="15.465478"></trkpt>
    <trkpt lat="49.508434" lon="15.465120"></trkpt>
    <trkpt lat="49.508733" lon="15.464782"></trkpt>
    <trkpt lat="49.509155" lon="15.464319"></trkpt>
    <trkpt lat="49.509576" lon="15.463895"></trkpt>
    <trkpt lat="49.509848" lon="15.463635"></trkpt>
    <trkpt lat="49.510131" lon="15.463369"></trkpt>
    <trkpt lat="49.510388" lon="15.463143"></trkpt>
    <trkpt lat="49.510695" lon="15.462885"></trkpt>
    <trkpt lat="49.511251" lon="15.462433"></trkpt>
    <trkpt lat="49.511995" lon="15.461869"></trkpt>
    <trkpt lat="49.512593" lon="15.461413"></trkpt>
    <trkpt lat="49.513172" lon="15.460951"></trkpt>
    <trkpt lat="49.513599" lon="15.460569"></trkpt>
    <trkpt lat="49.513948" lon="15.460227"></trkpt>
    <trkpt lat="49.514313" lon="15.459833"></trkpt>
    <trkpt lat="49.514692" lon="15.459388"></trkpt>
    <trkpt lat="49.515134" lon="15.458794"></trkpt>
    <trkpt lat="49.515542" lon="15.458178"></trkpt>
    <trkpt lat="49.515937" lon="15.457522"></trkpt>
    <trkpt lat="49.516329" lon="15.456778"></trkpt>
    <trkpt lat="49.516617" lon="15.456159"></trkpt>
    <trkpt lat="49.516891" lon="15.455511"></trkpt>
    <trkpt lat="49.517118" lon="15.454910"></trkpt>
    <trkpt lat="49.517255" lon="15.454510"></trkpt>
    <trkpt lat="49.517395" lon="15.454105"></trkpt>
    <trkpt lat="49.517572" lon="15.453487"></trkpt>
    <trkpt lat="49.517706" lon="15.452963"></trkpt>
    <trkpt lat="49.517816" lon="15.452480"></trkpt>
    <trkpt lat="49.517912" lon="15.452014"></trkpt>
    <trkpt lat="49.518061" lon="15.451187"></trkpt>
    <trkpt lat="49.518151" lon="15.450592"></trkpt>
    <trkpt lat="49.518239" lon="15.450000"></trkpt>
    <trkpt lat="49.518306" lon="15.449232"></trkpt>
    <trkpt lat="49.518351" lon="15.448504"></trkpt>
    <trkpt lat="49.518366" lon="15.447950"></trkpt>
    <trkpt lat="49.518365" lon="15.447290"></trkpt>
    <trkpt lat="49.518350" lon="15.446610"></trkpt>
    <trkpt lat="49.518317" lon="15.446086"></trkpt>
    <trkpt lat="49.518281" lon="15.445562"></trkpt>
    <trkpt lat="49.518228" lon="15.444977"></trkpt>
    <trkpt lat="49.518157" lon="15.444398"></trkpt>
    <trkpt lat="49.518008" lon="15.443443"></trkpt>
    <trkpt lat="49.517680" lon="15.441672"></trkpt>
    <trkpt lat="49.517440" lon="15.440412"></trkpt>
    <trkpt lat="49.517247" lon="15.439241"></trkpt>
    <trkpt lat="49.517175" lon="15.438730"></trkpt>
    <trkpt lat="49.517093" lon="15.438064"></trkpt>
    <trkpt lat="49.517032" lon="15.437487"></trkpt>
    <trkpt lat="49.516948" lon="15.436536"></trkpt>
    <trkpt lat="49.516903" lon="15.435851"></trkpt>
    <trkpt lat="49.516866" lon="15.435153"></trkpt>
    <trkpt lat="49.516794" lon="15.433755"></trkpt>
    <trkpt lat="49.516724" lon="15.432367"></trkpt>
    <trkpt lat="49.516634" lon="15.430987"></trkpt>
    <trkpt lat="49.516566" lon="15.430203"></trkpt>
    <trkpt lat="49.516485" lon="15.429388"></trkpt>
    <trkpt lat="49.516400" lon="15.428651"></trkpt>
    <trkpt lat="49.516312" lon="15.427930"></trkpt>
    <trkpt lat="49.516167" lon="15.426799"></trkpt>
    <trkpt lat="49.515963" lon="15.425423"></trkpt>
    <trkpt lat="49.515757" lon="15.423954"></trkpt>
    <trkpt lat="49.515543" lon="15.422307"></trkpt>
    <trkpt lat="49.515396" lon="15.421127"></trkpt>
    <trkpt lat="49.515290" lon="15.420134"></trkpt>
    <trkpt lat="49.515228" lon="15.419486"></trkpt>
    <trkpt lat="49.515149" lon="15.418549"></trkpt>
    <trkpt lat="49.515075" lon="15.417358"></trkpt>
    <trkpt lat="49.515038" lon="15.416541"></trkpt>
    <trkpt lat="49.515011" lon="15.415715"></trkpt>
    <trkpt lat="49.515003" lon="15.414983"></trkpt>
    <trkpt lat="49.514998" lon="15.414211"></trkpt>
    <trkpt lat="49.515004" lon="15.413460"></trkpt>
    <trkpt lat="49.515025" lon="15.412604"></trkpt>
    <trkpt lat="49.515084" lon="15.411230"></trkpt>
    <trkpt lat="49.515174" lon="15.409846"></trkpt>
    <trkpt lat="49.515245" lon="15.409089"></trkpt>
    <trkpt lat="49.515376" lon="15.407815"></trkpt>
    <trkpt lat="49.515524" lon="15.406661"></trkpt>
    <trkpt lat="49.515728" lon="15.405283"></trkpt>
    <trkpt lat="49.515981" lon="15.403872"></trkpt>
    <trkpt lat="49.516108" lon="15.403232"></trkpt>
    <trkpt lat="49.516280" lon="15.402413"></trkpt>
    <trkpt lat="49.516575" lon="15.401162"></trkpt>
    <trkpt lat="49.516938" lon="15.399777"></trkpt>
    <trkpt lat="49.517124" lon="15.399096"></trkpt>
    <trkpt lat="49.517325" lon="15.398440"></trkpt>
    <trkpt lat="49.517743" lon="15.397087"></trkpt>
    <trkpt lat="49.518250" lon="15.395568"></trkpt>
    <trkpt lat="49.518774" lon="15.394041"></trkpt>
    <trkpt lat="49.519843" lon="15.391045"></trkpt>
    <trkpt lat="49.520370" lon="15.389571"></trkpt>
    <trkpt lat="49.520888" lon="15.388101"></trkpt>
    <trkpt lat="49.521407" lon="15.386561"></trkpt>
    <trkpt lat="49.521893" lon="15.385042"></trkpt>
    <trkpt lat="49.522252" lon="15.383853"></trkpt>
    <trkpt lat="49.522594" lon="15.382658"></trkpt>
    <trkpt lat="49.522905" lon="15.381441"></trkpt>
    <trkpt lat="49.523196" lon="15.380209"></trkpt>
    <trkpt lat="49.523323" lon="15.379624"></trkpt>
    <trkpt lat="49.523657" lon="15.378051"></trkpt>
    <trkpt lat="49.523846" lon="15.377013"></trkpt>
    <trkpt lat="49.524008" lon="15.376023"></trkpt>
    <trkpt lat="49.524057" lon="15.375698"></trkpt>
    <trkpt lat="49.524272" lon="15.374231"></trkpt>
    <trkpt lat="49.524451" lon="15.372799"></trkpt>
    <trkpt lat="49.524588" lon="15.371492"></trkpt>
    <trkpt lat="49.524704" lon="15.370175"></trkpt>
    <trkpt lat="49.524792" lon="15.369073"></trkpt>
    <trkpt lat="49.524879" lon="15.367891"></trkpt>
    <trkpt lat="49.524903" lon="15.367496"></trkpt>
    <trkpt lat="49.525025" lon="15.365457"></trkpt>
    <trkpt lat="49.525464" lon="15.357074"></trkpt>
    <trkpt lat="49.525520" lon="15.356040"></trkpt>
    <trkpt lat="49.525572" lon="15.355255"></trkpt>
    <trkpt lat="49.525633" lon="15.354477"></trkpt>
    <trkpt lat="49.525730" lon="15.353408"></trkpt>
    <trkpt lat="49.525794" lon="15.352830"></trkpt>
    <trkpt lat="49.525854" lon="15.352384"></trkpt>
    <trkpt lat="49.525918" lon="15.351943"></trkpt>
    <trkpt lat="49.526070" lon="15.351005"></trkpt>
    <trkpt lat="49.526206" lon="15.350249"></trkpt>
    <trkpt lat="49.526263" lon="15.349950"></trkpt>
    <trkpt lat="49.526429" lon="15.349185"></trkpt>
    <trkpt lat="49.526528" lon="15.348728"></trkpt>
    <trkpt lat="49.526715" lon="15.347972"></trkpt>
    <trkpt lat="49.526845" lon="15.347484"></trkpt>
    <trkpt lat="49.526979" lon="15.347021"></trkpt>
    <trkpt lat="49.527160" lon="15.346413"></trkpt>
    <trkpt lat="49.527307" lon="15.345953"></trkpt>
    <trkpt lat="49.527492" lon="15.345396"></trkpt>
    <trkpt lat="49.527694" lon="15.344833"></trkpt>
    <trkpt lat="49.527971" lon="15.344090"></trkpt>
    <trkpt lat="49.528312" lon="15.343271"></trkpt>
    <trkpt lat="49.528596" lon="15.342631"></trkpt>
    <trkpt lat="49.528870" lon="15.342055"></trkpt>
    <trkpt lat="49.529246" lon="15.341297"></trkpt>
    <trkpt lat="49.529533" lon="15.340755"></trkpt>
    <trkpt lat="49.529813" lon="15.340267"></trkpt>
    <trkpt lat="49.530206" lon="15.339604"></trkpt>
    <trkpt lat="49.530558" lon="15.339063"></trkpt>
    <trkpt lat="49.530801" lon="15.338700"></trkpt>
    <trkpt lat="49.531042" lon="15.338357"></trkpt>
    <trkpt lat="49.531317" lon="15.337971"></trkpt>
    <trkpt lat="49.531712" lon="15.337457"></trkpt>
    <trkpt lat="49.532121" lon="15.336964"></trkpt>
    <trkpt lat="49.532504" lon="15.336513"></trkpt>
    <trkpt lat="49.532833" lon="15.336160"></trkpt>
    <trkpt lat="49.533160" lon="15.335821"></trkpt>
    <trkpt lat="49.533477" lon="15.335506"></trkpt>
    <trkpt lat="49.533782" lon="15.335213"></trkpt>
    <trkpt lat="49.534244" lon="15.334817"></trkpt>
    <trkpt lat="49.534419" lon="15.334666"></trkpt>
    <trkpt lat="49.534850" lon="15.334315"></trkpt>
    <trkpt lat="49.535282" lon="15.333993"></trkpt>
    <trkpt lat="49.535507" lon="15.333828"></trkpt>
    <trkpt lat="49.536016" lon="15.333489"></trkpt>
    <trkpt lat="49.536380" lon="15.333268"></trkpt>
    <trkpt lat="49.536776" lon="15.333040"></trkpt>
    <trkpt lat="49.537252" lon="15.332792"></trkpt>
    <trkpt lat="49.537802" lon="15.332515"></trkpt>
    <trkpt lat="49.538281" lon="15.332291"></trkpt>
    <trkpt lat="49.538799" lon="15.332081"></trkpt>
    <trkpt lat="49.539403" lon="15.331858"></trkpt>
    <trkpt lat="49.539876" lon="15.331703"></trkpt>
    <trkpt lat="49.541123" lon="15.331322"></trkpt>
    <trkpt lat="49.542329" lon="15.330997"></trkpt>
    <trkpt lat="49.544018" lon="15.330558"></trkpt>
    <trkpt lat="49.545693" lon="15.330108"></trkpt>
    <trkpt lat="49.546916" lon="15.329721"></trkpt>
    <trkpt lat="49.548103" lon="15.329287"></trkpt>
    <trkpt lat="49.549304" lon="15.328742"></trkpt>
    <trkpt lat="49.550487" lon="15.328095"></trkpt>
    <trkpt lat="49.551211" lon="15.327632"></trkpt>
    <trkpt lat="49.551881" lon="15.327148"></trkpt>
    <trkpt lat="49.552243" lon="15.326861"></trkpt>
    <trkpt lat="49.552624" lon="15.326543"></trkpt>
    <trkpt lat="49.553352" lon="15.325885"></trkpt>
    <trkpt lat="49.553870" lon="15.325371"></trkpt>
    <trkpt lat="49.554396" lon="15.324839"></trkpt>
    <trkpt lat="49.555112" lon="15.323983"></trkpt>
    <trkpt lat="49.555811" lon="15.323072"></trkpt>
    <trkpt lat="49.556516" lon="15.322063"></trkpt>
    <trkpt lat="49.557116" lon="15.321100"></trkpt>
    <trkpt lat="49.557638" lon="15.320201"></trkpt>
    <trkpt lat="49.557878" lon="15.319752"></trkpt>
    <trkpt lat="49.558117" lon="15.319281"></trkpt>
    <trkpt lat="49.558421" lon="15.318667"></trkpt>
    <trkpt lat="49.558688" lon="15.318084"></trkpt>
    <trkpt lat="49.559019" lon="15.317328"></trkpt>
    <trkpt lat="49.559359" lon="15.316490"></trkpt>
    <trkpt lat="49.559700" lon="15.315556"></trkpt>
    <trkpt lat="49.559970" lon="15.314773"></trkpt>
    <trkpt lat="49.560242" lon="15.313898"></trkpt>
    <trkpt lat="49.560480" lon="15.313071"></trkpt>
    <trkpt lat="49.560699" lon="15.312239"></trkpt>
    <trkpt lat="49.560894" lon="15.311422"></trkpt>
    <trkpt lat="49.561090" lon="15.310487"></trkpt>
    <trkpt lat="49.561269" lon="15.309524"></trkpt>
    <trkpt lat="49.561407" lon="15.308691"></trkpt>
    <trkpt lat="49.561532" lon="15.307823"></trkpt>
    <trkpt lat="49.561703" lon="15.306219"></trkpt>
    <trkpt lat="49.561994" lon="15.303206"></trkpt>
    <trkpt lat="49.562100" lon="15.302035"></trkpt>
    <trkpt lat="49.562222" lon="15.300847"></trkpt>
    <trkpt lat="49.562349" lon="15.299694"></trkpt>
    <trkpt lat="49.562523" lon="15.298596"></trkpt>
    <trkpt lat="49.562788" lon="15.297179"></trkpt>
    <trkpt lat="49.562932" lon="15.296494"></trkpt>
    <trkpt lat="49.563112" lon="15.295776"></trkpt>
    <trkpt lat="49.563500" lon="15.294384"></trkpt>
    <trkpt lat="49.563796" lon="15.293417"></trkpt>
    <trkpt lat="49.564121" lon="15.292438"></trkpt>
    <trkpt lat="49.564420" lon="15.291629"></trkpt>
    <trkpt lat="49.564682" lon="15.290951"></trkpt>
    <trkpt lat="49.564952" lon="15.290301"></trkpt>
    <trkpt lat="49.565223" lon="15.289690"></trkpt>
    <trkpt lat="49.565485" lon="15.289114"></trkpt>
    <trkpt lat="49.565703" lon="15.288652"></trkpt>
    <trkpt lat="49.566378" lon="15.287262"></trkpt>
    <trkpt lat="49.566840" lon="15.286300"></trkpt>
    <trkpt lat="49.567123" lon="15.285706"></trkpt>
    <trkpt lat="49.567603" lon="15.284651"></trkpt>
    <trkpt lat="49.567837" lon="15.284092"></trkpt>
    <trkpt lat="49.567897" lon="15.283948"></trkpt>
    <trkpt lat="49.568287" lon="15.282955"></trkpt>
    <trkpt lat="49.568568" lon="15.282175"></trkpt>
    <trkpt lat="49.569688" lon="15.278869"></trkpt>
    <trkpt lat="49.570374" lon="15.276927"></trkpt>
    <trkpt lat="49.570748" lon="15.275977"></trkpt>
    <trkpt lat="49.571155" lon="15.275034"></trkpt>
    <trkpt lat="49.571971" lon="15.273358"></trkpt>
    <trkpt lat="49.572394" lon="15.272588"></trkpt>
    <trkpt lat="49.572829" lon="15.271847"></trkpt>
    <trkpt lat="49.573467" lon="15.270861"></trkpt>
    <trkpt lat="49.574125" lon="15.269928"></trkpt>
    <trkpt lat="49.574637" lon="15.269281"></trkpt>
    <trkpt lat="49.575155" lon="15.268655"></trkpt>
    <trkpt lat="49.575663" lon="15.268065"></trkpt>
    <trkpt lat="49.576704" lon="15.266924"></trkpt>
    <trkpt lat="49.577786" lon="15.265752"></trkpt>
    <trkpt lat="49.578852" lon="15.264595"></trkpt>
    <trkpt lat="49.581015" lon="15.262269"></trkpt>
    <trkpt lat="49.582378" lon="15.260773"></trkpt>
    <trkpt lat="49.582920" lon="15.260169"></trkpt>
    <trkpt lat="49.583174" lon="15.259891"></trkpt>
    <trkpt lat="49.583429" lon="15.259599"></trkpt>
    <trkpt lat="49.583935" lon="15.258996"></trkpt>
    <trkpt lat="49.584417" lon="15.258389"></trkpt>
    <trkpt lat="49.584883" lon="15.257755"></trkpt>
    <trkpt lat="49.585314" lon="15.257127"></trkpt>
    <trkpt lat="49.585753" lon="15.256456"></trkpt>
    <trkpt lat="49.586177" lon="15.255751"></trkpt>
    <trkpt lat="49.586927" lon="15.254365"></trkpt>
    <trkpt lat="49.587291" lon="15.253645"></trkpt>
    <trkpt lat="49.587623" lon="15.252926"></trkpt>
    <trkpt lat="49.588169" lon="15.251646"></trkpt>
    <trkpt lat="49.588692" lon="15.250342"></trkpt>
    <trkpt lat="49.589568" lon="15.248100"></trkpt>
    <trkpt lat="49.590023" lon="15.246980"></trkpt>
    <trkpt lat="49.590255" lon="15.246438"></trkpt>
    <trkpt lat="49.590487" lon="15.245911"></trkpt>
    <trkpt lat="49.591007" lon="15.244794"></trkpt>
    <trkpt lat="49.591257" lon="15.244284"></trkpt>
    <trkpt lat="49.591515" lon="15.243792"></trkpt>
    <trkpt lat="49.592045" lon="15.242794"></trkpt>
    <trkpt lat="49.592592" lon="15.241810"></trkpt>
    <trkpt lat="49.593218" lon="15.240723"></trkpt>
    <trkpt lat="49.593414" lon="15.240368"></trkpt>
    <trkpt lat="49.593791" lon="15.239696"></trkpt>
    <trkpt lat="49.594046" lon="15.239247"></trkpt>
    <trkpt lat="49.594391" lon="15.238629"></trkpt>
    <trkpt lat="49.594914" lon="15.237687"></trkpt>
    <trkpt lat="49.595429" lon="15.236716"></trkpt>
    <trkpt lat="49.595888" lon="15.235820"></trkpt>
    <trkpt lat="49.596328" lon="15.234928"></trkpt>
    <trkpt lat="49.596723" lon="15.234061"></trkpt>
    <trkpt lat="49.597014" lon="15.233400"></trkpt>
    <trkpt lat="49.597276" lon="15.232774"></trkpt>
    <trkpt lat="49.597510" lon="15.232165"></trkpt>
    <trkpt lat="49.597573" lon="15.231993"></trkpt>
    <trkpt lat="49.597869" lon="15.231147"></trkpt>
    <trkpt lat="49.598172" lon="15.230215"></trkpt>
    <trkpt lat="49.598364" lon="15.229549"></trkpt>
    <trkpt lat="49.598539" lon="15.228859"></trkpt>
    <trkpt lat="49.598677" lon="15.228289"></trkpt>
    <trkpt lat="49.598801" lon="15.227716"></trkpt>
    <trkpt lat="49.598914" lon="15.227113"></trkpt>
    <trkpt lat="49.599011" lon="15.226536"></trkpt>
    <trkpt lat="49.599106" lon="15.225869"></trkpt>
    <trkpt lat="49.599178" lon="15.225233"></trkpt>
    <trkpt lat="49.599233" lon="15.224559"></trkpt>
    <trkpt lat="49.599269" lon="15.223888"></trkpt>
    <trkpt lat="49.599289" lon="15.223142"></trkpt>
    <trkpt lat="49.599282" lon="15.222395"></trkpt>
    <trkpt lat="49.599247" lon="15.221633"></trkpt>
    <trkpt lat="49.599190" lon="15.220910"></trkpt>
    <trkpt lat="49.599107" lon="15.220214"></trkpt>
    <trkpt lat="49.599002" lon="15.219490"></trkpt>
    <trkpt lat="49.598888" lon="15.218900"></trkpt>
    <trkpt lat="49.598763" lon="15.218314"></trkpt>
    <trkpt lat="49.598633" lon="15.217793"></trkpt>
    <trkpt lat="49.598503" lon="15.217305"></trkpt>
    <trkpt lat="49.598334" lon="15.216765"></trkpt>
    <trkpt lat="49.598161" lon="15.216261"></trkpt>
    <trkpt lat="49.597782" lon="15.215239"></trkpt>
    <trkpt lat="49.597391" lon="15.214215"></trkpt>
    <trkpt lat="49.597233" lon="15.213780"></trkpt>
    <trkpt lat="49.597083" lon="15.213353"></trkpt>
    <trkpt lat="49.596937" lon="15.212904"></trkpt>
    <trkpt lat="49.596803" lon="15.212452"></trkpt>
    <trkpt lat="49.596683" lon="15.211998"></trkpt>
    <trkpt lat="49.596570" lon="15.211533"></trkpt>
    <trkpt lat="49.596469" lon="15.211068"></trkpt>
    <trkpt lat="49.596378" lon="15.210591"></trkpt>
    <trkpt lat="49.596299" lon="15.210108"></trkpt>
    <trkpt lat="49.596230" lon="15.209628"></trkpt>
    <trkpt lat="49.596175" lon="15.209144"></trkpt>
    <trkpt lat="49.596134" lon="15.208699"></trkpt>
    <trkpt lat="49.596112" lon="15.208405"></trkpt>
    <trkpt lat="49.596097" lon="15.208164"></trkpt>
    <trkpt lat="49.596085" lon="15.207912"></trkpt>
    <trkpt lat="49.596075" lon="15.207666"></trkpt>
    <trkpt lat="49.596069" lon="15.207421"></trkpt>
    <trkpt lat="49.596066" lon="15.207174"></trkpt>
    <trkpt lat="49.596066" lon="15.206926"></trkpt>
    <trkpt lat="49.596068" lon="15.206678"></trkpt>
    <trkpt lat="49.596073" lon="15.206429"></trkpt>
    <trkpt lat="49.596081" lon="15.206182"></trkpt>
    <trkpt lat="49.596092" lon="15.205935"></trkpt>
    <trkpt lat="49.596122" lon="15.205440"></trkpt>
    <trkpt lat="49.596129" lon="15.205357"></trkpt>
    <trkpt lat="49.596142" lon="15.205198"></trkpt>
    <trkpt lat="49.596191" lon="15.204707"></trkpt>
    <trkpt lat="49.596251" lon="15.204220"></trkpt>
    <trkpt lat="49.596323" lon="15.203740"></trkpt>
    <trkpt lat="49.596405" lon="15.203262"></trkpt>
    <trkpt lat="49.596499" lon="15.202787"></trkpt>
    <trkpt lat="49.596624" lon="15.202297"></trkpt>
    <trkpt lat="49.596728" lon="15.201886"></trkpt>
    <trkpt lat="49.596802" lon="15.201613"></trkpt>
    <trkpt lat="49.596904" lon="15.201252"></trkpt>
    <trkpt lat="49.596995" lon="15.200963"></trkpt>
    <trkpt lat="49.597073" lon="15.200720"></trkpt>
    <trkpt lat="49.597217" lon="15.200306"></trkpt>
    <trkpt lat="49.597383" lon="15.199873"></trkpt>
    <trkpt lat="49.597516" lon="15.199540"></trkpt>
    <trkpt lat="49.597702" lon="15.199123"></trkpt>
    <trkpt lat="49.598182" lon="15.198114"></trkpt>
    <trkpt lat="49.598612" lon="15.197258"></trkpt>
    <trkpt lat="49.598826" lon="15.196820"></trkpt>
    <trkpt lat="49.599042" lon="15.196351"></trkpt>
    <trkpt lat="49.599245" lon="15.195884"></trkpt>
    <trkpt lat="49.599446" lon="15.195376"></trkpt>
    <trkpt lat="49.599660" lon="15.194781"></trkpt>
    <trkpt lat="49.599829" lon="15.194239"></trkpt>
    <trkpt lat="49.600044" lon="15.193472"></trkpt>
    <trkpt lat="49.600232" lon="15.192679"></trkpt>
    <trkpt lat="49.600578" lon="15.191063"></trkpt>
    <trkpt lat="49.600835" lon="15.189898"></trkpt>
    <trkpt lat="49.600975" lon="15.189289"></trkpt>
    <trkpt lat="49.601106" lon="15.188774"></trkpt>
    <trkpt lat="49.601407" lon="15.187690"></trkpt>
    <trkpt lat="49.601717" lon="15.186689"></trkpt>
    <trkpt lat="49.602050" lon="15.185697"></trkpt>
    <trkpt lat="49.602511" lon="15.184385"></trkpt>
    <trkpt lat="49.603103" lon="15.182727"></trkpt>
    <trkpt lat="49.603425" lon="15.181791"></trkpt>
    <trkpt lat="49.603852" lon="15.180552"></trkpt>
    <trkpt lat="49.604047" lon="15.179949"></trkpt>
    <trkpt lat="49.604245" lon="15.179288"></trkpt>
    <trkpt lat="49.604460" lon="15.178558"></trkpt>
    <trkpt lat="49.604566" lon="15.178182"></trkpt>
    <trkpt lat="49.604730" lon="15.177561"></trkpt>
    <trkpt lat="49.604892" lon="15.176904"></trkpt>
    <trkpt lat="49.605171" lon="15.175672"></trkpt>
    <trkpt lat="49.605417" lon="15.174432"></trkpt>
    <trkpt lat="49.605601" lon="15.173428"></trkpt>
    <trkpt lat="49.605785" lon="15.172370"></trkpt>
    <trkpt lat="49.606104" lon="15.170450"></trkpt>
    <trkpt lat="49.607292" lon="15.163253"></trkpt>
    <trkpt lat="49.607505" lon="15.161867"></trkpt>
    <trkpt lat="49.608296" lon="15.157073"></trkpt>
    <trkpt lat="49.608888" lon="15.153504"></trkpt>
    <trkpt lat="49.609388" lon="15.150438"></trkpt>
    <trkpt lat="49.609801" lon="15.147936"></trkpt>
    <trkpt lat="49.610020" lon="15.146618"></trkpt>
    <trkpt lat="49.610132" lon="15.146017"></trkpt>
    <trkpt lat="49.610259" lon="15.145388"></trkpt>
    <trkpt lat="49.610369" lon="15.144927"></trkpt>
    <trkpt lat="49.610474" lon="15.144511"></trkpt>
    <trkpt lat="49.610648" lon="15.143894"></trkpt>
    <trkpt lat="49.610844" lon="15.143309"></trkpt>
    <trkpt lat="49.611049" lon="15.142728"></trkpt>
    <trkpt lat="49.611339" lon="15.142031"></trkpt>
    <trkpt lat="49.611626" lon="15.141412"></trkpt>
    <trkpt lat="49.611892" lon="15.140899"></trkpt>
    <trkpt lat="49.612183" lon="15.140393"></trkpt>
    <trkpt lat="49.612472" lon="15.139925"></trkpt>
    <trkpt lat="49.612789" lon="15.139478"></trkpt>
    <trkpt lat="49.613111" lon="15.139056"></trkpt>
    <trkpt lat="49.613467" lon="15.138634"></trkpt>
    <trkpt lat="49.613840" lon="15.138235"></trkpt>
    <trkpt lat="49.614251" lon="15.137846"></trkpt>
    <trkpt lat="49.614674" lon="15.137490"></trkpt>
    <trkpt lat="49.615018" lon="15.137226"></trkpt>
    <trkpt lat="49.615396" lon="15.136981"></trkpt>
    <trkpt lat="49.615699" lon="15.136804"></trkpt>
    <trkpt lat="49.616075" lon="15.136595"></trkpt>
    <trkpt lat="49.617154" lon="15.136068"></trkpt>
    <trkpt lat="49.617855" lon="15.135729"></trkpt>
    <trkpt lat="49.619323" lon="15.135022"></trkpt>
    <trkpt lat="49.621610" lon="15.133930"></trkpt>
    <trkpt lat="49.623357" lon="15.133096"></trkpt>
    <trkpt lat="49.625162" lon="15.132246"></trkpt>
    <trkpt lat="49.626874" lon="15.131416"></trkpt>
    <trkpt lat="49.628576" lon="15.130612"></trkpt>
    <trkpt lat="49.630199" lon="15.129886"></trkpt>
    <trkpt lat="49.630954" lon="15.129574"></trkpt>
    <trkpt lat="49.631677" lon="15.129288"></trkpt>
    <trkpt lat="49.632590" lon="15.128958"></trkpt>
    <trkpt lat="49.633549" lon="15.128642"></trkpt>
    <trkpt lat="49.635277" lon="15.128113"></trkpt>
    <trkpt lat="49.636976" lon="15.127617"></trkpt>
    <trkpt lat="49.638686" lon="15.127123"></trkpt>
    <trkpt lat="49.640807" lon="15.126507"></trkpt>
    <trkpt lat="49.642012" lon="15.126156"></trkpt>
    <trkpt lat="49.643140" lon="15.125829"></trkpt>
    <trkpt lat="49.644322" lon="15.125486"></trkpt>
    <trkpt lat="49.645948" lon="15.125012"></trkpt>
    <trkpt lat="49.647555" lon="15.124545"></trkpt>
    <trkpt lat="49.648475" lon="15.124275"></trkpt>
    <trkpt lat="49.652569" lon="15.123087"></trkpt>
    <trkpt lat="49.653439" lon="15.122833"></trkpt>
    <trkpt lat="49.654690" lon="15.122479"></trkpt>
    <trkpt lat="49.655454" lon="15.122251"></trkpt>
    <trkpt lat="49.657110" lon="15.121770"></trkpt>
    <trkpt lat="49.658332" lon="15.121420"></trkpt>
    <trkpt lat="49.658402" lon="15.121401"></trkpt>
    <trkpt lat="49.658697" lon="15.121315"></trkpt>
    <trkpt lat="49.660058" lon="15.120914"></trkpt>
    <trkpt lat="49.660749" lon="15.120702"></trkpt>
    <trkpt lat="49.661935" lon="15.120371"></trkpt>
    <trkpt lat="49.664160" lon="15.119721"></trkpt>
    <trkpt lat="49.666242" lon="15.119119"></trkpt>
    <trkpt lat="49.668427" lon="15.118480"></trkpt>
    <trkpt lat="49.670591" lon="15.117851"></trkpt>
    <trkpt lat="49.671660" lon="15.117543"></trkpt>
    <trkpt lat="49.672684" lon="15.117243"></trkpt>
    <trkpt lat="49.673302" lon="15.117065"></trkpt>
    <trkpt lat="49.673915" lon="15.116888"></trkpt>
    <trkpt lat="49.674695" lon="15.116670"></trkpt>
    <trkpt lat="49.674849" lon="15.116622"></trkpt>
    <trkpt lat="49.676133" lon="15.116242"></trkpt>
    <trkpt lat="49.676646" lon="15.116093"></trkpt>
    <trkpt lat="49.677150" lon="15.115940"></trkpt>
    <trkpt lat="49.677599" lon="15.115798"></trkpt>
    <trkpt lat="49.678054" lon="15.115645"></trkpt>
    <trkpt lat="49.678481" lon="15.115476"></trkpt>
    <trkpt lat="49.678814" lon="15.115346"></trkpt>
    <trkpt lat="49.679426" lon="15.115052"></trkpt>
    <trkpt lat="49.680122" lon="15.114654"></trkpt>
    <trkpt lat="49.680442" lon="15.114448"></trkpt>
    <trkpt lat="49.680751" lon="15.114234"></trkpt>
    <trkpt lat="49.681064" lon="15.114010"></trkpt>
    <trkpt lat="49.681610" lon="15.113569"></trkpt>
    <trkpt lat="49.682116" lon="15.113120"></trkpt>
    <trkpt lat="49.682597" lon="15.112643"></trkpt>
    <trkpt lat="49.683022" lon="15.112192"></trkpt>
    <trkpt lat="49.683410" lon="15.111740"></trkpt>
    <trkpt lat="49.683820" lon="15.111222"></trkpt>
    <trkpt lat="49.684192" lon="15.110729"></trkpt>
    <trkpt lat="49.684603" lon="15.110129"></trkpt>
    <trkpt lat="49.684885" lon="15.109681"></trkpt>
    <trkpt lat="49.685166" lon="15.109221"></trkpt>
    <trkpt lat="49.685453" lon="15.108706"></trkpt>
    <trkpt lat="49.685767" lon="15.108103"></trkpt>
    <trkpt lat="49.686065" lon="15.107503"></trkpt>
    <trkpt lat="49.686343" lon="15.106879"></trkpt>
    <trkpt lat="49.686866" lon="15.105577"></trkpt>
    <trkpt lat="49.687159" lon="15.104756"></trkpt>
    <trkpt lat="49.687432" lon="15.103957"></trkpt>
    <trkpt lat="49.687669" lon="15.103252"></trkpt>
    <trkpt lat="49.688009" lon="15.102222"></trkpt>
    <trkpt lat="49.688885" lon="15.099584"></trkpt>
    <trkpt lat="49.689274" lon="15.098427"></trkpt>
    <trkpt lat="49.689459" lon="15.097908"></trkpt>
    <trkpt lat="49.689651" lon="15.097411"></trkpt>
    <trkpt lat="49.689845" lon="15.096949"></trkpt>
    <trkpt lat="49.690035" lon="15.096544"></trkpt>
    <trkpt lat="49.690236" lon="15.096135"></trkpt>
    <trkpt lat="49.690440" lon="15.095754"></trkpt>
    <trkpt lat="49.690691" lon="15.095336"></trkpt>
    <trkpt lat="49.690966" lon="15.094904"></trkpt>
    <trkpt lat="49.691248" lon="15.094505"></trkpt>
    <trkpt lat="49.691524" lon="15.094158"></trkpt>
    <trkpt lat="49.691918" lon="15.093687"></trkpt>
    <trkpt lat="49.692295" lon="15.093286"></trkpt>
    <trkpt lat="49.692522" lon="15.093073"></trkpt>
    <trkpt lat="49.692742" lon="15.092875"></trkpt>
    <trkpt lat="49.693218" lon="15.092501"></trkpt>
    <trkpt lat="49.693596" lon="15.092240"></trkpt>
    <trkpt lat="49.694034" lon="15.091976"></trkpt>
    <trkpt lat="49.694388" lon="15.091799"></trkpt>
    <trkpt lat="49.694630" lon="15.091688"></trkpt>
    <trkpt lat="49.695148" lon="15.091501"></trkpt>
    <trkpt lat="49.695513" lon="15.091407"></trkpt>
    <trkpt lat="49.695878" lon="15.091329"></trkpt>
    <trkpt lat="49.696263" lon="15.091263"></trkpt>
    <trkpt lat="49.696670" lon="15.091210"></trkpt>
    <trkpt lat="49.697456" lon="15.091105"></trkpt>
    <trkpt lat="49.698223" lon="15.091014"></trkpt>
    <trkpt lat="49.698730" lon="15.090938"></trkpt>
    <trkpt lat="49.699173" lon="15.090867"></trkpt>
    <trkpt lat="49.699628" lon="15.090769"></trkpt>
    <trkpt lat="49.700034" lon="15.090667"></trkpt>
    <trkpt lat="49.700514" lon="15.090513"></trkpt>
    <trkpt lat="49.701047" lon="15.090309"></trkpt>
    <trkpt lat="49.701528" lon="15.090084"></trkpt>
    <trkpt lat="49.701944" lon="15.089856"></trkpt>
    <trkpt lat="49.702378" lon="15.089593"></trkpt>
    <trkpt lat="49.702800" lon="15.089313"></trkpt>
    <trkpt lat="49.703225" lon="15.088995"></trkpt>
    <trkpt lat="49.703655" lon="15.088644"></trkpt>
    <trkpt lat="49.704471" lon="15.087856"></trkpt>
    <trkpt lat="49.704865" lon="15.087430"></trkpt>
    <trkpt lat="49.705241" lon="15.086984"></trkpt>
    <trkpt lat="49.705757" lon="15.086296"></trkpt>
    <trkpt lat="49.706238" lon="15.085603"></trkpt>
    <trkpt lat="49.706557" lon="15.085075"></trkpt>
    <trkpt lat="49.706755" lon="15.084737"></trkpt>
    <trkpt lat="49.707199" lon="15.083896"></trkpt>
    <trkpt lat="49.707608" lon="15.083008"></trkpt>
    <trkpt lat="49.707988" lon="15.082092"></trkpt>
    <trkpt lat="49.708232" lon="15.081440"></trkpt>
    <trkpt lat="49.708455" lon="15.080755"></trkpt>
    <trkpt lat="49.708757" lon="15.079734"></trkpt>
    <trkpt lat="49.708895" lon="15.079215"></trkpt>
    <trkpt lat="49.709031" lon="15.078687"></trkpt>
    <trkpt lat="49.709678" lon="15.076039"></trkpt>
    <trkpt lat="49.710331" lon="15.073402"></trkpt>
    <trkpt lat="49.711040" lon="15.070508"></trkpt>
    <trkpt lat="49.711734" lon="15.067688"></trkpt>
    <trkpt lat="49.712250" lon="15.065578"></trkpt>
    <trkpt lat="49.712611" lon="15.064120"></trkpt>
    <trkpt lat="49.713055" lon="15.062313"></trkpt>
    <trkpt lat="49.713206" lon="15.061690"></trkpt>
    <trkpt lat="49.713489" lon="15.060542"></trkpt>
    <trkpt lat="49.713672" lon="15.059794"></trkpt>
    <trkpt lat="49.713862" lon="15.059122"></trkpt>
    <trkpt lat="49.714063" lon="15.058466"></trkpt>
    <trkpt lat="49.714301" lon="15.057801"></trkpt>
    <trkpt lat="49.714558" lon="15.057127"></trkpt>
    <trkpt lat="49.714735" lon="15.056736"></trkpt>
    <trkpt lat="49.714914" lon="15.056377"></trkpt>
    <trkpt lat="49.715289" lon="15.055674"></trkpt>
    <trkpt lat="49.715631" lon="15.055080"></trkpt>
    <trkpt lat="49.715954" lon="15.054601"></trkpt>
    <trkpt lat="49.716267" lon="15.054176"></trkpt>
    <trkpt lat="49.716524" lon="15.053849"></trkpt>
    <trkpt lat="49.716802" lon="15.053523"></trkpt>
    <trkpt lat="49.717035" lon="15.053271"></trkpt>
    <trkpt lat="49.717337" lon="15.052954"></trkpt>
    <trkpt lat="49.717653" lon="15.052676"></trkpt>
    <trkpt lat="49.717963" lon="15.052428"></trkpt>
    <trkpt lat="49.718408" lon="15.052095"></trkpt>
    <trkpt lat="49.718916" lon="15.051767"></trkpt>
    <trkpt lat="49.719563" lon="15.051372"></trkpt>
    <trkpt lat="49.720772" lon="15.050643"></trkpt>
    <trkpt lat="49.721662" lon="15.050110"></trkpt>
    <trkpt lat="49.722439" lon="15.049643"></trkpt>
    <trkpt lat="49.722888" lon="15.049380"></trkpt>
    <trkpt lat="49.724011" lon="15.048690"></trkpt>
    <trkpt lat="49.724238" lon="15.048560"></trkpt>
    <trkpt lat="49.726749" lon="15.047039"></trkpt>
    <trkpt lat="49.727372" lon="15.046666"></trkpt>
    <trkpt lat="49.727948" lon="15.046313"></trkpt>
    <trkpt lat="49.728259" lon="15.046126"></trkpt>
    <trkpt lat="49.730478" lon="15.044783"></trkpt>
    <trkpt lat="49.732677" lon="15.043463"></trkpt>
    <trkpt lat="49.735473" lon="15.041771"></trkpt>
    <trkpt lat="49.736802" lon="15.040966"></trkpt>
    <trkpt lat="49.737629" lon="15.040460"></trkpt>
    <trkpt lat="49.738166" lon="15.040102"></trkpt>
    <trkpt lat="49.738487" lon="15.039866"></trkpt>
    <trkpt lat="49.738822" lon="15.039604"></trkpt>
    <trkpt lat="49.739063" lon="15.039411"></trkpt>
    <trkpt lat="49.739493" lon="15.039038"></trkpt>
    <trkpt lat="49.739804" lon="15.038741"></trkpt>
    <trkpt lat="49.740101" lon="15.038454"></trkpt>
    <trkpt lat="49.740395" lon="15.038148"></trkpt>
    <trkpt lat="49.740672" lon="15.037846"></trkpt>
    <trkpt lat="49.741255" lon="15.037158"></trkpt>
    <trkpt lat="49.741820" lon="15.036415"></trkpt>
    <trkpt lat="49.742363" lon="15.035630"></trkpt>
    <trkpt lat="49.742837" lon="15.034882"></trkpt>
    <trkpt lat="49.743623" lon="15.033630"></trkpt>
    <trkpt lat="49.744318" lon="15.032574"></trkpt>
    <trkpt lat="49.744665" lon="15.032093"></trkpt>
    <trkpt lat="49.745031" lon="15.031615"></trkpt>
    <trkpt lat="49.745508" lon="15.031051"></trkpt>
    <trkpt lat="49.745966" lon="15.030555"></trkpt>
    <trkpt lat="49.746458" lon="15.030083"></trkpt>
    <trkpt lat="49.746963" lon="15.029623"></trkpt>
    <trkpt lat="49.747562" lon="15.029112"></trkpt>
    <trkpt lat="49.748172" lon="15.028603"></trkpt>
    <trkpt lat="49.748880" lon="15.027992"></trkpt>
    <trkpt lat="49.749492" lon="15.027435"></trkpt>
    <trkpt lat="49.749764" lon="15.027172"></trkpt>
    <trkpt lat="49.750016" lon="15.026904"></trkpt>
    <trkpt lat="49.750368" lon="15.026510"></trkpt>
    <trkpt lat="49.750624" lon="15.026187"></trkpt>
    <trkpt lat="49.750845" lon="15.025894"></trkpt>
    <trkpt lat="49.751129" lon="15.025459"></trkpt>
    <trkpt lat="49.751365" lon="15.025085"></trkpt>
    <trkpt lat="49.751598" lon="15.024680"></trkpt>
    <trkpt lat="49.751864" lon="15.024162"></trkpt>
    <trkpt lat="49.752089" lon="15.023679"></trkpt>
    <trkpt lat="49.752293" lon="15.023199"></trkpt>
    <trkpt lat="49.752487" lon="15.022727"></trkpt>
    <trkpt lat="49.752628" lon="15.022319"></trkpt>
    <trkpt lat="49.752771" lon="15.021890"></trkpt>
    <trkpt lat="49.752884" lon="15.021489"></trkpt>
    <trkpt lat="49.753039" lon="15.020867"></trkpt>
    <trkpt lat="49.753160" lon="15.020322"></trkpt>
    <trkpt lat="49.753258" lon="15.019802"></trkpt>
    <trkpt lat="49.753355" lon="15.019151"></trkpt>
    <trkpt lat="49.753430" lon="15.018536"></trkpt>
    <trkpt lat="49.753474" lon="15.018013"></trkpt>
    <trkpt lat="49.753505" lon="15.017517"></trkpt>
    <trkpt lat="49.753524" lon="15.017002"></trkpt>
    <trkpt lat="49.753523" lon="15.016214"></trkpt>
    <trkpt lat="49.753507" lon="15.015705"></trkpt>
    <trkpt lat="49.753479" lon="15.015207"></trkpt>
    <trkpt lat="49.753441" lon="15.014743"></trkpt>
    <trkpt lat="49.753394" lon="15.014267"></trkpt>
    <trkpt lat="49.753337" lon="15.013834"></trkpt>
    <trkpt lat="49.753272" lon="15.013414"></trkpt>
    <trkpt lat="49.753199" lon="15.013022"></trkpt>
    <trkpt lat="49.753032" lon="15.012209"></trkpt>
    <trkpt lat="49.752858" lon="15.011433"></trkpt>
    <trkpt lat="49.752388" lon="15.009635"></trkpt>
    <trkpt lat="49.751852" lon="15.007745"></trkpt>
    <trkpt lat="49.751332" lon="15.005881"></trkpt>
    <trkpt lat="49.751077" lon="15.004916"></trkpt>
    <trkpt lat="49.750841" lon="15.003974"></trkpt>
    <trkpt lat="49.750618" lon="15.003054"></trkpt>
    <trkpt lat="49.750409" lon="15.002095"></trkpt>
    <trkpt lat="49.750224" lon="15.001150"></trkpt>
    <trkpt lat="49.750052" lon="15.000190"></trkpt>
    <trkpt lat="49.749927" lon="14.999366"></trkpt>
    <trkpt lat="49.749809" lon="14.998487"></trkpt>
    <trkpt lat="49.749696" lon="14.997517"></trkpt>
    <trkpt lat="49.749599" lon="14.996511"></trkpt>
    <trkpt lat="49.749537" lon="14.995616"></trkpt>
    <trkpt lat="49.749492" lon="14.994732"></trkpt>
    <trkpt lat="49.749463" lon="14.993878"></trkpt>
    <trkpt lat="49.749447" lon="14.992938"></trkpt>
    <trkpt lat="49.749457" lon="14.991774"></trkpt>
    <trkpt lat="49.749474" lon="14.991086"></trkpt>
    <trkpt lat="49.749502" lon="14.990420"></trkpt>
    <trkpt lat="49.749592" lon="14.989037"></trkpt>
    <trkpt lat="49.749719" lon="14.987647"></trkpt>
    <trkpt lat="49.749836" lon="14.986677"></trkpt>
    <trkpt lat="49.749975" lon="14.985710"></trkpt>
    <trkpt lat="49.750122" lon="14.984790"></trkpt>
    <trkpt lat="49.750295" lon="14.983880"></trkpt>
    <trkpt lat="49.750469" lon="14.983040"></trkpt>
    <trkpt lat="49.750664" lon="14.982163"></trkpt>
    <trkpt lat="49.750813" lon="14.981572"></trkpt>
    <trkpt lat="49.750962" lon="14.981009"></trkpt>
    <trkpt lat="49.751238" lon="14.980015"></trkpt>
    <trkpt lat="49.751547" lon="14.979035"></trkpt>
    <trkpt lat="49.751864" lon="14.978091"></trkpt>
    <trkpt lat="49.752388" lon="14.976658"></trkpt>
    <trkpt lat="49.752765" lon="14.975744"></trkpt>
    <trkpt lat="49.753062" lon="14.975096"></trkpt>
    <trkpt lat="49.753449" lon="14.974302"></trkpt>
    <trkpt lat="49.753887" lon="14.973454"></trkpt>
    <trkpt lat="49.754325" lon="14.972660"></trkpt>
    <trkpt lat="49.754780" lon="14.971882"></trkpt>
    <trkpt lat="49.754999" lon="14.971523"></trkpt>
    <trkpt lat="49.755214" lon="14.971145"></trkpt>
    <trkpt lat="49.755708" lon="14.970367"></trkpt>
    <trkpt lat="49.756077" lon="14.969777"></trkpt>
    <trkpt lat="49.756433" lon="14.969195"></trkpt>
    <trkpt lat="49.756760" lon="14.968614"></trkpt>
    <trkpt lat="49.757063" lon="14.968021"></trkpt>
    <trkpt lat="49.757233" lon="14.967656"></trkpt>
    <trkpt lat="49.757388" lon="14.967296"></trkpt>
    <trkpt lat="49.757530" lon="14.966950"></trkpt>
    <trkpt lat="49.757646" lon="14.966626"></trkpt>
    <trkpt lat="49.757757" lon="14.966323"></trkpt>
    <trkpt lat="49.757856" lon="14.966028"></trkpt>
    <trkpt lat="49.758019" lon="14.965492"></trkpt>
    <trkpt lat="49.758160" lon="14.964974"></trkpt>
    <trkpt lat="49.758274" lon="14.964491"></trkpt>
    <trkpt lat="49.758392" lon="14.963922"></trkpt>
    <trkpt lat="49.758526" lon="14.963174"></trkpt>
    <trkpt lat="49.758661" lon="14.962310"></trkpt>
    <trkpt lat="49.758757" lon="14.961629"></trkpt>
    <trkpt lat="49.758909" lon="14.960564"></trkpt>
    <trkpt lat="49.759019" lon="14.959906"></trkpt>
    <trkpt lat="49.759143" lon="14.959254"></trkpt>
    <trkpt lat="49.759291" lon="14.958601"></trkpt>
    <trkpt lat="49.759449" lon="14.958016"></trkpt>
    <trkpt lat="49.759571" lon="14.957610"></trkpt>
    <trkpt lat="49.759715" lon="14.957183"></trkpt>
    <trkpt lat="49.759864" lon="14.956763"></trkpt>
    <trkpt lat="49.760018" lon="14.956380"></trkpt>
    <trkpt lat="49.760206" lon="14.955932"></trkpt>
    <trkpt lat="49.760429" lon="14.955461"></trkpt>
    <trkpt lat="49.760638" lon="14.955069"></trkpt>
    <trkpt lat="49.760830" lon="14.954729"></trkpt>
    <trkpt lat="49.761084" lon="14.954320"></trkpt>
    <trkpt lat="49.761302" lon="14.953987"></trkpt>
    <trkpt lat="49.761503" lon="14.953708"></trkpt>
    <trkpt lat="49.761657" lon="14.953505"></trkpt>
    <trkpt lat="49.761974" lon="14.953120"></trkpt>
    <trkpt lat="49.762178" lon="14.952891"></trkpt>
    <trkpt lat="49.762381" lon="14.952674"></trkpt>
    <trkpt lat="49.762688" lon="14.952384"></trkpt>
    <trkpt lat="49.763026" lon="14.952086"></trkpt>
    <trkpt lat="49.763384" lon="14.951816"></trkpt>
    <trkpt lat="49.763698" lon="14.951594"></trkpt>
    <trkpt lat="49.764192" lon="14.951278"></trkpt>
    <trkpt lat="49.764807" lon="14.950910"></trkpt>
    <trkpt lat="49.765224" lon="14.950657"></trkpt>
    <trkpt lat="49.765503" lon="14.950478"></trkpt>
    <trkpt lat="49.765790" lon="14.950288"></trkpt>
    <trkpt lat="49.766088" lon="14.950069"></trkpt>
    <trkpt lat="49.766350" lon="14.949858"></trkpt>
    <trkpt lat="49.766677" lon="14.949569"></trkpt>
    <trkpt lat="49.766953" lon="14.949299"></trkpt>
    <trkpt lat="49.767279" lon="14.948951"></trkpt>
    <trkpt lat="49.767569" lon="14.948609"></trkpt>
    <trkpt lat="49.767884" lon="14.948194"></trkpt>
    <trkpt lat="49.768207" lon="14.947731"></trkpt>
    <trkpt lat="49.768568" lon="14.947162"></trkpt>
    <trkpt lat="49.769035" lon="14.946399"></trkpt>
    <trkpt lat="49.769488" lon="14.945644"></trkpt>
    <trkpt lat="49.769879" lon="14.945009"></trkpt>
    <trkpt lat="49.770811" lon="14.943461"></trkpt>
    <trkpt lat="49.771645" lon="14.942088"></trkpt>
    <trkpt lat="49.772424" lon="14.940791"></trkpt>
    <trkpt lat="49.772966" lon="14.939907"></trkpt>
    <trkpt lat="49.773211" lon="14.939523"></trkpt>
    <trkpt lat="49.773575" lon="14.938971"></trkpt>
    <trkpt lat="49.773933" lon="14.938484"></trkpt>
    <trkpt lat="49.774370" lon="14.937933"></trkpt>
    <trkpt lat="49.774847" lon="14.937394"></trkpt>
    <trkpt lat="49.775303" lon="14.936941"></trkpt>
    <trkpt lat="49.775792" lon="14.936505"></trkpt>
    <trkpt lat="49.776436" lon="14.935985"></trkpt>
    <trkpt lat="49.776919" lon="14.935619"></trkpt>
    <trkpt lat="49.777388" lon="14.935265"></trkpt>
    <trkpt lat="49.777833" lon="14.934929"></trkpt>
    <trkpt lat="49.778319" lon="14.934568"></trkpt>
    <trkpt lat="49.779072" lon="14.933995"></trkpt>
    <trkpt lat="49.780039" lon="14.933266"></trkpt>
    <trkpt lat="49.780775" lon="14.932714"></trkpt>
    <trkpt lat="49.781216" lon="14.932381"></trkpt>
    <trkpt lat="49.781474" lon="14.932189"></trkpt>
    <trkpt lat="49.782510" lon="14.931400"></trkpt>
    <trkpt lat="49.783517" lon="14.930645"></trkpt>
    <trkpt lat="49.784586" lon="14.929836"></trkpt>
    <trkpt lat="49.785454" lon="14.929210"></trkpt>
    <trkpt lat="49.786376" lon="14.928515"></trkpt>
    <trkpt lat="49.786803" lon="14.928192"></trkpt>
    <trkpt lat="49.787221" lon="14.927876"></trkpt>
    <trkpt lat="49.788089" lon="14.927230"></trkpt>
    <trkpt lat="49.788339" lon="14.927048"></trkpt>
    <trkpt lat="49.789057" lon="14.926560"></trkpt>
    <trkpt lat="49.789395" lon="14.926353"></trkpt>
    <trkpt lat="49.789811" lon="14.926118"></trkpt>
    <trkpt lat="49.790139" lon="14.925947"></trkpt>
    <trkpt lat="49.790601" lon="14.925730"></trkpt>
    <trkpt lat="49.791605" lon="14.925281"></trkpt>
    <trkpt lat="49.792303" lon="14.924973"></trkpt>
    <trkpt lat="49.792621" lon="14.924820"></trkpt>
    <trkpt lat="49.792945" lon="14.924647"></trkpt>
    <trkpt lat="49.793255" lon="14.924462"></trkpt>
    <trkpt lat="49.793558" lon="14.924268"></trkpt>
    <trkpt lat="49.793948" lon="14.923977"></trkpt>
    <trkpt lat="49.794319" lon="14.923665"></trkpt>
    <trkpt lat="49.794499" lon="14.923498"></trkpt>
    <trkpt lat="49.794707" lon="14.923299"></trkpt>
    <trkpt lat="49.795062" lon="14.922918"></trkpt>
    <trkpt lat="49.795300" lon="14.922629"></trkpt>
    <trkpt lat="49.795519" lon="14.922353"></trkpt>
    <trkpt lat="49.795910" lon="14.921794"></trkpt>
    <trkpt lat="49.796259" lon="14.921242"></trkpt>
    <trkpt lat="49.796603" lon="14.920618"></trkpt>
    <trkpt lat="49.796841" lon="14.920135"></trkpt>
    <trkpt lat="49.797107" lon="14.919544"></trkpt>
    <trkpt lat="49.797439" lon="14.918740"></trkpt>
    <trkpt lat="49.797649" lon="14.918193"></trkpt>
    <trkpt lat="49.798261" lon="14.916612"></trkpt>
    <trkpt lat="49.799318" lon="14.913876"></trkpt>
    <trkpt lat="49.800402" lon="14.911080"></trkpt>
    <trkpt lat="49.801424" lon="14.908430"></trkpt>
    <trkpt lat="49.802627" lon="14.905329"></trkpt>
    <trkpt lat="49.803521" lon="14.902971"></trkpt>
    <trkpt lat="49.804064" lon="14.901639"></trkpt>
    <trkpt lat="49.804798" lon="14.899666"></trkpt>
    <trkpt lat="49.805336" lon="14.898282"></trkpt>
    <trkpt lat="49.805861" lon="14.896932"></trkpt>
    <trkpt lat="49.806477" lon="14.895333"></trkpt>
    <trkpt lat="49.807097" lon="14.893726"></trkpt>
    <trkpt lat="49.807496" lon="14.892702"></trkpt>
    <trkpt lat="49.807890" lon="14.891685"></trkpt>
    <trkpt lat="49.808682" lon="14.889674"></trkpt>
    <trkpt lat="49.808941" lon="14.889044"></trkpt>
    <trkpt lat="49.809199" lon="14.888436"></trkpt>
    <trkpt lat="49.809450" lon="14.887859"></trkpt>
    <trkpt lat="49.809695" lon="14.887305"></trkpt>
    <trkpt lat="49.810219" lon="14.886196"></trkpt>
    <trkpt lat="49.810704" lon="14.885244"></trkpt>
    <trkpt lat="49.811226" lon="14.884293"></trkpt>
    <trkpt lat="49.811571" lon="14.883692"></trkpt>
    <trkpt lat="49.811912" lon="14.883119"></trkpt>
    <trkpt lat="49.812443" lon="14.882282"></trkpt>
    <trkpt lat="49.812728" lon="14.881851"></trkpt>
    <trkpt lat="49.813018" lon="14.881420"></trkpt>
    <trkpt lat="49.813322" lon="14.880999"></trkpt>
    <trkpt lat="49.813626" lon="14.880587"></trkpt>
    <trkpt lat="49.814225" lon="14.879807"></trkpt>
    <trkpt lat="49.814747" lon="14.879172"></trkpt>
    <trkpt lat="49.815352" lon="14.878468"></trkpt>
    <trkpt lat="49.816482" lon="14.877233"></trkpt>
    <trkpt lat="49.817071" lon="14.876614"></trkpt>
    <trkpt lat="49.817609" lon="14.876058"></trkpt>
    <trkpt lat="49.818146" lon="14.875503"></trkpt>
    <trkpt lat="49.819601" lon="14.874014"></trkpt>
    <trkpt lat="49.820941" lon="14.872626"></trkpt>
    <trkpt lat="49.822408" lon="14.871112"></trkpt>
    <trkpt lat="49.825242" lon="14.868162"></trkpt>
    <trkpt lat="49.826013" lon="14.867369"></trkpt>
    <trkpt lat="49.826761" lon="14.866580"></trkpt>
    <trkpt lat="49.827249" lon="14.866046"></trkpt>
    <trkpt lat="49.827740" lon="14.865475"></trkpt>
    <trkpt lat="49.828215" lon="14.864895"></trkpt>
    <trkpt lat="49.828645" lon="14.864327"></trkpt>
    <trkpt lat="49.829163" lon="14.863602"></trkpt>
    <trkpt lat="49.829658" lon="14.862851"></trkpt>
    <trkpt lat="49.829943" lon="14.862391"></trkpt>
    <trkpt lat="49.830209" lon="14.861932"></trkpt>
    <trkpt lat="49.830737" lon="14.860955"></trkpt>
    <trkpt lat="49.831121" lon="14.860186"></trkpt>
    <trkpt lat="49.831479" lon="14.859440"></trkpt>
    <trkpt lat="49.831724" lon="14.858882"></trkpt>
    <trkpt lat="49.831961" lon="14.858329"></trkpt>
    <trkpt lat="49.832389" lon="14.857241"></trkpt>
    <trkpt lat="49.832703" lon="14.856368"></trkpt>
    <trkpt lat="49.832988" lon="14.855487"></trkpt>
    <trkpt lat="49.833214" lon="14.854737"></trkpt>
    <trkpt lat="49.833412" lon="14.854035"></trkpt>
    <trkpt lat="49.833583" lon="14.853376"></trkpt>
    <trkpt lat="49.833742" lon="14.852738"></trkpt>
    <trkpt lat="49.833994" lon="14.851637"></trkpt>
    <trkpt lat="49.834244" lon="14.850494"></trkpt>
    <trkpt lat="49.834937" lon="14.847237"></trkpt>
    <trkpt lat="49.835632" lon="14.843991"></trkpt>
    <trkpt lat="49.837026" lon="14.837479"></trkpt>
    <trkpt lat="49.837345" lon="14.835988"></trkpt>
    <trkpt lat="49.837514" lon="14.835203"></trkpt>
    <trkpt lat="49.837605" lon="14.834777"></trkpt>
    <trkpt lat="49.838092" lon="14.832515"></trkpt>
    <trkpt lat="49.838296" lon="14.831499"></trkpt>
    <trkpt lat="49.838883" lon="14.828795"></trkpt>
    <trkpt lat="49.839122" lon="14.827647"></trkpt>
    <trkpt lat="49.839391" lon="14.826347"></trkpt>
    <trkpt lat="49.839569" lon="14.825422"></trkpt>
    <trkpt lat="49.839742" lon="14.824457"></trkpt>
    <trkpt lat="49.839922" lon="14.823378"></trkpt>
    <trkpt lat="49.840064" lon="14.822433"></trkpt>
    <trkpt lat="49.840185" lon="14.821611"></trkpt>
    <trkpt lat="49.840338" lon="14.820437"></trkpt>
    <trkpt lat="49.840466" lon="14.819319"></trkpt>
    <trkpt lat="49.840592" lon="14.818149"></trkpt>
    <trkpt lat="49.840723" lon="14.816858"></trkpt>
    <trkpt lat="49.840847" lon="14.815597"></trkpt>
    <trkpt lat="49.841030" lon="14.813759"></trkpt>
    <trkpt lat="49.841209" lon="14.811918"></trkpt>
    <trkpt lat="49.841310" lon="14.810901"></trkpt>
    <trkpt lat="49.841539" lon="14.808665"></trkpt>
    <trkpt lat="49.841679" lon="14.807345"></trkpt>
    <trkpt lat="49.841727" lon="14.806961"></trkpt>
    <trkpt lat="49.841804" lon="14.806412"></trkpt>
    <trkpt lat="49.841889" lon="14.805873"></trkpt>
    <trkpt lat="49.842018" lon="14.805243"></trkpt>
    <trkpt lat="49.842158" lon="14.804660"></trkpt>
    <trkpt lat="49.842318" lon="14.804072"></trkpt>
    <trkpt lat="49.842484" lon="14.803545"></trkpt>
    <trkpt lat="49.842668" lon="14.803024"></trkpt>
    <trkpt lat="49.842897" lon="14.802462"></trkpt>
    <trkpt lat="49.843267" lon="14.801637"></trkpt>
    <trkpt lat="49.843644" lon="14.800948"></trkpt>
    <trkpt lat="49.843891" lon="14.800542"></trkpt>
    <trkpt lat="49.844232" lon="14.800030"></trkpt>
    <trkpt lat="49.844526" lon="14.799644"></trkpt>
    <trkpt lat="49.844818" lon="14.799295"></trkpt>
    <trkpt lat="49.845115" lon="14.798965"></trkpt>
    <trkpt lat="49.845436" lon="14.798648"></trkpt>
    <trkpt lat="49.845700" lon="14.798402"></trkpt>
    <trkpt lat="49.845948" lon="14.798195"></trkpt>
    <trkpt lat="49.846350" lon="14.797899"></trkpt>
    <trkpt lat="49.846793" lon="14.797618"></trkpt>
    <trkpt lat="49.847309" lon="14.797351"></trkpt>
    <trkpt lat="49.847718" lon="14.797173"></trkpt>
    <trkpt lat="49.848008" lon="14.797079"></trkpt>
    <trkpt lat="49.848342" lon="14.796987"></trkpt>
    <trkpt lat="49.848602" lon="14.796926"></trkpt>
    <trkpt lat="49.848823" lon="14.796885"></trkpt>
    <trkpt lat="49.849030" lon="14.796858"></trkpt>
    <trkpt lat="49.849354" lon="14.796833"></trkpt>
    <trkpt lat="49.849663" lon="14.796826"></trkpt>
    <trkpt lat="49.850131" lon="14.796846"></trkpt>
    <trkpt lat="49.850617" lon="14.796889"></trkpt>
    <trkpt lat="49.851296" lon="14.796979"></trkpt>
    <trkpt lat="49.852100" lon="14.797081"></trkpt>
    <trkpt lat="49.852600" lon="14.797125"></trkpt>
    <trkpt lat="49.853193" lon="14.797141"></trkpt>
    <trkpt lat="49.853625" lon="14.797124"></trkpt>
    <trkpt lat="49.854059" lon="14.797073"></trkpt>
    <trkpt lat="49.854377" lon="14.797010"></trkpt>
    <trkpt lat="49.854677" lon="14.796940"></trkpt>
    <trkpt lat="49.855046" lon="14.796834"></trkpt>
    <trkpt lat="49.855505" lon="14.796660"></trkpt>
    <trkpt lat="49.855839" lon="14.796513"></trkpt>
    <trkpt lat="49.856334" lon="14.796246"></trkpt>
    <trkpt lat="49.856795" lon="14.795958"></trkpt>
    <trkpt lat="49.857195" lon="14.795666"></trkpt>
    <trkpt lat="49.857442" lon="14.795470"></trkpt>
    <trkpt lat="49.857704" lon="14.795246"></trkpt>
    <trkpt lat="49.858077" lon="14.794887"></trkpt>
    <trkpt lat="49.858457" lon="14.794494"></trkpt>
    <trkpt lat="49.858766" lon="14.794122"></trkpt>
    <trkpt lat="49.859067" lon="14.793739"></trkpt>
    <trkpt lat="49.859581" lon="14.793009"></trkpt>
    <trkpt lat="49.859960" lon="14.792431"></trkpt>
    <trkpt lat="49.860574" lon="14.791412"></trkpt>
    <trkpt lat="49.860819" lon="14.791013"></trkpt>
    <trkpt lat="49.861253" lon="14.790293"></trkpt>
    <trkpt lat="49.861860" lon="14.789340"></trkpt>
    <trkpt lat="49.862389" lon="14.788568"></trkpt>
    <trkpt lat="49.862863" lon="14.787894"></trkpt>
    <trkpt lat="49.863465" lon="14.787123"></trkpt>
    <trkpt lat="49.864124" lon="14.786318"></trkpt>
    <trkpt lat="49.864948" lon="14.785354"></trkpt>
    <trkpt lat="49.865240" lon="14.785012"></trkpt>
    <trkpt lat="49.865584" lon="14.784608"></trkpt>
    <trkpt lat="49.866243" lon="14.783823"></trkpt>
    <trkpt lat="49.866566" lon="14.783444"></trkpt>
    <trkpt lat="49.867185" lon="14.782648"></trkpt>
    <trkpt lat="49.867419" lon="14.782316"></trkpt>
    <trkpt lat="49.867680" lon="14.781917"></trkpt>
    <trkpt lat="49.867957" lon="14.781454"></trkpt>
    <trkpt lat="49.868215" lon="14.780986"></trkpt>
    <trkpt lat="49.868521" lon="14.780368"></trkpt>
    <trkpt lat="49.868813" lon="14.779712"></trkpt>
    <trkpt lat="49.868994" lon="14.779243"></trkpt>
    <trkpt lat="49.869193" lon="14.778708"></trkpt>
    <trkpt lat="49.869381" lon="14.778123"></trkpt>
    <trkpt lat="49.869534" lon="14.777594"></trkpt>
    <trkpt lat="49.869654" lon="14.777134"></trkpt>
    <trkpt lat="49.869761" lon="14.776691"></trkpt>
    <trkpt lat="49.869906" lon="14.775980"></trkpt>
    <trkpt lat="49.870033" lon="14.775289"></trkpt>
    <trkpt lat="49.870293" lon="14.773859"></trkpt>
    <trkpt lat="49.870536" lon="14.772569"></trkpt>
    <trkpt lat="49.870803" lon="14.771322"></trkpt>
    <trkpt lat="49.871239" lon="14.769675"></trkpt>
    <trkpt lat="49.871546" lon="14.768707"></trkpt>
    <trkpt lat="49.871859" lon="14.767777"></trkpt>
    <trkpt lat="49.872125" lon="14.767075"></trkpt>
    <trkpt lat="49.872391" lon="14.766397"></trkpt>
    <trkpt lat="49.872708" lon="14.765666"></trkpt>
    <trkpt lat="49.872942" lon="14.765156"></trkpt>
    <trkpt lat="49.873168" lon="14.764691"></trkpt>
    <trkpt lat="49.873626" lon="14.763815"></trkpt>
    <trkpt lat="49.874010" lon="14.763157"></trkpt>
    <trkpt lat="49.874356" lon="14.762558"></trkpt>
    <trkpt lat="49.874717" lon="14.761993"></trkpt>
    <trkpt lat="49.875095" lon="14.761446"></trkpt>
    <trkpt lat="49.875481" lon="14.760963"></trkpt>
    <trkpt lat="49.875784" lon="14.760621"></trkpt>
    <trkpt lat="49.876244" lon="14.760116"></trkpt>
    <trkpt lat="49.876602" lon="14.759757"></trkpt>
    <trkpt lat="49.876801" lon="14.759570"></trkpt>
    <trkpt lat="49.876930" lon="14.759458"></trkpt>
    <trkpt lat="49.877487" lon="14.758973"></trkpt>
    <trkpt lat="49.878131" lon="14.758506"></trkpt>
    <trkpt lat="49.878628" lon="14.758208"></trkpt>
    <trkpt lat="49.878983" lon="14.758006"></trkpt>
    <trkpt lat="49.879252" lon="14.757868"></trkpt>
    <trkpt lat="49.879616" lon="14.757699"></trkpt>
    <trkpt lat="49.879966" lon="14.757549"></trkpt>
    <trkpt lat="49.880692" lon="14.757310"></trkpt>
    <trkpt lat="49.881323" lon="14.757141"></trkpt>
    <trkpt lat="49.882161" lon="14.756970"></trkpt>
    <trkpt lat="49.883299" lon="14.756770"></trkpt>
    <trkpt lat="49.883770" lon="14.756685"></trkpt>
    <trkpt lat="49.884382" lon="14.756560"></trkpt>
    <trkpt lat="49.885097" lon="14.756372"></trkpt>
    <trkpt lat="49.885528" lon="14.756232"></trkpt>
    <trkpt lat="49.885985" lon="14.756050"></trkpt>
    <trkpt lat="49.886334" lon="14.755894"></trkpt>
    <trkpt lat="49.886811" lon="14.755638"></trkpt>
    <trkpt lat="49.887501" lon="14.755192"></trkpt>
    <trkpt lat="49.888099" lon="14.754722"></trkpt>
    <trkpt lat="49.888541" lon="14.754319"></trkpt>
    <trkpt lat="49.889082" lon="14.753769"></trkpt>
    <trkpt lat="49.889389" lon="14.753416"></trkpt>
    <trkpt lat="49.889691" lon="14.753051"></trkpt>
    <trkpt lat="49.889971" lon="14.752685"></trkpt>
    <trkpt lat="49.890377" lon="14.752130"></trkpt>
    <trkpt lat="49.890486" lon="14.751979"></trkpt>
    <trkpt lat="49.890543" lon="14.751890"></trkpt>
    <trkpt lat="49.890704" lon="14.751659"></trkpt>
    <trkpt lat="49.892785" lon="14.748663"></trkpt>
    <trkpt lat="49.893104" lon="14.748210"></trkpt>
    <trkpt lat="49.893689" lon="14.747406"></trkpt>
    <trkpt lat="49.894281" lon="14.746652"></trkpt>
    <trkpt lat="49.894857" lon="14.745933"></trkpt>
    <trkpt lat="49.895680" lon="14.744966"></trkpt>
    <trkpt lat="49.896084" lon="14.744509"></trkpt>
    <trkpt lat="49.896234" lon="14.744342"></trkpt>
    <trkpt lat="49.896479" lon="14.744067"></trkpt>
    <trkpt lat="49.896844" lon="14.743676"></trkpt>
    <trkpt lat="49.897582" lon="14.742890"></trkpt>
    <trkpt lat="49.898934" lon="14.741466"></trkpt>
    <trkpt lat="49.899079" lon="14.741313"></trkpt>
    <trkpt lat="49.900972" lon="14.739306"></trkpt>
    <trkpt lat="49.901967" lon="14.738251"></trkpt>
    <trkpt lat="49.902261" lon="14.737942"></trkpt>
    <trkpt lat="49.902971" lon="14.737194"></trkpt>
    <trkpt lat="49.903199" lon="14.736941"></trkpt>
    <trkpt lat="49.903864" lon="14.736239"></trkpt>
    <trkpt lat="49.904388" lon="14.735686"></trkpt>
    <trkpt lat="49.905151" lon="14.734866"></trkpt>
    <trkpt lat="49.905916" lon="14.734015"></trkpt>
    <trkpt lat="49.906243" lon="14.733630"></trkpt>
    <trkpt lat="49.906566" lon="14.733219"></trkpt>
    <trkpt lat="49.906847" lon="14.732833"></trkpt>
    <trkpt lat="49.907129" lon="14.732445"></trkpt>
    <trkpt lat="49.907456" lon="14.731981"></trkpt>
    <trkpt lat="49.907555" lon="14.731819"></trkpt>
    <trkpt lat="49.908189" lon="14.730750"></trkpt>
    <trkpt lat="49.908611" lon="14.729967"></trkpt>
    <trkpt lat="49.908959" lon="14.729244"></trkpt>
    <trkpt lat="49.909193" lon="14.728736"></trkpt>
    <trkpt lat="49.909381" lon="14.728316"></trkpt>
    <trkpt lat="49.909718" lon="14.727469"></trkpt>
    <trkpt lat="49.910118" lon="14.726331"></trkpt>
    <trkpt lat="49.910356" lon="14.725564"></trkpt>
    <trkpt lat="49.910593" lon="14.724746"></trkpt>
    <trkpt lat="49.910850" lon="14.723732"></trkpt>
    <trkpt lat="49.911149" lon="14.722365"></trkpt>
    <trkpt lat="49.911764" lon="14.719198"></trkpt>
    <trkpt lat="49.911912" lon="14.718480"></trkpt>
    <trkpt lat="49.912195" lon="14.717273"></trkpt>
    <trkpt lat="49.912507" lon="14.716157"></trkpt>
    <trkpt lat="49.912686" lon="14.715618"></trkpt>
    <trkpt lat="49.912891" lon="14.715035"></trkpt>
    <trkpt lat="49.913069" lon="14.714571"></trkpt>
    <trkpt lat="49.913325" lon="14.713940"></trkpt>
    <trkpt lat="49.913641" lon="14.713257"></trkpt>
    <trkpt lat="49.914084" lon="14.712388"></trkpt>
    <trkpt lat="49.914270" lon="14.712054"></trkpt>
    <trkpt lat="49.914622" lon="14.711458"></trkpt>
    <trkpt lat="49.914877" lon="14.711064"></trkpt>
    <trkpt lat="49.915243" lon="14.710536"></trkpt>
    <trkpt lat="49.915606" lon="14.710053"></trkpt>
    <trkpt lat="49.916022" lon="14.709548"></trkpt>
    <trkpt lat="49.916547" lon="14.708963"></trkpt>
    <trkpt lat="49.916910" lon="14.708588"></trkpt>
    <trkpt lat="49.917230" lon="14.708297"></trkpt>
    <trkpt lat="49.917510" lon="14.708053"></trkpt>
    <trkpt lat="49.917895" lon="14.707741"></trkpt>
    <trkpt lat="49.919338" lon="14.706517"></trkpt>
    <trkpt lat="49.920437" lon="14.705554"></trkpt>
    <trkpt lat="49.922938" lon="14.703373"></trkpt>
    <trkpt lat="49.924015" lon="14.702447"></trkpt>
    <trkpt lat="49.924504" lon="14.702000"></trkpt>
    <trkpt lat="49.925003" lon="14.701523"></trkpt>
    <trkpt lat="49.925246" lon="14.701290"></trkpt>
    <trkpt lat="49.925495" lon="14.701030"></trkpt>
    <trkpt lat="49.926024" lon="14.700476"></trkpt>
    <trkpt lat="49.926378" lon="14.700085"></trkpt>
    <trkpt lat="49.927139" lon="14.699210"></trkpt>
    <trkpt lat="49.927818" lon="14.698406"></trkpt>
    <trkpt lat="49.928912" lon="14.697073"></trkpt>
    <trkpt lat="49.929680" lon="14.696099"></trkpt>
    <trkpt lat="49.930187" lon="14.695430"></trkpt>
    <trkpt lat="49.930618" lon="14.694864"></trkpt>
    <trkpt lat="49.931188" lon="14.694075"></trkpt>
    <trkpt lat="49.931566" lon="14.693524"></trkpt>
    <trkpt lat="49.932251" lon="14.692473"></trkpt>
    <trkpt lat="49.932894" lon="14.691424"></trkpt>
    <trkpt lat="49.933954" lon="14.689675"></trkpt>
    <trkpt lat="49.934778" lon="14.688290"></trkpt>
    <trkpt lat="49.935257" lon="14.687483"></trkpt>
    <trkpt lat="49.935704" lon="14.686714"></trkpt>
    <trkpt lat="49.936021" lon="14.686119"></trkpt>
    <trkpt lat="49.936292" lon="14.685578"></trkpt>
    <trkpt lat="49.936525" lon="14.685079"></trkpt>
    <trkpt lat="49.936769" lon="14.684518"></trkpt>
    <trkpt lat="49.937018" lon="14.683914"></trkpt>
    <trkpt lat="49.937233" lon="14.683356"></trkpt>
    <trkpt lat="49.937452" lon="14.682727"></trkpt>
    <trkpt lat="49.937632" lon="14.682182"></trkpt>
    <trkpt lat="49.937819" lon="14.681565"></trkpt>
    <trkpt lat="49.937991" lon="14.680949"></trkpt>
    <trkpt lat="49.938748" lon="14.678149"></trkpt>
    <trkpt lat="49.939545" lon="14.675236"></trkpt>
    <trkpt lat="49.940059" lon="14.673341"></trkpt>
    <trkpt lat="49.941104" lon="14.669452"></trkpt>
    <trkpt lat="49.941226" lon="14.668988"></trkpt>
    <trkpt lat="49.943951" lon="14.658963"></trkpt>
    <trkpt lat="49.944459" lon="14.657068"></trkpt>
    <trkpt lat="49.944776" lon="14.655886"></trkpt>
    <trkpt lat="49.944856" lon="14.655598"></trkpt>
    <trkpt lat="49.945304" lon="14.653943"></trkpt>
    <trkpt lat="49.945431" lon="14.653472"></trkpt>
    <trkpt lat="49.945779" lon="14.652187"></trkpt>
    <trkpt lat="49.945973" lon="14.651482"></trkpt>
    <trkpt lat="49.946144" lon="14.650865"></trkpt>
    <trkpt lat="49.946271" lon="14.650407"></trkpt>
    <trkpt lat="49.946397" lon="14.649986"></trkpt>
    <trkpt lat="49.946605" lon="14.649346"></trkpt>
    <trkpt lat="49.946835" lon="14.648717"></trkpt>
    <trkpt lat="49.947064" lon="14.648160"></trkpt>
    <trkpt lat="49.947284" lon="14.647681"></trkpt>
    <trkpt lat="49.947581" lon="14.647099"></trkpt>
    <trkpt lat="49.947866" lon="14.646597"></trkpt>
    <trkpt lat="49.948161" lon="14.646119"></trkpt>
    <trkpt lat="49.948458" lon="14.645683"></trkpt>
    <trkpt lat="49.948960" lon="14.644985"></trkpt>
    <trkpt lat="49.949442" lon="14.644421"></trkpt>
    <trkpt lat="49.950423" lon="14.643242"></trkpt>
    <trkpt lat="49.950741" lon="14.642863"></trkpt>
    <trkpt lat="49.954123" lon="14.638744"></trkpt>
    <trkpt lat="49.954443" lon="14.638362"></trkpt>
    <trkpt lat="49.960809" lon="14.630643"></trkpt>
    <trkpt lat="49.961706" lon="14.629556"></trkpt>
    <trkpt lat="49.966777" lon="14.623406"></trkpt>
    <trkpt lat="49.967191" lon="14.622903"></trkpt>
    <trkpt lat="49.967630" lon="14.622369"></trkpt>
    <trkpt lat="49.967898" lon="14.622042"></trkpt>
    <trkpt lat="49.968607" lon="14.621145"></trkpt>
    <trkpt lat="49.969145" lon="14.620511"></trkpt>
    <trkpt lat="49.969393" lon="14.620218"></trkpt>
    <trkpt lat="49.969935" lon="14.619556"></trkpt>
    <trkpt lat="49.970453" lon="14.618922"></trkpt>
    <trkpt lat="49.971498" lon="14.617654"></trkpt>
    <trkpt lat="49.972840" lon="14.616045"></trkpt>
    <trkpt lat="49.974020" lon="14.614609"></trkpt>
    <trkpt lat="49.974607" lon="14.613891"></trkpt>
    <trkpt lat="49.975625" lon="14.612659"></trkpt>
    <trkpt lat="49.976184" lon="14.611981"></trkpt>
    <trkpt lat="49.977041" lon="14.610936"></trkpt>
    <trkpt lat="49.978464" lon="14.609211"></trkpt>
    <trkpt lat="49.979594" lon="14.607847"></trkpt>
    <trkpt lat="49.980695" lon="14.606507"></trkpt>
    <trkpt lat="49.981195" lon="14.605894"></trkpt>
    <trkpt lat="49.983591" lon="14.602992"></trkpt>
    <trkpt lat="49.983925" lon="14.602569"></trkpt>
    <trkpt lat="49.984196" lon="14.602226"></trkpt>
    <trkpt lat="49.984483" lon="14.601867"></trkpt>
    <trkpt lat="49.985092" lon="14.601058"></trkpt>
    <trkpt lat="49.985453" lon="14.600584"></trkpt>
    <trkpt lat="49.985770" lon="14.600154"></trkpt>
    <trkpt lat="49.986096" lon="14.599684"></trkpt>
    <trkpt lat="49.986407" lon="14.599249"></trkpt>
    <trkpt lat="49.986752" lon="14.598739"></trkpt>
    <trkpt lat="49.987070" lon="14.598268"></trkpt>
    <trkpt lat="49.987155" lon="14.598136"></trkpt>
    <trkpt lat="49.987584" lon="14.597487"></trkpt>
    <trkpt lat="49.988098" lon="14.596663"></trkpt>
    <trkpt lat="49.988391" lon="14.596185"></trkpt>
    <trkpt lat="49.988909" lon="14.595318"></trkpt>
    <trkpt lat="49.989426" lon="14.594426"></trkpt>
    <trkpt lat="49.989778" lon="14.593817"></trkpt>
    <trkpt lat="49.990605" lon="14.592374"></trkpt>
    <trkpt lat="49.990935" lon="14.591797"></trkpt>
    <trkpt lat="49.991301" lon="14.591163"></trkpt>
    <trkpt lat="49.991402" lon="14.590985"></trkpt>
    <trkpt lat="49.991740" lon="14.590395"></trkpt>
    <trkpt lat="49.992260" lon="14.589496"></trkpt>
    <trkpt lat="49.993073" lon="14.588075"></trkpt>
    <trkpt lat="49.993718" lon="14.586962"></trkpt>
    <trkpt lat="49.994287" lon="14.585972"></trkpt>
    <trkpt lat="49.994755" lon="14.585153"></trkpt>
    <trkpt lat="49.995114" lon="14.584523"></trkpt>
    <trkpt lat="49.996228" lon="14.582584"></trkpt>
    <trkpt lat="49.998114" lon="14.579311"></trkpt>
    <trkpt lat="50.000017" lon="14.575992"></trkpt>
    <trkpt lat="50.000382" lon="14.575358"></trkpt>
    <trkpt lat="50.001195" lon="14.573946"></trkpt>
    <trkpt lat="50.001535" lon="14.573348"></trkpt>
    <trkpt lat="50.002198" lon="14.572189"></trkpt>
    <trkpt lat="50.002443" lon="14.571752"></trkpt>
    <trkpt lat="50.002749" lon="14.571180"></trkpt>
    <trkpt lat="50.003026" lon="14.570642"></trkpt>
    <trkpt lat="50.003260" lon="14.570170"></trkpt>
    <trkpt lat="50.003671" lon="14.569293"></trkpt>
    <trkpt lat="50.003892" lon="14.568785"></trkpt>
    <trkpt lat="50.004073" lon="14.568368"></trkpt>
    <trkpt lat="50.004352" lon="14.567704"></trkpt>
    <trkpt lat="50.004700" lon="14.566807"></trkpt>
    <trkpt lat="50.005024" lon="14.565928"></trkpt>
    <trkpt lat="50.005297" lon="14.565132"></trkpt>
    <trkpt lat="50.005354" lon="14.564961"></trkpt>
    <trkpt lat="50.005574" lon="14.564250"></trkpt>
    <trkpt lat="50.005645" lon="14.564014"></trkpt>
    <trkpt lat="50.005846" lon="14.563347"></trkpt>
    <trkpt lat="50.006076" lon="14.562520"></trkpt>
    <trkpt lat="50.006259" lon="14.561794"></trkpt>
    <trkpt lat="50.006560" lon="14.560543"></trkpt>
    <trkpt lat="50.006729" lon="14.559761"></trkpt>
    <trkpt lat="50.006872" lon="14.559007"></trkpt>
    <trkpt lat="50.006980" lon="14.558439"></trkpt>
    <trkpt lat="50.007107" lon="14.557691"></trkpt>
    <trkpt lat="50.007234" lon="14.556922"></trkpt>
    <trkpt lat="50.007391" lon="14.556039"></trkpt>
    <trkpt lat="50.007518" lon="14.555297"></trkpt>
    <trkpt lat="50.007656" lon="14.554472"></trkpt>
    <trkpt lat="50.007826" lon="14.553484"></trkpt>
    <trkpt lat="50.007968" lon="14.552647"></trkpt>
    <trkpt lat="50.008023" lon="14.552320"></trkpt>
    <trkpt lat="50.008099" lon="14.551865"></trkpt>
    <trkpt lat="50.008236" lon="14.551059"></trkpt>
    <trkpt lat="50.008485" lon="14.549597"></trkpt>
    <trkpt lat="50.008646" lon="14.548652"></trkpt>
    <trkpt lat="50.008761" lon="14.547960"></trkpt>
    <trkpt lat="50.008933" lon="14.546966"></trkpt>
    <trkpt lat="50.009104" lon="14.545971"></trkpt>
    <trkpt lat="50.009336" lon="14.544761"></trkpt>
    <trkpt lat="50.009523" lon="14.543878"></trkpt>
    <trkpt lat="50.009622" lon="14.543424"></trkpt>
    <trkpt lat="50.009726" lon="14.542973"></trkpt>
    <trkpt lat="50.009833" lon="14.542531"></trkpt>
    <trkpt lat="50.009943" lon="14.542091"></trkpt>
    <trkpt lat="50.010069" lon="14.541590"></trkpt>
    <trkpt lat="50.010365" lon="14.540503"></trkpt>
    <trkpt lat="50.010556" lon="14.539841"></trkpt>
    <trkpt lat="50.010680" lon="14.539431"></trkpt>
    <trkpt lat="50.010802" lon="14.539044"></trkpt>
    <trkpt lat="50.010926" lon="14.538652"></trkpt>
    <trkpt lat="50.011169" lon="14.537914"></trkpt>
    <trkpt lat="50.011386" lon="14.537287"></trkpt>
    <trkpt lat="50.011609" lon="14.536666"></trkpt>
    <trkpt lat="50.011759" lon="14.536260"></trkpt>
    <trkpt lat="50.011911" lon="14.535855"></trkpt>
    <trkpt lat="50.012106" lon="14.535344"></trkpt>
    <trkpt lat="50.012436" lon="14.534510"></trkpt>
    <trkpt lat="50.012880" lon="14.533387"></trkpt>
    <trkpt lat="50.013209" lon="14.532555"></trkpt>
    <trkpt lat="50.013471" lon="14.531890"></trkpt>
    <trkpt lat="50.013957" lon="14.530651"></trkpt>
    <trkpt lat="50.014451" lon="14.529396"></trkpt>
    <trkpt lat="50.015494" lon="14.526751"></trkpt>
    <trkpt lat="50.016841" lon="14.523328"></trkpt>
    <trkpt lat="50.017345" lon="14.522048"></trkpt>
    <trkpt lat="50.018058" lon="14.520238"></trkpt>
    <trkpt lat="50.018650" lon="14.518737"></trkpt>
    <trkpt lat="50.019870" lon="14.515620"></trkpt>
    <trkpt lat="50.020690" lon="14.513544"></trkpt>
    <trkpt lat="50.021308" lon="14.511946"></trkpt>
    <trkpt lat="50.021770" lon="14.510785"></trkpt>
    <trkpt lat="50.022095" lon="14.509950"></trkpt>
    <trkpt lat="50.022895" lon="14.507912"></trkpt>
    <trkpt lat="50.023141" lon="14.507290"></trkpt>
    <trkpt lat="50.023451" lon="14.506505"></trkpt>
    <trkpt lat="50.023629" lon="14.506051"></trkpt>
    <trkpt lat="50.023915" lon="14.505315"></trkpt>
    <trkpt lat="50.024272" lon="14.504406"></trkpt>
    <trkpt lat="50.024778" lon="14.503124"></trkpt>
    <trkpt lat="50.025022" lon="14.502508"></trkpt>
    <trkpt lat="50.025381" lon="14.501598"></trkpt>
    <trkpt lat="50.025546" lon="14.501174"></trkpt>
    <trkpt lat="50.025761" lon="14.500631"></trkpt>
    <trkpt lat="50.025960" lon="14.500137"></trkpt>
    <trkpt lat="50.026239" lon="14.499503"></trkpt>
    <trkpt lat="50.026415" lon="14.499118"></trkpt>
    <trkpt lat="50.026601" lon="14.498744"></trkpt>
    <trkpt lat="50.026820" lon="14.498329"></trkpt>
    <trkpt lat="50.027137" lon="14.497776"></trkpt>
    <trkpt lat="50.027318" lon="14.497478"></trkpt>
    <trkpt lat="50.027554" lon="14.497115"></trkpt>
    <trkpt lat="50.027770" lon="14.496799"></trkpt>
    <trkpt lat="50.027989" lon="14.496495"></trkpt>
    <trkpt lat="50.028229" lon="14.496179"></trkpt>
    <trkpt lat="50.028505" lon="14.495849"></trkpt>
    <trkpt lat="50.028697" lon="14.495627"></trkpt>
    <trkpt lat="50.028897" lon="14.495407"></trkpt>
    <trkpt lat="50.029090" lon="14.495200"></trkpt>
    <trkpt lat="50.029531" lon="14.494769"></trkpt>
    <trkpt lat="50.029763" lon="14.494563"></trkpt>
    <trkpt lat="50.030021" lon="14.494347"></trkpt>
    <trkpt lat="50.030289" lon="14.494137"></trkpt>
    <trkpt lat="50.030570" lon="14.493926"></trkpt>
    <trkpt lat="50.030945" lon="14.493675"></trkpt>
    <trkpt lat="50.031372" lon="14.493417"></trkpt>
    <trkpt lat="50.031689" lon="14.493247"></trkpt>
    <trkpt lat="50.032145" lon="14.493036"></trkpt>
    <trkpt lat="50.032425" lon="14.492914"></trkpt>
    <trkpt lat="50.032610" lon="14.492831"></trkpt>
    <trkpt lat="50.032840" lon="14.492734"></trkpt>
    <trkpt lat="50.034229" lon="14.492142"></trkpt>
    <trkpt lat="50.034541" lon="14.492008"></trkpt>
    <trkpt lat="50.034837" lon="14.491877"></trkpt>
    <trkpt lat="50.035131" lon="14.491741"></trkpt>
    <trkpt lat="50.035426" lon="14.491599"></trkpt>
    <trkpt lat="50.035720" lon="14.491453"></trkpt>
    <trkpt lat="50.035852" lon="14.491375"></trkpt>
    <trkpt lat="50.036011" lon="14.491285"></trkpt>
    <trkpt lat="50.036157" lon="14.491192"></trkpt>
    <trkpt lat="50.036307" lon="14.491093"></trkpt>
    <trkpt lat="50.036450" lon="14.490993"></trkpt>
    <trkpt lat="50.036595" lon="14.490883"></trkpt>
    <trkpt lat="50.036738" lon="14.490767"></trkpt>
    <trkpt lat="50.036875" lon="14.490651"></trkpt>
    <trkpt lat="50.037022" lon="14.490521"></trkpt>
    <trkpt lat="50.037170" lon="14.490382"></trkpt>
    <trkpt lat="50.037292" lon="14.490259"></trkpt>
    <trkpt lat="50.037430" lon="14.490113"></trkpt>
    <trkpt lat="50.037565" lon="14.489960"></trkpt>
    <trkpt lat="50.037691" lon="14.489811"></trkpt>
    <trkpt lat="50.037817" lon="14.489656"></trkpt>
    <trkpt lat="50.037945" lon="14.489493"></trkpt>
    <trkpt lat="50.038064" lon="14.489332"></trkpt>
    <trkpt lat="50.038192" lon="14.489152"></trkpt>
    <trkpt lat="50.038305" lon="14.488986"></trkpt>
    <trkpt lat="50.038414" lon="14.488817"></trkpt>
    <trkpt lat="50.038646" lon="14.488430"></trkpt>
    <trkpt lat="50.038793" lon="14.488159"></trkpt>
    <trkpt lat="50.038917" lon="14.487917"></trkpt>
    <trkpt lat="50.039134" lon="14.487462"></trkpt>
    <trkpt lat="50.039227" lon="14.487253"></trkpt>
    <trkpt lat="50.039315" lon="14.487039"></trkpt>
    <trkpt lat="50.039398" lon="14.486828"></trkpt>
    <trkpt lat="50.039479" lon="14.486609"></trkpt>
    <trkpt lat="50.039556" lon="14.486388"></trkpt>
    <trkpt lat="50.039630" lon="14.486163"></trkpt>
    <trkpt lat="50.039698" lon="14.485944"></trkpt>
    <trkpt lat="50.039765" lon="14.485716"></trkpt>
    <trkpt lat="50.039831" lon="14.485484"></trkpt>
    <trkpt lat="50.039895" lon="14.485244"></trkpt>
    <trkpt lat="50.039949" lon="14.485019"></trkpt>
    <trkpt lat="50.040001" lon="14.484779"></trkpt>
    <trkpt lat="50.040052" lon="14.484529"></trkpt>
    <trkpt lat="50.040096" lon="14.484298"></trkpt>
    <trkpt lat="50.040138" lon="14.484050"></trkpt>
    <trkpt lat="50.040193" lon="14.483681"></trkpt>
    <trkpt lat="50.040238" lon="14.483310"></trkpt>
    <trkpt lat="50.040265" lon="14.483058"></trkpt>
    <trkpt lat="50.040289" lon="14.482802"></trkpt>
    <trkpt lat="50.040307" lon="14.482535"></trkpt>
    <trkpt lat="50.040322" lon="14.482296"></trkpt>
    <trkpt lat="50.040332" lon="14.482053"></trkpt>
    <trkpt lat="50.040337" lon="14.481799"></trkpt>
    <trkpt lat="50.040342" lon="14.481552"></trkpt>
    <trkpt lat="50.040342" lon="14.481303"></trkpt>
    <trkpt lat="50.040338" lon="14.481040"></trkpt>
    <trkpt lat="50.040330" lon="14.480798"></trkpt>
    <trkpt lat="50.040319" lon="14.480537"></trkpt>
    <trkpt lat="50.040304" lon="14.480304"></trkpt>
    <trkpt lat="50.040271" lon="14.479915"></trkpt>
    <trkpt lat="50.040235" lon="14.479553"></trkpt>
    <trkpt lat="50.040206" lon="14.479293"></trkpt>
    <trkpt lat="50.040144" lon="14.478796"></trkpt>
    <trkpt lat="50.040078" lon="14.478300"></trkpt>
    <trkpt lat="50.040015" lon="14.477817"></trkpt>
    <trkpt lat="50.039955" lon="14.477313"></trkpt>
    <trkpt lat="50.039902" lon="14.476829"></trkpt>
    <trkpt lat="50.039876" lon="14.476569"></trkpt>
    <trkpt lat="50.039855" lon="14.476285"></trkpt>
    <trkpt lat="50.039840" lon="14.476084"></trkpt>
    <trkpt lat="50.039825" lon="14.475841"></trkpt>
    <trkpt lat="50.039813" lon="14.475594"></trkpt>
    <trkpt lat="50.039803" lon="14.475347"></trkpt>
    <trkpt lat="50.039797" lon="14.475099"></trkpt>
    <trkpt lat="50.039795" lon="14.474816"></trkpt>
    <trkpt lat="50.039795" lon="14.474592"></trkpt>
    <trkpt lat="50.039798" lon="14.474350"></trkpt>
    <trkpt lat="50.039803" lon="14.474105"></trkpt>
    <trkpt lat="50.039814" lon="14.473839"></trkpt>
    <trkpt lat="50.039826" lon="14.473589"></trkpt>
    <trkpt lat="50.039839" lon="14.473364"></trkpt>
    <trkpt lat="50.039858" lon="14.473120"></trkpt>
    <trkpt lat="50.039880" lon="14.472870"></trkpt>
    <trkpt lat="50.039905" lon="14.472616"></trkpt>
    <trkpt lat="50.039932" lon="14.472374"></trkpt>
    <trkpt lat="50.039960" lon="14.472140"></trkpt>
    <trkpt lat="50.039992" lon="14.471902"></trkpt>
    <trkpt lat="50.040029" lon="14.471653"></trkpt>
    <trkpt lat="50.040067" lon="14.471417"></trkpt>
    <trkpt lat="50.040201" lon="14.470705"></trkpt>
    <trkpt lat="50.040258" lon="14.470432"></trkpt>
    <trkpt lat="50.040302" lon="14.470234"></trkpt>
    <trkpt lat="50.040358" lon="14.469995"></trkpt>
    <trkpt lat="50.040407" lon="14.469802"></trkpt>
    <trkpt lat="50.040439" lon="14.469679"></trkpt>
    <trkpt lat="50.040520" lon="14.469385"></trkpt>
    <trkpt lat="50.040591" lon="14.469134"></trkpt>
    <trkpt lat="50.040726" lon="14.468681"></trkpt>
    <trkpt lat="50.040800" lon="14.468450"></trkpt>
    <trkpt lat="50.040866" lon="14.468247"></trkpt>
    <trkpt lat="50.040941" lon="14.468023"></trkpt>
    <trkpt lat="50.041021" lon="14.467792"></trkpt>
    <trkpt lat="50.041100" lon="14.467570"></trkpt>
    <trkpt lat="50.041254" lon="14.467146"></trkpt>
    <trkpt lat="50.041421" lon="14.466705"></trkpt>
    <trkpt lat="50.041511" lon="14.466474"></trkpt>
    <trkpt lat="50.041696" lon="14.466026"></trkpt>
    <trkpt lat="50.042021" lon="14.465241"></trkpt>
    <trkpt lat="50.042059" lon="14.465147"></trkpt>
    <trkpt lat="50.042171" lon="14.464871"></trkpt>
    <trkpt lat="50.042331" lon="14.464485"></trkpt>
    <trkpt lat="50.042764" lon="14.463438"></trkpt>
    <trkpt lat="50.043402" lon="14.461927"></trkpt>
    <trkpt lat="50.043577" lon="14.461518"></trkpt>
    <trkpt lat="50.044016" lon="14.460506"></trkpt>
    <trkpt lat="50.044446" lon="14.459541"></trkpt>
    <trkpt lat="50.044877" lon="14.458572"></trkpt>
    <trkpt lat="50.045062" lon="14.458168"></trkpt>
    <trkpt lat="50.045315" lon="14.457608"></trkpt>
    <trkpt lat="50.046001" lon="14.456135"></trkpt>
    <trkpt lat="50.046316" lon="14.455461"></trkpt>
    <trkpt lat="50.046647" lon="14.454762"></trkpt>
    <trkpt lat="50.046926" lon="14.454182"></trkpt>
    <trkpt lat="50.047275" lon="14.453473"></trkpt>
    <trkpt lat="50.047558" lon="14.452897"></trkpt>
    <trkpt lat="50.047904" lon="14.452193"></trkpt>
    <trkpt lat="50.048165" lon="14.451673"></trkpt>
    <trkpt lat="50.048463" lon="14.451075"></trkpt>
    <trkpt lat="50.048669" lon="14.450671"></trkpt>
    <trkpt lat="50.048976" lon="14.450075"></trkpt>
    <trkpt lat="50.049286" lon="14.449466"></trkpt>
    <trkpt lat="50.049440" lon="14.449164"></trkpt>
    <trkpt lat="50.050106" lon="14.447865"></trkpt>
    <trkpt lat="50.050454" lon="14.447186"></trkpt>
    <trkpt lat="50.050609" lon="14.446883"></trkpt>
    <trkpt lat="50.050770" lon="14.446572"></trkpt>
    <trkpt lat="50.050955" lon="14.446210"></trkpt>
    <trkpt lat="50.051109" lon="14.445910"></trkpt>
    <trkpt lat="50.051420" lon="14.445303"></trkpt>
    <trkpt lat="50.051586" lon="14.444968"></trkpt>
    <trkpt lat="50.051740" lon="14.444652"></trkpt>
    <trkpt lat="50.051930" lon="14.444229"></trkpt>
    <trkpt lat="50.052080" lon="14.443861"></trkpt>
    <trkpt lat="50.052236" lon="14.443454"></trkpt>
    <trkpt lat="50.052362" lon="14.443096"></trkpt>
    <trkpt lat="50.052479" lon="14.442754"></trkpt>
    <trkpt lat="50.052596" lon="14.442417"></trkpt>
    <trkpt lat="50.052713" lon="14.442094"></trkpt>
    <trkpt lat="50.052797" lon="14.441862"></trkpt>
    <trkpt lat="50.052877" lon="14.441657"></trkpt>
    <trkpt lat="50.052944" lon="14.441496"></trkpt>
    <trkpt lat="50.053015" lon="14.441340"></trkpt>
    <trkpt lat="50.053089" lon="14.441187"></trkpt>
    <trkpt lat="50.053131" lon="14.441104"></trkpt>
    <trkpt lat="50.053262" lon="14.440861"></trkpt>
    <trkpt lat="50.053391" lon="14.440655"></trkpt>
    <trkpt lat="50.053521" lon="14.440462"></trkpt>
    <trkpt lat="50.053696" lon="14.440226"></trkpt>
    <trkpt lat="50.053912" lon="14.439952"></trkpt>
    <trkpt lat="50.054235" lon="14.439559"></trkpt>
    <trkpt lat="50.054364" lon="14.439397"></trkpt>
    <trkpt lat="50.054644" lon="14.439047"></trkpt>
    <trkpt lat="50.054729" lon="14.438936"></trkpt>
    <trkpt lat="50.055883" lon="14.437408"></trkpt>
    <trkpt lat="50.056031" lon="14.437230"></trkpt>
    <trkpt lat="50.056154" lon="14.437092"></trkpt>
    <trkpt lat="50.056254" lon="14.436985"></trkpt>
    <trkpt lat="50.056396" lon="14.436844"></trkpt>
    <trkpt lat="50.056555" lon="14.436710"></trkpt>
    <trkpt lat="50.056692" lon="14.436600"></trkpt>
    <trkpt lat="50.057059" lon="14.436326"></trkpt>
    <trkpt lat="50.057310" lon="14.436144"></trkpt>
    <trkpt lat="50.057429" lon="14.436052"></trkpt>
    <trkpt lat="50.057545" lon="14.435958"></trkpt>
    <trkpt lat="50.057660" lon="14.435858"></trkpt>
    <trkpt lat="50.057772" lon="14.435752"></trkpt>
    <trkpt lat="50.057882" lon="14.435641"></trkpt>
    <trkpt lat="50.057972" lon="14.435546"></trkpt>
    <trkpt lat="50.058059" lon="14.435446"></trkpt>
    <trkpt lat="50.058150" lon="14.435333"></trkpt>
    <trkpt lat="50.058239" lon="14.435215"></trkpt>
    <trkpt lat="50.059387" lon="14.433699"></trkpt>
    <trkpt lat="50.060000" lon="14.432886"></trkpt>
    <trkpt lat="50.060168" lon="14.432661"></trkpt>
    <trkpt lat="50.060776" lon="14.431857"></trkpt>
    <trkpt lat="50.060995" lon="14.431581"></trkpt>
    <trkpt lat="50.061180" lon="14.431368"></trkpt>
    <trkpt lat="50.061327" lon="14.431220"></trkpt>
    <trkpt lat="50.061470" lon="14.431092"></trkpt>
    <trkpt lat="50.061561" lon="14.431017"></trkpt>
    <trkpt lat="50.061653" lon="14.430948"></trkpt>
    <trkpt lat="50.061743" lon="14.430888"></trkpt>
    <trkpt lat="50.061833" lon="14.430832"></trkpt>
    <trkpt lat="50.061910" lon="14.430794"></trkpt>
    <trkpt lat="50.061983" lon="14.430762"></trkpt>
    <trkpt lat="50.062061" lon="14.430731"></trkpt>
    <trkpt lat="50.062138" lon="14.430704"></trkpt>
    <trkpt lat="50.062216" lon="14.430681"></trkpt>
    <trkpt lat="50.062300" lon="14.430660"></trkpt>
    <trkpt lat="50.062372" lon="14.430644"></trkpt>
    <trkpt lat="50.062454" lon="14.430629"></trkpt>
    <trkpt lat="50.062508" lon="14.430623"></trkpt>
    <trkpt lat="50.062835" lon="14.430609"></trkpt>
    <trkpt lat="50.062986" lon="14.430598"></trkpt>
    <trkpt lat="50.063228" lon="14.430589"></trkpt>
    <trkpt lat="50.067985" lon="14.430397"></trkpt>
    <trkpt lat="50.068068" lon="14.430398"></trkpt>
    <trkpt lat="50.068130" lon="14.430404"></trkpt>
    <trkpt lat="50.068198" lon="14.430411"></trkpt>
    <trkpt lat="50.068253" lon="14.430420"></trkpt>
    <trkpt lat="50.068361" lon="14.430444"></trkpt>
    <trkpt lat="50.068421" lon="14.430458"></trkpt>
    <trkpt lat="50.068486" lon="14.430481"></trkpt>
    <trkpt lat="50.068556" lon="14.430510"></trkpt>
    <trkpt lat="50.068632" lon="14.430546"></trkpt>
    <trkpt lat="50.068798" lon="14.430635"></trkpt>
    <trkpt lat="50.068953" lon="14.430718"></trkpt>
    <trkpt lat="50.069030" lon="14.430756"></trkpt>
    <trkpt lat="50.069105" lon="14.430786"></trkpt>
    <trkpt lat="50.069208" lon="14.430824"></trkpt>
    <trkpt lat="50.069295" lon="14.430854"></trkpt>
    <trkpt lat="50.069376" lon="14.430873"></trkpt>
    <trkpt lat="50.069452" lon="14.430888"></trkpt>
    <trkpt lat="50.069488" lon="14.430893"></trkpt>
    <trkpt lat="50.069539" lon="14.430893"></trkpt>
    <trkpt lat="50.069699" lon="14.430884"></trkpt>
    <trkpt lat="50.070150" lon="14.430830"></trkpt>
    <trkpt lat="50.070600" lon="14.430774"></trkpt>
    <trkpt lat="50.070631" lon="14.430770"></trkpt>
    <trkpt lat="50.070657" lon="14.430766"></trkpt>
    <trkpt lat="50.070728" lon="14.430757"></trkpt>
    <trkpt lat="50.070820" lon="14.430746"></trkpt>
    <trkpt lat="50.071666" lon="14.430639"></trkpt>
    <trkpt lat="50.071935" lon="14.430605"></trkpt>
    <trkpt lat="50.072143" lon="14.430579"></trkpt>
    <trkpt lat="50.072470" lon="14.430537"></trkpt>
    <trkpt lat="50.072892" lon="14.430484"></trkpt>
    <trkpt lat="50.073263" lon="14.430437"></trkpt>
    <trkpt lat="50.073595" lon="14.430394"></trkpt>
    <trkpt lat="50.073633" lon="14.430389"></trkpt>
    <trkpt lat="50.073717" lon="14.430379"></trkpt>
    <trkpt lat="50.073858" lon="14.431322"></trkpt>
    <trkpt lat="50.073866" lon="14.431377"></trkpt>
    <trkpt lat="50.073891" lon="14.431545"></trkpt>
    <trkpt lat="50.074005" lon="14.432306"></trkpt>
    <trkpt lat="50.074046" lon="14.432582"></trkpt>
    <trkpt lat="50.074052" lon="14.432625"></trkpt>
    <trkpt lat="50.074058" lon="14.432665"></trkpt>
    <trkpt lat="50.074080" lon="14.432806"></trkpt>
    <trkpt lat="50.074083" lon="14.432831"></trkpt>
    <trkpt lat="50.074087" lon="14.432852"></trkpt>
    <trkpt lat="50.074109" lon="14.433000"></trkpt>
    <trkpt lat="50.074220" lon="14.433746"></trkpt>
    <trkpt lat="50.074248" lon="14.433929"></trkpt>
    <trkpt lat="50.074367" lon="14.434724"></trkpt>
    <trkpt lat="50.074448" lon="14.435268"></trkpt>
    <trkpt lat="50.074455" lon="14.435315"></trkpt>
    <trkpt lat="50.074462" lon="14.435364"></trkpt>
    <trkpt lat="50.074485" lon="14.435518"></trkpt>
    <trkpt lat="50.074563" lon="14.436036"></trkpt>
    <trkpt lat="50.074627" lon="14.436464"></trkpt>
    <trkpt lat="50.074656" lon="14.436656"></trkpt>
    <trkpt lat="50.074663" lon="14.436704"></trkpt>
    <trkpt lat="50.074670" lon="14.436753"></trkpt>
    <trkpt lat="50.074748" lon="14.437023"></trkpt>
    <trkpt lat="50.074795" lon="14.437160"></trkpt>
    <trkpt lat="50.074809" lon="14.437199"></trkpt>
    <trkpt lat="50.074827" lon="14.437243"></trkpt>
    <trkpt lat="50.074879" lon="14.437330"></trkpt>
    <trkpt lat="50.074889" lon="14.437346"></trkpt>
    <trkpt lat="50.074903" lon="14.437368"></trkpt>
    <trkpt lat="50.074938" lon="14.437420"></trkpt>
    <trkpt lat="50.075007" lon="14.437504"></trkpt>
    <trkpt lat="50.075028" lon="14.437526"></trkpt>
    <trkpt lat="50.075090" lon="14.437574"></trkpt>
    <trkpt lat="50.075187" lon="14.437648"></trkpt>
    <trkpt lat="50.075263" lon="14.437693"></trkpt>
    <trkpt lat="50.075353" lon="14.437732"></trkpt>
    <trkpt lat="50.075434" lon="14.437750"></trkpt>
    <trkpt lat="50.075500" lon="14.437752"></trkpt>
    <trkpt lat="50.075500" lon="14.437752"></trkpt>
    <trkpt lat="50.075571" lon="14.437743"></trkpt>
    <trkpt lat="50.075634" lon="14.437728"></trkpt>
    <trkpt lat="50.075700" lon="14.437701"></trkpt>
    <trkpt lat="50.075724" lon="14.437692"></trkpt>
    <trkpt lat="50.075747" lon="14.437682"></trkpt>
    <trkpt lat="50.075778" lon="14.437654"></trkpt>
    <trkpt lat="50.075798" lon="14.437630"></trkpt>
    <trkpt lat="50.075816" lon="14.437602"></trkpt>
    <trkpt lat="50.075836" lon="14.437561"></trkpt>
    <trkpt lat="50.075851" lon="14.437516"></trkpt>
    <trkpt lat="50.075870" lon="14.437415"></trkpt>
    <trkpt lat="50.075912" lon="14.437172"></trkpt>
    <trkpt lat="50.075935" lon="14.437037"></trkpt>
    <trkpt lat="50.075988" lon="14.436839"></trkpt>
    <trkpt lat="50.076006" lon="14.436729"></trkpt>
    <trkpt lat="50.076019" lon="14.436660"></trkpt>
    <trkpt lat="50.076044" lon="14.436522"></trkpt>
    <trkpt lat="50.076047" lon="14.436487"></trkpt>
    <trkpt lat="50.076047" lon="14.436423"></trkpt>
    <trkpt lat="50.076043" lon="14.436373"></trkpt>
    <trkpt lat="50.076035" lon="14.436328"></trkpt>
    <trkpt lat="50.076024" lon="14.436284"></trkpt>
    <trkpt lat="50.075951" lon="14.435748"></trkpt>
    <trkpt lat="50.075885" lon="14.435274"></trkpt>
    <trkpt lat="50.075885" lon="14.435179"></trkpt>
    <trkpt lat="50.075888" lon="14.435123"></trkpt>
    <trkpt lat="50.075900" lon="14.435032"></trkpt>
    <trkpt lat="50.075986" lon="14.434836"></trkpt>
    <trkpt lat="50.076071" lon="14.434893"></trkpt>
    <trkpt lat="50.076111" lon="14.434919"></trkpt>
    <trkpt lat="50.076136" lon="14.434937"></trkpt>
    <trkpt lat="50.077041" lon="14.435548"></trkpt>
    <trkpt lat="50.077093" lon="14.435583"></trkpt>
    <trkpt lat="50.077965" lon="14.436171"></trkpt>
    <trkpt lat="50.078044" lon="14.436235"></trkpt>
    <trkpt lat="50.078059" lon="14.436246"></trkpt>
    <trkpt lat="50.078074" lon="14.436260"></trkpt>
    <trkpt lat="50.078161" lon="14.436336"></trkpt>
    <trkpt lat="50.078755" lon="14.436846"></trkpt>
    <trkpt lat="50.079219" lon="14.437198"></trkpt>
    <trkpt lat="50.079252" lon="14.437223"></trkpt>
    <trkpt lat="50.079322" lon="14.437287"></trkpt>
    <trkpt lat="50.079419" lon="14.437368"></trkpt>
    <trkpt lat="50.080188" lon="14.438008"></trkpt>
    <trkpt lat="50.080255" lon="14.438064"></trkpt>
    <trkpt lat="50.080805" lon="14.438521"></trkpt>
    <trkpt lat="50.081067" lon="14.438740"></trkpt>
    <trkpt lat="50.081202" lon="14.438852"></trkpt>
    <trkpt lat="50.081932" lon="14.439459"></trkpt>
    <trkpt lat="50.081974" lon="14.439494"></trkpt>
    <trkpt lat="50.082013" lon="14.439514"></trkpt>
    <trkpt lat="50.082080" lon="14.439543"></trkpt>
    <trkpt lat="50.082605" lon="14.439692"></trkpt>
    <trkpt lat="50.082754" lon="14.439733"></trkpt>
    <trkpt lat="50.082887" lon="14.439784"></trkpt>
    <trkpt lat="50.083003" lon="14.439841"></trkpt>
    <trkpt lat="50.083366" lon="14.440030"></trkpt>
    <trkpt lat="50.083427" lon="14.440060"></trkpt>
    <trkpt lat="50.083523" lon="14.440103"></trkpt>
    <trkpt lat="50.084008" lon="14.440315"></trkpt>
    <trkpt lat="50.084412" lon="14.440499"></trkpt>
    <trkpt lat="50.084487" lon="14.440537"></trkpt>
    <trkpt lat="50.084900" lon="14.440721"></trkpt>
    <trkpt lat="50.085033" lon="14.440764"></trkpt>
    <trkpt lat="50.085065" lon="14.440776"></trkpt>
    <trkpt lat="50.085096" lon="14.440787"></trkpt>
    <trkpt lat="50.085143" lon="14.440800"></trkpt>
    <trkpt lat="50.085183" lon="14.440802"></trkpt>
    <trkpt lat="50.085213" lon="14.440802"></trkpt>
    <trkpt lat="50.085274" lon="14.440804"></trkpt>
    <trkpt lat="50.085311" lon="14.440511"></trkpt>
    <trkpt lat="50.085322" lon="14.440426"></trkpt>
    <trkpt lat="50.085337" lon="14.440358"></trkpt>
    <trkpt lat="50.085364" lon="14.440289"></trkpt>
    <trkpt lat="50.085677" lon="14.439632"></trkpt>
    <trkpt lat="50.085860" lon="14.439260"></trkpt>
    <trkpt lat="50.085954" lon="14.439040"></trkpt>
    <trkpt lat="50.086184" lon="14.438442"></trkpt>
    <trkpt lat="50.086235" lon="14.438308"></trkpt>
    <trkpt lat="50.086260" lon="14.438252"></trkpt>
    <trkpt lat="50.086280" lon="14.438213"></trkpt>
    <trkpt lat="50.086320" lon="14.438131"></trkpt>
    <trkpt lat="50.086377" lon="14.438050"></trkpt>
    <trkpt lat="50.086409" lon="14.438008"></trkpt>
    <trkpt lat="50.086484" lon="14.437910"></trkpt>
    <trkpt lat="50.086602" lon="14.437766"></trkpt>
    <trkpt lat="50.086641" lon="14.437730"></trkpt>
    <trkpt lat="50.086670" lon="14.437712"></trkpt>
    <trkpt lat="50.086709" lon="14.437695"></trkpt>
    <trkpt lat="50.086743" lon="14.437685"></trkpt>
    <trkpt lat="50.086767" lon="14.437684"></trkpt>
    <trkpt lat="50.086791" lon="14.437687"></trkpt>
    <trkpt lat="50.087050" lon="14.437773"></trkpt>
    <trkpt lat="50.087203" lon="14.437808"></trkpt>
    <trkpt lat="50.087350" lon="14.437837"></trkpt>
    <trkpt lat="50.087566" lon="14.437872"></trkpt>
    <trkpt lat="50.087822" lon="14.437917"></trkpt>
    <trkpt lat="50.087968" lon="14.437934"></trkpt>
    <trkpt lat="50.088051" lon="14.437941"></trkpt>
    <trkpt lat="50.088145" lon="14.437943"></trkpt>
    <trkpt lat="50.088289" lon="14.437935"></trkpt>
    <trkpt lat="50.088488" lon="14.437897"></trkpt>
    <trkpt lat="50.088770" lon="14.437819"></trkpt>
    <trkpt lat="50.088950" lon="14.437823"></trkpt>
    <trkpt lat="50.089524" lon="14.437823"></trkpt>
    <trkpt lat="50.089936" lon="14.437808"></trkpt>
    <trkpt lat="50.090312" lon="14.437787"></trkpt>
    <trkpt lat="50.090628" lon="14.437761"></trkpt>
    <trkpt lat="50.090939" lon="14.437731"></trkpt>
    <trkpt lat="50.091227" lon="14.437696"></trkpt>
    <trkpt lat="50.091342" lon="14.437681"></trkpt>
    <trkpt lat="50.091999" lon="14.437576"></trkpt>
    <trkpt lat="50.092132" lon="14.437559"></trkpt>
    <trkpt lat="50.092205" lon="14.437551"></trkpt>
    <trkpt lat="50.092349" lon="14.437542"></trkpt>
    <trkpt lat="50.092445" lon="14.437536"></trkpt>
    <trkpt lat="50.092524" lon="14.437530"></trkpt>
    <trkpt lat="50.092701" lon="14.437500"></trkpt>
    <trkpt lat="50.092984" lon="14.437436"></trkpt>
    <trkpt lat="50.093377" lon="14.437365"></trkpt>
    <trkpt lat="50.093672" lon="14.437309"></trkpt>
    <trkpt lat="50.093989" lon="14.437244"></trkpt>
    <trkpt lat="50.094024" lon="14.437237"></trkpt>
    <trkpt lat="50.094654" lon="14.437117"></trkpt>
    <trkpt lat="50.094884" lon="14.437089"></trkpt>
    <trkpt lat="50.094985" lon="14.437084"></trkpt>
    <trkpt lat="50.095022" lon="14.437086"></trkpt>
    <trkpt lat="50.095150" lon="14.437095"></trkpt>
    <trkpt lat="50.095283" lon="14.437121"></trkpt>
    <trkpt lat="50.095335" lon="14.437130"></trkpt>
    <trkpt lat="50.095493" lon="14.437136"></trkpt>
    <trkpt lat="50.095616" lon="14.437108"></trkpt>
    <trkpt lat="50.095678" lon="14.437108"></trkpt>
    <trkpt lat="50.096531" lon="14.437153"></trkpt>
    <trkpt lat="50.097028" lon="14.437156"></trkpt>
    <trkpt lat="50.097313" lon="14.437175"></trkpt>
    <trkpt lat="50.097464" lon="14.437222"></trkpt>
    <trkpt lat="50.097504" lon="14.437241"></trkpt>
    <trkpt lat="50.097546" lon="14.437265"></trkpt>
    <trkpt lat="50.097577" lon="14.437294"></trkpt>
    <trkpt lat="50.097613" lon="14.437337"></trkpt>
    <trkpt lat="50.097646" lon="14.437393"></trkpt>
    <trkpt lat="50.097667" lon="14.437437"></trkpt>
    <trkpt lat="50.097696" lon="14.437508"></trkpt>
    <trkpt lat="50.097729" lon="14.437612"></trkpt>
    <trkpt lat="50.097769" lon="14.437777"></trkpt>
    <trkpt lat="50.097804" lon="14.437919"></trkpt>
    <trkpt lat="50.097910" lon="14.438337"></trkpt>
    <trkpt lat="50.098085" lon="14.439025"></trkpt>
    <trkpt lat="50.098150" lon="14.439281"></trkpt>
    <trkpt lat="50.098179" lon="14.439400"></trkpt>
    <trkpt lat="50.098221" lon="14.439582"></trkpt>
    <trkpt lat="50.098246" lon="14.439712"></trkpt>
    <trkpt lat="50.098270" lon="14.439856"></trkpt>
    <trkpt lat="50.098295" lon="14.440046"></trkpt>
    <trkpt lat="50.098315" lon="14.440221"></trkpt>
    <trkpt lat="50.098324" lon="14.440369"></trkpt>
    <trkpt lat="50.098328" lon="14.440501"></trkpt>
    <trkpt lat="50.098329" lon="14.440543"></trkpt>
    <trkpt lat="50.098343" lon="14.441076"></trkpt>
    <trkpt lat="50.098348" lon="14.441478"></trkpt>
    <trkpt lat="50.098341" lon="14.442183"></trkpt>
    <trkpt lat="50.098338" lon="14.442459"></trkpt>
    <trkpt lat="50.098340" lon="14.442674"></trkpt>
    <trkpt lat="50.098344" lon="14.442763"></trkpt>
    <trkpt lat="50.098350" lon="14.442805"></trkpt>
    <trkpt lat="50.098360" lon="14.442856"></trkpt>
    <trkpt lat="50.098380" lon="14.442912"></trkpt>
    <trkpt lat="50.098403" lon="14.442962"></trkpt>
    <trkpt lat="50.098437" lon="14.443025"></trkpt>
    <trkpt lat="50.098476" lon="14.443087"></trkpt>
    <trkpt lat="50.098510" lon="14.443128"></trkpt>
    <trkpt lat="50.098564" lon="14.443168"></trkpt>
    <trkpt lat="50.098615" lon="14.443184"></trkpt>
    <trkpt lat="50.098659" lon="14.443188"></trkpt>
    <trkpt lat="50.098719" lon="14.443192"></trkpt>
    <trkpt lat="50.098841" lon="14.443193"></trkpt>
    <trkpt lat="50.099137" lon="14.443194"></trkpt>
    <trkpt lat="50.099292" lon="14.443200"></trkpt>
    <trkpt lat="50.099719" lon="14.443210"></trkpt>
    <trkpt lat="50.100023" lon="14.443221"></trkpt>
    <trkpt lat="50.100305" lon="14.443230"></trkpt>
    <trkpt lat="50.100710" lon="14.443241"></trkpt>
    <trkpt lat="50.100733" lon="14.443242"></trkpt>
    <trkpt lat="50.100774" lon="14.443245"></trkpt>
    <trkpt lat="50.100863" lon="14.443249"></trkpt>
    <trkpt lat="50.100932" lon="14.443251"></trkpt>
    <trkpt lat="50.101757" lon="14.443277"></trkpt>
    <trkpt lat="50.102378" lon="14.443287"></trkpt>
    <trkpt lat="50.102865" lon="14.443304"></trkpt>
    <trkpt lat="50.102897" lon="14.443302"></trkpt>
    <trkpt lat="50.102927" lon="14.443302"></trkpt>
    <trkpt lat="50.103061" lon="14.443302"></trkpt>
    <trkpt lat="50.103159" lon="14.443302"></trkpt>
    <trkpt lat="50.103774" lon="14.443311"></trkpt>
    <trkpt lat="50.104071" lon="14.443315"></trkpt>
    <trkpt lat="50.104988" lon="14.443337"></trkpt>
    <trkpt lat="50.106710" lon="14.443401"></trkpt>
    <trkpt lat="50.106823" lon="14.443408"></trkpt>
    <trkpt lat="50.106935" lon="14.443412"></trkpt>
    <trkpt lat="50.107171" lon="14.443421"></trkpt>
    <trkpt lat="50.107468" lon="14.443431"></trkpt>
    <trkpt lat="50.107508" lon="14.443435"></trkpt>
    <trkpt lat="50.107560" lon="14.443440"></trkpt>
    <trkpt lat="50.107609" lon="14.443449"></trkpt>
    <trkpt lat="50.107714" lon="14.443470"></trkpt>
    <trkpt lat="50.107835" lon="14.443521"></trkpt>
    <trkpt lat="50.107861" lon="14.443532"></trkpt>
    <trkpt lat="50.107882" lon="14.443542"></trkpt>
    <trkpt lat="50.107924" lon="14.443568"></trkpt>
    <trkpt lat="50.107987" lon="14.443609"></trkpt>
    <trkpt lat="50.108030" lon="14.443634"></trkpt>
    <trkpt lat="50.108058" lon="14.443650"></trkpt>
    <trkpt lat="50.108088" lon="14.443669"></trkpt>
    <trkpt lat="50.108134" lon="14.443699"></trkpt>
    <trkpt lat="50.108257" lon="14.443773"></trkpt>
    <trkpt lat="50.108425" lon="14.443869"></trkpt>
    <trkpt lat="50.108746" lon="14.444053"></trkpt>
    <trkpt lat="50.109288" lon="14.444364"></trkpt>
    <trkpt lat="50.109771" lon="14.444640"></trkpt>
    <trkpt lat="50.110184" lon="14.444854"></trkpt>
    <trkpt lat="50.110249" lon="14.444886"></trkpt>
    <trkpt lat="50.110378" lon="14.444937"></trkpt>
    <trkpt lat="50.110553" lon="14.445017"></trkpt>
    <trkpt lat="50.110779" lon="14.445111"></trkpt>
    <trkpt lat="50.111019" lon="14.445183"></trkpt>
    <trkpt lat="50.111118" lon="14.445208"></trkpt>
    <trkpt lat="50.111334" lon="14.445247"></trkpt>
    <trkpt lat="50.111577" lon="14.445274"></trkpt>
    <trkpt lat="50.111770" lon="14.445291"></trkpt>
    <trkpt lat="50.112132" lon="14.445307"></trkpt>
    <trkpt lat="50.112199" lon="14.445310"></trkpt>
    <trkpt lat="50.112894" lon="14.445359"></trkpt>
    <trkpt lat="50.113290" lon="14.445384"></trkpt>
    <trkpt lat="50.113532" lon="14.445397"></trkpt>
    <trkpt lat="50.113715" lon="14.445423"></trkpt>
    <trkpt lat="50.113873" lon="14.445455"></trkpt>
    <trkpt lat="50.114071" lon="14.445507"></trkpt>
    <trkpt lat="50.114195" lon="14.445538"></trkpt>
    <trkpt lat="50.114322" lon="14.445587"></trkpt>
    <trkpt lat="50.114431" lon="14.445635"></trkpt>
    <trkpt lat="50.114566" lon="14.445700"></trkpt>
    <trkpt lat="50.114707" lon="14.445784"></trkpt>
    <trkpt lat="50.114856" lon="14.445883"></trkpt>
    <trkpt lat="50.114972" lon="14.445966"></trkpt>
    <trkpt lat="50.115069" lon="14.446046"></trkpt>
    <trkpt lat="50.115197" lon="14.446156"></trkpt>
    <trkpt lat="50.115262" lon="14.446218"></trkpt>
    <trkpt lat="50.115334" lon="14.446296"></trkpt>
    <trkpt lat="50.115400" lon="14.446371"></trkpt>
    <trkpt lat="50.115457" lon="14.446444"></trkpt>
    <trkpt lat="50.115514" lon="14.446522"></trkpt>
    <trkpt lat="50.115595" lon="14.446638"></trkpt>
    <trkpt lat="50.115681" lon="14.446766"></trkpt>
    <trkpt lat="50.115749" lon="14.446875"></trkpt>
    <trkpt lat="50.115815" lon="14.446992"></trkpt>
    <trkpt lat="50.115877" lon="14.447109"></trkpt>
    <trkpt lat="50.115946" lon="14.447251"></trkpt>
    <trkpt lat="50.115996" lon="14.447360"></trkpt>
    <trkpt lat="50.116045" lon="14.447474"></trkpt>
    <trkpt lat="50.116105" lon="14.447628"></trkpt>
    <trkpt lat="50.116197" lon="14.447899"></trkpt>
    <trkpt lat="50.116285" lon="14.448158"></trkpt>
    <trkpt lat="50.116367" lon="14.448409"></trkpt>
    <trkpt lat="50.116431" lon="14.448616"></trkpt>
    <trkpt lat="50.116718" lon="14.449550"></trkpt>
    <trkpt lat="50.116879" lon="14.450086"></trkpt>
    <trkpt lat="50.117024" lon="14.450579"></trkpt>
    <trkpt lat="50.117118" lon="14.450888"></trkpt>
    <trkpt lat="50.117237" lon="14.451297"></trkpt>
    <trkpt lat="50.117317" lon="14.451605"></trkpt>
    <trkpt lat="50.117406" lon="14.451929"></trkpt>
    <trkpt lat="50.117425" lon="14.452011"></trkpt>
    <trkpt lat="50.117507" lon="14.452350"></trkpt>
    <trkpt lat="50.117568" lon="14.452664"></trkpt>
    <trkpt lat="50.117611" lon="14.452933"></trkpt>
    <trkpt lat="50.117651" lon="14.453246"></trkpt>
    <trkpt lat="50.117677" lon="14.453514"></trkpt>
    <trkpt lat="50.117710" lon="14.453925"></trkpt>
    <trkpt lat="50.117727" lon="14.454225"></trkpt>
    <trkpt lat="50.117738" lon="14.454622"></trkpt>
    <trkpt lat="50.117730" lon="14.455116"></trkpt>
    <trkpt lat="50.117699" lon="14.455529"></trkpt>
    <trkpt lat="50.117635" lon="14.455952"></trkpt>
    <trkpt lat="50.117561" lon="14.456312"></trkpt>
    <trkpt lat="50.117500" lon="14.456579"></trkpt>
    <trkpt lat="50.117410" lon="14.456976"></trkpt>
    <trkpt lat="50.117361" lon="14.457215"></trkpt>
    <trkpt lat="50.117326" lon="14.457407"></trkpt>
    <trkpt lat="50.117310" lon="14.457532"></trkpt>
    <trkpt lat="50.117291" lon="14.457734"></trkpt>
    <trkpt lat="50.117282" lon="14.457953"></trkpt>
    <trkpt lat="50.117285" lon="14.458204"></trkpt>
    <trkpt lat="50.117296" lon="14.458379"></trkpt>
    <trkpt lat="50.117317" lon="14.458592"></trkpt>
    <trkpt lat="50.117350" lon="14.458790"></trkpt>
    <trkpt lat="50.117387" lon="14.458984"></trkpt>
    <trkpt lat="50.117544" lon="14.459675"></trkpt>
    <trkpt lat="50.117598" lon="14.459943"></trkpt>
    <trkpt lat="50.117638" lon="14.460205"></trkpt>
    <trkpt lat="50.117672" lon="14.460509"></trkpt>
    <trkpt lat="50.117694" lon="14.460914"></trkpt>
    <trkpt lat="50.117698" lon="14.461142"></trkpt>
    <trkpt lat="50.117700" lon="14.461516"></trkpt>
    <trkpt lat="50.117705" lon="14.462229"></trkpt>
    <trkpt lat="50.117697" lon="14.462690"></trkpt>
    <trkpt lat="50.117671" lon="14.463382"></trkpt>
    <trkpt lat="50.117640" lon="14.464225"></trkpt>
    <trkpt lat="50.117613" lon="14.464931"></trkpt>
    <trkpt lat="50.117592" lon="14.465451"></trkpt>
    <trkpt lat="50.117581" lon="14.466014"></trkpt>
    <trkpt lat="50.117589" lon="14.466380"></trkpt>
    <trkpt lat="50.117600" lon="14.466616"></trkpt>
    <trkpt lat="50.117620" lon="14.466969"></trkpt>
    <trkpt lat="50.117644" lon="14.467279"></trkpt>
    <trkpt lat="50.117674" lon="14.467553"></trkpt>
    <trkpt lat="50.117698" lon="14.467782"></trkpt>
    <trkpt lat="50.117734" lon="14.468055"></trkpt>
    <trkpt lat="50.117782" lon="14.468361"></trkpt>
    <trkpt lat="50.117830" lon="14.468627"></trkpt>
    <trkpt lat="50.117872" lon="14.468835"></trkpt>
    <trkpt lat="50.117918" lon="14.469042"></trkpt>
    <trkpt lat="50.117966" lon="14.469247"></trkpt>
    <trkpt lat="50.118018" lon="14.469450"></trkpt>
    <trkpt lat="50.118120" lon="14.469812"></trkpt>
    <trkpt lat="50.118218" lon="14.470140"></trkpt>
    <trkpt lat="50.118327" lon="14.470456"></trkpt>
    <trkpt lat="50.118432" lon="14.470743"></trkpt>
    <trkpt lat="50.118573" lon="14.471103"></trkpt>
    <trkpt lat="50.118742" lon="14.471514"></trkpt>
    <trkpt lat="50.118997" lon="14.472049"></trkpt>
    <trkpt lat="50.119151" lon="14.472333"></trkpt>
    <trkpt lat="50.119291" lon="14.472581"></trkpt>
    <trkpt lat="50.119702" lon="14.473294"></trkpt>
    <trkpt lat="50.120136" lon="14.474004"></trkpt>
    <trkpt lat="50.120316" lon="14.474287"></trkpt>
    <trkpt lat="50.120796" lon="14.475023"></trkpt>
    <trkpt lat="50.121549" lon="14.476131"></trkpt>
    <trkpt lat="50.121688" lon="14.476323"></trkpt>
    <trkpt lat="50.122862" lon="14.477959"></trkpt>
    <trkpt lat="50.127048" lon="14.483794"></trkpt>
    <trkpt lat="50.127426" lon="14.484320"></trkpt>
    <trkpt lat="50.128326" lon="14.485572"></trkpt>
    <trkpt lat="50.128847" lon="14.486283"></trkpt>
    <trkpt lat="50.129515" lon="14.487193"></trkpt>
    <trkpt lat="50.130023" lon="14.487842"></trkpt>
    <trkpt lat="50.130375" lon="14.488273"></trkpt>
    <trkpt lat="50.130760" lon="14.488710"></trkpt>
    <trkpt lat="50.130933" lon="14.488910"></trkpt>
    <trkpt lat="50.131164" lon="14.489155"></trkpt>
    <trkpt lat="50.131516" lon="14.489526"></trkpt>
    <trkpt lat="50.131684" lon="14.489699"></trkpt>
    <trkpt lat="50.132217" lon="14.490211"></trkpt>
    <trkpt lat="50.132483" lon="14.490456"></trkpt>
    <trkpt lat="50.132977" lon="14.490894"></trkpt>
    <trkpt lat="50.133508" lon="14.491320"></trkpt>
    <trkpt lat="50.133982" lon="14.491686"></trkpt>
    <trkpt lat="50.134622" lon="14.492139"></trkpt>
    <trkpt lat="50.135271" lon="14.492551"></trkpt>
    <trkpt lat="50.135775" lon="14.492837"></trkpt>
    <trkpt lat="50.136352" lon="14.493149"></trkpt>
    <trkpt lat="50.136843" lon="14.493388"></trkpt>
    <trkpt lat="50.137234" lon="14.493571"></trkpt>
    <trkpt lat="50.137894" lon="14.493832"></trkpt>
    <trkpt lat="50.138573" lon="14.494063"></trkpt>
    <trkpt lat="50.138910" lon="14.494165"></trkpt>
    <trkpt lat="50.139418" lon="14.494306"></trkpt>
    <trkpt lat="50.139950" lon="14.494455"></trkpt>
    <trkpt lat="50.140521" lon="14.494563"></trkpt>
    <trkpt lat="50.140960" lon="14.494621"></trkpt>
    <trkpt lat="50.141447" lon="14.494674"></trkpt>
    <trkpt lat="50.141871" lon="14.494710"></trkpt>
    <trkpt lat="50.142449" lon="14.494735"></trkpt>
    <trkpt lat="50.143075" lon="14.494726"></trkpt>
    <trkpt lat="50.143709" lon="14.494690"></trkpt>
    <trkpt lat="50.144433" lon="14.494612"></trkpt>
    <trkpt lat="50.144816" lon="14.494557"></trkpt>
    <trkpt lat="50.145069" lon="14.494515"></trkpt>
    <trkpt lat="50.145922" lon="14.494322"></trkpt>
    <trkpt lat="50.146673" lon="14.494109"></trkpt>
    <trkpt lat="50.147050" lon="14.493980"></trkpt>
    <trkpt lat="50.147411" lon="14.493853"></trkpt>
    <trkpt lat="50.147738" lon="14.493725"></trkpt>
    <trkpt lat="50.147919" lon="14.493648"></trkpt>
    <trkpt lat="50.148076" lon="14.493582"></trkpt>
    <trkpt lat="50.148250" lon="14.493508"></trkpt>
    <trkpt lat="50.148762" lon="14.493266"></trkpt>
    <trkpt lat="50.149173" lon="14.493054"></trkpt>
    <trkpt lat="50.149809" lon="14.492707"></trkpt>
    <trkpt lat="50.150146" lon="14.492502"></trkpt>
    <trkpt lat="50.150615" lon="14.492192"></trkpt>
    <trkpt lat="50.150990" lon="14.491945"></trkpt>
    <trkpt lat="50.151146" lon="14.491834"></trkpt>
    <trkpt lat="50.151722" lon="14.491401"></trkpt>
    <trkpt lat="50.152438" lon="14.490815"></trkpt>
    <trkpt lat="50.152611" lon="14.490666"></trkpt>
    <trkpt lat="50.152843" lon="14.490466"></trkpt>
    <trkpt lat="50.153352" lon="14.489989"></trkpt>
    <trkpt lat="50.154097" lon="14.489238"></trkpt>
    <trkpt lat="50.154450" lon="14.488839"></trkpt>
    <trkpt lat="50.154778" lon="14.488459"></trkpt>
    <trkpt lat="50.155150" lon="14.488017"></trkpt>
    <trkpt lat="50.155655" lon="14.487371"></trkpt>
    <trkpt lat="50.156230" lon="14.486606"></trkpt>
    <trkpt lat="50.156574" lon="14.486132"></trkpt>
    <trkpt lat="50.156922" lon="14.485634"></trkpt>
    <trkpt lat="50.157221" lon="14.485174"></trkpt>
    <trkpt lat="50.157538" lon="14.484678"></trkpt>
    <trkpt lat="50.157679" lon="14.484453"></trkpt>
    <trkpt lat="50.157880" lon="14.484132"></trkpt>
    <trkpt lat="50.158341" lon="14.483361"></trkpt>
    <trkpt lat="50.158614" lon="14.482896"></trkpt>
    <trkpt lat="50.159104" lon="14.482019"></trkpt>
    <trkpt lat="50.159736" lon="14.480860"></trkpt>
    <trkpt lat="50.160214" lon="14.479936"></trkpt>
    <trkpt lat="50.160339" lon="14.479691"></trkpt>
    <trkpt lat="50.160754" lon="14.478840"></trkpt>
    <trkpt lat="50.161597" lon="14.477094"></trkpt>
    <trkpt lat="50.162143" lon="14.475919"></trkpt>
    <trkpt lat="50.162559" lon="14.475022"></trkpt>
    <trkpt lat="50.162696" lon="14.474719"></trkpt>
    <trkpt lat="50.162926" lon="14.474215"></trkpt>
    <trkpt lat="50.164276" lon="14.471267"></trkpt>
    <trkpt lat="50.165031" lon="14.469644"></trkpt>
    <trkpt lat="50.165710" lon="14.468218"></trkpt>
    <trkpt lat="50.166354" lon="14.466907"></trkpt>
    <trkpt lat="50.167044" lon="14.465557"></trkpt>
    <trkpt lat="50.167207" lon="14.465248"></trkpt>
    <trkpt lat="50.167488" lon="14.464739"></trkpt>
    <trkpt lat="50.168057" lon="14.463707"></trkpt>
    <trkpt lat="50.168604" lon="14.462764"></trkpt>
    <trkpt lat="50.169022" lon="14.462068"></trkpt>
    <trkpt lat="50.169198" lon="14.461779"></trkpt>
    <trkpt lat="50.169418" lon="14.461434"></trkpt>
    <trkpt lat="50.170228" lon="14.460175"></trkpt>
    <trkpt lat="50.170605" lon="14.459612"></trkpt>
    <trkpt lat="50.171187" lon="14.458760"></trkpt>
    <trkpt lat="50.172582" lon="14.456914"></trkpt>
    <trkpt lat="50.173535" lon="14.455692"></trkpt>
    <trkpt lat="50.174144" lon="14.454974"></trkpt>
    <trkpt lat="50.174765" lon="14.454264"></trkpt>
    <trkpt lat="50.175044" lon="14.453951"></trkpt>
    <trkpt lat="50.175317" lon="14.453659"></trkpt>
    <trkpt lat="50.175449" lon="14.453519"></trkpt>
    <trkpt lat="50.175618" lon="14.453341"></trkpt>
    <trkpt lat="50.176110" lon="14.452822"></trkpt>
    <trkpt lat="50.176723" lon="14.452210"></trkpt>
    <trkpt lat="50.177578" lon="14.451389"></trkpt>
    <trkpt lat="50.178543" lon="14.450522"></trkpt>
    <trkpt lat="50.179478" lon="14.449726"></trkpt>
    <trkpt lat="50.180660" lon="14.448789"></trkpt>
    <trkpt lat="50.181269" lon="14.448340"></trkpt>
    <trkpt lat="50.181816" lon="14.447954"></trkpt>
    <trkpt lat="50.182575" lon="14.447432"></trkpt>
    <trkpt lat="50.183372" lon="14.446924"></trkpt>
    <trkpt lat="50.184149" lon="14.446448"></trkpt>
    <trkpt lat="50.184952" lon="14.445991"></trkpt>
    <trkpt lat="50.186612" lon="14.445127"></trkpt>
    <trkpt lat="50.188307" lon="14.444328"></trkpt>
    <trkpt lat="50.190138" lon="14.443536"></trkpt>
    <trkpt lat="50.191972" lon="14.442791"></trkpt>
    <trkpt lat="50.196696" lon="14.440903"></trkpt>
    <trkpt lat="50.197908" lon="14.440379"></trkpt>
    <trkpt lat="50.198685" lon="14.440036"></trkpt>
    <trkpt lat="50.200669" lon="14.439090"></trkpt>
    <trkpt lat="50.202657" lon="14.438007"></trkpt>
    <trkpt lat="50.203972" lon="14.437210"></trkpt>
    <trkpt lat="50.204579" lon="14.436813"></trkpt>
    <trkpt lat="50.205010" lon="14.436515"></trkpt>
    <trkpt lat="50.205232" lon="14.436356"></trkpt>
    <trkpt lat="50.205813" lon="14.435937"></trkpt>
    <trkpt lat="50.206597" lon="14.435345"></trkpt>
    <trkpt lat="50.207786" lon="14.434375"></trkpt>
    <trkpt lat="50.208577" lon="14.433703"></trkpt>
    <trkpt lat="50.209111" lon="14.433213"></trkpt>
    <trkpt lat="50.209354" lon="14.432989"></trkpt>
    <trkpt lat="50.210329" lon="14.432054"></trkpt>
    <trkpt lat="50.210594" lon="14.431784"></trkpt>
    <trkpt lat="50.211803" lon="14.430527"></trkpt>
    <trkpt lat="50.212116" lon="14.430168"></trkpt>
    <trkpt lat="50.212160" lon="14.430122"></trkpt>
    <trkpt lat="50.213093" lon="14.429051"></trkpt>
    <trkpt lat="50.214425" lon="14.427392"></trkpt>
    <trkpt lat="50.215148" lon="14.426437"></trkpt>
    <trkpt lat="50.215865" lon="14.425445"></trkpt>
    <trkpt lat="50.216615" lon="14.424346"></trkpt>
    <trkpt lat="50.217374" lon="14.423171"></trkpt>
    <trkpt lat="50.218227" lon="14.421790"></trkpt>
    <trkpt lat="50.219058" lon="14.420340"></trkpt>
    <trkpt lat="50.220095" lon="14.418403"></trkpt>
    <trkpt lat="50.220597" lon="14.417408"></trkpt>
    <trkpt lat="50.221089" lon="14.416391"></trkpt>
    <trkpt lat="50.222120" lon="14.414124"></trkpt>
    <trkpt lat="50.223123" lon="14.411821"></trkpt>
    <trkpt lat="50.224160" lon="14.409471"></trkpt>
    <trkpt lat="50.224649" lon="14.408389"></trkpt>
    <trkpt lat="50.225289" lon="14.407074"></trkpt>
    <trkpt lat="50.225961" lon="14.405794"></trkpt>
    <trkpt lat="50.226884" lon="14.404150"></trkpt>
    <trkpt lat="50.227085" lon="14.403816"></trkpt>
    <trkpt lat="50.227747" lon="14.402749"></trkpt>
    <trkpt lat="50.228608" lon="14.401449"></trkpt>
    <trkpt lat="50.229044" lon="14.400825"></trkpt>
    <trkpt lat="50.229469" lon="14.400232"></trkpt>
    <trkpt lat="50.230968" lon="14.398251"></trkpt>
    <trkpt lat="50.232470" lon="14.396295"></trkpt>
    <trkpt lat="50.233890" lon="14.394332"></trkpt>
    <trkpt lat="50.234539" lon="14.393371"></trkpt>
    <trkpt lat="50.235192" lon="14.392380"></trkpt>
    <trkpt lat="50.236067" lon="14.390955"></trkpt>
    <trkpt lat="50.236931" lon="14.389460"></trkpt>
    <trkpt lat="50.237435" lon="14.388557"></trkpt>
    <trkpt lat="50.237923" lon="14.387651"></trkpt>
    <trkpt lat="50.238551" lon="14.386475"></trkpt>
    <trkpt lat="50.239710" lon="14.384306"></trkpt>
    <trkpt lat="50.240315" lon="14.383235"></trkpt>
    <trkpt lat="50.240952" lon="14.382168"></trkpt>
    <trkpt lat="50.241803" lon="14.380864"></trkpt>
    <trkpt lat="50.242239" lon="14.380234"></trkpt>
    <trkpt lat="50.242466" lon="14.379933"></trkpt>
    <trkpt lat="50.242706" lon="14.379602"></trkpt>
    <trkpt lat="50.243150" lon="14.379026"></trkpt>
    <trkpt lat="50.243643" lon="14.378412"></trkpt>
    <trkpt lat="50.244196" lon="14.377766"></trkpt>
    <trkpt lat="50.244898" lon="14.376998"></trkpt>
    <trkpt lat="50.245583" lon="14.376302"></trkpt>
    <trkpt lat="50.246150" lon="14.375765"></trkpt>
    <trkpt lat="50.246731" lon="14.375240"></trkpt>
    <trkpt lat="50.247035" lon="14.374980"></trkpt>
    <trkpt lat="50.247684" lon="14.374451"></trkpt>
    <trkpt lat="50.248204" lon="14.374050"></trkpt>
    <trkpt lat="50.248683" lon="14.373699"></trkpt>
    <trkpt lat="50.249357" lon="14.373248"></trkpt>
    <trkpt lat="50.249733" lon="14.373011"></trkpt>
    <trkpt lat="50.250081" lon="14.372800"></trkpt>
    <trkpt lat="50.250974" lon="14.372312"></trkpt>
    <trkpt lat="50.251201" lon="14.372188"></trkpt>
    <trkpt lat="50.252046" lon="14.371782"></trkpt>
    <trkpt lat="50.252905" lon="14.371423"></trkpt>
    <trkpt lat="50.253688" lon="14.371133"></trkpt>
    <trkpt lat="50.254479" lon="14.370880"></trkpt>
    <trkpt lat="50.255379" lon="14.370658"></trkpt>
    <trkpt lat="50.256311" lon="14.370469"></trkpt>
    <trkpt lat="50.257135" lon="14.370327"></trkpt>
    <trkpt lat="50.258136" lon="14.370124"></trkpt>
    <trkpt lat="50.259137" lon="14.369886"></trkpt>
    <trkpt lat="50.259891" lon="14.369619"></trkpt>
    <trkpt lat="50.260651" lon="14.369307"></trkpt>
    <trkpt lat="50.261061" lon="14.369102"></trkpt>
    <trkpt lat="50.261477" lon="14.368884"></trkpt>
    <trkpt lat="50.261896" lon="14.368640"></trkpt>
    <trkpt lat="50.262305" lon="14.368381"></trkpt>
    <trkpt lat="50.262960" lon="14.367923"></trkpt>
    <trkpt lat="50.263605" lon="14.367415"></trkpt>
    <trkpt lat="50.264312" lon="14.366792"></trkpt>
    <trkpt lat="50.265008" lon="14.366102"></trkpt>
    <trkpt lat="50.265748" lon="14.365271"></trkpt>
    <trkpt lat="50.266484" lon="14.364383"></trkpt>
    <trkpt lat="50.267930" lon="14.362590"></trkpt>
    <trkpt lat="50.268850" lon="14.361524"></trkpt>
    <trkpt lat="50.269780" lon="14.360504"></trkpt>
    <trkpt lat="50.270684" lon="14.359592"></trkpt>
    <trkpt lat="50.271627" lon="14.358711"></trkpt>
    <trkpt lat="50.272208" lon="14.358202"></trkpt>
    <trkpt lat="50.272807" lon="14.357716"></trkpt>
    <trkpt lat="50.273404" lon="14.357244"></trkpt>
    <trkpt lat="50.274032" lon="14.356771"></trkpt>
    <trkpt lat="50.275016" lon="14.356080"></trkpt>
    <trkpt lat="50.276030" lon="14.355433"></trkpt>
    <trkpt lat="50.277174" lon="14.354788"></trkpt>
    <trkpt lat="50.277743" lon="14.354492"></trkpt>
    <trkpt lat="50.278293" lon="14.354228"></trkpt>
    <trkpt lat="50.279224" lon="14.353821"></trkpt>
    <trkpt lat="50.279692" lon="14.353627"></trkpt>
    <trkpt lat="50.280170" lon="14.353455"></trkpt>
    <trkpt lat="50.280955" lon="14.353184"></trkpt>
    <trkpt lat="50.281745" lon="14.352958"></trkpt>
    <trkpt lat="50.284994" lon="14.352142"></trkpt>
    <trkpt lat="50.286083" lon="14.351828"></trkpt>
    <trkpt lat="50.287152" lon="14.351445"></trkpt>
    <trkpt lat="50.288027" lon="14.351053"></trkpt>
    <trkpt lat="50.288899" lon="14.350616"></trkpt>
    <trkpt lat="50.289875" lon="14.350044"></trkpt>
    <trkpt lat="50.290900" lon="14.349368"></trkpt>
    <trkpt lat="50.292270" lon="14.348307"></trkpt>
    <trkpt lat="50.293117" lon="14.347546"></trkpt>
    <trkpt lat="50.293907" lon="14.346772"></trkpt>
    <trkpt lat="50.294931" lon="14.345655"></trkpt>
    <trkpt lat="50.295421" lon="14.345064"></trkpt>
    <trkpt lat="50.295911" lon="14.344456"></trkpt>
    <trkpt lat="50.296676" lon="14.343426"></trkpt>
    <trkpt lat="50.296910" lon="14.343092"></trkpt>
    <trkpt lat="50.297136" lon="14.342750"></trkpt>
    <trkpt lat="50.297386" lon="14.342369"></trkpt>
    <trkpt lat="50.297678" lon="14.341912"></trkpt>
    <trkpt lat="50.297978" lon="14.341424"></trkpt>
    <trkpt lat="50.298241" lon="14.340969"></trkpt>
    <trkpt lat="50.298526" lon="14.340467"></trkpt>
    <trkpt lat="50.298811" lon="14.339950"></trkpt>
    <trkpt lat="50.299013" lon="14.339568"></trkpt>
    <trkpt lat="50.299437" lon="14.338722"></trkpt>
    <trkpt lat="50.299895" lon="14.337757"></trkpt>
    <trkpt lat="50.302671" lon="14.331504"></trkpt>
    <trkpt lat="50.303061" lon="14.330625"></trkpt>
    <trkpt lat="50.303444" lon="14.329757"></trkpt>
    <trkpt lat="50.306106" lon="14.323726"></trkpt>
    <trkpt lat="50.306705" lon="14.322372"></trkpt>
    <trkpt lat="50.307053" lon="14.321624"></trkpt>
    <trkpt lat="50.307148" lon="14.321419"></trkpt>
    <trkpt lat="50.307306" lon="14.321099"></trkpt>
    <trkpt lat="50.307608" lon="14.320523"></trkpt>
    <trkpt lat="50.308007" lon="14.319787"></trkpt>
    <trkpt lat="50.308348" lon="14.319245"></trkpt>
    <trkpt lat="50.308746" lon="14.318639"></trkpt>
    <trkpt lat="50.308994" lon="14.318286"></trkpt>
    <trkpt lat="50.309141" lon="14.318090"></trkpt>
    <trkpt lat="50.309655" lon="14.317429"></trkpt>
    <trkpt lat="50.310193" lon="14.316802"></trkpt>
    <trkpt lat="50.310876" lon="14.316106"></trkpt>
    <trkpt lat="50.311512" lon="14.315536"></trkpt>
    <trkpt lat="50.311916" lon="14.315211"></trkpt>
    <trkpt lat="50.312519" lon="14.314757"></trkpt>
    <trkpt lat="50.313386" lon="14.314173"></trkpt>
    <trkpt lat="50.313867" lon="14.313868"></trkpt>
    <trkpt lat="50.314842" lon="14.313226"></trkpt>
    <trkpt lat="50.315285" lon="14.312929"></trkpt>
    <trkpt lat="50.315700" lon="14.312643"></trkpt>
    <trkpt lat="50.316107" lon="14.312352"></trkpt>
    <trkpt lat="50.316555" lon="14.312007"></trkpt>
    <trkpt lat="50.317244" lon="14.311420"></trkpt>
    <trkpt lat="50.317614" lon="14.311094"></trkpt>
    <trkpt lat="50.317944" lon="14.310789"></trkpt>
    <trkpt lat="50.318653" lon="14.310104"></trkpt>
    <trkpt lat="50.319394" lon="14.309312"></trkpt>
    <trkpt lat="50.320034" lon="14.308571"></trkpt>
    <trkpt lat="50.320657" lon="14.307796"></trkpt>
    <trkpt lat="50.321378" lon="14.306829"></trkpt>
    <trkpt lat="50.322068" lon="14.305826"></trkpt>
    <trkpt lat="50.322878" lon="14.304530"></trkpt>
    <trkpt lat="50.323641" lon="14.303232"></trkpt>
    <trkpt lat="50.324430" lon="14.301781"></trkpt>
    <trkpt lat="50.325207" lon="14.300295"></trkpt>
    <trkpt lat="50.326765" lon="14.297292"></trkpt>
    <trkpt lat="50.328349" lon="14.294372"></trkpt>
    <trkpt lat="50.328960" lon="14.293341"></trkpt>
    <trkpt lat="50.329584" lon="14.292345"></trkpt>
    <trkpt lat="50.330034" lon="14.291657"></trkpt>
    <trkpt lat="50.330467" lon="14.291032"></trkpt>
    <trkpt lat="50.331424" lon="14.289731"></trkpt>
    <trkpt lat="50.332056" lon="14.288899"></trkpt>
    <trkpt lat="50.332699" lon="14.288113"></trkpt>
    <trkpt lat="50.333282" lon="14.287438"></trkpt>
    <trkpt lat="50.333860" lon="14.286806"></trkpt>
    <trkpt lat="50.334748" lon="14.285873"></trkpt>
    <trkpt lat="50.335683" lon="14.284970"></trkpt>
    <trkpt lat="50.336400" lon="14.284336"></trkpt>
    <trkpt lat="50.337096" lon="14.283749"></trkpt>
    <trkpt lat="50.338210" lon="14.282867"></trkpt>
    <trkpt lat="50.339395" lon="14.282021"></trkpt>
    <trkpt lat="50.340361" lon="14.281408"></trkpt>
    <trkpt lat="50.341368" lon="14.280828"></trkpt>
    <trkpt lat="50.342585" lon="14.280211"></trkpt>
    <trkpt lat="50.343862" lon="14.279637"></trkpt>
    <trkpt lat="50.345115" lon="14.279113"></trkpt>
    <trkpt lat="50.346386" lon="14.278608"></trkpt>
    <trkpt lat="50.348907" lon="14.277554"></trkpt>
    <trkpt lat="50.349549" lon="14.277247"></trkpt>
    <trkpt lat="50.350203" lon="14.276927"></trkpt>
    <trkpt lat="50.351508" lon="14.276190"></trkpt>
    <trkpt lat="50.352482" lon="14.275579"></trkpt>
    <trkpt lat="50.353431" lon="14.274936"></trkpt>
    <trkpt lat="50.354631" lon="14.274020"></trkpt>
    <trkpt lat="50.355818" lon="14.273025"></trkpt>
    <trkpt lat="50.356763" lon="14.272142"></trkpt>
    <trkpt lat="50.357709" lon="14.271208"></trkpt>
    <trkpt lat="50.358545" lon="14.270298"></trkpt>
    <trkpt lat="50.359375" lon="14.269344"></trkpt>
    <trkpt lat="50.359767" lon="14.268870"></trkpt>
    <trkpt lat="50.360284" lon="14.268213"></trkpt>
    <trkpt lat="50.360870" lon="14.267447"></trkpt>
    <trkpt lat="50.361707" lon="14.266277"></trkpt>
    <trkpt lat="50.362134" lon="14.265658"></trkpt>
    <trkpt lat="50.362362" lon="14.265325"></trkpt>
    <trkpt lat="50.362508" lon="14.265099"></trkpt>
    <trkpt lat="50.364313" lon="14.262347"></trkpt>
    <trkpt lat="50.364554" lon="14.261971"></trkpt>
    <trkpt lat="50.365542" lon="14.260488"></trkpt>
    <trkpt lat="50.366552" lon="14.259036"></trkpt>
    <trkpt lat="50.367167" lon="14.258208"></trkpt>
    <trkpt lat="50.367777" lon="14.257429"></trkpt>
    <trkpt lat="50.368485" lon="14.256567"></trkpt>
    <trkpt lat="50.369226" lon="14.255706"></trkpt>
    <trkpt lat="50.370023" lon="14.254835"></trkpt>
    <trkpt lat="50.370832" lon="14.253972"></trkpt>
    <trkpt lat="50.371301" lon="14.253500"></trkpt>
    <trkpt lat="50.371855" lon="14.252947"></trkpt>
    <trkpt lat="50.372409" lon="14.252417"></trkpt>
    <trkpt lat="50.373332" lon="14.251573"></trkpt>
    <trkpt lat="50.374271" lon="14.250752"></trkpt>
    <trkpt lat="50.376626" lon="14.248795"></trkpt>
    <trkpt lat="50.377795" lon="14.247847"></trkpt>
    <trkpt lat="50.378969" lon="14.246870"></trkpt>
    <trkpt lat="50.379858" lon="14.246107"></trkpt>
    <trkpt lat="50.380758" lon="14.245279"></trkpt>
    <trkpt lat="50.381579" lon="14.244468"></trkpt>
    <trkpt lat="50.382418" lon="14.243586"></trkpt>
    <trkpt lat="50.383337" lon="14.242533"></trkpt>
    <trkpt lat="50.384230" lon="14.241446"></trkpt>
    <trkpt lat="50.385410" lon="14.239894"></trkpt>
    <trkpt lat="50.386525" lon="14.238354"></trkpt>
    <trkpt lat="50.387941" lon="14.236378"></trkpt>
    <trkpt lat="50.388656" lon="14.235400"></trkpt>
    <trkpt lat="50.389404" lon="14.234406"></trkpt>
    <trkpt lat="50.390066" lon="14.233546"></trkpt>
    <trkpt lat="50.390427" lon="14.233076"></trkpt>
    <trkpt lat="50.391529" lon="14.231730"></trkpt>
    <trkpt lat="50.392480" lon="14.230638"></trkpt>
    <trkpt lat="50.392945" lon="14.230119"></trkpt>
    <trkpt lat="50.393573" lon="14.229446"></trkpt>
    <trkpt lat="50.394154" lon="14.228852"></trkpt>
    <trkpt lat="50.394566" lon="14.228427"></trkpt>
    <trkpt lat="50.395535" lon="14.227500"></trkpt>
    <trkpt lat="50.395817" lon="14.227241"></trkpt>
    <trkpt lat="50.396509" lon="14.226613"></trkpt>
    <trkpt lat="50.396793" lon="14.226354"></trkpt>
    <trkpt lat="50.397805" lon="14.225501"></trkpt>
    <trkpt lat="50.398700" lon="14.224792"></trkpt>
    <trkpt lat="50.399826" lon="14.223952"></trkpt>
    <trkpt lat="50.401006" lon="14.223116"></trkpt>
    <trkpt lat="50.401681" lon="14.222680"></trkpt>
    <trkpt lat="50.402700" lon="14.222021"></trkpt>
    <trkpt lat="50.404415" lon="14.220956"></trkpt>
    <trkpt lat="50.406151" lon="14.219887"></trkpt>
    <trkpt lat="50.407873" lon="14.218792"></trkpt>
    <trkpt lat="50.408921" lon="14.218087"></trkpt>
    <trkpt lat="50.409977" lon="14.217361"></trkpt>
    <trkpt lat="50.412049" lon="14.215820"></trkpt>
    <trkpt lat="50.413768" lon="14.214442"></trkpt>
    <trkpt lat="50.415459" lon="14.212990"></trkpt>
    <trkpt lat="50.416917" lon="14.211649"></trkpt>
    <trkpt lat="50.417880" lon="14.210723"></trkpt>
    <trkpt lat="50.418801" lon="14.209806"></trkpt>
    <trkpt lat="50.420319" lon="14.208224"></trkpt>
    <trkpt lat="50.421806" lon="14.206570"></trkpt>
    <trkpt lat="50.423397" lon="14.204704"></trkpt>
    <trkpt lat="50.424939" lon="14.202781"></trkpt>
    <trkpt lat="50.426138" lon="14.201201"></trkpt>
    <trkpt lat="50.426430" lon="14.200796"></trkpt>
    <trkpt lat="50.427231" lon="14.199693"></trkpt>
    <trkpt lat="50.428266" lon="14.198208"></trkpt>
    <trkpt lat="50.429288" lon="14.196671"></trkpt>
    <trkpt lat="50.430594" lon="14.194610"></trkpt>
    <trkpt lat="50.431480" lon="14.193139"></trkpt>
    <trkpt lat="50.431854" lon="14.192520"></trkpt>
    <trkpt lat="50.432588" lon="14.191225"></trkpt>
    <trkpt lat="50.433307" lon="14.189893"></trkpt>
    <trkpt lat="50.433912" lon="14.188719"></trkpt>
    <trkpt lat="50.434483" lon="14.187508"></trkpt>
    <trkpt lat="50.434923" lon="14.186543"></trkpt>
    <trkpt lat="50.435344" lon="14.185588"></trkpt>
    <trkpt lat="50.436119" lon="14.183661"></trkpt>
    <trkpt lat="50.436525" lon="14.182557"></trkpt>
    <trkpt lat="50.436916" lon="14.181455"></trkpt>
    <trkpt lat="50.437422" lon="14.179930"></trkpt>
    <trkpt lat="50.437574" lon="14.179452"></trkpt>
    <trkpt lat="50.437848" lon="14.178553"></trkpt>
    <trkpt lat="50.438243" lon="14.177157"></trkpt>
    <trkpt lat="50.438656" lon="14.175575"></trkpt>
    <trkpt lat="50.438938" lon="14.174398"></trkpt>
    <trkpt lat="50.439164" lon="14.173380"></trkpt>
    <trkpt lat="50.439376" lon="14.172366"></trkpt>
    <trkpt lat="50.439539" lon="14.171543"></trkpt>
    <trkpt lat="50.439797" lon="14.170103"></trkpt>
    <trkpt lat="50.439897" lon="14.169512"></trkpt>
    <trkpt lat="50.439960" lon="14.169135"></trkpt>
    <trkpt lat="50.440162" lon="14.167812"></trkpt>
    <trkpt lat="50.440237" lon="14.167286"></trkpt>
    <trkpt lat="50.440359" lon="14.166405"></trkpt>
    <trkpt lat="50.440492" lon="14.165378"></trkpt>
    <trkpt lat="50.440809" lon="14.162939"></trkpt>
    <trkpt lat="50.442361" lon="14.150949"></trkpt>
    <trkpt lat="50.442593" lon="14.149184"></trkpt>
    <trkpt lat="50.442771" lon="14.147798"></trkpt>
    <trkpt lat="50.443050" lon="14.145629"></trkpt>
    <trkpt lat="50.443302" lon="14.143813"></trkpt>
    <trkpt lat="50.443576" lon="14.142082"></trkpt>
    <trkpt lat="50.443976" lon="14.139901"></trkpt>
    <trkpt lat="50.444415" lon="14.137861"></trkpt>
    <trkpt lat="50.444947" lon="14.135700"></trkpt>
    <trkpt lat="50.445528" lon="14.133643"></trkpt>
    <trkpt lat="50.445935" lon="14.132327"></trkpt>
    <trkpt lat="50.446365" lon="14.131055"></trkpt>
    <trkpt lat="50.446966" lon="14.129385"></trkpt>
    <trkpt lat="50.447287" lon="14.128559"></trkpt>
    <trkpt lat="50.447613" lon="14.127760"></trkpt>
    <trkpt lat="50.448228" lon="14.126325"></trkpt>
    <trkpt lat="50.448867" lon="14.124951"></trkpt>
    <trkpt lat="50.449320" lon="14.124033"></trkpt>
    <trkpt lat="50.449794" lon="14.123113"></trkpt>
    <trkpt lat="50.450267" lon="14.122238"></trkpt>
    <trkpt lat="50.450787" lon="14.121341"></trkpt>
    <trkpt lat="50.451667" lon="14.119889"></trkpt>
    <trkpt lat="50.452587" lon="14.118500"></trkpt>
    <trkpt lat="50.453474" lon="14.117258"></trkpt>
    <trkpt lat="50.454411" lon="14.116033"></trkpt>
    <trkpt lat="50.455282" lon="14.114981"></trkpt>
    <trkpt lat="50.456205" lon="14.113952"></trkpt>
    <trkpt lat="50.457224" lon="14.112904"></trkpt>
    <trkpt lat="50.458255" lon="14.111929"></trkpt>
    <trkpt lat="50.458732" lon="14.111510"></trkpt>
    <trkpt lat="50.459223" lon="14.111090"></trkpt>
    <trkpt lat="50.460285" lon="14.110267"></trkpt>
    <trkpt lat="50.460923" lon="14.109773"></trkpt>
    <trkpt lat="50.461589" lon="14.109298"></trkpt>
    <trkpt lat="50.462967" lon="14.108332"></trkpt>
    <trkpt lat="50.464097" lon="14.107532"></trkpt>
    <trkpt lat="50.465243" lon="14.106623"></trkpt>
    <trkpt lat="50.466162" lon="14.105790"></trkpt>
    <trkpt lat="50.467009" lon="14.104907"></trkpt>
    <trkpt lat="50.467850" lon="14.103930"></trkpt>
    <trkpt lat="50.468660" lon="14.102855"></trkpt>
    <trkpt lat="50.469379" lon="14.101794"></trkpt>
    <trkpt lat="50.470057" lon="14.100666"></trkpt>
    <trkpt lat="50.470701" lon="14.099506"></trkpt>
    <trkpt lat="50.471304" lon="14.098308"></trkpt>
    <trkpt lat="50.472338" lon="14.096157"></trkpt>
    <trkpt lat="50.473326" lon="14.094137"></trkpt>
    <trkpt lat="50.474082" lon="14.092681"></trkpt>
    <trkpt lat="50.474855" lon="14.091269"></trkpt>
    <trkpt lat="50.475504" lon="14.090166"></trkpt>
    <trkpt lat="50.476174" lon="14.089089"></trkpt>
    <trkpt lat="50.477083" lon="14.087712"></trkpt>
    <trkpt lat="50.477544" lon="14.087058"></trkpt>
    <trkpt lat="50.477959" lon="14.086472"></trkpt>
    <trkpt lat="50.478675" lon="14.085510"></trkpt>
    <trkpt lat="50.478946" lon="14.085165"></trkpt>
    <trkpt lat="50.479296" lon="14.084722"></trkpt>
    <trkpt lat="50.479608" lon="14.084336"></trkpt>
    <trkpt lat="50.480246" lon="14.083582"></trkpt>
    <trkpt lat="50.480843" lon="14.082904"></trkpt>
    <trkpt lat="50.481671" lon="14.082007"></trkpt>
    <trkpt lat="50.482408" lon="14.081259"></trkpt>
    <trkpt lat="50.482631" lon="14.081038"></trkpt>
    <trkpt lat="50.483435" lon="14.080272"></trkpt>
    <trkpt lat="50.483802" lon="14.079941"></trkpt>
    <trkpt lat="50.484534" lon="14.079305"></trkpt>
    <trkpt lat="50.485066" lon="14.078859"></trkpt>
    <trkpt lat="50.485268" lon="14.078692"></trkpt>
    <trkpt lat="50.486086" lon="14.078066"></trkpt>
    <trkpt lat="50.486918" lon="14.077451"></trkpt>
    <trkpt lat="50.488857" lon="14.076142"></trkpt>
    <trkpt lat="50.490146" lon="14.075299"></trkpt>
    <trkpt lat="50.491406" lon="14.074438"></trkpt>
    <trkpt lat="50.491777" lon="14.074154"></trkpt>
    <trkpt lat="50.492071" lon="14.073938"></trkpt>
    <trkpt lat="50.492473" lon="14.073627"></trkpt>
    <trkpt lat="50.493218" lon="14.072999"></trkpt>
    <trkpt lat="50.493819" lon="14.072455"></trkpt>
    <trkpt lat="50.494136" lon="14.072145"></trkpt>
    <trkpt lat="50.494639" lon="14.071642"></trkpt>
    <trkpt lat="50.495196" lon="14.071042"></trkpt>
    <trkpt lat="50.495787" lon="14.070365"></trkpt>
    <trkpt lat="50.496283" lon="14.069768"></trkpt>
    <trkpt lat="50.496742" lon="14.069176"></trkpt>
    <trkpt lat="50.497314" lon="14.068394"></trkpt>
    <trkpt lat="50.498007" lon="14.067376"></trkpt>
    <trkpt lat="50.498212" lon="14.067050"></trkpt>
    <trkpt lat="50.498695" lon="14.066259"></trkpt>
    <trkpt lat="50.499326" lon="14.065156"></trkpt>
    <trkpt lat="50.499919" lon="14.064016"></trkpt>
    <trkpt lat="50.500587" lon="14.062630"></trkpt>
    <trkpt lat="50.500885" lon="14.061951"></trkpt>
    <trkpt lat="50.501180" lon="14.061243"></trkpt>
    <trkpt lat="50.501480" lon="14.060503"></trkpt>
    <trkpt lat="50.501761" lon="14.059751"></trkpt>
    <trkpt lat="50.502295" lon="14.058180"></trkpt>
    <trkpt lat="50.502717" lon="14.056805"></trkpt>
    <trkpt lat="50.503107" lon="14.055409"></trkpt>
    <trkpt lat="50.503478" lon="14.054010"></trkpt>
    <trkpt lat="50.503847" lon="14.052556"></trkpt>
    <trkpt lat="50.504054" lon="14.051731"></trkpt>
    <trkpt lat="50.505526" lon="14.045879"></trkpt>
    <trkpt lat="50.505698" lon="14.045192"></trkpt>
    <trkpt lat="50.505853" lon="14.044589"></trkpt>
    <trkpt lat="50.506741" lon="14.041042"></trkpt>
    <trkpt lat="50.507019" lon="14.039960"></trkpt>
    <trkpt lat="50.507162" lon="14.039372"></trkpt>
    <trkpt lat="50.507722" lon="14.037240"></trkpt>
    <trkpt lat="50.507872" lon="14.036711"></trkpt>
    <trkpt lat="50.507907" lon="14.036585"></trkpt>
    <trkpt lat="50.508192" lon="14.035591"></trkpt>
    <trkpt lat="50.508531" lon="14.034504"></trkpt>
    <trkpt lat="50.508763" lon="14.033784"></trkpt>
    <trkpt lat="50.509149" lon="14.032656"></trkpt>
    <trkpt lat="50.509582" lon="14.031467"></trkpt>
    <trkpt lat="50.509919" lon="14.030596"></trkpt>
    <trkpt lat="50.510356" lon="14.029486"></trkpt>
    <trkpt lat="50.510950" lon="14.028135"></trkpt>
    <trkpt lat="50.511312" lon="14.027348"></trkpt>
    <trkpt lat="50.511769" lon="14.026425"></trkpt>
    <trkpt lat="50.512563" lon="14.024807"></trkpt>
    <trkpt lat="50.512654" lon="14.024635"></trkpt>
    <trkpt lat="50.513772" lon="14.022503"></trkpt>
    <trkpt lat="50.513882" lon="14.022293"></trkpt>
    <trkpt lat="50.515241" lon="14.019724"></trkpt>
    <trkpt lat="50.516016" lon="14.018257"></trkpt>
    <trkpt lat="50.516322" lon="14.017670"></trkpt>
    <trkpt lat="50.518098" lon="14.014305"></trkpt>
    <trkpt lat="50.520025" lon="14.010654"></trkpt>
    <trkpt lat="50.520305" lon="14.010112"></trkpt>
    <trkpt lat="50.522194" lon="14.006537"></trkpt>
    <trkpt lat="50.522837" lon="14.005357"></trkpt>
    <trkpt lat="50.522992" lon="14.005098"></trkpt>
    <trkpt lat="50.523303" lon="14.004588"></trkpt>
    <trkpt lat="50.523484" lon="14.004294"></trkpt>
    <trkpt lat="50.523709" lon="14.003944"></trkpt>
    <trkpt lat="50.523945" lon="14.003597"></trkpt>
    <trkpt lat="50.524329" lon="14.003054"></trkpt>
    <trkpt lat="50.524518" lon="14.002800"></trkpt>
    <trkpt lat="50.524931" lon="14.002275"></trkpt>
    <trkpt lat="50.525402" lon="14.001714"></trkpt>
    <trkpt lat="50.525631" lon="14.001461"></trkpt>
    <trkpt lat="50.525976" lon="14.001086"></trkpt>
    <trkpt lat="50.526328" lon="14.000731"></trkpt>
    <trkpt lat="50.526710" lon="14.000361"></trkpt>
    <trkpt lat="50.527046" lon="14.000065"></trkpt>
    <trkpt lat="50.527382" lon="13.999778"></trkpt>
    <trkpt lat="50.527932" lon="13.999343"></trkpt>
    <trkpt lat="50.528359" lon="13.999031"></trkpt>
    <trkpt lat="50.528787" lon="13.998749"></trkpt>
    <trkpt lat="50.529243" lon="13.998468"></trkpt>
    <trkpt lat="50.529706" lon="13.998206"></trkpt>
    <trkpt lat="50.530152" lon="13.997982"></trkpt>
    <trkpt lat="50.530630" lon="13.997760"></trkpt>
    <trkpt lat="50.531298" lon="13.997497"></trkpt>
    <trkpt lat="50.531811" lon="13.997328"></trkpt>
    <trkpt lat="50.532353" lon="13.997178"></trkpt>
    <trkpt lat="50.532800" lon="13.997076"></trkpt>
    <trkpt lat="50.533251" lon="13.996988"></trkpt>
    <trkpt lat="50.533596" lon="13.996936"></trkpt>
    <trkpt lat="50.533921" lon="13.996902"></trkpt>
    <trkpt lat="50.534676" lon="13.996860"></trkpt>
    <trkpt lat="50.535447" lon="13.996870"></trkpt>
    <trkpt lat="50.536281" lon="13.996951"></trkpt>
    <trkpt lat="50.536904" lon="13.997054"></trkpt>
    <trkpt lat="50.537551" lon="13.997205"></trkpt>
    <trkpt lat="50.537897" lon="13.997301"></trkpt>
    <trkpt lat="50.538243" lon="13.997408"></trkpt>
    <trkpt lat="50.538587" lon="13.997528"></trkpt>
    <trkpt lat="50.538929" lon="13.997660"></trkpt>
    <trkpt lat="50.539270" lon="13.997804"></trkpt>
    <trkpt lat="50.539608" lon="13.997959"></trkpt>
    <trkpt lat="50.539943" lon="13.998126"></trkpt>
    <trkpt lat="50.540541" lon="13.998476"></trkpt>
    <trkpt lat="50.541117" lon="13.998872"></trkpt>
    <trkpt lat="50.541603" lon="13.999246"></trkpt>
    <trkpt lat="50.542099" lon="13.999669"></trkpt>
    <trkpt lat="50.542413" lon="13.999967"></trkpt>
    <trkpt lat="50.542796" lon="14.000387"></trkpt>
    <trkpt lat="50.543129" lon="14.000774"></trkpt>
    <trkpt lat="50.543469" lon="14.001193"></trkpt>
    <trkpt lat="50.543806" lon="14.001646"></trkpt>
    <trkpt lat="50.544149" lon="14.002141"></trkpt>
    <trkpt lat="50.544469" lon="14.002652"></trkpt>
    <trkpt lat="50.544801" lon="14.003223"></trkpt>
    <trkpt lat="50.545201" lon="14.003964"></trkpt>
    <trkpt lat="50.545582" lon="14.004723"></trkpt>
    <trkpt lat="50.546231" lon="14.006005"></trkpt>
    <trkpt lat="50.546545" lon="14.006584"></trkpt>
    <trkpt lat="50.546855" lon="14.007135"></trkpt>
    <trkpt lat="50.547266" lon="14.007787"></trkpt>
    <trkpt lat="50.547520" lon="14.008172"></trkpt>
    <trkpt lat="50.547802" lon="14.008553"></trkpt>
    <trkpt lat="50.547979" lon="14.008788"></trkpt>
    <trkpt lat="50.548457" lon="14.009363"></trkpt>
    <trkpt lat="50.548874" lon="14.009825"></trkpt>
    <trkpt lat="50.549360" lon="14.010298"></trkpt>
    <trkpt lat="50.549839" lon="14.010721"></trkpt>
    <trkpt lat="50.550168" lon="14.010977"></trkpt>
    <trkpt lat="50.550516" lon="14.011239"></trkpt>
    <trkpt lat="50.550894" lon="14.011479"></trkpt>
    <trkpt lat="50.551279" lon="14.011719"></trkpt>
    <trkpt lat="50.551668" lon="14.011927"></trkpt>
    <trkpt lat="50.552086" lon="14.012128"></trkpt>
    <trkpt lat="50.552444" lon="14.012277"></trkpt>
    <trkpt lat="50.552840" lon="14.012429"></trkpt>
    <trkpt lat="50.553333" lon="14.012599"></trkpt>
    <trkpt lat="50.557171" lon="14.013922"></trkpt>
    <trkpt lat="50.558867" lon="14.014529"></trkpt>
    <trkpt lat="50.559685" lon="14.014866"></trkpt>
    <trkpt lat="50.560118" lon="14.015079"></trkpt>
    <trkpt lat="50.560535" lon="14.015304"></trkpt>
    <trkpt lat="50.560746" lon="14.015418"></trkpt>
    <trkpt lat="50.560883" lon="14.015492"></trkpt>
    <trkpt lat="50.561259" lon="14.015713"></trkpt>
    <trkpt lat="50.562044" lon="14.016200"></trkpt>
    <trkpt lat="50.562936" lon="14.016775"></trkpt>
    <trkpt lat="50.563899" lon="14.017385"></trkpt>
    <trkpt lat="50.565770" lon="14.018574"></trkpt>
    <trkpt lat="50.566047" lon="14.018737"></trkpt>
    <trkpt lat="50.566901" lon="14.019240"></trkpt>
    <trkpt lat="50.567450" lon="14.019534"></trkpt>
    <trkpt lat="50.568023" lon="14.019803"></trkpt>
    <trkpt lat="50.568785" lon="14.020113"></trkpt>
    <trkpt lat="50.569571" lon="14.020374"></trkpt>
    <trkpt lat="50.570061" lon="14.020510"></trkpt>
    <trkpt lat="50.570585" lon="14.020627"></trkpt>
    <trkpt lat="50.570954" lon="14.020699"></trkpt>
    <trkpt lat="50.571562" lon="14.020780"></trkpt>
    <trkpt lat="50.571905" lon="14.020815"></trkpt>
    <trkpt lat="50.572251" lon="14.020841"></trkpt>
    <trkpt lat="50.572589" lon="14.020856"></trkpt>
    <trkpt lat="50.572700" lon="14.020858"></trkpt>
    <trkpt lat="50.573169" lon="14.020858"></trkpt>
    <trkpt lat="50.573410" lon="14.020843"></trkpt>
    <trkpt lat="50.573651" lon="14.020818"></trkpt>
    <trkpt lat="50.573891" lon="14.020783"></trkpt>
    <trkpt lat="50.574157" lon="14.020732"></trkpt>
    <trkpt lat="50.574422" lon="14.020669"></trkpt>
    <trkpt lat="50.574686" lon="14.020594"></trkpt>
    <trkpt lat="50.574949" lon="14.020507"></trkpt>
    <trkpt lat="50.575210" lon="14.020407"></trkpt>
    <trkpt lat="50.575469" lon="14.020296"></trkpt>
    <trkpt lat="50.575722" lon="14.020173"></trkpt>
    <trkpt lat="50.576002" lon="14.020025"></trkpt>
    <trkpt lat="50.576209" lon="14.019905"></trkpt>
    <trkpt lat="50.576438" lon="14.019760"></trkpt>
    <trkpt lat="50.576756" lon="14.019545"></trkpt>
    <trkpt lat="50.576783" lon="14.019526"></trkpt>
    <trkpt lat="50.577179" lon="14.019214"></trkpt>
    <trkpt lat="50.577625" lon="14.018815"></trkpt>
    <trkpt lat="50.577956" lon="14.018486"></trkpt>
    <trkpt lat="50.578064" lon="14.018378"></trkpt>
    <trkpt lat="50.578263" lon="14.018151"></trkpt>
    <trkpt lat="50.578393" lon="14.018002"></trkpt>
    <trkpt lat="50.578458" lon="14.017927"></trkpt>
    <trkpt lat="50.578670" lon="14.017678"></trkpt>
    <trkpt lat="50.579118" lon="14.017115"></trkpt>
    <trkpt lat="50.579552" lon="14.016457"></trkpt>
    <trkpt lat="50.579907" lon="14.015814"></trkpt>
    <trkpt lat="50.580227" lon="14.015127"></trkpt>
    <trkpt lat="50.580390" lon="14.014758"></trkpt>
    <trkpt lat="50.580611" lon="14.014240"></trkpt>
    <trkpt lat="50.580821" lon="14.013710"></trkpt>
    <trkpt lat="50.581018" lon="14.013170"></trkpt>
    <trkpt lat="50.581193" lon="14.012666"></trkpt>
    <trkpt lat="50.581316" lon="14.012301"></trkpt>
    <trkpt lat="50.581759" lon="14.010983"></trkpt>
    <trkpt lat="50.582613" lon="14.008443"></trkpt>
    <trkpt lat="50.583455" lon="14.005942"></trkpt>
    <trkpt lat="50.583861" lon="14.004733"></trkpt>
    <trkpt lat="50.584105" lon="14.003947"></trkpt>
    <trkpt lat="50.584442" lon="14.002870"></trkpt>
    <trkpt lat="50.584783" lon="14.001842"></trkpt>
    <trkpt lat="50.585000" lon="14.001193"></trkpt>
    <trkpt lat="50.585243" lon="14.000420"></trkpt>
    <trkpt lat="50.585500" lon="13.999513"></trkpt>
    <trkpt lat="50.585662" lon="13.998883"></trkpt>
    <trkpt lat="50.585874" lon="13.997956"></trkpt>
    <trkpt lat="50.585972" lon="13.997470"></trkpt>
    <trkpt lat="50.586110" lon="13.996727"></trkpt>
    <trkpt lat="50.586225" lon="13.995998"></trkpt>
    <trkpt lat="50.586350" lon="13.995034"></trkpt>
    <trkpt lat="50.586446" lon="13.994075"></trkpt>
    <trkpt lat="50.586520" lon="13.993020"></trkpt>
    <trkpt lat="50.586551" lon="13.992301"></trkpt>
    <trkpt lat="50.586563" lon="13.992020"></trkpt>
    <trkpt lat="50.586620" lon="13.990249"></trkpt>
    <trkpt lat="50.586655" lon="13.989286"></trkpt>
    <trkpt lat="50.586706" lon="13.988401"></trkpt>
    <trkpt lat="50.586786" lon="13.987504"></trkpt>
    <trkpt lat="50.586884" lon="13.986666"></trkpt>
    <trkpt lat="50.586993" lon="13.985931"></trkpt>
    <trkpt lat="50.587096" lon="13.985362"></trkpt>
    <trkpt lat="50.587240" lon="13.984657"></trkpt>
    <trkpt lat="50.587444" lon="13.983780"></trkpt>
    <trkpt lat="50.587617" lon="13.983134"></trkpt>
    <trkpt lat="50.587672" lon="13.982949"></trkpt>
    <trkpt lat="50.587974" lon="13.981999"></trkpt>
    <trkpt lat="50.588165" lon="13.981465"></trkpt>
    <trkpt lat="50.588376" lon="13.980913"></trkpt>
    <trkpt lat="50.588724" lon="13.980103"></trkpt>
    <trkpt lat="50.589072" lon="13.979384"></trkpt>
    <trkpt lat="50.589347" lon="13.978861"></trkpt>
    <trkpt lat="50.589628" lon="13.978362"></trkpt>
    <trkpt lat="50.590006" lon="13.977758"></trkpt>
    <trkpt lat="50.590373" lon="13.977221"></trkpt>
    <trkpt lat="50.590605" lon="13.976900"></trkpt>
    <trkpt lat="50.591031" lon="13.976361"></trkpt>
    <trkpt lat="50.591484" lon="13.975842"></trkpt>
    <trkpt lat="50.591860" lon="13.975454"></trkpt>
    <trkpt lat="50.592301" lon="13.975041"></trkpt>
    <trkpt lat="50.592799" lon="13.974613"></trkpt>
    <trkpt lat="50.593107" lon="13.974384"></trkpt>
    <trkpt lat="50.593466" lon="13.974143"></trkpt>
    <trkpt lat="50.594055" lon="13.973751"></trkpt>
    <trkpt lat="50.594825" lon="13.973282"></trkpt>
    <trkpt lat="50.595582" lon="13.972806"></trkpt>
    <trkpt lat="50.596018" lon="13.972507"></trkpt>
    <trkpt lat="50.596495" lon="13.972161"></trkpt>
    <trkpt lat="50.596942" lon="13.971801"></trkpt>
    <trkpt lat="50.597329" lon="13.971461"></trkpt>
    <trkpt lat="50.597722" lon="13.971093"></trkpt>
    <trkpt lat="50.598193" lon="13.970604"></trkpt>
    <trkpt lat="50.598668" lon="13.970068"></trkpt>
    <trkpt lat="50.599077" lon="13.969562"></trkpt>
    <trkpt lat="50.599372" lon="13.969178"></trkpt>
    <trkpt lat="50.599531" lon="13.968955"></trkpt>
    <trkpt lat="50.600000" lon="13.968277"></trkpt>
    <trkpt lat="50.600331" lon="13.967757"></trkpt>
    <trkpt lat="50.600606" lon="13.967302"></trkpt>
    <trkpt lat="50.600839" lon="13.966915"></trkpt>
    <trkpt lat="50.601407" lon="13.965965"></trkpt>
    <trkpt lat="50.602002" lon="13.965019"></trkpt>
    <trkpt lat="50.602321" lon="13.964554"></trkpt>
    <trkpt lat="50.602635" lon="13.964136"></trkpt>
    <trkpt lat="50.603021" lon="13.963674"></trkpt>
    <trkpt lat="50.603433" lon="13.963223"></trkpt>
    <trkpt lat="50.603838" lon="13.962821"></trkpt>
    <trkpt lat="50.604285" lon="13.962433"></trkpt>
    <trkpt lat="50.604711" lon="13.962100"></trkpt>
    <trkpt lat="50.605103" lon="13.961830"></trkpt>
    <trkpt lat="50.605689" lon="13.961495"></trkpt>
    <trkpt lat="50.606140" lon="13.961283"></trkpt>
    <trkpt lat="50.606618" lon="13.961126"></trkpt>
    <trkpt lat="50.606960" lon="13.961037"></trkpt>
    <trkpt lat="50.607400" lon="13.960966"></trkpt>
    <trkpt lat="50.607759" lon="13.960938"></trkpt>
    <trkpt lat="50.608072" lon="13.960934"></trkpt>
    <trkpt lat="50.608446" lon="13.960962"></trkpt>
    <trkpt lat="50.608829" lon="13.961019"></trkpt>
    <trkpt lat="50.609090" lon="13.961080"></trkpt>
    <trkpt lat="50.609482" lon="13.961196"></trkpt>
    <trkpt lat="50.609848" lon="13.961322"></trkpt>
    <trkpt lat="50.610301" lon="13.961542"></trkpt>
    <trkpt lat="50.610702" lon="13.961781"></trkpt>
    <trkpt lat="50.611019" lon="13.961990"></trkpt>
    <trkpt lat="50.611293" lon="13.962204"></trkpt>
    <trkpt lat="50.611429" lon="13.962322"></trkpt>
    <trkpt lat="50.611789" lon="13.962647"></trkpt>
    <trkpt lat="50.612017" lon="13.962879"></trkpt>
    <trkpt lat="50.612208" lon="13.963078"></trkpt>
    <trkpt lat="50.612527" lon="13.963449"></trkpt>
    <trkpt lat="50.612890" lon="13.963948"></trkpt>
    <trkpt lat="50.613020" lon="13.964133"></trkpt>
    <trkpt lat="50.613317" lon="13.964608"></trkpt>
    <trkpt lat="50.613513" lon="13.964941"></trkpt>
    <trkpt lat="50.613761" lon="13.965431"></trkpt>
    <trkpt lat="50.614006" lon="13.965932"></trkpt>
    <trkpt lat="50.614697" lon="13.967480"></trkpt>
    <trkpt lat="50.615076" lon="13.968310"></trkpt>
    <trkpt lat="50.615316" lon="13.968779"></trkpt>
    <trkpt lat="50.615656" lon="13.969422"></trkpt>
    <trkpt lat="50.615883" lon="13.969805"></trkpt>
    <trkpt lat="50.616057" lon="13.970071"></trkpt>
    <trkpt lat="50.616469" lon="13.970674"></trkpt>
    <trkpt lat="50.616917" lon="13.971249"></trkpt>
    <trkpt lat="50.617375" lon="13.971786"></trkpt>
    <trkpt lat="50.618357" lon="13.972925"></trkpt>
    <trkpt lat="50.618872" lon="13.973544"></trkpt>
    <trkpt lat="50.619223" lon="13.974013"></trkpt>
    <trkpt lat="50.619719" lon="13.974737"></trkpt>
    <trkpt lat="50.620016" lon="13.975212"></trkpt>
    <trkpt lat="50.620297" lon="13.975728"></trkpt>
    <trkpt lat="50.620619" lon="13.976354"></trkpt>
    <trkpt lat="50.620912" lon="13.977011"></trkpt>
    <trkpt lat="50.621168" lon="13.977610"></trkpt>
    <trkpt lat="50.621425" lon="13.978274"></trkpt>
    <trkpt lat="50.621655" lon="13.978947"></trkpt>
    <trkpt lat="50.621870" lon="13.979644"></trkpt>
    <trkpt lat="50.622223" lon="13.980912"></trkpt>
    <trkpt lat="50.622560" lon="13.982215"></trkpt>
    <trkpt lat="50.622737" lon="13.982868"></trkpt>
    <trkpt lat="50.622923" lon="13.983483"></trkpt>
    <trkpt lat="50.623140" lon="13.984130"></trkpt>
    <trkpt lat="50.623376" lon="13.984748"></trkpt>
    <trkpt lat="50.623653" lon="13.985387"></trkpt>
    <trkpt lat="50.623955" lon="13.986021"></trkpt>
    <trkpt lat="50.624292" lon="13.986653"></trkpt>
    <trkpt lat="50.624643" lon="13.987253"></trkpt>
    <trkpt lat="50.625272" lon="13.988129"></trkpt>
    <trkpt lat="50.625629" lon="13.988568"></trkpt>
    <trkpt lat="50.625992" lon="13.988977"></trkpt>
    <trkpt lat="50.626319" lon="13.989303"></trkpt>
    <trkpt lat="50.626657" lon="13.989613"></trkpt>
    <trkpt lat="50.627011" lon="13.989904"></trkpt>
    <trkpt lat="50.627350" lon="13.990156"></trkpt>
    <trkpt lat="50.627676" lon="13.990385"></trkpt>
    <trkpt lat="50.628172" lon="13.990693"></trkpt>
    <trkpt lat="50.628675" lon="13.990969"></trkpt>
    <trkpt lat="50.629128" lon="13.991178"></trkpt>
    <trkpt lat="50.629587" lon="13.991376"></trkpt>
    <trkpt lat="50.630087" lon="13.991551"></trkpt>
    <trkpt lat="50.630585" lon="13.991710"></trkpt>
    <trkpt lat="50.631212" lon="13.991852"></trkpt>
    <trkpt lat="50.631845" lon="13.991957"></trkpt>
    <trkpt lat="50.632993" lon="13.992077"></trkpt>
    <trkpt lat="50.637409" lon="13.992434"></trkpt>
    <trkpt lat="50.639111" lon="13.992572"></trkpt>
    <trkpt lat="50.640422" lon="13.992678"></trkpt>
    <trkpt lat="50.640984" lon="13.992723"></trkpt>
    <trkpt lat="50.641251" lon="13.992750"></trkpt>
    <trkpt lat="50.642002" lon="13.992803"></trkpt>
    <trkpt lat="50.645892" lon="13.993122"></trkpt>
    <trkpt lat="50.646035" lon="13.993132"></trkpt>
    <trkpt lat="50.646664" lon="13.993169"></trkpt>
    <trkpt lat="50.647150" lon="13.993166"></trkpt>
    <trkpt lat="50.647430" lon="13.993145"></trkpt>
    <trkpt lat="50.647673" lon="13.993115"></trkpt>
    <trkpt lat="50.647901" lon="13.993074"></trkpt>
    <trkpt lat="50.648111" lon="13.993028"></trkpt>
    <trkpt lat="50.648298" lon="13.992979"></trkpt>
    <trkpt lat="50.648575" lon="13.992898"></trkpt>
    <trkpt lat="50.648897" lon="13.992778"></trkpt>
    <trkpt lat="50.649088" lon="13.992694"></trkpt>
    <trkpt lat="50.649319" lon="13.992587"></trkpt>
    <trkpt lat="50.649617" lon="13.992430"></trkpt>
    <trkpt lat="50.649933" lon="13.992242"></trkpt>
    <trkpt lat="50.650160" lon="13.992089"></trkpt>
    <trkpt lat="50.650408" lon="13.991908"></trkpt>
    <trkpt lat="50.650691" lon="13.991687"></trkpt>
    <trkpt lat="50.650881" lon="13.991521"></trkpt>
    <trkpt lat="50.651073" lon="13.991349"></trkpt>
    <trkpt lat="50.651348" lon="13.991080"></trkpt>
    <trkpt lat="50.651610" lon="13.990796"></trkpt>
    <trkpt lat="50.651937" lon="13.990409"></trkpt>
    <trkpt lat="50.652361" lon="13.989859"></trkpt>
    <trkpt lat="50.652665" lon="13.989435"></trkpt>
    <trkpt lat="50.653010" lon="13.988904"></trkpt>
    <trkpt lat="50.653225" lon="13.988565"></trkpt>
    <trkpt lat="50.653511" lon="13.988090"></trkpt>
    <trkpt lat="50.653680" lon="13.987800"></trkpt>
    <trkpt lat="50.654375" lon="13.986584"></trkpt>
    <trkpt lat="50.654840" lon="13.985767"></trkpt>
    <trkpt lat="50.655298" lon="13.984999"></trkpt>
    <trkpt lat="50.655809" lon="13.984181"></trkpt>
    <trkpt lat="50.656240" lon="13.983557"></trkpt>
    <trkpt lat="50.656556" lon="13.983129"></trkpt>
    <trkpt lat="50.656875" lon="13.982752"></trkpt>
    <trkpt lat="50.657315" lon="13.982276"></trkpt>
    <trkpt lat="50.657774" lon="13.981828"></trkpt>
    <trkpt lat="50.658164" lon="13.981504"></trkpt>
    <trkpt lat="50.658556" lon="13.981199"></trkpt>
    <trkpt lat="50.658928" lon="13.980954"></trkpt>
    <trkpt lat="50.659309" lon="13.980736"></trkpt>
    <trkpt lat="50.659821" lon="13.980477"></trkpt>
    <trkpt lat="50.660328" lon="13.980249"></trkpt>
    <trkpt lat="50.660861" lon="13.980040"></trkpt>
    <trkpt lat="50.661342" lon="13.979859"></trkpt>
    <trkpt lat="50.663018" lon="13.979284"></trkpt>
    <trkpt lat="50.663295" lon="13.979177"></trkpt>
    <trkpt lat="50.663530" lon="13.979082"></trkpt>
    <trkpt lat="50.664388" lon="13.978681"></trkpt>
    <trkpt lat="50.665139" lon="13.978240"></trkpt>
    <trkpt lat="50.665663" lon="13.977905"></trkpt>
    <trkpt lat="50.666184" lon="13.977502"></trkpt>
    <trkpt lat="50.666721" lon="13.977064"></trkpt>
    <trkpt lat="50.667247" lon="13.976559"></trkpt>
    <trkpt lat="50.667893" lon="13.975895"></trkpt>
    <trkpt lat="50.668210" lon="13.975526"></trkpt>
    <trkpt lat="50.668870" lon="13.974701"></trkpt>
    <trkpt lat="50.669061" lon="13.974435"></trkpt>
    <trkpt lat="50.669685" lon="13.973522"></trkpt>
    <trkpt lat="50.670100" lon="13.972842"></trkpt>
    <trkpt lat="50.670481" lon="13.972144"></trkpt>
    <trkpt lat="50.670554" lon="13.972005"></trkpt>
    <trkpt lat="50.670658" lon="13.971805"></trkpt>
    <trkpt lat="50.670864" lon="13.971412"></trkpt>
    <trkpt lat="50.671230" lon="13.970668"></trkpt>
    <trkpt lat="50.671371" lon="13.970367"></trkpt>
    <trkpt lat="50.672147" lon="13.968699"></trkpt>
    <trkpt lat="50.672910" lon="13.967114"></trkpt>
    <trkpt lat="50.673194" lon="13.966564"></trkpt>
    <trkpt lat="50.673609" lon="13.965804"></trkpt>
    <trkpt lat="50.673908" lon="13.965279"></trkpt>
    <trkpt lat="50.674356" lon="13.964592"></trkpt>
    <trkpt lat="50.674814" lon="13.963965"></trkpt>
    <trkpt lat="50.675255" lon="13.963434"></trkpt>
    <trkpt lat="50.675672" lon="13.962976"></trkpt>
    <trkpt lat="50.676104" lon="13.962559"></trkpt>
    <trkpt lat="50.676508" lon="13.962214"></trkpt>
    <trkpt lat="50.677219" lon="13.961681"></trkpt>
    <trkpt lat="50.677972" lon="13.961208"></trkpt>
    <trkpt lat="50.678787" lon="13.960745"></trkpt>
    <trkpt lat="50.679607" lon="13.960290"></trkpt>
    <trkpt lat="50.680334" lon="13.959888"></trkpt>
    <trkpt lat="50.681015" lon="13.959469"></trkpt>
    <trkpt lat="50.681388" lon="13.959213"></trkpt>
    <trkpt lat="50.681745" lon="13.958932"></trkpt>
    <trkpt lat="50.682436" lon="13.958333"></trkpt>
    <trkpt lat="50.682902" lon="13.957886"></trkpt>
    <trkpt lat="50.683373" lon="13.957382"></trkpt>
    <trkpt lat="50.683989" lon="13.956671"></trkpt>
    <trkpt lat="50.684349" lon="13.956246"></trkpt>
    <trkpt lat="50.684643" lon="13.955905"></trkpt>
    <trkpt lat="50.685025" lon="13.955468"></trkpt>
    <trkpt lat="50.685279" lon="13.955185"></trkpt>
    <trkpt lat="50.685750" lon="13.954691"></trkpt>
    <trkpt lat="50.686109" lon="13.954332"></trkpt>
    <trkpt lat="50.686519" lon="13.953985"></trkpt>
    <trkpt lat="50.686918" lon="13.953682"></trkpt>
    <trkpt lat="50.687179" lon="13.953509"></trkpt>
    <trkpt lat="50.687467" lon="13.953328"></trkpt>
    <trkpt lat="50.687826" lon="13.953142"></trkpt>
    <trkpt lat="50.688147" lon="13.952992"></trkpt>
    <trkpt lat="50.688465" lon="13.952864"></trkpt>
    <trkpt lat="50.688812" lon="13.952751"></trkpt>
    <trkpt lat="50.689259" lon="13.952653"></trkpt>
    <trkpt lat="50.689715" lon="13.952584"></trkpt>
    <trkpt lat="50.690050" lon="13.952568"></trkpt>
    <trkpt lat="50.690386" lon="13.952570"></trkpt>
    <trkpt lat="50.690853" lon="13.952608"></trkpt>
    <trkpt lat="50.691462" lon="13.952717"></trkpt>
    <trkpt lat="50.691767" lon="13.952803"></trkpt>
    <trkpt lat="50.692048" lon="13.952897"></trkpt>
    <trkpt lat="50.692418" lon="13.953046"></trkpt>
    <trkpt lat="50.692780" lon="13.953220"></trkpt>
    <trkpt lat="50.693195" lon="13.953466"></trkpt>
    <trkpt lat="50.693460" lon="13.953639"></trkpt>
    <trkpt lat="50.693639" lon="13.953767"></trkpt>
    <trkpt lat="50.694123" lon="13.954134"></trkpt>
    <trkpt lat="50.694951" lon="13.954798"></trkpt>
    <trkpt lat="50.695274" lon="13.955053"></trkpt>
    <trkpt lat="50.695783" lon="13.955431"></trkpt>
    <trkpt lat="50.696243" lon="13.955712"></trkpt>
    <trkpt lat="50.696697" lon="13.955947"></trkpt>
    <trkpt lat="50.696931" lon="13.956055"></trkpt>
    <trkpt lat="50.697255" lon="13.956185"></trkpt>
    <trkpt lat="50.697563" lon="13.956284"></trkpt>
    <trkpt lat="50.697963" lon="13.956382"></trkpt>
    <trkpt lat="50.698385" lon="13.956461"></trkpt>
    <trkpt lat="50.699020" lon="13.956516"></trkpt>
    <trkpt lat="50.699664" lon="13.956527"></trkpt>
    <trkpt lat="50.700274" lon="13.956491"></trkpt>
    <trkpt lat="50.701012" lon="13.956425"></trkpt>
    <trkpt lat="50.701707" lon="13.956353"></trkpt>
    <trkpt lat="50.702430" lon="13.956289"></trkpt>
    <trkpt lat="50.703164" lon="13.956250"></trkpt>
    <trkpt lat="50.703713" lon="13.956255"></trkpt>
    <trkpt lat="50.704258" lon="13.956298"></trkpt>
    <trkpt lat="50.704745" lon="13.956378"></trkpt>
    <trkpt lat="50.705231" lon="13.956502"></trkpt>
    <trkpt lat="50.705685" lon="13.956660"></trkpt>
    <trkpt lat="50.706122" lon="13.956861"></trkpt>
    <trkpt lat="50.706519" lon="13.957076"></trkpt>
    <trkpt lat="50.706927" lon="13.957337"></trkpt>
    <trkpt lat="50.707164" lon="13.957508"></trkpt>
    <trkpt lat="50.707496" lon="13.957773"></trkpt>
    <trkpt lat="50.707731" lon="13.957975"></trkpt>
    <trkpt lat="50.708058" lon="13.958290"></trkpt>
    <trkpt lat="50.708371" lon="13.958625"></trkpt>
    <trkpt lat="50.708538" lon="13.958811"></trkpt>
    <trkpt lat="50.708904" lon="13.959272"></trkpt>
    <trkpt lat="50.709201" lon="13.959702"></trkpt>
    <trkpt lat="50.709525" lon="13.960206"></trkpt>
    <trkpt lat="50.709826" lon="13.960737"></trkpt>
    <trkpt lat="50.710114" lon="13.961299"></trkpt>
    <trkpt lat="50.710384" lon="13.961895"></trkpt>
    <trkpt lat="50.710617" lon="13.962448"></trkpt>
    <trkpt lat="50.710827" lon="13.963004"></trkpt>
    <trkpt lat="50.711052" lon="13.963673"></trkpt>
    <trkpt lat="50.711230" lon="13.964232"></trkpt>
    <trkpt lat="50.711400" lon="13.964828"></trkpt>
    <trkpt lat="50.711528" lon="13.965304"></trkpt>
    <trkpt lat="50.711701" lon="13.966008"></trkpt>
    <trkpt lat="50.711814" lon="13.966487"></trkpt>
    <trkpt lat="50.711945" lon="13.967112"></trkpt>
    <trkpt lat="50.712155" lon="13.968170"></trkpt>
    <trkpt lat="50.712335" lon="13.969163"></trkpt>
    <trkpt lat="50.712578" lon="13.970615"></trkpt>
    <trkpt lat="50.712913" lon="13.972726"></trkpt>
    <trkpt lat="50.713163" lon="13.974227"></trkpt>
    <trkpt lat="50.713376" lon="13.975465"></trkpt>
    <trkpt lat="50.713580" lon="13.976609"></trkpt>
    <trkpt lat="50.713682" lon="13.977141"></trkpt>
    <trkpt lat="50.713882" lon="13.978147"></trkpt>
    <trkpt lat="50.714046" lon="13.978932"></trkpt>
    <trkpt lat="50.714334" lon="13.980228"></trkpt>
    <trkpt lat="50.714543" lon="13.981094"></trkpt>
    <trkpt lat="50.714844" lon="13.982277"></trkpt>
    <trkpt lat="50.715076" lon="13.983154"></trkpt>
    <trkpt lat="50.715406" lon="13.984322"></trkpt>
    <trkpt lat="50.715627" lon="13.985069"></trkpt>
    <trkpt lat="50.715980" lon="13.986207"></trkpt>
    <trkpt lat="50.716345" lon="13.987319"></trkpt>
    <trkpt lat="50.716732" lon="13.988435"></trkpt>
    <trkpt lat="50.716938" lon="13.989005"></trkpt>
    <trkpt lat="50.717511" lon="13.990529"></trkpt>
    <trkpt lat="50.718245" lon="13.992314"></trkpt>
    <trkpt lat="50.718572" lon="13.993071"></trkpt>
    <trkpt lat="50.718896" lon="13.993777"></trkpt>
    <trkpt lat="50.719200" lon="13.994413"></trkpt>
    <trkpt lat="50.719790" lon="13.995585"></trkpt>
    <trkpt lat="50.720216" lon="13.996364"></trkpt>
    <trkpt lat="50.720656" lon="13.997125"></trkpt>
    <trkpt lat="50.721355" lon="13.998245"></trkpt>
    <trkpt lat="50.721906" lon="13.999035"></trkpt>
    <trkpt lat="50.722367" lon="13.999664"></trkpt>
    <trkpt lat="50.723085" lon="14.000551"></trkpt>
    <trkpt lat="50.723868" lon="14.001402"></trkpt>
    <trkpt lat="50.724122" lon="14.001661"></trkpt>
    <trkpt lat="50.724380" lon="14.001915"></trkpt>
    <trkpt lat="50.724659" lon="14.002179"></trkpt>
    <trkpt lat="50.725854" lon="14.003208"></trkpt>
    <trkpt lat="50.726331" lon="14.003570"></trkpt>
    <trkpt lat="50.726872" lon="14.003942"></trkpt>
    <trkpt lat="50.727408" lon="14.004293"></trkpt>
    <trkpt lat="50.728580" lon="14.005018"></trkpt>
    <trkpt lat="50.729119" lon="14.005312"></trkpt>
    <trkpt lat="50.730051" lon="14.005806"></trkpt>
    <trkpt lat="50.731034" lon="14.006291"></trkpt>
    <trkpt lat="50.731735" lon="14.006616"></trkpt>
    <trkpt lat="50.732528" lon="14.006957"></trkpt>
    <trkpt lat="50.733326" lon="14.007276"></trkpt>
    <trkpt lat="50.734883" lon="14.007834"></trkpt>
    <trkpt lat="50.735665" lon="14.008076"></trkpt>
    <trkpt lat="50.736448" lon="14.008294"></trkpt>
    <trkpt lat="50.737589" lon="14.008578"></trkpt>
    <trkpt lat="50.738745" lon="14.008816"></trkpt>
    <trkpt lat="50.739549" lon="14.008945"></trkpt>
    <trkpt lat="50.740378" lon="14.009013"></trkpt>
    <trkpt lat="50.740961" lon="14.009019"></trkpt>
    <trkpt lat="50.741634" lon="14.008974"></trkpt>
    <trkpt lat="50.742309" lon="14.008840"></trkpt>
    <trkpt lat="50.742564" lon="14.008777"></trkpt>
    <trkpt lat="50.742929" lon="14.008669"></trkpt>
    <trkpt lat="50.743150" lon="14.008588"></trkpt>
    <trkpt lat="50.743340" lon="14.008515"></trkpt>
    <trkpt lat="50.743647" lon="14.008372"></trkpt>
    <trkpt lat="50.743748" lon="14.008325"></trkpt>
    <trkpt lat="50.744270" lon="14.008026"></trkpt>
    <trkpt lat="50.744781" lon="14.007684"></trkpt>
    <trkpt lat="50.745277" lon="14.007295"></trkpt>
    <trkpt lat="50.745792" lon="14.006826"></trkpt>
    <trkpt lat="50.746287" lon="14.006305"></trkpt>
    <trkpt lat="50.746515" lon="14.006030"></trkpt>
    <trkpt lat="50.746759" lon="14.005735"></trkpt>
    <trkpt lat="50.747207" lon="14.005118"></trkpt>
    <trkpt lat="50.747629" lon="14.004457"></trkpt>
    <trkpt lat="50.747896" lon="14.003985"></trkpt>
    <trkpt lat="50.748132" lon="14.003538"></trkpt>
    <trkpt lat="50.748360" lon="14.003053"></trkpt>
    <trkpt lat="50.748565" lon="14.002585"></trkpt>
    <trkpt lat="50.748866" lon="14.001838"></trkpt>
    <trkpt lat="50.749154" lon="14.001058"></trkpt>
    <trkpt lat="50.749690" lon="13.999489"></trkpt>
    <trkpt lat="50.750232" lon="13.997802"></trkpt>
    <trkpt lat="50.750517" lon="13.996875"></trkpt>
    <trkpt lat="50.750743" lon="13.996073"></trkpt>
    <trkpt lat="50.751060" lon="13.994923"></trkpt>
    <trkpt lat="50.751376" lon="13.993726"></trkpt>
    <trkpt lat="50.751494" lon="13.993273"></trkpt>
    <trkpt lat="50.751816" lon="13.991904"></trkpt>
    <trkpt lat="50.751887" lon="13.991600"></trkpt>
    <trkpt lat="50.752513" lon="13.988541"></trkpt>
    <trkpt lat="50.753051" lon="13.985913"></trkpt>
    <trkpt lat="50.753438" lon="13.984304"></trkpt>
    <trkpt lat="50.753721" lon="13.983246"></trkpt>
    <trkpt lat="50.754271" lon="13.981368"></trkpt>
    <trkpt lat="50.754557" lon="13.980583"></trkpt>
    <trkpt lat="50.754973" lon="13.979518"></trkpt>
    <trkpt lat="50.755273" lon="13.978840"></trkpt>
    <trkpt lat="50.755497" lon="13.978364"></trkpt>
    <trkpt lat="50.756080" lon="13.977359"></trkpt>
    <trkpt lat="50.756456" lon="13.976802"></trkpt>
    <trkpt lat="50.756783" lon="13.976361"></trkpt>
    <trkpt lat="50.757170" lon="13.975883"></trkpt>
    <trkpt lat="50.757810" lon="13.975189"></trkpt>
    <trkpt lat="50.758279" lon="13.974747"></trkpt>
    <trkpt lat="50.758758" lon="13.974333"></trkpt>
    <trkpt lat="50.759345" lon="13.973901"></trkpt>
    <trkpt lat="50.759861" lon="13.973569"></trkpt>
    <trkpt lat="50.760724" lon="13.973063"></trkpt>
    <trkpt lat="50.761627" lon="13.972545"></trkpt>
    <trkpt lat="50.763295" lon="13.971532"></trkpt>
    <trkpt lat="50.763722" lon="13.971216"></trkpt>
    <trkpt lat="50.764139" lon="13.970854"></trkpt>
    <trkpt lat="50.764441" lon="13.970578"></trkpt>
    <trkpt lat="50.764613" lon="13.970408"></trkpt>
    <trkpt lat="50.764727" lon="13.970297"></trkpt>
    <trkpt lat="50.764985" lon="13.970030"></trkpt>
    <trkpt lat="50.765250" lon="13.969742"></trkpt>
    <trkpt lat="50.765435" lon="13.969531"></trkpt>
    <trkpt lat="50.766062" lon="13.968743"></trkpt>
    <trkpt lat="50.766583" lon="13.968027"></trkpt>
    <trkpt lat="50.767068" lon="13.967262"></trkpt>
    <trkpt lat="50.767538" lon="13.966440"></trkpt>
    <trkpt lat="50.767877" lon="13.965782"></trkpt>
    <trkpt lat="50.768079" lon="13.965369"></trkpt>
    <trkpt lat="50.768249" lon="13.964997"></trkpt>
    <trkpt lat="50.768396" lon="13.964658"></trkpt>
    <trkpt lat="50.768527" lon="13.964347"></trkpt>
    <trkpt lat="50.768684" lon="13.963956"></trkpt>
    <trkpt lat="50.768815" lon="13.963613"></trkpt>
    <trkpt lat="50.768974" lon="13.963180"></trkpt>
    <trkpt lat="50.769067" lon="13.962906"></trkpt>
    <trkpt lat="50.769325" lon="13.962111"></trkpt>
    <trkpt lat="50.769603" lon="13.961140"></trkpt>
    <trkpt lat="50.769840" lon="13.960248"></trkpt>
    <trkpt lat="50.770095" lon="13.959276"></trkpt>
    <trkpt lat="50.770429" lon="13.958024"></trkpt>
    <trkpt lat="50.770767" lon="13.956881"></trkpt>
    <trkpt lat="50.771135" lon="13.955786"></trkpt>
    <trkpt lat="50.771563" lon="13.954623"></trkpt>
    <trkpt lat="50.771701" lon="13.954259"></trkpt>
    <trkpt lat="50.771729" lon="13.954187"></trkpt>
    <trkpt lat="50.773027" lon="13.950836"></trkpt>
    <trkpt lat="50.773599" lon="13.949323"></trkpt>
    <trkpt lat="50.774132" lon="13.947796"></trkpt>
    <trkpt lat="50.774566" lon="13.946477"></trkpt>
    <trkpt lat="50.774986" lon="13.945142"></trkpt>
    <trkpt lat="50.775353" lon="13.943862"></trkpt>
    <trkpt lat="50.775680" lon="13.942663"></trkpt>
    <trkpt lat="50.776099" lon="13.941003"></trkpt>
    <trkpt lat="50.776477" lon="13.939321"></trkpt>
    <trkpt lat="50.776824" lon="13.937609"></trkpt>
    <trkpt lat="50.777142" lon="13.935888"></trkpt>
    <trkpt lat="50.777342" lon="13.934692"></trkpt>
    <trkpt lat="50.777563" lon="13.933209"></trkpt>
    <trkpt lat="50.777733" lon="13.931910"></trkpt>
    <trkpt lat="50.777889" lon="13.930544"></trkpt>
    <trkpt lat="50.778034" lon="13.929164"></trkpt>
    <trkpt lat="50.778151" lon="13.927836"></trkpt>
    <trkpt lat="50.778372" lon="13.925057"></trkpt>
    <trkpt lat="50.778616" lon="13.920870"></trkpt>
    <trkpt lat="50.778817" lon="13.917372"></trkpt>
    <trkpt lat="50.778897" lon="13.916138"></trkpt>
    <trkpt lat="50.778977" lon="13.915007"></trkpt>
    <trkpt lat="50.778995" lon="13.914805"></trkpt>
    <trkpt lat="50.779154" lon="13.913033"></trkpt>
    <trkpt lat="50.779299" lon="13.911697"></trkpt>
    <trkpt lat="50.779471" lon="13.910356"></trkpt>
    <trkpt lat="50.779542" lon="13.909855"></trkpt>
    <trkpt lat="50.779610" lon="13.909426"></trkpt>
    <trkpt lat="50.779709" lon="13.908821"></trkpt>
    <trkpt lat="50.779795" lon="13.908327"></trkpt>
    <trkpt lat="50.779886" lon="13.907833"></trkpt>
    <trkpt lat="50.779980" lon="13.907345"></trkpt>
    <trkpt lat="50.780080" lon="13.906869"></trkpt>
    <trkpt lat="50.780185" lon="13.906394"></trkpt>
    <trkpt lat="50.780297" lon="13.905919"></trkpt>
    <trkpt lat="50.780413" lon="13.905447"></trkpt>
    <trkpt lat="50.780538" lon="13.904968"></trkpt>
    <trkpt lat="50.780624" lon="13.904658"></trkpt>
    <trkpt lat="50.780823" lon="13.903981"></trkpt>
    <trkpt lat="50.781030" lon="13.903324"></trkpt>
    <trkpt lat="50.781163" lon="13.902925"></trkpt>
    <trkpt lat="50.781321" lon="13.902476"></trkpt>
    <trkpt lat="50.781471" lon="13.902072"></trkpt>
    <trkpt lat="50.781640" lon="13.901628"></trkpt>
    <trkpt lat="50.781819" lon="13.901184"></trkpt>
    <trkpt lat="50.782155" lon="13.900395"></trkpt>
    <trkpt lat="50.782361" lon="13.899952"></trkpt>
    <trkpt lat="50.782545" lon="13.899567"></trkpt>
    <trkpt lat="50.782850" lon="13.898961"></trkpt>
    <trkpt lat="50.783073" lon="13.898542"></trkpt>
    <trkpt lat="50.783098" lon="13.898496"></trkpt>
    <trkpt lat="50.783295" lon="13.898154"></trkpt>
    <trkpt lat="50.783616" lon="13.897600"></trkpt>
    <trkpt lat="50.783938" lon="13.897081"></trkpt>
    <trkpt lat="50.784183" lon="13.896701"></trkpt>
    <trkpt lat="50.784546" lon="13.896196"></trkpt>
    <trkpt lat="50.784820" lon="13.895815"></trkpt>
    <trkpt lat="50.785169" lon="13.895356"></trkpt>
    <trkpt lat="50.785526" lon="13.894913"></trkpt>
    <trkpt lat="50.787740" lon="13.892659"></trkpt>
    <trkpt lat="50.788003" lon="13.892407"></trkpt>
    <trkpt lat="50.788410" lon="13.892016"></trkpt>
    <trkpt lat="50.789263" lon="13.891147"></trkpt>
    <trkpt lat="50.790581" lon="13.889805"></trkpt>
    <trkpt lat="50.791076" lon="13.889276"></trkpt>
    <trkpt lat="50.791866" lon="13.888394"></trkpt>
    <trkpt lat="50.792917" lon="13.887196"></trkpt>
    <trkpt lat="50.794222" lon="13.885836"></trkpt>
    <trkpt lat="50.794972" lon="13.885142"></trkpt>
    <trkpt lat="50.795744" lon="13.884501"></trkpt>
    <trkpt lat="50.796517" lon="13.883932"></trkpt>
    <trkpt lat="50.797537" lon="13.883248"></trkpt>
    <trkpt lat="50.798058" lon="13.882958"></trkpt>
    <trkpt lat="50.798627" lon="13.882649"></trkpt>
    <trkpt lat="50.799435" lon="13.882269"></trkpt>
    <trkpt lat="50.800302" lon="13.881920"></trkpt>
    <trkpt lat="50.801137" lon="13.881634"></trkpt>
    <trkpt lat="50.801872" lon="13.881437"></trkpt>
    <trkpt lat="50.802516" lon="13.881306"></trkpt>
    <trkpt lat="50.803428" lon="13.881164"></trkpt>
    <trkpt lat="50.804256" lon="13.881091"></trkpt>
    <trkpt lat="50.805200" lon="13.881062"></trkpt>
    <trkpt lat="50.805995" lon="13.881107"></trkpt>
    <trkpt lat="50.806418" lon="13.881149"></trkpt>
    <trkpt lat="50.807032" lon="13.881237"></trkpt>
    <trkpt lat="50.808090" lon="13.881439"></trkpt>
    <trkpt lat="50.808680" lon="13.881594"></trkpt>
    <trkpt lat="50.809288" lon="13.881779"></trkpt>
    <trkpt lat="50.809545" lon="13.881868"></trkpt>
    <trkpt lat="50.809802" lon="13.881957"></trkpt>
    <trkpt lat="50.810313" lon="13.882163"></trkpt>
    <trkpt lat="50.810997" lon="13.882478"></trkpt>
    <trkpt lat="50.811640" lon="13.882808"></trkpt>
    <trkpt lat="50.812357" lon="13.883216"></trkpt>
    <trkpt lat="50.812649" lon="13.883392"></trkpt>
    <trkpt lat="50.812994" lon="13.883601"></trkpt>
    <trkpt lat="50.813621" lon="13.884007"></trkpt>
    <trkpt lat="50.814173" lon="13.884371"></trkpt>
    <trkpt lat="50.814757" lon="13.884755"></trkpt>
    <trkpt lat="50.815376" lon="13.885161"></trkpt>
    <trkpt lat="50.816091" lon="13.885606"></trkpt>
    <trkpt lat="50.816549" lon="13.885866"></trkpt>
    <trkpt lat="50.816920" lon="13.886063"></trkpt>
    <trkpt lat="50.817761" lon="13.886486"></trkpt>
    <trkpt lat="50.818153" lon="13.886662"></trkpt>
    <trkpt lat="50.818673" lon="13.886871"></trkpt>
    <trkpt lat="50.819351" lon="13.887107"></trkpt>
    <trkpt lat="50.819799" lon="13.887250"></trkpt>
    <trkpt lat="50.820222" lon="13.887374"></trkpt>
    <trkpt lat="50.820621" lon="13.887641"></trkpt>
    <trkpt lat="50.820690" lon="13.887693"></trkpt>
    <trkpt lat="50.820755" lon="13.887747"></trkpt>
    <trkpt lat="50.820811" lon="13.887805"></trkpt>
    <trkpt lat="50.820867" lon="13.887870"></trkpt>
    <trkpt lat="50.820906" lon="13.887921"></trkpt>
    <trkpt lat="50.820933" lon="13.887955"></trkpt>
    <trkpt lat="50.821000" lon="13.887994"></trkpt>
    <trkpt lat="50.821056" lon="13.888025"></trkpt>
    <trkpt lat="50.821091" lon="13.888041"></trkpt>
    <trkpt lat="50.821122" lon="13.888053"></trkpt>
    <trkpt lat="50.821152" lon="13.888061"></trkpt>
    <trkpt lat="50.821304" lon="13.888084"></trkpt>
    <trkpt lat="50.821344" lon="13.888091"></trkpt>
    <trkpt lat="50.821674" lon="13.888142"></trkpt>
    <trkpt lat="50.821899" lon="13.888177"></trkpt>
    <trkpt lat="50.822525" lon="13.888274"></trkpt>
    <trkpt lat="50.822558" lon="13.888279"></trkpt>
    <trkpt lat="50.822695" lon="13.888300"></trkpt>
    <trkpt lat="50.822899" lon="13.888327"></trkpt>
    <trkpt lat="50.822966" lon="13.888320"></trkpt>
    <trkpt lat="50.823025" lon="13.888304"></trkpt>
    <trkpt lat="50.823090" lon="13.888278"></trkpt>
    <trkpt lat="50.823151" lon="13.888243"></trkpt>
    <trkpt lat="50.823344" lon="13.888117"></trkpt>
    <trkpt lat="50.823427" lon="13.888077"></trkpt>
    <trkpt lat="50.823530" lon="13.888041"></trkpt>
    <trkpt lat="50.823658" lon="13.888011"></trkpt>
    <trkpt lat="50.824356" lon="13.887890"></trkpt>
    <trkpt lat="50.824963" lon="13.887864"></trkpt>
    <trkpt lat="50.825224" lon="13.887851"></trkpt>
    <trkpt lat="50.825720" lon="13.887796"></trkpt>
    <trkpt lat="50.826273" lon="13.887718"></trkpt>
    <trkpt lat="50.826869" lon="13.887621"></trkpt>
    <trkpt lat="50.827379" lon="13.887502"></trkpt>
    <trkpt lat="50.827909" lon="13.887368"></trkpt>
    <trkpt lat="50.828386" lon="13.887234"></trkpt>
    <trkpt lat="50.828953" lon="13.887045"></trkpt>
    <trkpt lat="50.829439" lon="13.886863"></trkpt>
    <trkpt lat="50.829698" lon="13.886762"></trkpt>
    <trkpt lat="50.830180" lon="13.886557"></trkpt>
    <trkpt lat="50.830902" lon="13.886213"></trkpt>
    <trkpt lat="50.831137" lon="13.886100"></trkpt>
    <trkpt lat="50.831256" lon="13.886035"></trkpt>
    <trkpt lat="50.832187" lon="13.885530"></trkpt>
    <trkpt lat="50.833552" lon="13.884785"></trkpt>
    <trkpt lat="50.833979" lon="13.884548"></trkpt>
    <trkpt lat="50.834741" lon="13.884155"></trkpt>
    <trkpt lat="50.835266" lon="13.883896"></trkpt>
    <trkpt lat="50.835675" lon="13.883707"></trkpt>
    <trkpt lat="50.836445" lon="13.883373"></trkpt>
    <trkpt lat="50.837250" lon="13.883061"></trkpt>
    <trkpt lat="50.838407" lon="13.882714"></trkpt>
    <trkpt lat="50.838933" lon="13.882580"></trkpt>
    <trkpt lat="50.839544" lon="13.882434"></trkpt>
    <trkpt lat="50.840023" lon="13.882342"></trkpt>
    <trkpt lat="50.840851" lon="13.882216"></trkpt>
    <trkpt lat="50.841864" lon="13.882080"></trkpt>
    <trkpt lat="50.843011" lon="13.881947"></trkpt>
    <trkpt lat="50.843372" lon="13.881909"></trkpt>
    <trkpt lat="50.843926" lon="13.881844"></trkpt>
    <trkpt lat="50.844461" lon="13.881774"></trkpt>
    <trkpt lat="50.845009" lon="13.881698"></trkpt>
    <trkpt lat="50.845708" lon="13.881561"></trkpt>
    <trkpt lat="50.846384" lon="13.881417"></trkpt>
    <trkpt lat="50.847210" lon="13.881203"></trkpt>
    <trkpt lat="50.847454" lon="13.881133"></trkpt>
    <trkpt lat="50.847859" lon="13.880998"></trkpt>
    <trkpt lat="50.848591" lon="13.880737"></trkpt>
    <trkpt lat="50.849302" lon="13.880458"></trkpt>
    <trkpt lat="50.849993" lon="13.880166"></trkpt>
    <trkpt lat="50.850884" lon="13.879726"></trkpt>
    <trkpt lat="50.851598" lon="13.879321"></trkpt>
    <trkpt lat="50.851760" lon="13.879229"></trkpt>
    <trkpt lat="50.852838" lon="13.878557"></trkpt>
    <trkpt lat="50.853969" lon="13.877787"></trkpt>
    <trkpt lat="50.855067" lon="13.877013"></trkpt>
    <trkpt lat="50.855517" lon="13.876694"></trkpt>
    <trkpt lat="50.856036" lon="13.876335"></trkpt>
    <trkpt lat="50.857049" lon="13.875676"></trkpt>
    <trkpt lat="50.858074" lon="13.874983"></trkpt>
    <trkpt lat="50.858933" lon="13.874429"></trkpt>
    <trkpt lat="50.859801" lon="13.873928"></trkpt>
    <trkpt lat="50.860705" lon="13.873453"></trkpt>
    <trkpt lat="50.861548" lon="13.873054"></trkpt>
    <trkpt lat="50.862610" lon="13.872616"></trkpt>
    <trkpt lat="50.863676" lon="13.872231"></trkpt>
    <trkpt lat="50.864201" lon="13.872065"></trkpt>
    <trkpt lat="50.864660" lon="13.871933"></trkpt>
    <trkpt lat="50.865726" lon="13.871662"></trkpt>
    <trkpt lat="50.866657" lon="13.871495"></trkpt>
    <trkpt lat="50.867423" lon="13.871385"></trkpt>
    <trkpt lat="50.867957" lon="13.871327"></trkpt>
    <trkpt lat="50.868406" lon="13.871292"></trkpt>
    <trkpt lat="50.868722" lon="13.871276"></trkpt>
    <trkpt lat="50.869341" lon="13.871247"></trkpt>
    <trkpt lat="50.870275" lon="13.871240"></trkpt>
    <trkpt lat="50.870876" lon="13.871264"></trkpt>
    <trkpt lat="50.871272" lon="13.871297"></trkpt>
    <trkpt lat="50.871974" lon="13.871357"></trkpt>
    <trkpt lat="50.872674" lon="13.871454"></trkpt>
    <trkpt lat="50.873190" lon="13.871537"></trkpt>
    <trkpt lat="50.874591" lon="13.871827"></trkpt>
    <trkpt lat="50.875526" lon="13.872107"></trkpt>
    <trkpt lat="50.876456" lon="13.872420"></trkpt>
    <trkpt lat="50.877523" lon="13.872833"></trkpt>
    <trkpt lat="50.877889" lon="13.872988"></trkpt>
    <trkpt lat="50.878235" lon="13.873146"></trkpt>
    <trkpt lat="50.878623" lon="13.873331"></trkpt>
    <trkpt lat="50.879023" lon="13.873529"></trkpt>
    <trkpt lat="50.879846" lon="13.873972"></trkpt>
    <trkpt lat="50.880276" lon="13.874227"></trkpt>
    <trkpt lat="50.880926" lon="13.874625"></trkpt>
    <trkpt lat="50.881491" lon="13.874983"></trkpt>
    <trkpt lat="50.882041" lon="13.875375"></trkpt>
    <trkpt lat="50.882378" lon="13.875601"></trkpt>
    <trkpt lat="50.882970" lon="13.876045"></trkpt>
    <trkpt lat="50.883685" lon="13.876617"></trkpt>
    <trkpt lat="50.884627" lon="13.877430"></trkpt>
    <trkpt lat="50.885847" lon="13.878580"></trkpt>
    <trkpt lat="50.886039" lon="13.878777"></trkpt>
    <trkpt lat="50.886558" lon="13.879317"></trkpt>
    <trkpt lat="50.887356" lon="13.880206"></trkpt>
    <trkpt lat="50.887648" lon="13.880542"></trkpt>
    <trkpt lat="50.888273" lon="13.881299"></trkpt>
    <trkpt lat="50.888311" lon="13.881345"></trkpt>
    <trkpt lat="50.889015" lon="13.882217"></trkpt>
    <trkpt lat="50.889417" lon="13.882740"></trkpt>
    <trkpt lat="50.890886" lon="13.884698"></trkpt>
    <trkpt lat="50.891879" lon="13.886022"></trkpt>
    <trkpt lat="50.892559" lon="13.886874"></trkpt>
    <trkpt lat="50.893115" lon="13.887510"></trkpt>
    <trkpt lat="50.893573" lon="13.888019"></trkpt>
    <trkpt lat="50.894041" lon="13.888506"></trkpt>
    <trkpt lat="50.894854" lon="13.889284"></trkpt>
    <trkpt lat="50.895630" lon="13.889958"></trkpt>
    <trkpt lat="50.896121" lon="13.890362"></trkpt>
    <trkpt lat="50.896678" lon="13.890778"></trkpt>
    <trkpt lat="50.897266" lon="13.891185"></trkpt>
    <trkpt lat="50.897798" lon="13.891533"></trkpt>
    <trkpt lat="50.898138" lon="13.891743"></trkpt>
    <trkpt lat="50.898486" lon="13.891938"></trkpt>
    <trkpt lat="50.898898" lon="13.892163"></trkpt>
    <trkpt lat="50.899537" lon="13.892478"></trkpt>
    <trkpt lat="50.900325" lon="13.892812"></trkpt>
    <trkpt lat="50.900483" lon="13.892878"></trkpt>
    <trkpt lat="50.900799" lon="13.893005"></trkpt>
    <trkpt lat="50.900941" lon="13.893059"></trkpt>
    <trkpt lat="50.900975" lon="13.893072"></trkpt>
    <trkpt lat="50.901280" lon="13.893178"></trkpt>
    <trkpt lat="50.902250" lon="13.893465"></trkpt>
    <trkpt lat="50.902572" lon="13.893540"></trkpt>
    <trkpt lat="50.903090" lon="13.893645"></trkpt>
    <trkpt lat="50.904075" lon="13.893797"></trkpt>
    <trkpt lat="50.904678" lon="13.893850"></trkpt>
    <trkpt lat="50.905195" lon="13.893878"></trkpt>
    <trkpt lat="50.905428" lon="13.893882"></trkpt>
    <trkpt lat="50.905747" lon="13.893888"></trkpt>
    <trkpt lat="50.906377" lon="13.893883"></trkpt>
    <trkpt lat="50.906944" lon="13.893838"></trkpt>
    <trkpt lat="50.907568" lon="13.893764"></trkpt>
    <trkpt lat="50.908223" lon="13.893675"></trkpt>
    <trkpt lat="50.909900" lon="13.893367"></trkpt>
    <trkpt lat="50.910181" lon="13.893317"></trkpt>
    <trkpt lat="50.911759" lon="13.893030"></trkpt>
    <trkpt lat="50.914377" lon="13.892557"></trkpt>
    <trkpt lat="50.914838" lon="13.892473"></trkpt>
    <trkpt lat="50.917922" lon="13.891900"></trkpt>
    <trkpt lat="50.918888" lon="13.891729"></trkpt>
    <trkpt lat="50.919352" lon="13.891652"></trkpt>
    <trkpt lat="50.919882" lon="13.891554"></trkpt>
    <trkpt lat="50.920838" lon="13.891379"></trkpt>
    <trkpt lat="50.923382" lon="13.890914"></trkpt>
    <trkpt lat="50.925966" lon="13.890442"></trkpt>
    <trkpt lat="50.927071" lon="13.890213"></trkpt>
    <trkpt lat="50.927903" lon="13.890007"></trkpt>
    <trkpt lat="50.928512" lon="13.889842"></trkpt>
    <trkpt lat="50.929164" lon="13.889580"></trkpt>
    <trkpt lat="50.929967" lon="13.889269"></trkpt>
    <trkpt lat="50.930645" lon="13.888932"></trkpt>
    <trkpt lat="50.931645" lon="13.888378"></trkpt>
    <trkpt lat="50.932097" lon="13.888097"></trkpt>
    <trkpt lat="50.932697" lon="13.887705"></trkpt>
    <trkpt lat="50.933639" lon="13.887010"></trkpt>
    <trkpt lat="50.934081" lon="13.886657"></trkpt>
    <trkpt lat="50.934516" lon="13.886289"></trkpt>
    <trkpt lat="50.935792" lon="13.885085"></trkpt>
    <trkpt lat="50.936146" lon="13.884712"></trkpt>
    <trkpt lat="50.936844" lon="13.883937"></trkpt>
    <trkpt lat="50.937708" lon="13.882908"></trkpt>
    <trkpt lat="50.938596" lon="13.881691"></trkpt>
    <trkpt lat="50.939546" lon="13.880262"></trkpt>
    <trkpt lat="50.940662" lon="13.878547"></trkpt>
    <trkpt lat="50.941772" lon="13.876971"></trkpt>
    <trkpt lat="50.942500" lon="13.876106"></trkpt>
    <trkpt lat="50.943159" lon="13.875426"></trkpt>
    <trkpt lat="50.943313" lon="13.875279"></trkpt>
    <trkpt lat="50.943753" lon="13.874868"></trkpt>
    <trkpt lat="50.943999" lon="13.874664"></trkpt>
    <trkpt lat="50.944563" lon="13.874228"></trkpt>
    <trkpt lat="50.944917" lon="13.873979"></trkpt>
    <trkpt lat="50.945665" lon="13.873511"></trkpt>
    <trkpt lat="50.946161" lon="13.873241"></trkpt>
    <trkpt lat="50.946531" lon="13.873062"></trkpt>
    <trkpt lat="50.947107" lon="13.872828"></trkpt>
    <trkpt lat="50.947425" lon="13.872718"></trkpt>
    <trkpt lat="50.948055" lon="13.872535"></trkpt>
    <trkpt lat="50.948712" lon="13.872376"></trkpt>
    <trkpt lat="50.949830" lon="13.872149"></trkpt>
    <trkpt lat="50.950804" lon="13.871913"></trkpt>
    <trkpt lat="50.951372" lon="13.871723"></trkpt>
    <trkpt lat="50.951527" lon="13.871667"></trkpt>
    <trkpt lat="50.952009" lon="13.871484"></trkpt>
    <trkpt lat="50.952690" lon="13.871144"></trkpt>
    <trkpt lat="50.953257" lon="13.870810"></trkpt>
    <trkpt lat="50.953850" lon="13.870436"></trkpt>
    <trkpt lat="50.954792" lon="13.869688"></trkpt>
    <trkpt lat="50.955438" lon="13.869102"></trkpt>
    <trkpt lat="50.955638" lon="13.868899"></trkpt>
    <trkpt lat="50.955885" lon="13.868648"></trkpt>
    <trkpt lat="50.956241" lon="13.868275"></trkpt>
    <trkpt lat="50.956765" lon="13.867634"></trkpt>
    <trkpt lat="50.957260" lon="13.867003"></trkpt>
    <trkpt lat="50.957855" lon="13.866126"></trkpt>
    <trkpt lat="50.958688" lon="13.864691"></trkpt>
    <trkpt lat="50.958885" lon="13.864322"></trkpt>
    <trkpt lat="50.958983" lon="13.864123"></trkpt>
    <trkpt lat="50.959104" lon="13.863879"></trkpt>
    <trkpt lat="50.961747" lon="13.858469"></trkpt>
    <trkpt lat="50.962089" lon="13.857785"></trkpt>
    <trkpt lat="50.963807" lon="13.854246"></trkpt>
    <trkpt lat="50.964367" lon="13.853103"></trkpt>
    <trkpt lat="50.964512" lon="13.852804"></trkpt>
    <trkpt lat="50.964939" lon="13.851922"></trkpt>
    <trkpt lat="50.965503" lon="13.850734"></trkpt>
    <trkpt lat="50.965943" lon="13.849748"></trkpt>
    <trkpt lat="50.966187" lon="13.849172"></trkpt>
    <trkpt lat="50.966431" lon="13.848573"></trkpt>
    <trkpt lat="50.966709" lon="13.847819"></trkpt>
    <trkpt lat="50.967010" lon="13.846961"></trkpt>
    <trkpt lat="50.967306" lon="13.846040"></trkpt>
    <trkpt lat="50.967604" lon="13.845003"></trkpt>
    <trkpt lat="50.967669" lon="13.844779"></trkpt>
    <trkpt lat="50.967845" lon="13.844092"></trkpt>
    <trkpt lat="50.968011" lon="13.843395"></trkpt>
    <trkpt lat="50.968184" lon="13.842607"></trkpt>
    <trkpt lat="50.968308" lon="13.842008"></trkpt>
    <trkpt lat="50.968369" lon="13.841712"></trkpt>
    <trkpt lat="50.968433" lon="13.841373"></trkpt>
    <trkpt lat="50.968529" lon="13.840871"></trkpt>
    <trkpt lat="50.968621" lon="13.840346"></trkpt>
    <trkpt lat="50.968751" lon="13.839465"></trkpt>
    <trkpt lat="50.968856" lon="13.838612"></trkpt>
    <trkpt lat="50.968917" lon="13.838058"></trkpt>
    <trkpt lat="50.969006" lon="13.837098"></trkpt>
    <trkpt lat="50.969072" lon="13.836296"></trkpt>
    <trkpt lat="50.969192" lon="13.834503"></trkpt>
    <trkpt lat="50.969272" lon="13.833364"></trkpt>
    <trkpt lat="50.969326" lon="13.832573"></trkpt>
    <trkpt lat="50.969460" lon="13.830969"></trkpt>
    <trkpt lat="50.969595" lon="13.829681"></trkpt>
    <trkpt lat="50.969673" lon="13.829088"></trkpt>
    <trkpt lat="50.969760" lon="13.828455"></trkpt>
    <trkpt lat="50.969864" lon="13.827789"></trkpt>
    <trkpt lat="50.969977" lon="13.827129"></trkpt>
    <trkpt lat="50.970130" lon="13.826347"></trkpt>
    <trkpt lat="50.970212" lon="13.825946"></trkpt>
    <trkpt lat="50.970362" lon="13.825261"></trkpt>
    <trkpt lat="50.970671" lon="13.824010"></trkpt>
    <trkpt lat="50.970870" lon="13.823301"></trkpt>
    <trkpt lat="50.971085" lon="13.822582"></trkpt>
    <trkpt lat="50.971282" lon="13.821947"></trkpt>
    <trkpt lat="50.971849" lon="13.820337"></trkpt>
    <trkpt lat="50.972108" lon="13.819678"></trkpt>
    <trkpt lat="50.972276" lon="13.819233"></trkpt>
    <trkpt lat="50.972750" lon="13.818094"></trkpt>
    <trkpt lat="50.973285" lon="13.816741"></trkpt>
    <trkpt lat="50.973659" lon="13.815807"></trkpt>
    <trkpt lat="50.974173" lon="13.814477"></trkpt>
    <trkpt lat="50.974378" lon="13.813915"></trkpt>
    <trkpt lat="50.974433" lon="13.813757"></trkpt>
    <trkpt lat="50.974672" lon="13.813063"></trkpt>
    <trkpt lat="50.974855" lon="13.812508"></trkpt>
    <trkpt lat="50.975028" lon="13.811962"></trkpt>
    <trkpt lat="50.975348" lon="13.810901"></trkpt>
    <trkpt lat="50.975452" lon="13.810510"></trkpt>
    <trkpt lat="50.975726" lon="13.809467"></trkpt>
    <trkpt lat="50.975866" lon="13.808912"></trkpt>
    <trkpt lat="50.976122" lon="13.807768"></trkpt>
    <trkpt lat="50.976217" lon="13.807333"></trkpt>
    <trkpt lat="50.976581" lon="13.805513"></trkpt>
    <trkpt lat="50.976754" lon="13.804578"></trkpt>
    <trkpt lat="50.977031" lon="13.803125"></trkpt>
    <trkpt lat="50.977327" lon="13.801677"></trkpt>
    <trkpt lat="50.977411" lon="13.801296"></trkpt>
    <trkpt lat="50.977596" lon="13.800505"></trkpt>
    <trkpt lat="50.977867" lon="13.799422"></trkpt>
    <trkpt lat="50.977989" lon="13.798995"></trkpt>
    <trkpt lat="50.978175" lon="13.798367"></trkpt>
    <trkpt lat="50.978520" lon="13.797298"></trkpt>
    <trkpt lat="50.978768" lon="13.796539"></trkpt>
    <trkpt lat="50.978922" lon="13.796082"></trkpt>
    <trkpt lat="50.979142" lon="13.795462"></trkpt>
    <trkpt lat="50.979392" lon="13.794787"></trkpt>
    <trkpt lat="50.979611" lon="13.794233"></trkpt>
    <trkpt lat="50.980085" lon="13.793066"></trkpt>
    <trkpt lat="50.980368" lon="13.792426"></trkpt>
    <trkpt lat="50.980642" lon="13.791816"></trkpt>
    <trkpt lat="50.980955" lon="13.791176"></trkpt>
    <trkpt lat="50.981260" lon="13.790536"></trkpt>
    <trkpt lat="50.982269" lon="13.788620"></trkpt>
    <trkpt lat="50.982346" lon="13.788472"></trkpt>
    <trkpt lat="50.982963" lon="13.787307"></trkpt>
    <trkpt lat="50.983405" lon="13.786443"></trkpt>
    <trkpt lat="50.983846" lon="13.785544"></trkpt>
    <trkpt lat="50.984319" lon="13.784532"></trkpt>
    <trkpt lat="50.984774" lon="13.783497"></trkpt>
    <trkpt lat="50.985000" lon="13.782960"></trkpt>
    <trkpt lat="50.985280" lon="13.782285"></trkpt>
    <trkpt lat="50.986006" lon="13.780451"></trkpt>
    <trkpt lat="50.986717" lon="13.778629"></trkpt>
    <trkpt lat="50.987406" lon="13.776963"></trkpt>
    <trkpt lat="50.987599" lon="13.776535"></trkpt>
    <trkpt lat="50.987887" lon="13.775894"></trkpt>
    <trkpt lat="50.988274" lon="13.775089"></trkpt>
    <trkpt lat="50.988556" lon="13.774541"></trkpt>
    <trkpt lat="50.988977" lon="13.773760"></trkpt>
    <trkpt lat="50.989370" lon="13.773072"></trkpt>
    <trkpt lat="50.989556" lon="13.772745"></trkpt>
    <trkpt lat="50.989864" lon="13.772237"></trkpt>
    <trkpt lat="50.990304" lon="13.771545"></trkpt>
    <trkpt lat="50.990767" lon="13.770848"></trkpt>
    <trkpt lat="50.991190" lon="13.770232"></trkpt>
    <trkpt lat="50.991405" lon="13.769914"></trkpt>
    <trkpt lat="50.992130" lon="13.768860"></trkpt>
    <trkpt lat="50.992615" lon="13.768154"></trkpt>
    <trkpt lat="50.993086" lon="13.767434"></trkpt>
    <trkpt lat="50.993372" lon="13.766981"></trkpt>
    <trkpt lat="50.993599" lon="13.766609"></trkpt>
    <trkpt lat="50.993676" lon="13.766478"></trkpt>
    <trkpt lat="50.994356" lon="13.765276"></trkpt>
    <trkpt lat="50.994811" lon="13.764408"></trkpt>
    <trkpt lat="50.995109" lon="13.763804"></trkpt>
    <trkpt lat="50.995290" lon="13.763425"></trkpt>
    <trkpt lat="50.995439" lon="13.763106"></trkpt>
    <trkpt lat="50.995650" lon="13.762650"></trkpt>
    <trkpt lat="50.995886" lon="13.762117"></trkpt>
    <trkpt lat="50.996115" lon="13.761573"></trkpt>
    <trkpt lat="50.996349" lon="13.760992"></trkpt>
    <trkpt lat="50.996584" lon="13.760385"></trkpt>
    <trkpt lat="50.996808" lon="13.759782"></trkpt>
    <trkpt lat="50.996962" lon="13.759353"></trkpt>
    <trkpt lat="50.997108" lon="13.758924"></trkpt>
    <trkpt lat="50.997397" lon="13.758047"></trkpt>
    <trkpt lat="50.997701" lon="13.757046"></trkpt>
    <trkpt lat="50.998007" lon="13.756001"></trkpt>
    <trkpt lat="50.998376" lon="13.754684"></trkpt>
    <trkpt lat="50.998479" lon="13.754319"></trkpt>
    <trkpt lat="50.998714" lon="13.753474"></trkpt>
    <trkpt lat="50.998963" lon="13.752621"></trkpt>
    <trkpt lat="50.999124" lon="13.752094"></trkpt>
    <trkpt lat="50.999376" lon="13.751321"></trkpt>
    <trkpt lat="50.999641" lon="13.750554"></trkpt>
    <trkpt lat="50.999903" lon="13.749848"></trkpt>
    <trkpt lat="51.000174" lon="13.749168"></trkpt>
    <trkpt lat="51.000289" lon="13.748887"></trkpt>
    <trkpt lat="51.000471" lon="13.748471"></trkpt>
    <trkpt lat="51.000559" lon="13.748265"></trkpt>
    <trkpt lat="51.000976" lon="13.747395"></trkpt>
    <trkpt lat="51.000980" lon="13.747386"></trkpt>
    <trkpt lat="51.001152" lon="13.747022"></trkpt>
    <trkpt lat="51.001424" lon="13.746471"></trkpt>
    <trkpt lat="51.001845" lon="13.745704"></trkpt>
    <trkpt lat="51.002315" lon="13.744887"></trkpt>
    <trkpt lat="51.003112" lon="13.743607"></trkpt>
    <trkpt lat="51.003382" lon="13.743173"></trkpt>
    <trkpt lat="51.003687" lon="13.742687"></trkpt>
    <trkpt lat="51.004108" lon="13.741998"></trkpt>
    <trkpt lat="51.004287" lon="13.741697"></trkpt>
    <trkpt lat="51.004465" lon="13.741374"></trkpt>
    <trkpt lat="51.004636" lon="13.741058"></trkpt>
    <trkpt lat="51.004815" lon="13.740709"></trkpt>
    <trkpt lat="51.004941" lon="13.740465"></trkpt>
    <trkpt lat="51.005197" lon="13.739923"></trkpt>
    <trkpt lat="51.005399" lon="13.739466"></trkpt>
    <trkpt lat="51.005579" lon="13.739047"></trkpt>
    <trkpt lat="51.005752" lon="13.738605"></trkpt>
    <trkpt lat="51.005907" lon="13.738193"></trkpt>
    <trkpt lat="51.006056" lon="13.737792"></trkpt>
    <trkpt lat="51.006202" lon="13.737375"></trkpt>
    <trkpt lat="51.006297" lon="13.737092"></trkpt>
    <trkpt lat="51.006494" lon="13.736477"></trkpt>
    <trkpt lat="51.006639" lon="13.735984"></trkpt>
    <trkpt lat="51.006770" lon="13.735497"></trkpt>
    <trkpt lat="51.006884" lon="13.735041"></trkpt>
    <trkpt lat="51.007010" lon="13.734519"></trkpt>
    <trkpt lat="51.007127" lon="13.733977"></trkpt>
    <trkpt lat="51.007522" lon="13.732047"></trkpt>
    <trkpt lat="51.007672" lon="13.731299"></trkpt>
    <trkpt lat="51.007756" lon="13.730879"></trkpt>
    <trkpt lat="51.007769" lon="13.730821"></trkpt>
    <trkpt lat="51.007835" lon="13.730494"></trkpt>
    <trkpt lat="51.007902" lon="13.730155"></trkpt>
    <trkpt lat="51.007977" lon="13.729792"></trkpt>
    <trkpt lat="51.008087" lon="13.729256"></trkpt>
    <trkpt lat="51.008286" lon="13.728317"></trkpt>
    <trkpt lat="51.008477" lon="13.727933"></trkpt>
    <trkpt lat="51.008548" lon="13.727813"></trkpt>
    <trkpt lat="51.008607" lon="13.727763"></trkpt>
    <trkpt lat="51.008707" lon="13.727698"></trkpt>
    <trkpt lat="51.008809" lon="13.727667"></trkpt>
    <trkpt lat="51.008861" lon="13.727662"></trkpt>
    <trkpt lat="51.008917" lon="13.727668"></trkpt>
    <trkpt lat="51.008958" lon="13.727672"></trkpt>
    <trkpt lat="51.009060" lon="13.727715"></trkpt>
    <trkpt lat="51.009145" lon="13.727779"></trkpt>
    <trkpt lat="51.009210" lon="13.727855"></trkpt>
    <trkpt lat="51.009292" lon="13.727984"></trkpt>
    <trkpt lat="51.009355" lon="13.728119"></trkpt>
    <trkpt lat="51.009470" lon="13.728493"></trkpt>
    <trkpt lat="51.009741" lon="13.729366"></trkpt>
    <trkpt lat="51.009819" lon="13.729592"></trkpt>
    <trkpt lat="51.009887" lon="13.729756"></trkpt>
    <trkpt lat="51.009963" lon="13.729891"></trkpt>
    <trkpt lat="51.010146" lon="13.729711"></trkpt>
    <trkpt lat="51.010327" lon="13.729413"></trkpt>
    <trkpt lat="51.010473" lon="13.729126"></trkpt>
    <trkpt lat="51.010603" lon="13.728836"></trkpt>
    <trkpt lat="51.010670" lon="13.728586"></trkpt>
    <trkpt lat="51.010722" lon="13.728374"></trkpt>
    <trkpt lat="51.010800" lon="13.727898"></trkpt>
    <trkpt lat="51.010877" lon="13.726521"></trkpt>
    <trkpt lat="51.010909" lon="13.726256"></trkpt>
    <trkpt lat="51.010969" lon="13.725947"></trkpt>
    <trkpt lat="51.011054" lon="13.725618"></trkpt>
    <trkpt lat="51.011138" lon="13.725381"></trkpt>
    <trkpt lat="51.011233" lon="13.725149"></trkpt>
    <trkpt lat="51.011417" lon="13.724812"></trkpt>
    <trkpt lat="51.011724" lon="13.724394"></trkpt>
    <trkpt lat="51.012598" lon="13.723703"></trkpt>
    <trkpt lat="51.013103" lon="13.723155"></trkpt>
    <trkpt lat="51.013316" lon="13.722970"></trkpt>
    <trkpt lat="51.013559" lon="13.722815"></trkpt>
    <trkpt lat="51.013727" lon="13.722751"></trkpt>
    <trkpt lat="51.013905" lon="13.722721"></trkpt>
    <trkpt lat="51.014061" lon="13.722723"></trkpt>
    <trkpt lat="51.014205" lon="13.722766"></trkpt>
    <trkpt lat="51.014475" lon="13.722853"></trkpt>
    <trkpt lat="51.014711" lon="13.722990"></trkpt>
    <trkpt lat="51.014868" lon="13.723119"></trkpt>
    <trkpt lat="51.015050" lon="13.723329"></trkpt>
    <trkpt lat="51.015239" lon="13.723643"></trkpt>
    <trkpt lat="51.015360" lon="13.723921"></trkpt>
    <trkpt lat="51.015454" lon="13.724226"></trkpt>
    <trkpt lat="51.015511" lon="13.724488"></trkpt>
    <trkpt lat="51.015565" lon="13.724869"></trkpt>
    <trkpt lat="51.015654" lon="13.726090"></trkpt>
    <trkpt lat="51.015699" lon="13.726520"></trkpt>
    <trkpt lat="51.015757" lon="13.726855"></trkpt>
    <trkpt lat="51.015843" lon="13.727239"></trkpt>
    <trkpt lat="51.015975" lon="13.727655"></trkpt>
    <trkpt lat="51.016152" lon="13.728049"></trkpt>
    <trkpt lat="51.016321" lon="13.728353"></trkpt>
    <trkpt lat="51.016444" lon="13.728567"></trkpt>
    <trkpt lat="51.016613" lon="13.728784"></trkpt>
    <trkpt lat="51.016845" lon="13.729016"></trkpt>
    <trkpt lat="51.017019" lon="13.729158"></trkpt>
    <trkpt lat="51.017201" lon="13.729270"></trkpt>
    <trkpt lat="51.017335" lon="13.729340"></trkpt>
    <trkpt lat="51.017455" lon="13.729374"></trkpt>
    <trkpt lat="51.017601" lon="13.729416"></trkpt>
    <trkpt lat="51.017849" lon="13.729462"></trkpt>
    <trkpt lat="51.017988" lon="13.729469"></trkpt>
    <trkpt lat="51.018267" lon="13.729440"></trkpt>
    <trkpt lat="51.018736" lon="13.729369"></trkpt>
    <trkpt lat="51.019061" lon="13.729316"></trkpt>
    <trkpt lat="51.019222" lon="13.729300"></trkpt>
    <trkpt lat="51.019373" lon="13.729287"></trkpt>
    <trkpt lat="51.019488" lon="13.729289"></trkpt>
    <trkpt lat="51.019604" lon="13.729299"></trkpt>
    <trkpt lat="51.019687" lon="13.729309"></trkpt>
    <trkpt lat="51.019807" lon="13.729336"></trkpt>
    <trkpt lat="51.019937" lon="13.729382"></trkpt>
    <trkpt lat="51.020105" lon="13.729441"></trkpt>
    <trkpt lat="51.020303" lon="13.729540"></trkpt>
    <trkpt lat="51.021645" lon="13.730204"></trkpt>
    <trkpt lat="51.021868" lon="13.730306"></trkpt>
    <trkpt lat="51.022125" lon="13.730415"></trkpt>
    <trkpt lat="51.022903" lon="13.730548"></trkpt>
    <trkpt lat="51.023534" lon="13.730651"></trkpt>
    <trkpt lat="51.024124" lon="13.730781"></trkpt>
    <trkpt lat="51.024238" lon="13.730816"></trkpt>
    <trkpt lat="51.024363" lon="13.730871"></trkpt>
    <trkpt lat="51.024472" lon="13.730925"></trkpt>
    <trkpt lat="51.024595" lon="13.731024"></trkpt>
    <trkpt lat="51.024681" lon="13.731134"></trkpt>
    <trkpt lat="51.024768" lon="13.731263"></trkpt>
    <trkpt lat="51.024875" lon="13.731430"></trkpt>
    <trkpt lat="51.024975" lon="13.731578"></trkpt>
    <trkpt lat="51.025094" lon="13.731730"></trkpt>
    <trkpt lat="51.025213" lon="13.731831"></trkpt>
    <trkpt lat="51.025235" lon="13.731847"></trkpt>
    <trkpt lat="51.025266" lon="13.731861"></trkpt>
    <trkpt lat="51.025399" lon="13.731913"></trkpt>
    <trkpt lat="51.025485" lon="13.731924"></trkpt>
    <trkpt lat="51.025505" lon="13.731926"></trkpt>
    <trkpt lat="51.025527" lon="13.731926"></trkpt>
    <trkpt lat="51.025601" lon="13.731919"></trkpt>
    <trkpt lat="51.025680" lon="13.731901"></trkpt>
    <trkpt lat="51.025739" lon="13.731886"></trkpt>
    <trkpt lat="51.025864" lon="13.731856"></trkpt>
    <trkpt lat="51.026320" lon="13.731740"></trkpt>
    <trkpt lat="51.026515" lon="13.731698"></trkpt>
    <trkpt lat="51.026623" lon="13.731684"></trkpt>
    <trkpt lat="51.026881" lon="13.731664"></trkpt>
    <trkpt lat="51.027028" lon="13.731629"></trkpt>
    <trkpt lat="51.027082" lon="13.731613"></trkpt>
    <trkpt lat="51.027249" lon="13.731567"></trkpt>
    <trkpt lat="51.027407" lon="13.731518"></trkpt>
    <trkpt lat="51.027589" lon="13.731461"></trkpt>
    <trkpt lat="51.028012" lon="13.731306"></trkpt>
    <trkpt lat="51.028468" lon="13.731183"></trkpt>
    <trkpt lat="51.028815" lon="13.731104"></trkpt>
    <trkpt lat="51.029115" lon="13.731061"></trkpt>
    <trkpt lat="51.029435" lon="13.730983"></trkpt>
    <trkpt lat="51.029457" lon="13.730978"></trkpt>
    <trkpt lat="51.029828" lon="13.730894"></trkpt>
    <trkpt lat="51.029830" lon="13.730893"></trkpt>
    <trkpt lat="51.029899" lon="13.730880"></trkpt>
    <trkpt lat="51.030047" lon="13.730852"></trkpt>
    <trkpt lat="51.030206" lon="13.730826"></trkpt>
    <trkpt lat="51.030433" lon="13.730780"></trkpt>
    <trkpt lat="51.030491" lon="13.730764"></trkpt>
    <trkpt lat="51.030575" lon="13.730741"></trkpt>
    <trkpt lat="51.030713" lon="13.730704"></trkpt>
    <trkpt lat="51.030891" lon="13.730616"></trkpt>
    <trkpt lat="51.031068" lon="13.730542"></trkpt>
    <trkpt lat="51.031820" lon="13.730346"></trkpt>
    <trkpt lat="51.032256" lon="13.730240"></trkpt>
    <trkpt lat="51.032301" lon="13.730229"></trkpt>
    <trkpt lat="51.032418" lon="13.730212"></trkpt>
    <trkpt lat="51.032507" lon="13.730204"></trkpt>
    <trkpt lat="51.032597" lon="13.730210"></trkpt>
    <trkpt lat="51.032633" lon="13.730213"></trkpt>
    <trkpt lat="51.032741" lon="13.730246"></trkpt>
    <trkpt lat="51.032891" lon="13.730335"></trkpt>
    <trkpt lat="51.032953" lon="13.730383"></trkpt>
    <trkpt lat="51.033155" lon="13.730540"></trkpt>
    <trkpt lat="51.033531" lon="13.730729"></trkpt>
    <trkpt lat="51.033836" lon="13.730890"></trkpt>
    <trkpt lat="51.034131" lon="13.731116"></trkpt>
    <trkpt lat="51.034212" lon="13.731167"></trkpt>
    <trkpt lat="51.034241" lon="13.731181"></trkpt>
    <trkpt lat="51.034383" lon="13.731250"></trkpt>
    <trkpt lat="51.034463" lon="13.731286"></trkpt>
    <trkpt lat="51.034545" lon="13.731323"></trkpt>
    <trkpt lat="51.034561" lon="13.731331"></trkpt>
    <trkpt lat="51.034796" lon="13.731443"></trkpt>
    <trkpt lat="51.034817" lon="13.731454"></trkpt>
    <trkpt lat="51.035125" lon="13.731574"></trkpt>
    <trkpt lat="51.035198" lon="13.731609"></trkpt>
    <trkpt lat="51.035302" lon="13.731656"></trkpt>
    <trkpt lat="51.035875" lon="13.731924"></trkpt>
    <trkpt lat="51.035907" lon="13.731939"></trkpt>
    <trkpt lat="51.037567" lon="13.732721"></trkpt>
    <trkpt lat="51.038170" lon="13.733020"></trkpt>
    <trkpt lat="51.038267" lon="13.733065"></trkpt>
    <trkpt lat="51.038692" lon="13.733263"></trkpt>
    <trkpt lat="51.038738" lon="13.733288"></trkpt>
    <trkpt lat="51.038775" lon="13.733309"></trkpt>
    <trkpt lat="51.038836" lon="13.733342"></trkpt>
    <trkpt lat="51.038880" lon="13.733362"></trkpt>
    <trkpt lat="51.038966" lon="13.733415"></trkpt>
    <trkpt lat="51.039048" lon="13.733470"></trkpt>
    <trkpt lat="51.039063" lon="13.733481"></trkpt>
    <trkpt lat="51.039462" lon="13.733801"></trkpt>
    <trkpt lat="51.039602" lon="13.733915"></trkpt>
    <trkpt lat="51.039836" lon="13.734102"></trkpt>
    <trkpt lat="51.040044" lon="13.734271"></trkpt>
    <trkpt lat="51.040069" lon="13.734291"></trkpt>
    <trkpt lat="51.040124" lon="13.734337"></trkpt>
    <trkpt lat="51.040173" lon="13.734375"></trkpt>
    <trkpt lat="51.040255" lon="13.734441"></trkpt>
    <trkpt lat="51.040298" lon="13.734475"></trkpt>
    <trkpt lat="51.040432" lon="13.734583"></trkpt>
    <trkpt lat="51.040442" lon="13.734592"></trkpt>
    <trkpt lat="51.040457" lon="13.734603"></trkpt>
    <trkpt lat="51.040477" lon="13.734619"></trkpt>
    <trkpt lat="51.040507" lon="13.734643"></trkpt>
    <trkpt lat="51.040592" lon="13.734712"></trkpt>
    <trkpt lat="51.040748" lon="13.734836"></trkpt>
    <trkpt lat="51.040869" lon="13.734934"></trkpt>
    <trkpt lat="51.040904" lon="13.734964"></trkpt>
    <trkpt lat="51.040933" lon="13.734990"></trkpt>
    <trkpt lat="51.041239" lon="13.735274"></trkpt>
    <trkpt lat="51.041613" lon="13.735667"></trkpt>
    <trkpt lat="51.041706" lon="13.735785"></trkpt>
    <trkpt lat="51.041767" lon="13.735866"></trkpt>
    <trkpt lat="51.041831" lon="13.735931"></trkpt>
    <trkpt lat="51.041896" lon="13.735997"></trkpt>
    <trkpt lat="51.042081" lon="13.736184"></trkpt>
    <trkpt lat="51.042187" lon="13.736291"></trkpt>
    <trkpt lat="51.042265" lon="13.736369"></trkpt>
    <trkpt lat="51.042355" lon="13.736460"></trkpt>
    <trkpt lat="51.042371" lon="13.736476"></trkpt>
    <trkpt lat="51.042879" lon="13.736990"></trkpt>
    <trkpt lat="51.043360" lon="13.737604"></trkpt>
    <trkpt lat="51.043548" lon="13.737849"></trkpt>
    <trkpt lat="51.043718" lon="13.738070"></trkpt>
    <trkpt lat="51.044043" lon="13.738487"></trkpt>
    <trkpt lat="51.044138" lon="13.738612"></trkpt>
    <trkpt lat="51.044683" lon="13.739327"></trkpt>
    <trkpt lat="51.044743" lon="13.739406"></trkpt>
    <trkpt lat="51.044811" lon="13.739498"></trkpt>
    <trkpt lat="51.045145" lon="13.739953"></trkpt>
    <trkpt lat="51.045175" lon="13.739993"></trkpt>
    <trkpt lat="51.045243" lon="13.740099"></trkpt>
    <trkpt lat="51.045372" lon="13.740298"></trkpt>
    <trkpt lat="51.045430" lon="13.740402"></trkpt>
    <trkpt lat="51.045853" lon="13.741189"></trkpt>
    <trkpt lat="51.045874" lon="13.741231"></trkpt>
    <trkpt lat="51.045974" lon="13.741439"></trkpt>
    <trkpt lat="51.046111" lon="13.741747"></trkpt>
    <trkpt lat="51.046173" lon="13.741886"></trkpt>
    <trkpt lat="51.046335" lon="13.741770"></trkpt>
    <trkpt lat="51.046394" lon="13.741709"></trkpt>
    <trkpt lat="51.046492" lon="13.741613"></trkpt>
    <trkpt lat="51.046550" lon="13.741558"></trkpt>
    <trkpt lat="51.046603" lon="13.741499"></trkpt>
    <trkpt lat="51.046605" lon="13.741496"></trkpt>
    <trkpt lat="51.046643" lon="13.741458"></trkpt>
    <trkpt lat="51.046659" lon="13.741442"></trkpt>
    <trkpt lat="51.046675" lon="13.741425"></trkpt>
    <trkpt lat="51.046719" lon="13.741379"></trkpt>
    <trkpt lat="51.046947" lon="13.741151"></trkpt>
    <trkpt lat="51.046988" lon="13.741109"></trkpt>
    <trkpt lat="51.047030" lon="13.741067"></trkpt>
    <trkpt lat="51.047049" lon="13.741046"></trkpt>
    <trkpt lat="51.047066" lon="13.741030"></trkpt>
    <trkpt lat="51.047164" lon="13.740926"></trkpt>
    <trkpt lat="51.047213" lon="13.740859"></trkpt>
    <trkpt lat="51.047251" lon="13.740757"></trkpt>
    <trkpt lat="51.047284" lon="13.740553"></trkpt>
    <trkpt lat="51.047322" lon="13.739380"></trkpt>
    <trkpt lat="51.047323" lon="13.739326"></trkpt>
    <trkpt lat="51.047326" lon="13.739245"></trkpt>
    <trkpt lat="51.047330" lon="13.739088"></trkpt>
    <trkpt lat="51.047345" lon="13.738660"></trkpt>
    <trkpt lat="51.047349" lon="13.738546"></trkpt>
    <trkpt lat="51.047348" lon="13.738399"></trkpt>
    <trkpt lat="51.047288" lon="13.737076"></trkpt>
    <trkpt lat="51.047284" lon="13.737000"></trkpt>
    <trkpt lat="51.047275" lon="13.736829"></trkpt>
    <trkpt lat="51.047259" lon="13.736543"></trkpt>
    <trkpt lat="51.047236" lon="13.736158"></trkpt>
    <trkpt lat="51.047213" lon="13.735692"></trkpt>
    <trkpt lat="51.047183" lon="13.735358"></trkpt>
    <trkpt lat="51.047161" lon="13.735177"></trkpt>
    <trkpt lat="51.047139" lon="13.735058"></trkpt>
    <trkpt lat="51.047121" lon="13.734980"></trkpt>
    <trkpt lat="51.047106" lon="13.734919"></trkpt>
    <trkpt lat="51.047096" lon="13.734884"></trkpt>
    <trkpt lat="51.047069" lon="13.734799"></trkpt>
    <trkpt lat="51.047027" lon="13.734680"></trkpt>
    <trkpt lat="51.047001" lon="13.734593"></trkpt>
    <trkpt lat="51.046913" lon="13.734264"></trkpt>
    <trkpt lat="51.046920" lon="13.733892"></trkpt>
    <trkpt lat="51.046944" lon="13.733785"></trkpt>
    <trkpt lat="51.046957" lon="13.733756"></trkpt>
    <trkpt lat="51.047028" lon="13.733676"></trkpt>
    <trkpt lat="51.047133" lon="13.733619"></trkpt>
    <trkpt lat="51.047383" lon="13.733519"></trkpt>
    <trkpt lat="51.047850" lon="13.733332"></trkpt>
    <trkpt lat="51.047888" lon="13.733318"></trkpt>
    <trkpt lat="51.048035" lon="13.733266"></trkpt>
    <trkpt lat="51.048138" lon="13.733230"></trkpt>
    <trkpt lat="51.048427" lon="13.733108"></trkpt>
    <trkpt lat="51.048497" lon="13.733080"></trkpt>
    <trkpt lat="51.048522" lon="13.733070"></trkpt>
    <trkpt lat="51.048599" lon="13.733039"></trkpt>
    <trkpt lat="51.048656" lon="13.733016"></trkpt>
    <trkpt lat="51.049258" lon="13.732775"></trkpt>
    <trkpt lat="51.049325" lon="13.732748"></trkpt>
    <trkpt lat="51.049391" lon="13.732720"></trkpt>
    <trkpt lat="51.049408" lon="13.732713"></trkpt>
    <trkpt lat="51.049565" lon="13.732646"></trkpt>
    <trkpt lat="51.049623" lon="13.732622"></trkpt>
    <trkpt lat="51.049640" lon="13.732616"></trkpt>
    <trkpt lat="51.049980" lon="13.732478"></trkpt>
    <trkpt lat="51.050022" lon="13.732463"></trkpt>
    <trkpt lat="51.050374" lon="13.732343"></trkpt>
    <trkpt lat="51.050446" lon="13.732324"></trkpt>
    <trkpt lat="51.050491" lon="13.732312"></trkpt>
    <trkpt lat="51.050608" lon="13.732329"></trkpt>
    <trkpt lat="51.050674" lon="13.732346"></trkpt>
    <trkpt lat="51.050720" lon="13.732360"></trkpt>
    <trkpt lat="51.050830" lon="13.732394"></trkpt>
    <trkpt lat="51.050852" lon="13.732400"></trkpt>
    <trkpt lat="51.050936" lon="13.732426"></trkpt>
    <trkpt lat="51.050924" lon="13.732545"></trkpt>
    <trkpt lat="51.050911" lon="13.732679"></trkpt>
    <trkpt lat="51.050870" lon="13.732960"></trkpt>
    <trkpt lat="51.050796" lon="13.733164"></trkpt>
    <trkpt lat="51.050765" lon="13.733251"></trkpt>
    <trkpt lat="51.050745" lon="13.733327"></trkpt>
    <trkpt lat="51.050741" lon="13.733372"></trkpt>
    <trkpt lat="51.050741" lon="13.733393"></trkpt>
    <trkpt lat="51.050743" lon="13.733415"></trkpt>
    <trkpt lat="51.050745" lon="13.733437"></trkpt>
    <trkpt lat="51.050746" lon="13.733453"></trkpt>
    <trkpt lat="51.050748" lon="13.733469"></trkpt>
    <trkpt lat="51.050750" lon="13.733492"></trkpt>
    <trkpt lat="51.050754" lon="13.733533"></trkpt>
    <trkpt lat="51.050753" lon="13.733638"></trkpt>
    <trkpt lat="51.050742" lon="13.733721"></trkpt>
    <trkpt lat="51.050540" lon="13.735214"></trkpt>
    <trkpt lat="51.050525" lon="13.735328"></trkpt>
    <trkpt lat="51.050455" lon="13.735939"></trkpt>
    <trkpt lat="51.050462" lon="13.736206"></trkpt>
    <trkpt lat="51.050448" lon="13.736396"></trkpt>
    <trkpt lat="51.050422" lon="13.736609"></trkpt>
    <trkpt lat="51.050369" lon="13.736959"></trkpt>
    <trkpt lat="51.050341" lon="13.737188"></trkpt>
    <trkpt lat="51.050324" lon="13.737333"></trkpt>
    <trkpt lat="51.049456" lon="13.737201"></trkpt>
    <trkpt lat="51.049433" lon="13.737417"></trkpt>
    <trkpt lat="51.050416" lon="13.737567"></trkpt>
    <trkpt lat="51.050446" lon="13.737335"></trkpt>
    <trkpt lat="51.050448" lon="13.737316"></trkpt>
    <trkpt lat="51.050474" lon="13.737125"></trkpt>
    <trkpt lat="51.050490" lon="13.736996"></trkpt>
    <trkpt lat="51.050533" lon="13.736651"></trkpt>
    <trkpt lat="51.050554" lon="13.736477"></trkpt>
    <trkpt lat="51.050617" lon="13.736304"></trkpt>
    <trkpt lat="51.050652" lon="13.736022"></trkpt>
    <trkpt lat="51.050676" lon="13.735822"></trkpt>
    <trkpt lat="51.050680" lon="13.735751"></trkpt>
    <trkpt lat="51.050675" lon="13.735615"></trkpt>
    <trkpt lat="51.050682" lon="13.735503"></trkpt>
    <trkpt lat="51.050697" lon="13.735383"></trkpt>
    <trkpt lat="51.050759" lon="13.734899"></trkpt>
    <trkpt lat="51.050810" lon="13.734538"></trkpt>
    <trkpt lat="51.050839" lon="13.734329"></trkpt>
    <trkpt lat="51.050878" lon="13.734048"></trkpt>
    <trkpt lat="51.050887" lon="13.733981"></trkpt>
    <trkpt lat="51.050900" lon="13.733882"></trkpt>
    <trkpt lat="51.050915" lon="13.733771"></trkpt>
    <trkpt lat="51.050931" lon="13.733656"></trkpt>
    <trkpt lat="51.050949" lon="13.733596"></trkpt>
    <trkpt lat="51.050997" lon="13.733475"></trkpt>
    <trkpt lat="51.051004" lon="13.733425"></trkpt>
    <trkpt lat="51.051006" lon="13.733390"></trkpt>
    <trkpt lat="51.051006" lon="13.733379"></trkpt>
    <trkpt lat="51.051005" lon="13.733360"></trkpt>
    <trkpt lat="51.051004" lon="13.733335"></trkpt>
    <trkpt lat="51.051051" lon="13.733312"></trkpt>
    <trkpt lat="51.051070" lon="13.733301"></trkpt>
    <trkpt lat="51.051212" lon="13.733225"></trkpt>
    <trkpt lat="51.051246" lon="13.733209"></trkpt>
    <trkpt lat="51.051308" lon="13.733205"></trkpt>
    <trkpt lat="51.051361" lon="13.733212"></trkpt>
    <trkpt lat="51.051418" lon="13.733226"></trkpt>
    <trkpt lat="51.051457" lon="13.733243"></trkpt>
    <trkpt lat="51.051510" lon="13.733275"></trkpt>
    <trkpt lat="51.051567" lon="13.733327"></trkpt>
    <trkpt lat="51.051586" lon="13.733351"></trkpt>
    <trkpt lat="51.051626" lon="13.733412"></trkpt>
    <trkpt lat="51.051664" lon="13.733496"></trkpt>
    <trkpt lat="51.051702" lon="13.733641"></trkpt>
    <trkpt lat="51.051694" lon="13.733583"></trkpt>
    <trkpt lat="51.051676" lon="13.733477"></trkpt>
    <trkpt lat="51.051670" lon="13.733408"></trkpt>
    <trkpt lat="51.051667" lon="13.733314"></trkpt>
    <trkpt lat="51.051668" lon="13.733250"></trkpt>
    <trkpt lat="51.051683" lon="13.733105"></trkpt>
    <trkpt lat="51.051702" lon="13.733024"></trkpt>
    <trkpt lat="51.051732" lon="13.732933"></trkpt>
    <trkpt lat="51.051769" lon="13.732843"></trkpt>
    <trkpt lat="51.051782" lon="13.732824"></trkpt>
    <trkpt lat="51.051829" lon="13.732756"></trkpt>
    <trkpt lat="51.051851" lon="13.732734"></trkpt>
    <trkpt lat="51.051955" lon="13.732635"></trkpt>
    <trkpt lat="51.052037" lon="13.732557"></trkpt>
    <trkpt lat="51.052101" lon="13.732499"></trkpt>
    <trkpt lat="51.052390" lon="13.732240"></trkpt>
    <trkpt lat="51.052620" lon="13.732032"></trkpt>
    <trkpt lat="51.052863" lon="13.731815"></trkpt>
    <trkpt lat="51.053099" lon="13.731604"></trkpt>
    <trkpt lat="51.053322" lon="13.731404"></trkpt>
    <trkpt lat="51.053395" lon="13.731339"></trkpt>
    <trkpt lat="51.053514" lon="13.731230"></trkpt>
    <trkpt lat="51.054079" lon="13.730721"></trkpt>
    <trkpt lat="51.054293" lon="13.730533"></trkpt>
    <trkpt lat="51.054578" lon="13.730273"></trkpt>
    <trkpt lat="51.054637" lon="13.730220"></trkpt>
    <trkpt lat="51.054967" lon="13.729920"></trkpt>
    <trkpt lat="51.055359" lon="13.729564"></trkpt>
    <trkpt lat="51.055615" lon="13.729337"></trkpt>
    <trkpt lat="51.055879" lon="13.729097"></trkpt>
    <trkpt lat="51.056142" lon="13.728862"></trkpt>
    <trkpt lat="51.056572" lon="13.728471"></trkpt>
    <trkpt lat="51.056599" lon="13.728448"></trkpt>
    <trkpt lat="51.056669" lon="13.728390"></trkpt>
    <trkpt lat="51.056762" lon="13.728320"></trkpt>
    <trkpt lat="51.056857" lon="13.728251"></trkpt>
    <trkpt lat="51.056947" lon="13.728186"></trkpt>
    <trkpt lat="51.057059" lon="13.728096"></trkpt>
    <trkpt lat="51.057172" lon="13.727996"></trkpt>
    <trkpt lat="51.057433" lon="13.727768"></trkpt>
    <trkpt lat="51.057768" lon="13.727470"></trkpt>
    <trkpt lat="51.057792" lon="13.727447"></trkpt>
    <trkpt lat="51.057855" lon="13.727385"></trkpt>
    <trkpt lat="51.057881" lon="13.727361"></trkpt>
    <trkpt lat="51.057888" lon="13.727373"></trkpt>
    <trkpt lat="51.057930" lon="13.727440"></trkpt>
    <trkpt lat="51.058097" lon="13.727703"></trkpt>
    <trkpt lat="51.058582" lon="13.728336"></trkpt>
    <trkpt lat="51.058696" lon="13.728485"></trkpt>
    <trkpt lat="51.058764" lon="13.728548"></trkpt>
    <trkpt lat="51.058830" lon="13.728604"></trkpt>
    <trkpt lat="51.058883" lon="13.728636"></trkpt>
    <trkpt lat="51.058942" lon="13.728659"></trkpt>
    <trkpt lat="51.059005" lon="13.728671"></trkpt>
    <trkpt lat="51.059050" lon="13.728676"></trkpt>
    <trkpt lat="51.059113" lon="13.728694"></trkpt>
    <trkpt lat="51.059210" lon="13.728764"></trkpt>
    <trkpt lat="51.059364" lon="13.728913"></trkpt>
    <trkpt lat="51.059473" lon="13.729035"></trkpt>
    <trkpt lat="51.059637" lon="13.729242"></trkpt>
    <trkpt lat="51.059761" lon="13.729414"></trkpt>
    <trkpt lat="51.060001" lon="13.729786"></trkpt>
    <trkpt lat="51.060184" lon="13.730116"></trkpt>
    <trkpt lat="51.060335" lon="13.730431"></trkpt>
    <trkpt lat="51.060470" lon="13.730739"></trkpt>
    <trkpt lat="51.060583" lon="13.731035"></trkpt>
    <trkpt lat="51.060635" lon="13.731196"></trkpt>
    <trkpt lat="51.060687" lon="13.731357"></trkpt>
    <trkpt lat="51.060790" lon="13.731688"></trkpt>
    <trkpt lat="51.061378" lon="13.733657"></trkpt>
    <trkpt lat="51.061586" lon="13.734355"></trkpt>
    <trkpt lat="51.061601" lon="13.734405"></trkpt>
    <trkpt lat="51.061598" lon="13.734450"></trkpt>
    <trkpt lat="51.061602" lon="13.734668"></trkpt>
    <trkpt lat="51.061633" lon="13.735040"></trkpt>
    <trkpt lat="51.061642" lon="13.735142"></trkpt>
    <trkpt lat="51.061658" lon="13.735344"></trkpt>
    <trkpt lat="51.061672" lon="13.735682"></trkpt>
    <trkpt lat="51.061661" lon="13.735995"></trkpt>
    <trkpt lat="51.061629" lon="13.736307"></trkpt>
    <trkpt lat="51.061578" lon="13.736607"></trkpt>
    <trkpt lat="51.061521" lon="13.736850"></trkpt>
    <trkpt lat="51.061491" lon="13.737071"></trkpt>
    <trkpt lat="51.061486" lon="13.737290"></trkpt>
    <trkpt lat="51.061501" lon="13.737445"></trkpt>
    <trkpt lat="51.061506" lon="13.737500"></trkpt>
    <trkpt lat="51.061525" lon="13.737636"></trkpt>
    <trkpt lat="51.061542" lon="13.737738"></trkpt>
    <trkpt lat="51.061548" lon="13.737779"></trkpt>
    <trkpt lat="51.061562" lon="13.737859"></trkpt>
    <trkpt lat="51.061598" lon="13.738057"></trkpt>
    <trkpt lat="51.061603" lon="13.738084"></trkpt>
    <trkpt lat="51.061687" lon="13.738530"></trkpt>
    <trkpt lat="51.061782" lon="13.738688"></trkpt>
    <trkpt lat="51.061851" lon="13.738829"></trkpt>
    <trkpt lat="51.061909" lon="13.738890"></trkpt>
    <trkpt lat="51.061939" lon="13.738922"></trkpt>
    <trkpt lat="51.062678" lon="13.739393"></trkpt>
    <trkpt lat="51.062695" lon="13.739403"></trkpt>
    <trkpt lat="51.062732" lon="13.739426"></trkpt>
    <trkpt lat="51.062781" lon="13.739454"></trkpt>
    <trkpt lat="51.062904" lon="13.739536"></trkpt>
    <trkpt lat="51.063236" lon="13.739745"></trkpt>
    <trkpt lat="51.063510" lon="13.739925"></trkpt>
    <trkpt lat="51.063567" lon="13.739961"></trkpt>
    <trkpt lat="51.063689" lon="13.740038"></trkpt>
    <trkpt lat="51.063847" lon="13.740134"></trkpt>
    <trkpt lat="51.064038" lon="13.740258"></trkpt>
    <trkpt lat="51.064186" lon="13.740354"></trkpt>
    <trkpt lat="51.064270" lon="13.740407"></trkpt>
    <trkpt lat="51.064331" lon="13.740485"></trkpt>
    <trkpt lat="51.064380" lon="13.740514"></trkpt>
    <trkpt lat="51.064433" lon="13.740536"></trkpt>
    <trkpt lat="51.064495" lon="13.740551"></trkpt>
    <trkpt lat="51.064547" lon="13.740554"></trkpt>
    <trkpt lat="51.064577" lon="13.740554"></trkpt>
    <trkpt lat="51.064621" lon="13.740544"></trkpt>
    <trkpt lat="51.064682" lon="13.740521"></trkpt>
    <trkpt lat="51.064702" lon="13.740510"></trkpt>
    <trkpt lat="51.064732" lon="13.740488"></trkpt>
    <trkpt lat="51.064758" lon="13.740468"></trkpt>
    <trkpt lat="51.064796" lon="13.740430"></trkpt>
    <trkpt lat="51.064846" lon="13.740340"></trkpt>
    <trkpt lat="51.064893" lon="13.740203"></trkpt>
    <trkpt lat="51.064906" lon="13.740162"></trkpt>
    <trkpt lat="51.064927" lon="13.740126"></trkpt>
    <trkpt lat="51.064962" lon="13.740085"></trkpt>
    <trkpt lat="51.064992" lon="13.740050"></trkpt>
    <trkpt lat="51.065060" lon="13.739976"></trkpt>
    <trkpt lat="51.065099" lon="13.739924"></trkpt>
    <trkpt lat="51.065149" lon="13.739859"></trkpt>
    <trkpt lat="51.065215" lon="13.739766"></trkpt>
    <trkpt lat="51.065265" lon="13.739704"></trkpt>
    <trkpt lat="51.065641" lon="13.739264"></trkpt>
    <trkpt lat="51.065692" lon="13.739235"></trkpt>
    <trkpt lat="51.065756" lon="13.739219"></trkpt>
    <trkpt lat="51.065832" lon="13.739216"></trkpt>
    <trkpt lat="51.065906" lon="13.739236"></trkpt>
    <trkpt lat="51.065964" lon="13.739244"></trkpt>
    <trkpt lat="51.066001" lon="13.739247"></trkpt>
    <trkpt lat="51.066236" lon="13.739269"></trkpt>
    <trkpt lat="51.066292" lon="13.739274"></trkpt>
    <trkpt lat="51.066329" lon="13.739275"></trkpt>
    <trkpt lat="51.066465" lon="13.739278"></trkpt>
    <trkpt lat="51.066678" lon="13.739282"></trkpt>
    <trkpt lat="51.066828" lon="13.739285"></trkpt>
    <trkpt lat="51.067382" lon="13.739284"></trkpt>
    <trkpt lat="51.067569" lon="13.739284"></trkpt>
    <trkpt lat="51.067733" lon="13.739294"></trkpt>
    <trkpt lat="51.068184" lon="13.739297"></trkpt>
    <trkpt lat="51.068277" lon="13.739298"></trkpt>
    <trkpt lat="51.068356" lon="13.739297"></trkpt>
    <trkpt lat="51.069155" lon="13.739301"></trkpt>
    <trkpt lat="51.069212" lon="13.739302"></trkpt>
    <trkpt lat="51.069244" lon="13.739303"></trkpt>
    <trkpt lat="51.069451" lon="13.739304"></trkpt>
    <trkpt lat="51.069543" lon="13.739289"></trkpt>
    <trkpt lat="51.069707" lon="13.739269"></trkpt>
    <trkpt lat="51.069880" lon="13.739257"></trkpt>
    <trkpt lat="51.070746" lon="13.739260"></trkpt>
    <trkpt lat="51.071619" lon="13.739274"></trkpt>
    <trkpt lat="51.071685" lon="13.739275"></trkpt>
    <trkpt lat="51.072323" lon="13.739287"></trkpt>
    <trkpt lat="51.072588" lon="13.739294"></trkpt>
    <trkpt lat="51.073670" lon="13.739323"></trkpt>
    <trkpt lat="51.073707" lon="13.739323"></trkpt>
    <trkpt lat="51.073729" lon="13.739323"></trkpt>
    <trkpt lat="51.073884" lon="13.739322"></trkpt>
    <trkpt lat="51.073900" lon="13.739322"></trkpt>
    <trkpt lat="51.073919" lon="13.739322"></trkpt>
    <trkpt lat="51.074040" lon="13.739321"></trkpt>
    <trkpt lat="51.074276" lon="13.739319"></trkpt>
    <trkpt lat="51.074511" lon="13.739322"></trkpt>
    <trkpt lat="51.075111" lon="13.739323"></trkpt>
    <trkpt lat="51.076094" lon="13.739380"></trkpt>
    <trkpt lat="51.077013" lon="13.739401"></trkpt>
    <trkpt lat="51.077652" lon="13.739341"></trkpt>
    <trkpt lat="51.077854" lon="13.739355"></trkpt>
    <trkpt lat="51.078690" lon="13.739372"></trkpt>
    <trkpt lat="51.080231" lon="13.739389"></trkpt>
    <trkpt lat="51.080383" lon="13.739391"></trkpt>
    <trkpt lat="51.080975" lon="13.739398"></trkpt>
    <trkpt lat="51.082234" lon="13.739411"></trkpt>
    <trkpt lat="51.082759" lon="13.739334"></trkpt>
    <trkpt lat="51.083205" lon="13.739179"></trkpt>
    <trkpt lat="51.083411" lon="13.739073"></trkpt>
    <trkpt lat="51.083609" lon="13.738959"></trkpt>
    <trkpt lat="51.083802" lon="13.738831"></trkpt>
    <trkpt lat="51.084154" lon="13.738526"></trkpt>
    <trkpt lat="51.084410" lon="13.738253"></trkpt>
    <trkpt lat="51.084937" lon="13.737691"></trkpt>
    <trkpt lat="51.085069" lon="13.737550"></trkpt>
    <trkpt lat="51.085412" lon="13.737318"></trkpt>
    <trkpt lat="51.085564" lon="13.737253"></trkpt>
    <trkpt lat="51.085897" lon="13.737183"></trkpt>
    <trkpt lat="51.086013" lon="13.737188"></trkpt>
    <trkpt lat="51.086317" lon="13.737235"></trkpt>
    <trkpt lat="51.086953" lon="13.737440"></trkpt>
    <trkpt lat="51.087040" lon="13.737469"></trkpt>
    <trkpt lat="51.087211" lon="13.737532"></trkpt>
    <trkpt lat="51.087374" lon="13.737595"></trkpt>
    <trkpt lat="51.087417" lon="13.737609"></trkpt>
    <trkpt lat="51.087569" lon="13.737659"></trkpt>
    <trkpt lat="51.087691" lon="13.737701"></trkpt>
    <trkpt lat="51.087905" lon="13.737760"></trkpt>
    <trkpt lat="51.088084" lon="13.737802"></trkpt>
    <trkpt lat="51.088276" lon="13.737843"></trkpt>
    <trkpt lat="51.088502" lon="13.737887"></trkpt>
    <trkpt lat="51.088887" lon="13.737946"></trkpt>
    <trkpt lat="51.089665" lon="13.738065"></trkpt>
    <trkpt lat="51.089995" lon="13.738094"></trkpt>
    <trkpt lat="51.090237" lon="13.738100"></trkpt>
    <trkpt lat="51.090416" lon="13.738086"></trkpt>
    <trkpt lat="51.090556" lon="13.738049"></trkpt>
    <trkpt lat="51.090740" lon="13.737988"></trkpt>
    <trkpt lat="51.090896" lon="13.737921"></trkpt>
    <trkpt lat="51.091191" lon="13.737765"></trkpt>
    <trkpt lat="51.091366" lon="13.737671"></trkpt>
    <trkpt lat="51.091688" lon="13.737477"></trkpt>
    <trkpt lat="51.091758" lon="13.737436"></trkpt>
    <trkpt lat="51.092151" lon="13.737222"></trkpt>
    <trkpt lat="51.092315" lon="13.737148"></trkpt>
    <trkpt lat="51.092442" lon="13.737107"></trkpt>
    <trkpt lat="51.092829" lon="13.737025"></trkpt>
    <trkpt lat="51.092903" lon="13.737010"></trkpt>
    <trkpt lat="51.093109" lon="13.736966"></trkpt>
    <trkpt lat="51.093150" lon="13.736958"></trkpt>
    <trkpt lat="51.093218" lon="13.736946"></trkpt>
    <trkpt lat="51.093287" lon="13.736934"></trkpt>
    <trkpt lat="51.093466" lon="13.736968"></trkpt>
    <trkpt lat="51.093887" lon="13.736896"></trkpt>
    <trkpt lat="51.094741" lon="13.736751"></trkpt>
    <trkpt lat="51.095591" lon="13.736598"></trkpt>
    <trkpt lat="51.096785" lon="13.736409"></trkpt>
    <trkpt lat="51.097114" lon="13.736377"></trkpt>
    <trkpt lat="51.098390" lon="13.736164"></trkpt>
    <trkpt lat="51.099454" lon="13.735990"></trkpt>
    <trkpt lat="51.099681" lon="13.735947"></trkpt>
    <trkpt lat="51.099830" lon="13.735918"></trkpt>
    <trkpt lat="51.099986" lon="13.735891"></trkpt>
    <trkpt lat="51.100129" lon="13.735867"></trkpt>
    <trkpt lat="51.100202" lon="13.735855"></trkpt>
    <trkpt lat="51.101607" lon="13.735609"></trkpt>
    <trkpt lat="51.102614" lon="13.735436"></trkpt>
    <trkpt lat="51.103103" lon="13.735354"></trkpt>
    <trkpt lat="51.103460" lon="13.735292"></trkpt>
    <trkpt lat="51.103890" lon="13.735221"></trkpt>
    <trkpt lat="51.104274" lon="13.735154"></trkpt>
    <trkpt lat="51.104544" lon="13.735108"></trkpt>
    <trkpt lat="51.104717" lon="13.735084"></trkpt>
    <trkpt lat="51.105103" lon="13.735029"></trkpt>
    <trkpt lat="51.105253" lon="13.735007"></trkpt>
    <trkpt lat="51.105575" lon="13.734962"></trkpt>
    <trkpt lat="51.105788" lon="13.735074"></trkpt>
    <trkpt lat="51.105866" lon="13.735138"></trkpt>
    <trkpt lat="51.105944" lon="13.735224"></trkpt>
    <trkpt lat="51.106017" lon="13.735341"></trkpt>
    <trkpt lat="51.106193" lon="13.735738"></trkpt>
    <trkpt lat="51.106258" lon="13.735867"></trkpt>
    <trkpt lat="51.106305" lon="13.735960"></trkpt>
    <trkpt lat="51.106371" lon="13.736050"></trkpt>
    <trkpt lat="51.106433" lon="13.736128"></trkpt>
    <trkpt lat="51.106508" lon="13.736196"></trkpt>
    <trkpt lat="51.106591" lon="13.736241"></trkpt>
    <trkpt lat="51.106688" lon="13.736279"></trkpt>
    <trkpt lat="51.106785" lon="13.736289"></trkpt>
    <trkpt lat="51.106872" lon="13.736287"></trkpt>
    <trkpt lat="51.107003" lon="13.736275"></trkpt>
    <trkpt lat="51.107668" lon="13.736187"></trkpt>
    <trkpt lat="51.107784" lon="13.736183"></trkpt>
    <trkpt lat="51.107880" lon="13.736197"></trkpt>
    <trkpt lat="51.107971" lon="13.736222"></trkpt>
    <trkpt lat="51.108062" lon="13.736272"></trkpt>
    <trkpt lat="51.108149" lon="13.736334"></trkpt>
    <trkpt lat="51.108538" lon="13.736749"></trkpt>
    <trkpt lat="51.108728" lon="13.737106"></trkpt>
    <trkpt lat="51.109100" lon="13.737799"></trkpt>
    <trkpt lat="51.109371" lon="13.738269"></trkpt>
    <trkpt lat="51.109633" lon="13.738706"></trkpt>
    <trkpt lat="51.109774" lon="13.738930"></trkpt>
    <trkpt lat="51.109862" lon="13.739063"></trkpt>
    <trkpt lat="51.110181" lon="13.739514"></trkpt>
    <trkpt lat="51.110521" lon="13.739951"></trkpt>
    <trkpt lat="51.110968" lon="13.740493"></trkpt>
    <trkpt lat="51.111406" lon="13.740990"></trkpt>
    <trkpt lat="51.111806" lon="13.741398"></trkpt>
    <trkpt lat="51.112226" lon="13.741785"></trkpt>
    <trkpt lat="51.112354" lon="13.741896"></trkpt>
    <trkpt lat="51.112898" lon="13.742339"></trkpt>
    <trkpt lat="51.113473" lon="13.742771"></trkpt>
    <trkpt lat="51.113921" lon="13.743071"></trkpt>
    <trkpt lat="51.114290" lon="13.743301"></trkpt>
    <trkpt lat="51.114849" lon="13.743646"></trkpt>
    <trkpt lat="51.115311" lon="13.743898"></trkpt>
    <trkpt lat="51.116188" lon="13.744340"></trkpt>
    <trkpt lat="51.116480" lon="13.744489"></trkpt>
    <trkpt lat="51.117090" lon="13.744797"></trkpt>
    <trkpt lat="51.117545" lon="13.745016"></trkpt>
    <trkpt lat="51.117874" lon="13.745289"></trkpt>
    <trkpt lat="51.118364" lon="13.745574"></trkpt>
    <trkpt lat="51.119151" lon="13.745970"></trkpt>
    <trkpt lat="51.119292" lon="13.746041"></trkpt>
    <trkpt lat="51.119847" lon="13.746271"></trkpt>
    <trkpt lat="51.120573" lon="13.746535"></trkpt>
    <trkpt lat="51.120983" lon="13.746680"></trkpt>
    <trkpt lat="51.121691" lon="13.746903"></trkpt>
    <trkpt lat="51.122533" lon="13.747157"></trkpt>
    <trkpt lat="51.123116" lon="13.747331"></trkpt>
    <trkpt lat="51.123450" lon="13.747433"></trkpt>
    <trkpt lat="51.123611" lon="13.747483"></trkpt>
    <trkpt lat="51.123891" lon="13.747569"></trkpt>
    <trkpt lat="51.124425" lon="13.747730"></trkpt>
    <trkpt lat="51.125010" lon="13.747915"></trkpt>
    <trkpt lat="51.126979" lon="13.748508"></trkpt>
    <trkpt lat="51.127093" lon="13.748549"></trkpt>
    <trkpt lat="51.127400" lon="13.748661"></trkpt>
    <trkpt lat="51.127644" lon="13.748762"></trkpt>
    <trkpt lat="51.127739" lon="13.748809"></trkpt>
    <trkpt lat="51.127895" lon="13.748886"></trkpt>
    <trkpt lat="51.128112" lon="13.749009"></trkpt>
    <trkpt lat="51.128337" lon="13.749149"></trkpt>
    <trkpt lat="51.128550" lon="13.749297"></trkpt>
    <trkpt lat="51.128753" lon="13.749459"></trkpt>
    <trkpt lat="51.129738" lon="13.750328"></trkpt>
    <trkpt lat="51.130038" lon="13.750591"></trkpt>
    <trkpt lat="51.130392" lon="13.750902"></trkpt>
    <trkpt lat="51.130823" lon="13.751265"></trkpt>
    <trkpt lat="51.131168" lon="13.751532"></trkpt>
    <trkpt lat="51.131322" lon="13.751632"></trkpt>
    <trkpt lat="51.131571" lon="13.751790"></trkpt>
    <trkpt lat="51.131799" lon="13.751916"></trkpt>
    <trkpt lat="51.131888" lon="13.751965"></trkpt>
    <trkpt lat="51.132176" lon="13.752103"></trkpt>
    <trkpt lat="51.132371" lon="13.752184"></trkpt>
    <trkpt lat="51.132867" lon="13.752356"></trkpt>
    <trkpt lat="51.133102" lon="13.752414"></trkpt>
    <trkpt lat="51.133557" lon="13.752495"></trkpt>
    <trkpt lat="51.133908" lon="13.752528"></trkpt>
    <trkpt lat="51.134228" lon="13.752528"></trkpt>
    <trkpt lat="51.134443" lon="13.752518"></trkpt>
    <trkpt lat="51.134667" lon="13.752499"></trkpt>
    <trkpt lat="51.135250" lon="13.752386"></trkpt>
    <trkpt lat="51.135510" lon="13.752308"></trkpt>
    <trkpt lat="51.135755" lon="13.752225"></trkpt>
    <trkpt lat="51.135986" lon="13.752130"></trkpt>
    <trkpt lat="51.136241" lon="13.752017"></trkpt>
    <trkpt lat="51.136455" lon="13.751899"></trkpt>
    <trkpt lat="51.136618" lon="13.751809"></trkpt>
    <trkpt lat="51.137300" lon="13.751367"></trkpt>
    <trkpt lat="51.138471" lon="13.750601"></trkpt>
    <trkpt lat="51.139130" lon="13.750168"></trkpt>
    <trkpt lat="51.140605" lon="13.749202"></trkpt>
    <trkpt lat="51.140898" lon="13.749011"></trkpt>
    <trkpt lat="51.142051" lon="13.748247"></trkpt>
    <trkpt lat="51.142533" lon="13.747926"></trkpt>
    <trkpt lat="51.143115" lon="13.747549"></trkpt>
    <trkpt lat="51.143430" lon="13.747366"></trkpt>
    <trkpt lat="51.143625" lon="13.747252"></trkpt>
    <trkpt lat="51.143908" lon="13.747103"></trkpt>
    <trkpt lat="51.144162" lon="13.746984"></trkpt>
    <trkpt lat="51.144741" lon="13.746763"></trkpt>
    <trkpt lat="51.145134" lon="13.746645"></trkpt>
    <trkpt lat="51.145524" lon="13.746556"></trkpt>
    <trkpt lat="51.145914" lon="13.746497"></trkpt>
    <trkpt lat="51.146318" lon="13.746461"></trkpt>
    <trkpt lat="51.146657" lon="13.746462"></trkpt>
    <trkpt lat="51.146986" lon="13.746475"></trkpt>
    <trkpt lat="51.147323" lon="13.746513"></trkpt>
    <trkpt lat="51.147647" lon="13.746563"></trkpt>
    <trkpt lat="51.148085" lon="13.746668"></trkpt>
    <trkpt lat="51.148466" lon="13.746792"></trkpt>
    <trkpt lat="51.149104" lon="13.747055"></trkpt>
    <trkpt lat="51.149662" lon="13.747362"></trkpt>
    <trkpt lat="51.150649" lon="13.748002"></trkpt>
    <trkpt lat="51.151535" lon="13.748592"></trkpt>
    <trkpt lat="51.152448" lon="13.749192"></trkpt>
    <trkpt lat="51.153494" lon="13.749831"></trkpt>
    <trkpt lat="51.154119" lon="13.750141"></trkpt>
    <trkpt lat="51.154703" lon="13.750383"></trkpt>
    <trkpt lat="51.155045" lon="13.750506"></trkpt>
    <trkpt lat="51.155269" lon="13.750586"></trkpt>
    <trkpt lat="51.155627" lon="13.750690"></trkpt>
    <trkpt lat="51.155958" lon="13.750770"></trkpt>
    <trkpt lat="51.156436" lon="13.750856"></trkpt>
    <trkpt lat="51.156982" lon="13.750923"></trkpt>
    <trkpt lat="51.157431" lon="13.750955"></trkpt>
    <trkpt lat="51.157765" lon="13.750962"></trkpt>
    <trkpt lat="51.158218" lon="13.750953"></trkpt>
    <trkpt lat="51.158310" lon="13.750951"></trkpt>
    <trkpt lat="51.159019" lon="13.750899"></trkpt>
    <trkpt lat="51.159413" lon="13.750864"></trkpt>
    <trkpt lat="51.160025" lon="13.750803"></trkpt>
    <trkpt lat="51.160345" lon="13.750772"></trkpt>
    <trkpt lat="51.161083" lon="13.750707"></trkpt>
    <trkpt lat="51.163960" lon="13.750453"></trkpt>
    <trkpt lat="51.164904" lon="13.750368"></trkpt>
    <trkpt lat="51.166550" lon="13.750220"></trkpt>
    <trkpt lat="51.167034" lon="13.750161"></trkpt>
    <trkpt lat="51.167356" lon="13.750111"></trkpt>
    <trkpt lat="51.167655" lon="13.750060"></trkpt>
    <trkpt lat="51.167981" lon="13.749982"></trkpt>
    <trkpt lat="51.168301" lon="13.749895"></trkpt>
    <trkpt lat="51.168581" lon="13.749814"></trkpt>
    <trkpt lat="51.168940" lon="13.749693"></trkpt>
    <trkpt lat="51.169423" lon="13.749512"></trkpt>
    <trkpt lat="51.169880" lon="13.749332"></trkpt>
    <trkpt lat="51.170981" lon="13.748879"></trkpt>
    <trkpt lat="51.171254" lon="13.748765"></trkpt>
    <trkpt lat="51.173496" lon="13.747848"></trkpt>
    <trkpt lat="51.174292" lon="13.747530"></trkpt>
    <trkpt lat="51.175189" lon="13.747234"></trkpt>
    <trkpt lat="51.175810" lon="13.747075"></trkpt>
    <trkpt lat="51.176791" lon="13.746901"></trkpt>
    <trkpt lat="51.177773" lon="13.746790"></trkpt>
    <trkpt lat="51.178961" lon="13.746686"></trkpt>
    <trkpt lat="51.179951" lon="13.746551"></trkpt>
    <trkpt lat="51.180901" lon="13.746333"></trkpt>
    <trkpt lat="51.181861" lon="13.746021"></trkpt>
    <trkpt lat="51.186564" lon="13.744086"></trkpt>
    <trkpt lat="51.191074" lon="13.742205"></trkpt>
    <trkpt lat="51.191500" lon="13.742030"></trkpt>
    <trkpt lat="51.192957" lon="13.741430"></trkpt>
    <trkpt lat="51.195689" lon="13.740295"></trkpt>
    <trkpt lat="51.196448" lon="13.739984"></trkpt>
    <trkpt lat="51.196949" lon="13.739807"></trkpt>
    <trkpt lat="51.197516" lon="13.739632"></trkpt>
    <trkpt lat="51.197855" lon="13.739536"></trkpt>
    <trkpt lat="51.198439" lon="13.739392"></trkpt>
    <trkpt lat="51.198720" lon="13.739337"></trkpt>
    <trkpt lat="51.201975" lon="13.738757"></trkpt>
    <trkpt lat="51.206425" lon="13.737966"></trkpt>
    <trkpt lat="51.206798" lon="13.737895"></trkpt>
    <trkpt lat="51.207592" lon="13.737722"></trkpt>
    <trkpt lat="51.208227" lon="13.737570"></trkpt>
    <trkpt lat="51.209011" lon="13.737357"></trkpt>
    <trkpt lat="51.209488" lon="13.737217"></trkpt>
    <trkpt lat="51.210292" lon="13.736961"></trkpt>
    <trkpt lat="51.210623" lon="13.736857"></trkpt>
    <trkpt lat="51.211014" lon="13.736726"></trkpt>
    <trkpt lat="51.211943" lon="13.736435"></trkpt>
    <trkpt lat="51.213703" lon="13.735880"></trkpt>
    <trkpt lat="51.213935" lon="13.735804"></trkpt>
    <trkpt lat="51.214197" lon="13.735721"></trkpt>
    <trkpt lat="51.214406" lon="13.735654"></trkpt>
    <trkpt lat="51.215250" lon="13.735390"></trkpt>
    <trkpt lat="51.218802" lon="13.734244"></trkpt>
    <trkpt lat="51.219229" lon="13.734059"></trkpt>
    <trkpt lat="51.219649" lon="13.733841"></trkpt>
    <trkpt lat="51.223858" lon="13.731311"></trkpt>
    <trkpt lat="51.227603" lon="13.729040"></trkpt>
    <trkpt lat="51.228729" lon="13.728387"></trkpt>
    <trkpt lat="51.229143" lon="13.728173"></trkpt>
    <trkpt lat="51.229370" lon="13.728066"></trkpt>
    <trkpt lat="51.229460" lon="13.728025"></trkpt>
    <trkpt lat="51.229471" lon="13.728021"></trkpt>
    <trkpt lat="51.230019" lon="13.727802"></trkpt>
    <trkpt lat="51.230755" lon="13.727565"></trkpt>
    <trkpt lat="51.231341" lon="13.727429"></trkpt>
    <trkpt lat="51.231909" lon="13.727335"></trkpt>
    <trkpt lat="51.232317" lon="13.727292"></trkpt>
    <trkpt lat="51.232695" lon="13.727263"></trkpt>
    <trkpt lat="51.232897" lon="13.727252"></trkpt>
    <trkpt lat="51.233924" lon="13.727247"></trkpt>
    <trkpt lat="51.234932" lon="13.727250"></trkpt>
    <trkpt lat="51.236877" lon="13.727251"></trkpt>
    <trkpt lat="51.238015" lon="13.727255"></trkpt>
    <trkpt lat="51.239514" lon="13.727259"></trkpt>
    <trkpt lat="51.240804" lon="13.727245"></trkpt>
    <trkpt lat="51.241454" lon="13.727225"></trkpt>
    <trkpt lat="51.242102" lon="13.727193"></trkpt>
    <trkpt lat="51.243272" lon="13.727110"></trkpt>
    <trkpt lat="51.244475" lon="13.726988"></trkpt>
    <trkpt lat="51.245649" lon="13.726838"></trkpt>
    <trkpt lat="51.245907" lon="13.726804"></trkpt>
    <trkpt lat="51.246826" lon="13.726681"></trkpt>
    <trkpt lat="51.248358" lon="13.726479"></trkpt>
    <trkpt lat="51.248915" lon="13.726393"></trkpt>
    <trkpt lat="51.249209" lon="13.726338"></trkpt>
    <trkpt lat="51.249493" lon="13.726275"></trkpt>
    <trkpt lat="51.250274" lon="13.726054"></trkpt>
    <trkpt lat="51.251071" lon="13.725752"></trkpt>
    <trkpt lat="51.252774" lon="13.724962"></trkpt>
    <trkpt lat="51.254488" lon="13.724169"></trkpt>
    <trkpt lat="51.254711" lon="13.724065"></trkpt>
    <trkpt lat="51.254743" lon="13.724051"></trkpt>
    <trkpt lat="51.255440" lon="13.723721"></trkpt>
    <trkpt lat="51.256127" lon="13.723409"></trkpt>
    <trkpt lat="51.256883" lon="13.723094"></trkpt>
    <trkpt lat="51.257554" lon="13.722863"></trkpt>
    <trkpt lat="51.257891" lon="13.722772"></trkpt>
    <trkpt lat="51.258244" lon="13.722694"></trkpt>
    <trkpt lat="51.258921" lon="13.722585"></trkpt>
    <trkpt lat="51.259114" lon="13.722561"></trkpt>
    <trkpt lat="51.259480" lon="13.722536"></trkpt>
    <trkpt lat="51.260047" lon="13.722525"></trkpt>
    <trkpt lat="51.260521" lon="13.722548"></trkpt>
    <trkpt lat="51.260953" lon="13.722590"></trkpt>
    <trkpt lat="51.261654" lon="13.722705"></trkpt>
    <trkpt lat="51.262043" lon="13.722783"></trkpt>
    <trkpt lat="51.262637" lon="13.722913"></trkpt>
    <trkpt lat="51.263588" lon="13.723119"></trkpt>
    <trkpt lat="51.264271" lon="13.723269"></trkpt>
    <trkpt lat="51.264566" lon="13.723331"></trkpt>
    <trkpt lat="51.266919" lon="13.723843"></trkpt>
    <trkpt lat="51.268040" lon="13.724087"></trkpt>
    <trkpt lat="51.269271" lon="13.724357"></trkpt>
    <trkpt lat="51.271294" lon="13.724799"></trkpt>
    <trkpt lat="51.272453" lon="13.725050"></trkpt>
    <trkpt lat="51.272559" lon="13.725073"></trkpt>
    <trkpt lat="51.273328" lon="13.725253"></trkpt>
    <trkpt lat="51.274094" lon="13.725476"></trkpt>
    <trkpt lat="51.274649" lon="13.725683"></trkpt>
    <trkpt lat="51.275191" lon="13.725926"></trkpt>
    <trkpt lat="51.275823" lon="13.726257"></trkpt>
    <trkpt lat="51.276442" lon="13.726636"></trkpt>
    <trkpt lat="51.276739" lon="13.726840"></trkpt>
    <trkpt lat="51.276906" lon="13.726960"></trkpt>
    <trkpt lat="51.277088" lon="13.727096"></trkpt>
    <trkpt lat="51.277437" lon="13.727371"></trkpt>
    <trkpt lat="51.277536" lon="13.727453"></trkpt>
    <trkpt lat="51.277595" lon="13.727501"></trkpt>
    <trkpt lat="51.278303" lon="13.728110"></trkpt>
    <trkpt lat="51.280745" lon="13.730281"></trkpt>
    <trkpt lat="51.282011" lon="13.731398"></trkpt>
    <trkpt lat="51.284021" lon="13.733154"></trkpt>
    <trkpt lat="51.284707" lon="13.733646"></trkpt>
    <trkpt lat="51.285423" lon="13.734061"></trkpt>
    <trkpt lat="51.285920" lon="13.734299"></trkpt>
    <trkpt lat="51.286168" lon="13.734394"></trkpt>
    <trkpt lat="51.286948" lon="13.734640"></trkpt>
    <trkpt lat="51.287334" lon="13.734727"></trkpt>
    <trkpt lat="51.287789" lon="13.734810"></trkpt>
    <trkpt lat="51.288110" lon="13.734837"></trkpt>
    <trkpt lat="51.288728" lon="13.734864"></trkpt>
    <trkpt lat="51.289107" lon="13.734845"></trkpt>
    <trkpt lat="51.289683" lon="13.734777"></trkpt>
    <trkpt lat="51.290266" lon="13.734655"></trkpt>
    <trkpt lat="51.290799" lon="13.734502"></trkpt>
    <trkpt lat="51.290976" lon="13.734452"></trkpt>
    <trkpt lat="51.291139" lon="13.734400"></trkpt>
    <trkpt lat="51.292065" lon="13.734112"></trkpt>
    <trkpt lat="51.292378" lon="13.734011"></trkpt>
    <trkpt lat="51.292737" lon="13.733902"></trkpt>
    <trkpt lat="51.293236" lon="13.733747"></trkpt>
    <trkpt lat="51.293669" lon="13.733604"></trkpt>
    <trkpt lat="51.294045" lon="13.733481"></trkpt>
    <trkpt lat="51.294253" lon="13.733419"></trkpt>
    <trkpt lat="51.294562" lon="13.733327"></trkpt>
    <trkpt lat="51.294716" lon="13.733274"></trkpt>
    <trkpt lat="51.296088" lon="13.732844"></trkpt>
    <trkpt lat="51.297834" lon="13.732302"></trkpt>
    <trkpt lat="51.299751" lon="13.731699"></trkpt>
    <trkpt lat="51.300974" lon="13.731297"></trkpt>
    <trkpt lat="51.301889" lon="13.730946"></trkpt>
    <trkpt lat="51.302275" lon="13.730793"></trkpt>
    <trkpt lat="51.303437" lon="13.730341"></trkpt>
    <trkpt lat="51.305006" lon="13.729675"></trkpt>
    <trkpt lat="51.306563" lon="13.728954"></trkpt>
    <trkpt lat="51.306650" lon="13.728911"></trkpt>
    <trkpt lat="51.307188" lon="13.728641"></trkpt>
    <trkpt lat="51.308017" lon="13.728240"></trkpt>
    <trkpt lat="51.308963" lon="13.727745"></trkpt>
    <trkpt lat="51.310589" lon="13.726853"></trkpt>
    <trkpt lat="51.314648" lon="13.724541"></trkpt>
    <trkpt lat="51.315168" lon="13.724243"></trkpt>
    <trkpt lat="51.315832" lon="13.723866"></trkpt>
    <trkpt lat="51.319410" lon="13.721832"></trkpt>
    <trkpt lat="51.320327" lon="13.721306"></trkpt>
    <trkpt lat="51.321673" lon="13.720542"></trkpt>
    <trkpt lat="51.322660" lon="13.720008"></trkpt>
    <trkpt lat="51.323637" lon="13.719547"></trkpt>
    <trkpt lat="51.324398" lon="13.719241"></trkpt>
    <trkpt lat="51.325159" lon="13.718989"></trkpt>
    <trkpt lat="51.325975" lon="13.718768"></trkpt>
    <trkpt lat="51.326809" lon="13.718593"></trkpt>
    <trkpt lat="51.327753" lon="13.718469"></trkpt>
    <trkpt lat="51.327911" lon="13.718453"></trkpt>
    <trkpt lat="51.328826" lon="13.718398"></trkpt>
    <trkpt lat="51.328990" lon="13.718395"></trkpt>
    <trkpt lat="51.330093" lon="13.718382"></trkpt>
    <trkpt lat="51.330692" lon="13.718375"></trkpt>
    <trkpt lat="51.331239" lon="13.718369"></trkpt>
    <trkpt lat="51.331522" lon="13.718371"></trkpt>
    <trkpt lat="51.332112" lon="13.718366"></trkpt>
    <trkpt lat="51.332607" lon="13.718360"></trkpt>
    <trkpt lat="51.333353" lon="13.718356"></trkpt>
    <trkpt lat="51.334270" lon="13.718349"></trkpt>
    <trkpt lat="51.335081" lon="13.718339"></trkpt>
    <trkpt lat="51.337058" lon="13.718306"></trkpt>
    <trkpt lat="51.337848" lon="13.718257"></trkpt>
    <trkpt lat="51.338780" lon="13.718153"></trkpt>
    <trkpt lat="51.339545" lon="13.718019"></trkpt>
    <trkpt lat="51.339834" lon="13.717959"></trkpt>
    <trkpt lat="51.340285" lon="13.717851"></trkpt>
    <trkpt lat="51.341166" lon="13.717613"></trkpt>
    <trkpt lat="51.341558" lon="13.717502"></trkpt>
    <trkpt lat="51.342039" lon="13.717366"></trkpt>
    <trkpt lat="51.342519" lon="13.717216"></trkpt>
    <trkpt lat="51.343605" lon="13.716935"></trkpt>
    <trkpt lat="51.344087" lon="13.716837"></trkpt>
    <trkpt lat="51.344573" lon="13.716760"></trkpt>
    <trkpt lat="51.344993" lon="13.716729"></trkpt>
    <trkpt lat="51.345439" lon="13.716724"></trkpt>
    <trkpt lat="51.345893" lon="13.716760"></trkpt>
    <trkpt lat="51.346338" lon="13.716823"></trkpt>
    <trkpt lat="51.346677" lon="13.716902"></trkpt>
    <trkpt lat="51.347110" lon="13.717031"></trkpt>
    <trkpt lat="51.347537" lon="13.717194"></trkpt>
    <trkpt lat="51.347830" lon="13.717324"></trkpt>
    <trkpt lat="51.348118" lon="13.717473"></trkpt>
    <trkpt lat="51.348374" lon="13.717618"></trkpt>
    <trkpt lat="51.348813" lon="13.717900"></trkpt>
    <trkpt lat="51.349242" lon="13.718220"></trkpt>
    <trkpt lat="51.349457" lon="13.718400"></trkpt>
    <trkpt lat="51.349738" lon="13.718644"></trkpt>
    <trkpt lat="51.350013" lon="13.718910"></trkpt>
    <trkpt lat="51.350152" lon="13.719055"></trkpt>
    <trkpt lat="51.350303" lon="13.719213"></trkpt>
    <trkpt lat="51.350581" lon="13.719533"></trkpt>
    <trkpt lat="51.350843" lon="13.719847"></trkpt>
    <trkpt lat="51.351097" lon="13.720174"></trkpt>
    <trkpt lat="51.351622" lon="13.720872"></trkpt>
    <trkpt lat="51.353581" lon="13.723684"></trkpt>
    <trkpt lat="51.354497" lon="13.725025"></trkpt>
    <trkpt lat="51.356847" lon="13.728638"></trkpt>
    <trkpt lat="51.358373" lon="13.731060"></trkpt>
    <trkpt lat="51.358681" lon="13.731548"></trkpt>
    <trkpt lat="51.358854" lon="13.731829"></trkpt>
    <trkpt lat="51.359386" lon="13.732663"></trkpt>
    <trkpt lat="51.360007" lon="13.733650"></trkpt>
    <trkpt lat="51.361573" lon="13.736129"></trkpt>
    <trkpt lat="51.363192" lon="13.738715"></trkpt>
    <trkpt lat="51.363598" lon="13.739354"></trkpt>
    <trkpt lat="51.364000" lon="13.739986"></trkpt>
    <trkpt lat="51.364218" lon="13.740327"></trkpt>
    <trkpt lat="51.364684" lon="13.741055"></trkpt>
    <trkpt lat="51.365377" lon="13.742069"></trkpt>
    <trkpt lat="51.365702" lon="13.742497"></trkpt>
    <trkpt lat="51.366178" lon="13.743064"></trkpt>
    <trkpt lat="51.366538" lon="13.743453"></trkpt>
    <trkpt lat="51.366742" lon="13.743667"></trkpt>
    <trkpt lat="51.367506" lon="13.744345"></trkpt>
    <trkpt lat="51.368139" lon="13.744817"></trkpt>
    <trkpt lat="51.368440" lon="13.745021"></trkpt>
    <trkpt lat="51.369068" lon="13.745388"></trkpt>
    <trkpt lat="51.369619" lon="13.745643"></trkpt>
    <trkpt lat="51.370014" lon="13.745801"></trkpt>
    <trkpt lat="51.370480" lon="13.745964"></trkpt>
    <trkpt lat="51.370759" lon="13.746031"></trkpt>
    <trkpt lat="51.371408" lon="13.746163"></trkpt>
    <trkpt lat="51.373091" lon="13.746444"></trkpt>
    <trkpt lat="51.373300" lon="13.746479"></trkpt>
    <trkpt lat="51.373566" lon="13.746522"></trkpt>
    <trkpt lat="51.375246" lon="13.746788"></trkpt>
    <trkpt lat="51.375724" lon="13.746867"></trkpt>
    <trkpt lat="51.375862" lon="13.746890"></trkpt>
    <trkpt lat="51.376215" lon="13.746946"></trkpt>
    <trkpt lat="51.376419" lon="13.746979"></trkpt>
    <trkpt lat="51.376691" lon="13.747021"></trkpt>
    <trkpt lat="51.376837" lon="13.747044"></trkpt>
    <trkpt lat="51.379793" lon="13.747517"></trkpt>
    <trkpt lat="51.380283" lon="13.747596"></trkpt>
    <trkpt lat="51.380622" lon="13.747650"></trkpt>
    <trkpt lat="51.381886" lon="13.747897"></trkpt>
    <trkpt lat="51.382708" lon="13.748138"></trkpt>
    <trkpt lat="51.383102" lon="13.748279"></trkpt>
    <trkpt lat="51.383897" lon="13.748607"></trkpt>
    <trkpt lat="51.384169" lon="13.748741"></trkpt>
    <trkpt lat="51.384634" lon="13.748981"></trkpt>
    <trkpt lat="51.385461" lon="13.749474"></trkpt>
    <trkpt lat="51.385612" lon="13.749573"></trkpt>
    <trkpt lat="51.386048" lon="13.749880"></trkpt>
    <trkpt lat="51.386334" lon="13.750087"></trkpt>
    <trkpt lat="51.386680" lon="13.750354"></trkpt>
    <trkpt lat="51.386894" lon="13.750529"></trkpt>
    <trkpt lat="51.387046" lon="13.750658"></trkpt>
    <trkpt lat="51.387624" lon="13.751186"></trkpt>
    <trkpt lat="51.388003" lon="13.751551"></trkpt>
    <trkpt lat="51.388253" lon="13.751807"></trkpt>
    <trkpt lat="51.388393" lon="13.751950"></trkpt>
    <trkpt lat="51.388804" lon="13.752408"></trkpt>
    <trkpt lat="51.389207" lon="13.752888"></trkpt>
    <trkpt lat="51.389825" lon="13.753677"></trkpt>
    <trkpt lat="51.390423" lon="13.754532"></trkpt>
    <trkpt lat="51.390795" lon="13.755097"></trkpt>
    <trkpt lat="51.391148" lon="13.755681"></trkpt>
    <trkpt lat="51.391431" lon="13.756169"></trkpt>
    <trkpt lat="51.391615" lon="13.756501"></trkpt>
    <trkpt lat="51.391987" lon="13.757220"></trkpt>
    <trkpt lat="51.392569" lon="13.758435"></trkpt>
    <trkpt lat="51.393052" lon="13.759539"></trkpt>
    <trkpt lat="51.393700" lon="13.761042"></trkpt>
    <trkpt lat="51.394231" lon="13.762288"></trkpt>
    <trkpt lat="51.394469" lon="13.762844"></trkpt>
    <trkpt lat="51.395202" lon="13.764558"></trkpt>
    <trkpt lat="51.395736" lon="13.765802"></trkpt>
    <trkpt lat="51.396778" lon="13.768231"></trkpt>
    <trkpt lat="51.397014" lon="13.768781"></trkpt>
    <trkpt lat="51.397935" lon="13.770923"></trkpt>
    <trkpt lat="51.399232" lon="13.773945"></trkpt>
    <trkpt lat="51.399316" lon="13.774146"></trkpt>
    <trkpt lat="51.401271" lon="13.778737"></trkpt>
    <trkpt lat="51.401749" lon="13.779831"></trkpt>
    <trkpt lat="51.401900" lon="13.780178"></trkpt>
    <trkpt lat="51.401933" lon="13.780253"></trkpt>
    <trkpt lat="51.402359" lon="13.781208"></trkpt>
    <trkpt lat="51.403399" lon="13.783655"></trkpt>
    <trkpt lat="51.404073" lon="13.785242"></trkpt>
    <trkpt lat="51.404399" lon="13.786003"></trkpt>
    <trkpt lat="51.405258" lon="13.788012"></trkpt>
    <trkpt lat="51.406401" lon="13.790679"></trkpt>
    <trkpt lat="51.406941" lon="13.791926"></trkpt>
    <trkpt lat="51.407325" lon="13.792814"></trkpt>
    <trkpt lat="51.408636" lon="13.795933"></trkpt>
    <trkpt lat="51.409468" lon="13.797831"></trkpt>
    <trkpt lat="51.409679" lon="13.798319"></trkpt>
    <trkpt lat="51.410050" lon="13.799158"></trkpt>
    <trkpt lat="51.410561" lon="13.800315"></trkpt>
    <trkpt lat="51.411011" lon="13.801191"></trkpt>
    <trkpt lat="51.411379" lon="13.801894"></trkpt>
    <trkpt lat="51.411803" lon="13.802631"></trkpt>
    <trkpt lat="51.412149" lon="13.803195"></trkpt>
    <trkpt lat="51.412530" lon="13.803755"></trkpt>
    <trkpt lat="51.412986" lon="13.804449"></trkpt>
    <trkpt lat="51.413775" lon="13.805489"></trkpt>
    <trkpt lat="51.414666" lon="13.806531"></trkpt>
    <trkpt lat="51.415443" lon="13.807340"></trkpt>
    <trkpt lat="51.415896" lon="13.807773"></trkpt>
    <trkpt lat="51.416429" lon="13.808245"></trkpt>
    <trkpt lat="51.417032" lon="13.808743"></trkpt>
    <trkpt lat="51.417634" lon="13.809221"></trkpt>
    <trkpt lat="51.419917" lon="13.810990"></trkpt>
    <trkpt lat="51.421577" lon="13.812277"></trkpt>
    <trkpt lat="51.421910" lon="13.812520"></trkpt>
    <trkpt lat="51.422019" lon="13.812604"></trkpt>
    <trkpt lat="51.422219" lon="13.812776"></trkpt>
    <trkpt lat="51.423008" lon="13.813423"></trkpt>
    <trkpt lat="51.423812" lon="13.814152"></trkpt>
    <trkpt lat="51.423915" lon="13.814251"></trkpt>
    <trkpt lat="51.424186" lon="13.814528"></trkpt>
    <trkpt lat="51.424794" lon="13.815159"></trkpt>
    <trkpt lat="51.425550" lon="13.816026"></trkpt>
    <trkpt lat="51.427543" lon="13.818447"></trkpt>
    <trkpt lat="51.431122" lon="13.822796"></trkpt>
    <trkpt lat="51.434705" lon="13.827137"></trkpt>
    <trkpt lat="51.439456" lon="13.832922"></trkpt>
    <trkpt lat="51.440969" lon="13.834667"></trkpt>
    <trkpt lat="51.441135" lon="13.834859"></trkpt>
    <trkpt lat="51.441340" lon="13.835070"></trkpt>
    <trkpt lat="51.441568" lon="13.835290"></trkpt>
    <trkpt lat="51.441950" lon="13.835666"></trkpt>
    <trkpt lat="51.442298" lon="13.835992"></trkpt>
    <trkpt lat="51.443458" lon="13.837072"></trkpt>
    <trkpt lat="51.444357" lon="13.837837"></trkpt>
    <trkpt lat="51.445250" lon="13.838636"></trkpt>
    <trkpt lat="51.445861" lon="13.839192"></trkpt>
    <trkpt lat="51.447014" lon="13.840214"></trkpt>
    <trkpt lat="51.448339" lon="13.841433"></trkpt>
    <trkpt lat="51.449722" lon="13.842861"></trkpt>
    <trkpt lat="51.450549" lon="13.843693"></trkpt>
    <trkpt lat="51.451839" lon="13.845104"></trkpt>
    <trkpt lat="51.453175" lon="13.846564"></trkpt>
    <trkpt lat="51.453452" lon="13.846871"></trkpt>
    <trkpt lat="51.453914" lon="13.847372"></trkpt>
    <trkpt lat="51.454664" lon="13.848184"></trkpt>
    <trkpt lat="51.455756" lon="13.849371"></trkpt>
    <trkpt lat="51.456657" lon="13.850350"></trkpt>
    <trkpt lat="51.457150" lon="13.850889"></trkpt>
    <trkpt lat="51.457928" lon="13.851739"></trkpt>
    <trkpt lat="51.459889" lon="13.853861"></trkpt>
    <trkpt lat="51.460095" lon="13.854084"></trkpt>
    <trkpt lat="51.460916" lon="13.854964"></trkpt>
    <trkpt lat="51.462465" lon="13.856634"></trkpt>
    <trkpt lat="51.463212" lon="13.857461"></trkpt>
    <trkpt lat="51.463432" lon="13.857704"></trkpt>
    <trkpt lat="51.463741" lon="13.858041"></trkpt>
    <trkpt lat="51.464751" lon="13.859134"></trkpt>
    <trkpt lat="51.464789" lon="13.859176"></trkpt>
    <trkpt lat="51.465139" lon="13.859562"></trkpt>
    <trkpt lat="51.465562" lon="13.860028"></trkpt>
    <trkpt lat="51.467204" lon="13.861803"></trkpt>
    <trkpt lat="51.468327" lon="13.863018"></trkpt>
    <trkpt lat="51.468368" lon="13.863062"></trkpt>
    <trkpt lat="51.469923" lon="13.864746"></trkpt>
    <trkpt lat="51.470932" lon="13.865878"></trkpt>
    <trkpt lat="51.471331" lon="13.866277"></trkpt>
    <trkpt lat="51.471905" lon="13.866893"></trkpt>
    <trkpt lat="51.472274" lon="13.867294"></trkpt>
    <trkpt lat="51.472513" lon="13.867554"></trkpt>
    <trkpt lat="51.474800" lon="13.870042"></trkpt>
    <trkpt lat="51.475216" lon="13.870492"></trkpt>
    <trkpt lat="51.475371" lon="13.870660"></trkpt>
    <trkpt lat="51.476577" lon="13.871976"></trkpt>
    <trkpt lat="51.478386" lon="13.873954"></trkpt>
    <trkpt lat="51.479845" lon="13.875521"></trkpt>
    <trkpt lat="51.481535" lon="13.877360"></trkpt>
    <trkpt lat="51.482773" lon="13.878709"></trkpt>
    <trkpt lat="51.483402" lon="13.879393"></trkpt>
    <trkpt lat="51.484540" lon="13.880690"></trkpt>
    <trkpt lat="51.484872" lon="13.881111"></trkpt>
    <trkpt lat="51.485286" lon="13.881647"></trkpt>
    <trkpt lat="51.485885" lon="13.882493"></trkpt>
    <trkpt lat="51.486541" lon="13.883523"></trkpt>
    <trkpt lat="51.486824" lon="13.883991"></trkpt>
    <trkpt lat="51.487101" lon="13.884491"></trkpt>
    <trkpt lat="51.487643" lon="13.885498"></trkpt>
    <trkpt lat="51.488177" lon="13.886523"></trkpt>
    <trkpt lat="51.488823" lon="13.887776"></trkpt>
    <trkpt lat="51.489064" lon="13.888256"></trkpt>
    <trkpt lat="51.489556" lon="13.889225"></trkpt>
    <trkpt lat="51.490733" lon="13.891559"></trkpt>
    <trkpt lat="51.491351" lon="13.892720"></trkpt>
    <trkpt lat="51.491666" lon="13.893281"></trkpt>
    <trkpt lat="51.491988" lon="13.893841"></trkpt>
    <trkpt lat="51.492354" lon="13.894444"></trkpt>
    <trkpt lat="51.492494" lon="13.894661"></trkpt>
    <trkpt lat="51.492639" lon="13.894884"></trkpt>
    <trkpt lat="51.493061" lon="13.895507"></trkpt>
    <trkpt lat="51.493358" lon="13.895926"></trkpt>
    <trkpt lat="51.493664" lon="13.896323"></trkpt>
    <trkpt lat="51.494147" lon="13.896939"></trkpt>
    <trkpt lat="51.494606" lon="13.897470"></trkpt>
    <trkpt lat="51.495063" lon="13.897973"></trkpt>
    <trkpt lat="51.495519" lon="13.898457"></trkpt>
    <trkpt lat="51.495779" lon="13.898708"></trkpt>
    <trkpt lat="51.496088" lon="13.898985"></trkpt>
    <trkpt lat="51.496480" lon="13.899329"></trkpt>
    <trkpt lat="51.496937" lon="13.899711"></trkpt>
    <trkpt lat="51.497344" lon="13.900031"></trkpt>
    <trkpt lat="51.497714" lon="13.900297"></trkpt>
    <trkpt lat="51.498166" lon="13.900609"></trkpt>
    <trkpt lat="51.498554" lon="13.900853"></trkpt>
    <trkpt lat="51.498947" lon="13.901083"></trkpt>
    <trkpt lat="51.499689" lon="13.901477"></trkpt>
    <trkpt lat="51.500252" lon="13.901745"></trkpt>
    <trkpt lat="51.500326" lon="13.901776"></trkpt>
    <trkpt lat="51.500956" lon="13.902026"></trkpt>
    <trkpt lat="51.501684" lon="13.902275"></trkpt>
    <trkpt lat="51.502444" lon="13.902514"></trkpt>
    <trkpt lat="51.502964" lon="13.902679"></trkpt>
    <trkpt lat="51.504651" lon="13.903206"></trkpt>
    <trkpt lat="51.505103" lon="13.903339"></trkpt>
    <trkpt lat="51.507946" lon="13.904227"></trkpt>
    <trkpt lat="51.509064" lon="13.904567"></trkpt>
    <trkpt lat="51.511965" lon="13.905480"></trkpt>
    <trkpt lat="51.513074" lon="13.905799"></trkpt>
    <trkpt lat="51.513480" lon="13.905910"></trkpt>
    <trkpt lat="51.514201" lon="13.906085"></trkpt>
    <trkpt lat="51.514791" lon="13.906197"></trkpt>
    <trkpt lat="51.515388" lon="13.906272"></trkpt>
    <trkpt lat="51.516362" lon="13.906348"></trkpt>
    <trkpt lat="51.516696" lon="13.906347"></trkpt>
    <trkpt lat="51.517583" lon="13.906303"></trkpt>
    <trkpt lat="51.518211" lon="13.906215"></trkpt>
    <trkpt lat="51.518518" lon="13.906167"></trkpt>
    <trkpt lat="51.519189" lon="13.906055"></trkpt>
    <trkpt lat="51.520549" lon="13.905825"></trkpt>
    <trkpt lat="51.520777" lon="13.905782"></trkpt>
    <trkpt lat="51.521353" lon="13.905678"></trkpt>
    <trkpt lat="51.522690" lon="13.905461"></trkpt>
    <trkpt lat="51.523179" lon="13.905390"></trkpt>
    <trkpt lat="51.523717" lon="13.905301"></trkpt>
    <trkpt lat="51.524265" lon="13.905252"></trkpt>
    <trkpt lat="51.525111" lon="13.905231"></trkpt>
    <trkpt lat="51.525629" lon="13.905249"></trkpt>
    <trkpt lat="51.526205" lon="13.905295"></trkpt>
    <trkpt lat="51.526710" lon="13.905350"></trkpt>
    <trkpt lat="51.527263" lon="13.905459"></trkpt>
    <trkpt lat="51.527830" lon="13.905602"></trkpt>
    <trkpt lat="51.528434" lon="13.905779"></trkpt>
    <trkpt lat="51.529165" lon="13.906044"></trkpt>
    <trkpt lat="51.530016" lon="13.906366"></trkpt>
    <trkpt lat="51.530613" lon="13.906613"></trkpt>
    <trkpt lat="51.530803" lon="13.906688"></trkpt>
    <trkpt lat="51.531023" lon="13.906782"></trkpt>
    <trkpt lat="51.531295" lon="13.906899"></trkpt>
    <trkpt lat="51.531824" lon="13.907119"></trkpt>
    <trkpt lat="51.533300" lon="13.907720"></trkpt>
    <trkpt lat="51.533637" lon="13.907851"></trkpt>
    <trkpt lat="51.534770" lon="13.908315"></trkpt>
    <trkpt lat="51.535113" lon="13.908456"></trkpt>
    <trkpt lat="51.535579" lon="13.908643"></trkpt>
    <trkpt lat="51.536077" lon="13.908846"></trkpt>
    <trkpt lat="51.536480" lon="13.909010"></trkpt>
    <trkpt lat="51.536884" lon="13.909168"></trkpt>
    <trkpt lat="51.537100" lon="13.909253"></trkpt>
    <trkpt lat="51.537519" lon="13.909397"></trkpt>
    <trkpt lat="51.538010" lon="13.909558"></trkpt>
    <trkpt lat="51.538381" lon="13.909661"></trkpt>
    <trkpt lat="51.538843" lon="13.909766"></trkpt>
    <trkpt lat="51.539432" lon="13.909879"></trkpt>
    <trkpt lat="51.540891" lon="13.910071"></trkpt>
    <trkpt lat="51.541154" lon="13.910106"></trkpt>
    <trkpt lat="51.544731" lon="13.910544"></trkpt>
    <trkpt lat="51.547388" lon="13.910879"></trkpt>
    <trkpt lat="51.547932" lon="13.910954"></trkpt>
    <trkpt lat="51.548559" lon="13.911077"></trkpt>
    <trkpt lat="51.549072" lon="13.911200"></trkpt>
    <trkpt lat="51.549562" lon="13.911356"></trkpt>
    <trkpt lat="51.550038" lon="13.911504"></trkpt>
    <trkpt lat="51.550589" lon="13.911716"></trkpt>
    <trkpt lat="51.551116" lon="13.911952"></trkpt>
    <trkpt lat="51.551469" lon="13.912128"></trkpt>
    <trkpt lat="51.551527" lon="13.912160"></trkpt>
    <trkpt lat="51.551937" lon="13.912372"></trkpt>
    <trkpt lat="51.552732" lon="13.912835"></trkpt>
    <trkpt lat="51.553693" lon="13.913517"></trkpt>
    <trkpt lat="51.554378" lon="13.914068"></trkpt>
    <trkpt lat="51.554817" lon="13.914450"></trkpt>
    <trkpt lat="51.555406" lon="13.915005"></trkpt>
    <trkpt lat="51.555690" lon="13.915285"></trkpt>
    <trkpt lat="51.556357" lon="13.916045"></trkpt>
    <trkpt lat="51.556754" lon="13.916480"></trkpt>
    <trkpt lat="51.557274" lon="13.917123"></trkpt>
    <trkpt lat="51.557816" lon="13.917844"></trkpt>
    <trkpt lat="51.559777" lon="13.920554"></trkpt>
    <trkpt lat="51.562266" lon="13.924011"></trkpt>
    <trkpt lat="51.562638" lon="13.924486"></trkpt>
    <trkpt lat="51.563040" lon="13.925012"></trkpt>
    <trkpt lat="51.563306" lon="13.925343"></trkpt>
    <trkpt lat="51.563571" lon="13.925645"></trkpt>
    <trkpt lat="51.564049" lon="13.926190"></trkpt>
    <trkpt lat="51.564500" lon="13.926661"></trkpt>
    <trkpt lat="51.564905" lon="13.927056"></trkpt>
    <trkpt lat="51.565247" lon="13.927382"></trkpt>
    <trkpt lat="51.565816" lon="13.927869"></trkpt>
    <trkpt lat="51.566186" lon="13.928169"></trkpt>
    <trkpt lat="51.566526" lon="13.928426"></trkpt>
    <trkpt lat="51.567252" lon="13.928933"></trkpt>
    <trkpt lat="51.567916" lon="13.929346"></trkpt>
    <trkpt lat="51.568445" lon="13.929636"></trkpt>
    <trkpt lat="51.569056" lon="13.929936"></trkpt>
    <trkpt lat="51.569673" lon="13.930199"></trkpt>
    <trkpt lat="51.570204" lon="13.930408"></trkpt>
    <trkpt lat="51.570718" lon="13.930571"></trkpt>
    <trkpt lat="51.571289" lon="13.930726"></trkpt>
    <trkpt lat="51.571883" lon="13.930866"></trkpt>
    <trkpt lat="51.572438" lon="13.930990"></trkpt>
    <trkpt lat="51.573241" lon="13.931169"></trkpt>
    <trkpt lat="51.573700" lon="13.931281"></trkpt>
    <trkpt lat="51.574575" lon="13.931469"></trkpt>
    <trkpt lat="51.575624" lon="13.931702"></trkpt>
    <trkpt lat="51.576344" lon="13.931860"></trkpt>
    <trkpt lat="51.576883" lon="13.931981"></trkpt>
    <trkpt lat="51.576970" lon="13.932001"></trkpt>
    <trkpt lat="51.578113" lon="13.932288"></trkpt>
    <trkpt lat="51.578465" lon="13.932385"></trkpt>
    <trkpt lat="51.578798" lon="13.932500"></trkpt>
    <trkpt lat="51.579577" lon="13.932788"></trkpt>
    <trkpt lat="51.580300" lon="13.933109"></trkpt>
    <trkpt lat="51.580885" lon="13.933400"></trkpt>
    <trkpt lat="51.581238" lon="13.933600"></trkpt>
    <trkpt lat="51.581437" lon="13.933713"></trkpt>
    <trkpt lat="51.582000" lon="13.934097"></trkpt>
    <trkpt lat="51.582699" lon="13.934583"></trkpt>
    <trkpt lat="51.583537" lon="13.935236"></trkpt>
    <trkpt lat="51.583972" lon="13.935622"></trkpt>
    <trkpt lat="51.584489" lon="13.936127"></trkpt>
    <trkpt lat="51.584968" lon="13.936602"></trkpt>
    <trkpt lat="51.585796" lon="13.937532"></trkpt>
    <trkpt lat="51.586615" lon="13.938565"></trkpt>
    <trkpt lat="51.587036" lon="13.939172"></trkpt>
    <trkpt lat="51.587333" lon="13.939600"></trkpt>
    <trkpt lat="51.587598" lon="13.940003"></trkpt>
    <trkpt lat="51.587931" lon="13.940544"></trkpt>
    <trkpt lat="51.588261" lon="13.941053"></trkpt>
    <trkpt lat="51.588574" lon="13.941564"></trkpt>
    <trkpt lat="51.588699" lon="13.941768"></trkpt>
    <trkpt lat="51.588924" lon="13.942140"></trkpt>
    <trkpt lat="51.589100" lon="13.942433"></trkpt>
    <trkpt lat="51.590077" lon="13.944030"></trkpt>
    <trkpt lat="51.590520" lon="13.944761"></trkpt>
    <trkpt lat="51.591132" lon="13.945773"></trkpt>
    <trkpt lat="51.591760" lon="13.946698"></trkpt>
    <trkpt lat="51.591885" lon="13.946878"></trkpt>
    <trkpt lat="51.592341" lon="13.947506"></trkpt>
    <trkpt lat="51.593029" lon="13.948348"></trkpt>
    <trkpt lat="51.593820" lon="13.949225"></trkpt>
    <trkpt lat="51.594520" lon="13.949931"></trkpt>
    <trkpt lat="51.595253" lon="13.950598"></trkpt>
    <trkpt lat="51.596025" lon="13.951252"></trkpt>
    <trkpt lat="51.597074" lon="13.951955"></trkpt>
    <trkpt lat="51.598104" lon="13.952561"></trkpt>
    <trkpt lat="51.599077" lon="13.953033"></trkpt>
    <trkpt lat="51.599670" lon="13.953266"></trkpt>
    <trkpt lat="51.600284" lon="13.953486"></trkpt>
    <trkpt lat="51.601268" lon="13.953754"></trkpt>
    <trkpt lat="51.601581" lon="13.953825"></trkpt>
    <trkpt lat="51.601965" lon="13.953894"></trkpt>
    <trkpt lat="51.602364" lon="13.953950"></trkpt>
    <trkpt lat="51.602841" lon="13.954000"></trkpt>
    <trkpt lat="51.603346" lon="13.954029"></trkpt>
    <trkpt lat="51.603801" lon="13.954036"></trkpt>
    <trkpt lat="51.604477" lon="13.954016"></trkpt>
    <trkpt lat="51.604904" lon="13.953981"></trkpt>
    <trkpt lat="51.605129" lon="13.953954"></trkpt>
    <trkpt lat="51.605618" lon="13.953873"></trkpt>
    <trkpt lat="51.606256" lon="13.953757"></trkpt>
    <trkpt lat="51.606858" lon="13.953579"></trkpt>
    <trkpt lat="51.607396" lon="13.953418"></trkpt>
    <trkpt lat="51.607821" lon="13.953261"></trkpt>
    <trkpt lat="51.608162" lon="13.953129"></trkpt>
    <trkpt lat="51.609167" lon="13.952673"></trkpt>
    <trkpt lat="51.609696" lon="13.952399"></trkpt>
    <trkpt lat="51.614212" lon="13.950011"></trkpt>
    <trkpt lat="51.615538" lon="13.949301"></trkpt>
    <trkpt lat="51.617257" lon="13.948398"></trkpt>
    <trkpt lat="51.620665" lon="13.946592"></trkpt>
    <trkpt lat="51.622676" lon="13.945528"></trkpt>
    <trkpt lat="51.624141" lon="13.944747"></trkpt>
    <trkpt lat="51.626352" lon="13.943578"></trkpt>
    <trkpt lat="51.627888" lon="13.942766"></trkpt>
    <trkpt lat="51.628861" lon="13.942264"></trkpt>
    <trkpt lat="51.629318" lon="13.942056"></trkpt>
    <trkpt lat="51.630316" lon="13.941685"></trkpt>
    <trkpt lat="51.630622" lon="13.941591"></trkpt>
    <trkpt lat="51.631327" lon="13.941394"></trkpt>
    <trkpt lat="51.632038" lon="13.941252"></trkpt>
    <trkpt lat="51.632634" lon="13.941166"></trkpt>
    <trkpt lat="51.633655" lon="13.941098"></trkpt>
    <trkpt lat="51.634460" lon="13.941115"></trkpt>
    <trkpt lat="51.635476" lon="13.941195"></trkpt>
    <trkpt lat="51.636939" lon="13.941464"></trkpt>
    <trkpt lat="51.638878" lon="13.941821"></trkpt>
    <trkpt lat="51.640916" lon="13.942196"></trkpt>
    <trkpt lat="51.641278" lon="13.942254"></trkpt>
    <trkpt lat="51.642407" lon="13.942397"></trkpt>
    <trkpt lat="51.643255" lon="13.942434"></trkpt>
    <trkpt lat="51.644119" lon="13.942404"></trkpt>
    <trkpt lat="51.644847" lon="13.942326"></trkpt>
    <trkpt lat="51.645194" lon="13.942269"></trkpt>
    <trkpt lat="51.645553" lon="13.942208"></trkpt>
    <trkpt lat="51.646080" lon="13.942085"></trkpt>
    <trkpt lat="51.646598" lon="13.941945"></trkpt>
    <trkpt lat="51.647101" lon="13.941783"></trkpt>
    <trkpt lat="51.647603" lon="13.941598"></trkpt>
    <trkpt lat="51.648476" lon="13.941210"></trkpt>
    <trkpt lat="51.649325" lon="13.940764"></trkpt>
    <trkpt lat="51.650031" lon="13.940332"></trkpt>
    <trkpt lat="51.650725" lon="13.939859"></trkpt>
    <trkpt lat="51.651397" lon="13.939343"></trkpt>
    <trkpt lat="51.651736" lon="13.939067"></trkpt>
    <trkpt lat="51.652046" lon="13.938776"></trkpt>
    <trkpt lat="51.652549" lon="13.938329"></trkpt>
    <trkpt lat="51.653032" lon="13.937846"></trkpt>
    <trkpt lat="51.653502" lon="13.937335"></trkpt>
    <trkpt lat="51.653884" lon="13.936901"></trkpt>
    <trkpt lat="51.654432" lon="13.936227"></trkpt>
    <trkpt lat="51.654971" lon="13.935516"></trkpt>
    <trkpt lat="51.655240" lon="13.935157"></trkpt>
    <trkpt lat="51.655507" lon="13.934770"></trkpt>
    <trkpt lat="51.656014" lon="13.933989"></trkpt>
    <trkpt lat="51.656717" lon="13.932795"></trkpt>
    <trkpt lat="51.657372" lon="13.931536"></trkpt>
    <trkpt lat="51.657799" lon="13.930657"></trkpt>
    <trkpt lat="51.658190" lon="13.929769"></trkpt>
    <trkpt lat="51.658452" lon="13.929153"></trkpt>
    <trkpt lat="51.658672" lon="13.928580"></trkpt>
    <trkpt lat="51.659123" lon="13.927298"></trkpt>
    <trkpt lat="51.659507" lon="13.926150"></trkpt>
    <trkpt lat="51.659818" lon="13.925011"></trkpt>
    <trkpt lat="51.660352" lon="13.922899"></trkpt>
    <trkpt lat="51.660864" lon="13.920768"></trkpt>
    <trkpt lat="51.661271" lon="13.919064"></trkpt>
    <trkpt lat="51.661493" lon="13.918237"></trkpt>
    <trkpt lat="51.661711" lon="13.917420"></trkpt>
    <trkpt lat="51.661868" lon="13.916883"></trkpt>
    <trkpt lat="51.662120" lon="13.916064"></trkpt>
    <trkpt lat="51.662318" lon="13.915459"></trkpt>
    <trkpt lat="51.662470" lon="13.915008"></trkpt>
    <trkpt lat="51.662708" lon="13.914371"></trkpt>
    <trkpt lat="51.662862" lon="13.913966"></trkpt>
    <trkpt lat="51.662991" lon="13.913646"></trkpt>
    <trkpt lat="51.663230" lon="13.913057"></trkpt>
    <trkpt lat="51.663418" lon="13.912620"></trkpt>
    <trkpt lat="51.663608" lon="13.912201"></trkpt>
    <trkpt lat="51.664082" lon="13.911215"></trkpt>
    <trkpt lat="51.664396" lon="13.910594"></trkpt>
    <trkpt lat="51.664870" lon="13.909743"></trkpt>
    <trkpt lat="51.665130" lon="13.909293"></trkpt>
    <trkpt lat="51.665401" lon="13.908829"></trkpt>
    <trkpt lat="51.665768" lon="13.908262"></trkpt>
    <trkpt lat="51.666057" lon="13.907832"></trkpt>
    <trkpt lat="51.666370" lon="13.907389"></trkpt>
    <trkpt lat="51.666985" lon="13.906580"></trkpt>
    <trkpt lat="51.667634" lon="13.905783"></trkpt>
    <trkpt lat="51.668425" lon="13.904940"></trkpt>
    <trkpt lat="51.669161" lon="13.904239"></trkpt>
    <trkpt lat="51.670024" lon="13.903470"></trkpt>
    <trkpt lat="51.670715" lon="13.902966"></trkpt>
    <trkpt lat="51.671420" lon="13.902495"></trkpt>
    <trkpt lat="51.672153" lon="13.902039"></trkpt>
    <trkpt lat="51.672926" lon="13.901655"></trkpt>
    <trkpt lat="51.673536" lon="13.901364"></trkpt>
    <trkpt lat="51.674177" lon="13.901133"></trkpt>
    <trkpt lat="51.674756" lon="13.900950"></trkpt>
    <trkpt lat="51.675316" lon="13.900800"></trkpt>
    <trkpt lat="51.675966" lon="13.900650"></trkpt>
    <trkpt lat="51.676668" lon="13.900542"></trkpt>
    <trkpt lat="51.677471" lon="13.900477"></trkpt>
    <trkpt lat="51.678312" lon="13.900466"></trkpt>
    <trkpt lat="51.680831" lon="13.900663"></trkpt>
    <trkpt lat="51.681661" lon="13.900743"></trkpt>
    <trkpt lat="51.691762" lon="13.901650"></trkpt>
    <trkpt lat="51.692776" lon="13.901742"></trkpt>
    <trkpt lat="51.693288" lon="13.901791"></trkpt>
    <trkpt lat="51.693775" lon="13.901814"></trkpt>
    <trkpt lat="51.694689" lon="13.901786"></trkpt>
    <trkpt lat="51.695141" lon="13.901742"></trkpt>
    <trkpt lat="51.695583" lon="13.901683"></trkpt>
    <trkpt lat="51.696511" lon="13.901507"></trkpt>
    <trkpt lat="51.697093" lon="13.901356"></trkpt>
    <trkpt lat="51.697649" lon="13.901170"></trkpt>
    <trkpt lat="51.698064" lon="13.901032"></trkpt>
    <trkpt lat="51.698438" lon="13.900880"></trkpt>
    <trkpt lat="51.699180" lon="13.900545"></trkpt>
    <trkpt lat="51.700036" lon="13.900149"></trkpt>
    <trkpt lat="51.700775" lon="13.899801"></trkpt>
    <trkpt lat="51.703056" lon="13.898722"></trkpt>
    <trkpt lat="51.706923" lon="13.896873"></trkpt>
    <trkpt lat="51.707454" lon="13.896628"></trkpt>
    <trkpt lat="51.709937" lon="13.895462"></trkpt>
    <trkpt lat="51.710537" lon="13.895135"></trkpt>
    <trkpt lat="51.711137" lon="13.894789"></trkpt>
    <trkpt lat="51.711801" lon="13.894340"></trkpt>
    <trkpt lat="51.712446" lon="13.893869"></trkpt>
    <trkpt lat="51.713122" lon="13.893299"></trkpt>
    <trkpt lat="51.713769" lon="13.892719"></trkpt>
    <trkpt lat="51.714518" lon="13.891976"></trkpt>
    <trkpt lat="51.715508" lon="13.890831"></trkpt>
    <trkpt lat="51.721375" lon="13.883880"></trkpt>
    <trkpt lat="51.721680" lon="13.883523"></trkpt>
    <trkpt lat="51.724164" lon="13.880557"></trkpt>
    <trkpt lat="51.726555" lon="13.877730"></trkpt>
    <trkpt lat="51.729632" lon="13.874077"></trkpt>
    <trkpt lat="51.733700" lon="13.869269"></trkpt>
    <trkpt lat="51.735713" lon="13.866862"></trkpt>
    <trkpt lat="51.736472" lon="13.866034"></trkpt>
    <trkpt lat="51.737245" lon="13.865277"></trkpt>
    <trkpt lat="51.737858" lon="13.864723"></trkpt>
    <trkpt lat="51.738469" lon="13.864229"></trkpt>
    <trkpt lat="51.739122" lon="13.863737"></trkpt>
    <trkpt lat="51.739813" lon="13.863274"></trkpt>
    <trkpt lat="51.740930" lon="13.862650"></trkpt>
    <trkpt lat="51.742403" lon="13.862039"></trkpt>
    <trkpt lat="51.743303" lon="13.861745"></trkpt>
    <trkpt lat="51.744345" lon="13.861518"></trkpt>
    <trkpt lat="51.745067" lon="13.861427"></trkpt>
    <trkpt lat="51.746868" lon="13.861369"></trkpt>
    <trkpt lat="51.747905" lon="13.861489"></trkpt>
    <trkpt lat="51.749384" lon="13.861784"></trkpt>
    <trkpt lat="51.758105" lon="13.863840"></trkpt>
    <trkpt lat="51.762089" lon="13.864770"></trkpt>
    <trkpt lat="51.762177" lon="13.864791"></trkpt>
    <trkpt lat="51.765052" lon="13.865460"></trkpt>
    <trkpt lat="51.767921" lon="13.866106"></trkpt>
    <trkpt lat="51.769076" lon="13.866426"></trkpt>
    <trkpt lat="51.769633" lon="13.866616"></trkpt>
    <trkpt lat="51.770235" lon="13.866870"></trkpt>
    <trkpt lat="51.771111" lon="13.867283"></trkpt>
    <trkpt lat="51.772022" lon="13.867790"></trkpt>
    <trkpt lat="51.773207" lon="13.868570"></trkpt>
    <trkpt lat="51.774388" lon="13.869373"></trkpt>
    <trkpt lat="51.774827" lon="13.869663"></trkpt>
    <trkpt lat="51.783572" lon="13.875664"></trkpt>
    <trkpt lat="51.783899" lon="13.875891"></trkpt>
    <trkpt lat="51.785554" lon="13.877010"></trkpt>
    <trkpt lat="51.787418" lon="13.878308"></trkpt>
    <trkpt lat="51.788617" lon="13.879098"></trkpt>
    <trkpt lat="51.789150" lon="13.879462"></trkpt>
    <trkpt lat="51.790085" lon="13.880102"></trkpt>
    <trkpt lat="51.791564" lon="13.881086"></trkpt>
    <trkpt lat="51.792310" lon="13.881495"></trkpt>
    <trkpt lat="51.793511" lon="13.882032"></trkpt>
    <trkpt lat="51.794238" lon="13.882308"></trkpt>
    <trkpt lat="51.795016" lon="13.882539"></trkpt>
    <trkpt lat="51.804416" lon="13.885086"></trkpt>
    <trkpt lat="51.805177" lon="13.885324"></trkpt>
    <trkpt lat="51.805927" lon="13.885603"></trkpt>
    <trkpt lat="51.806689" lon="13.885940"></trkpt>
    <trkpt lat="51.807488" lon="13.886365"></trkpt>
    <trkpt lat="51.808177" lon="13.886797"></trkpt>
    <trkpt lat="51.808804" lon="13.887244"></trkpt>
    <trkpt lat="51.809184" lon="13.887521"></trkpt>
    <trkpt lat="51.809560" lon="13.887815"></trkpt>
    <trkpt lat="51.810184" lon="13.888364"></trkpt>
    <trkpt lat="51.810808" lon="13.888973"></trkpt>
    <trkpt lat="51.813441" lon="13.891916"></trkpt>
    <trkpt lat="51.817090" lon="13.896103"></trkpt>
    <trkpt lat="51.818216" lon="13.897393"></trkpt>
    <trkpt lat="51.825408" lon="13.905665"></trkpt>
    <trkpt lat="51.827731" lon="13.908335"></trkpt>
    <trkpt lat="51.828965" lon="13.909763"></trkpt>
    <trkpt lat="51.829117" lon="13.909939"></trkpt>
    <trkpt lat="51.830017" lon="13.910857"></trkpt>
    <trkpt lat="51.830954" lon="13.911788"></trkpt>
    <trkpt lat="51.832272" lon="13.913044"></trkpt>
    <trkpt lat="51.832860" lon="13.913610"></trkpt>
    <trkpt lat="51.839588" lon="13.920047"></trkpt>
    <trkpt lat="51.840984" lon="13.921379"></trkpt>
    <trkpt lat="51.842163" lon="13.922507"></trkpt>
    <trkpt lat="51.843930" lon="13.924198"></trkpt>
    <trkpt lat="51.844028" lon="13.924292"></trkpt>
    <trkpt lat="51.844255" lon="13.924517"></trkpt>
    <trkpt lat="51.844509" lon="13.924762"></trkpt>
    <trkpt lat="51.845021" lon="13.925248"></trkpt>
    <trkpt lat="51.845344" lon="13.925554"></trkpt>
    <trkpt lat="51.845645" lon="13.925823"></trkpt>
    <trkpt lat="51.845780" lon="13.925944"></trkpt>
    <trkpt lat="51.846089" lon="13.926205"></trkpt>
    <trkpt lat="51.846275" lon="13.926324"></trkpt>
    <trkpt lat="51.846465" lon="13.926419"></trkpt>
    <trkpt lat="51.846598" lon="13.926471"></trkpt>
    <trkpt lat="51.846741" lon="13.926504"></trkpt>
    <trkpt lat="51.846919" lon="13.926515"></trkpt>
    <trkpt lat="51.847107" lon="13.926513"></trkpt>
    <trkpt lat="51.847221" lon="13.926489"></trkpt>
    <trkpt lat="51.847401" lon="13.926435"></trkpt>
    <trkpt lat="51.847546" lon="13.926360"></trkpt>
    <trkpt lat="51.847757" lon="13.926234"></trkpt>
    <trkpt lat="51.847887" lon="13.926137"></trkpt>
    <trkpt lat="51.848025" lon="13.925993"></trkpt>
    <trkpt lat="51.848160" lon="13.925845"></trkpt>
    <trkpt lat="51.848306" lon="13.925615"></trkpt>
    <trkpt lat="51.848432" lon="13.925380"></trkpt>
    <trkpt lat="51.848525" lon="13.925186"></trkpt>
    <trkpt lat="51.848624" lon="13.924911"></trkpt>
    <trkpt lat="51.848713" lon="13.924602"></trkpt>
    <trkpt lat="51.848776" lon="13.924307"></trkpt>
    <trkpt lat="51.848818" lon="13.924042"></trkpt>
    <trkpt lat="51.848839" lon="13.923782"></trkpt>
    <trkpt lat="51.848851" lon="13.923463"></trkpt>
    <trkpt lat="51.848845" lon="13.923230"></trkpt>
    <trkpt lat="51.848817" lon="13.922925"></trkpt>
    <trkpt lat="51.848776" lon="13.922616"></trkpt>
    <trkpt lat="51.848711" lon="13.922315"></trkpt>
    <trkpt lat="51.848635" lon="13.922028"></trkpt>
    <trkpt lat="51.848561" lon="13.921795"></trkpt>
    <trkpt lat="51.848472" lon="13.921534"></trkpt>
    <trkpt lat="51.848387" lon="13.921322"></trkpt>
    <trkpt lat="51.848261" lon="13.921020"></trkpt>
    <trkpt lat="51.848082" lon="13.920592"></trkpt>
    <trkpt lat="51.847988" lon="13.920360"></trkpt>
    <trkpt lat="51.847855" lon="13.919993"></trkpt>
    <trkpt lat="51.847787" lon="13.919780"></trkpt>
    <trkpt lat="51.847726" lon="13.919576"></trkpt>
    <trkpt lat="51.847645" lon="13.919232"></trkpt>
    <trkpt lat="51.847575" lon="13.918885"></trkpt>
    <trkpt lat="51.847527" lon="13.918546"></trkpt>
    <trkpt lat="51.847511" lon="13.918361"></trkpt>
    <trkpt lat="51.847496" lon="13.918123"></trkpt>
    <trkpt lat="51.847487" lon="13.917840"></trkpt>
    <trkpt lat="51.847490" lon="13.917609"></trkpt>
    <trkpt lat="51.847496" lon="13.917404"></trkpt>
    <trkpt lat="51.847511" lon="13.917142"></trkpt>
    <trkpt lat="51.847552" lon="13.916802"></trkpt>
    <trkpt lat="51.847606" lon="13.916504"></trkpt>
    <trkpt lat="51.847664" lon="13.916219"></trkpt>
    <trkpt lat="51.847752" lon="13.915887"></trkpt>
    <trkpt lat="51.847828" lon="13.915643"></trkpt>
    <trkpt lat="51.847903" lon="13.915437"></trkpt>
    <trkpt lat="51.848101" lon="13.914936"></trkpt>
    <trkpt lat="51.848325" lon="13.914436"></trkpt>
    <trkpt lat="51.848483" lon="13.914181"></trkpt>
    <trkpt lat="51.848696" lon="13.913862"></trkpt>
    <trkpt lat="51.848915" lon="13.913558"></trkpt>
    <trkpt lat="51.849158" lon="13.913222"></trkpt>
    <trkpt lat="51.849419" lon="13.912888"></trkpt>
    <trkpt lat="51.849704" lon="13.912512"></trkpt>
    <trkpt lat="51.850167" lon="13.911899"></trkpt>
    <trkpt lat="51.850371" lon="13.911621"></trkpt>
    <trkpt lat="51.850663" lon="13.911239"></trkpt>
    <trkpt lat="51.850795" lon="13.911064"></trkpt>
    <trkpt lat="51.851251" lon="13.910454"></trkpt>
    <trkpt lat="51.851594" lon="13.910003"></trkpt>
    <trkpt lat="51.852260" lon="13.909111"></trkpt>
    <trkpt lat="51.852456" lon="13.908860"></trkpt>
    <trkpt lat="51.852677" lon="13.908574"></trkpt>
    <trkpt lat="51.853107" lon="13.908092"></trkpt>
    <trkpt lat="51.853286" lon="13.907891"></trkpt>
    <trkpt lat="51.853469" lon="13.907699"></trkpt>
    <trkpt lat="51.853729" lon="13.907448"></trkpt>
    <trkpt lat="51.853885" lon="13.907314"></trkpt>
    <trkpt lat="51.854083" lon="13.907143"></trkpt>
    <trkpt lat="51.854311" lon="13.906944"></trkpt>
    <trkpt lat="51.854832" lon="13.906581"></trkpt>
    <trkpt lat="51.857314" lon="13.905083"></trkpt>
    <trkpt lat="51.858832" lon="13.904186"></trkpt>
    <trkpt lat="51.859271" lon="13.903924"></trkpt>
    <trkpt lat="51.860567" lon="13.903157"></trkpt>
    <trkpt lat="51.866341" lon="13.899742"></trkpt>
    <trkpt lat="51.868030" lon="13.898712"></trkpt>
    <trkpt lat="51.868651" lon="13.898264"></trkpt>
    <trkpt lat="51.869633" lon="13.897494"></trkpt>
    <trkpt lat="51.870643" lon="13.896628"></trkpt>
    <trkpt lat="51.871179" lon="13.896095"></trkpt>
    <trkpt lat="51.871937" lon="13.895292"></trkpt>
    <trkpt lat="51.872686" lon="13.894430"></trkpt>
    <trkpt lat="51.873362" lon="13.893615"></trkpt>
    <trkpt lat="51.874011" lon="13.892719"></trkpt>
    <trkpt lat="51.874971" lon="13.891336"></trkpt>
    <trkpt lat="51.875794" lon="13.889984"></trkpt>
    <trkpt lat="51.876204" lon="13.889256"></trkpt>
    <trkpt lat="51.876584" lon="13.888521"></trkpt>
    <trkpt lat="51.877203" lon="13.887248"></trkpt>
    <trkpt lat="51.877715" lon="13.886156"></trkpt>
    <trkpt lat="51.877890" lon="13.885739"></trkpt>
    <trkpt lat="51.878583" lon="13.884046"></trkpt>
    <trkpt lat="51.878930" lon="13.883124"></trkpt>
    <trkpt lat="51.879138" lon="13.882499"></trkpt>
    <trkpt lat="51.879236" lon="13.882188"></trkpt>
    <trkpt lat="51.879350" lon="13.881807"></trkpt>
    <trkpt lat="51.879786" lon="13.880342"></trkpt>
    <trkpt lat="51.880277" lon="13.878482"></trkpt>
    <trkpt lat="51.880768" lon="13.876351"></trkpt>
    <trkpt lat="51.882574" lon="13.868110"></trkpt>
    <trkpt lat="51.884123" lon="13.861000"></trkpt>
    <trkpt lat="51.885169" lon="13.856198"></trkpt>
    <trkpt lat="51.886679" lon="13.849265"></trkpt>
    <trkpt lat="51.886771" lon="13.848835"></trkpt>
    <trkpt lat="51.887535" lon="13.845291"></trkpt>
    <trkpt lat="51.887670" lon="13.844689"></trkpt>
    <trkpt lat="51.888267" lon="13.841930"></trkpt>
    <trkpt lat="51.889158" lon="13.837875"></trkpt>
    <trkpt lat="51.889430" lon="13.836802"></trkpt>
    <trkpt lat="51.889733" lon="13.835587"></trkpt>
    <trkpt lat="51.890033" lon="13.834460"></trkpt>
    <trkpt lat="51.890165" lon="13.833983"></trkpt>
    <trkpt lat="51.890441" lon="13.833013"></trkpt>
    <trkpt lat="51.890710" lon="13.832103"></trkpt>
    <trkpt lat="51.891145" lon="13.830695"></trkpt>
    <trkpt lat="51.891553" lon="13.829432"></trkpt>
    <trkpt lat="51.891731" lon="13.828917"></trkpt>
    <trkpt lat="51.892507" lon="13.826716"></trkpt>
    <trkpt lat="51.893206" lon="13.824826"></trkpt>
    <trkpt lat="51.894128" lon="13.822386"></trkpt>
    <trkpt lat="51.894618" lon="13.821248"></trkpt>
    <trkpt lat="51.894913" lon="13.820599"></trkpt>
    <trkpt lat="51.895214" lon="13.819972"></trkpt>
    <trkpt lat="51.895560" lon="13.819316"></trkpt>
    <trkpt lat="51.895949" lon="13.818629"></trkpt>
    <trkpt lat="51.896398" lon="13.817861"></trkpt>
    <trkpt lat="51.896629" lon="13.817482"></trkpt>
    <trkpt lat="51.896858" lon="13.817100"></trkpt>
    <trkpt lat="51.896985" lon="13.816897"></trkpt>
    <trkpt lat="51.897210" lon="13.816554"></trkpt>
    <trkpt lat="51.898072" lon="13.815347"></trkpt>
    <trkpt lat="51.898148" lon="13.815249"></trkpt>
    <trkpt lat="51.898408" lon="13.814872"></trkpt>
    <trkpt lat="51.898934" lon="13.814119"></trkpt>
    <trkpt lat="51.899194" lon="13.813757"></trkpt>
    <trkpt lat="51.899360" lon="13.813528"></trkpt>
    <trkpt lat="51.899541" lon="13.813272"></trkpt>
    <trkpt lat="51.900151" lon="13.812419"></trkpt>
    <trkpt lat="51.900823" lon="13.811455"></trkpt>
    <trkpt lat="51.901399" lon="13.810649"></trkpt>
    <trkpt lat="51.901604" lon="13.810362"></trkpt>
    <trkpt lat="51.903035" lon="13.808321"></trkpt>
    <trkpt lat="51.904670" lon="13.805695"></trkpt>
    <trkpt lat="51.904850" lon="13.805403"></trkpt>
    <trkpt lat="51.905068" lon="13.805028"></trkpt>
    <trkpt lat="51.908244" lon="13.799841"></trkpt>
    <trkpt lat="51.908337" lon="13.799692"></trkpt>
    <trkpt lat="51.908418" lon="13.799547"></trkpt>
    <trkpt lat="51.908544" lon="13.799357"></trkpt>
    <trkpt lat="51.909426" lon="13.797895"></trkpt>
    <trkpt lat="51.912901" lon="13.792278"></trkpt>
    <trkpt lat="51.913234" lon="13.791736"></trkpt>
    <trkpt lat="51.913999" lon="13.790470"></trkpt>
    <trkpt lat="51.914309" lon="13.790002"></trkpt>
    <trkpt lat="51.916485" lon="13.786831"></trkpt>
    <trkpt lat="51.917581" lon="13.785241"></trkpt>
    <trkpt lat="51.918666" lon="13.783688"></trkpt>
    <trkpt lat="51.919153" lon="13.782983"></trkpt>
    <trkpt lat="51.919653" lon="13.782269"></trkpt>
    <trkpt lat="51.920627" lon="13.780863"></trkpt>
    <trkpt lat="51.922586" lon="13.778055"></trkpt>
    <trkpt lat="51.926501" lon="13.772399"></trkpt>
    <trkpt lat="51.927468" lon="13.771009"></trkpt>
    <trkpt lat="51.928433" lon="13.769662"></trkpt>
    <trkpt lat="51.929089" lon="13.768838"></trkpt>
    <trkpt lat="51.929417" lon="13.768451"></trkpt>
    <trkpt lat="51.929746" lon="13.768092"></trkpt>
    <trkpt lat="51.930261" lon="13.767549"></trkpt>
    <trkpt lat="51.930743" lon="13.767074"></trkpt>
    <trkpt lat="51.931231" lon="13.766634"></trkpt>
    <trkpt lat="51.931920" lon="13.766067"></trkpt>
    <trkpt lat="51.932622" lon="13.765544"></trkpt>
    <trkpt lat="51.933429" lon="13.765012"></trkpt>
    <trkpt lat="51.934119" lon="13.764613"></trkpt>
    <trkpt lat="51.934790" lon="13.764287"></trkpt>
    <trkpt lat="51.935119" lon="13.764132"></trkpt>
    <trkpt lat="51.935454" lon="13.763993"></trkpt>
    <trkpt lat="51.935743" lon="13.763881"></trkpt>
    <trkpt lat="51.936035" lon="13.763779"></trkpt>
    <trkpt lat="51.936325" lon="13.763688"></trkpt>
    <trkpt lat="51.936618" lon="13.763608"></trkpt>
    <trkpt lat="51.937266" lon="13.763434"></trkpt>
    <trkpt lat="51.937934" lon="13.763307"></trkpt>
    <trkpt lat="51.938369" lon="13.763241"></trkpt>
    <trkpt lat="51.938815" lon="13.763195"></trkpt>
    <trkpt lat="51.939711" lon="13.763149"></trkpt>
    <trkpt lat="51.940554" lon="13.763185"></trkpt>
    <trkpt lat="51.941396" lon="13.763277"></trkpt>
    <trkpt lat="51.941754" lon="13.763333"></trkpt>
    <trkpt lat="51.942112" lon="13.763410"></trkpt>
    <trkpt lat="51.942386" lon="13.763463"></trkpt>
    <trkpt lat="51.942661" lon="13.763525"></trkpt>
    <trkpt lat="51.946180" lon="13.764629"></trkpt>
    <trkpt lat="51.946352" lon="13.764680"></trkpt>
    <trkpt lat="51.947481" lon="13.765041"></trkpt>
    <trkpt lat="51.947818" lon="13.765145"></trkpt>
    <trkpt lat="51.949776" lon="13.765749"></trkpt>
    <trkpt lat="51.950030" lon="13.765830"></trkpt>
    <trkpt lat="51.951432" lon="13.766267"></trkpt>
    <trkpt lat="51.952215" lon="13.766493"></trkpt>
    <trkpt lat="51.952451" lon="13.766560"></trkpt>
    <trkpt lat="51.952848" lon="13.766675"></trkpt>
    <trkpt lat="51.953024" lon="13.766718"></trkpt>
    <trkpt lat="51.953366" lon="13.766808"></trkpt>
    <trkpt lat="51.953794" lon="13.766868"></trkpt>
    <trkpt lat="51.954376" lon="13.766941"></trkpt>
    <trkpt lat="51.954862" lon="13.766983"></trkpt>
    <trkpt lat="51.955074" lon="13.767010"></trkpt>
    <trkpt lat="51.955314" lon="13.767026"></trkpt>
    <trkpt lat="51.955691" lon="13.767035"></trkpt>
    <trkpt lat="51.956085" lon="13.767017"></trkpt>
    <trkpt lat="51.956481" lon="13.767008"></trkpt>
    <trkpt lat="51.956650" lon="13.766999"></trkpt>
    <trkpt lat="51.956775" lon="13.766993"></trkpt>
    <trkpt lat="51.957373" lon="13.766921"></trkpt>
    <trkpt lat="51.958178" lon="13.766761"></trkpt>
    <trkpt lat="51.958662" lon="13.766644"></trkpt>
    <trkpt lat="51.959124" lon="13.766489"></trkpt>
    <trkpt lat="51.959529" lon="13.766357"></trkpt>
    <trkpt lat="51.959974" lon="13.766190"></trkpt>
    <trkpt lat="51.960551" lon="13.765924"></trkpt>
    <trkpt lat="51.960697" lon="13.765864"></trkpt>
    <trkpt lat="51.960817" lon="13.765801"></trkpt>
    <trkpt lat="51.961137" lon="13.765637"></trkpt>
    <trkpt lat="51.961240" lon="13.765584"></trkpt>
    <trkpt lat="51.961666" lon="13.765353"></trkpt>
    <trkpt lat="51.962183" lon="13.765044"></trkpt>
    <trkpt lat="51.962288" lon="13.764982"></trkpt>
    <trkpt lat="51.962887" lon="13.764568"></trkpt>
    <trkpt lat="51.963341" lon="13.764228"></trkpt>
    <trkpt lat="51.963798" lon="13.763875"></trkpt>
    <trkpt lat="51.964372" lon="13.763370"></trkpt>
    <trkpt lat="51.964826" lon="13.762941"></trkpt>
    <trkpt lat="51.965231" lon="13.762537"></trkpt>
    <trkpt lat="51.965636" lon="13.762118"></trkpt>
    <trkpt lat="51.965748" lon="13.761999"></trkpt>
    <trkpt lat="51.966091" lon="13.761603"></trkpt>
    <trkpt lat="51.966733" lon="13.760794"></trkpt>
    <trkpt lat="51.967250" lon="13.760107"></trkpt>
    <trkpt lat="51.967903" lon="13.759177"></trkpt>
    <trkpt lat="51.968214" lon="13.758687"></trkpt>
    <trkpt lat="51.968543" lon="13.758145"></trkpt>
    <trkpt lat="51.969102" lon="13.757180"></trkpt>
    <trkpt lat="51.969657" lon="13.756117"></trkpt>
    <trkpt lat="51.969938" lon="13.755535"></trkpt>
    <trkpt lat="51.970928" lon="13.753410"></trkpt>
    <trkpt lat="51.972511" lon="13.750060"></trkpt>
    <trkpt lat="51.973003" lon="13.749071"></trkpt>
    <trkpt lat="51.973652" lon="13.747892"></trkpt>
    <trkpt lat="51.974289" lon="13.746871"></trkpt>
    <trkpt lat="51.974951" lon="13.745880"></trkpt>
    <trkpt lat="51.975527" lon="13.745107"></trkpt>
    <trkpt lat="51.976820" lon="13.743507"></trkpt>
    <trkpt lat="51.978313" lon="13.741677"></trkpt>
    <trkpt lat="51.984354" lon="13.734231"></trkpt>
    <trkpt lat="51.985290" lon="13.733091"></trkpt>
    <trkpt lat="51.986296" lon="13.731847"></trkpt>
    <trkpt lat="51.987671" lon="13.730236"></trkpt>
    <trkpt lat="51.988785" lon="13.729092"></trkpt>
    <trkpt lat="51.990008" lon="13.728061"></trkpt>
    <trkpt lat="51.991055" lon="13.727353"></trkpt>
    <trkpt lat="51.991248" lon="13.727237"></trkpt>
    <trkpt lat="51.991442" lon="13.727118"></trkpt>
    <trkpt lat="51.992477" lon="13.726552"></trkpt>
    <trkpt lat="51.994045" lon="13.725704"></trkpt>
    <trkpt lat="51.994644" lon="13.725384"></trkpt>
    <trkpt lat="51.995265" lon="13.725051"></trkpt>
    <trkpt lat="51.995910" lon="13.724705"></trkpt>
    <trkpt lat="51.996728" lon="13.724268"></trkpt>
    <trkpt lat="51.998043" lon="13.723569"></trkpt>
    <trkpt lat="51.998883" lon="13.723118"></trkpt>
    <trkpt lat="51.999657" lon="13.722678"></trkpt>
    <trkpt lat="52.000031" lon="13.722444"></trkpt>
    <trkpt lat="52.000414" lon="13.722198"></trkpt>
    <trkpt lat="52.000953" lon="13.721805"></trkpt>
    <trkpt lat="52.001462" lon="13.721387"></trkpt>
    <trkpt lat="52.002033" lon="13.720913"></trkpt>
    <trkpt lat="52.002586" lon="13.720398"></trkpt>
    <trkpt lat="52.003340" lon="13.719614"></trkpt>
    <trkpt lat="52.004050" lon="13.718810"></trkpt>
    <trkpt lat="52.004489" lon="13.718261"></trkpt>
    <trkpt lat="52.005130" lon="13.717384"></trkpt>
    <trkpt lat="52.005803" lon="13.716406"></trkpt>
    <trkpt lat="52.006444" lon="13.715372"></trkpt>
    <trkpt lat="52.007065" lon="13.714247"></trkpt>
    <trkpt lat="52.007624" lon="13.713120"></trkpt>
    <trkpt lat="52.009084" lon="13.709984"></trkpt>
    <trkpt lat="52.012893" lon="13.701877"></trkpt>
    <trkpt lat="52.013724" lon="13.700110"></trkpt>
    <trkpt lat="52.014854" lon="13.697657"></trkpt>
    <trkpt lat="52.015572" lon="13.696153"></trkpt>
    <trkpt lat="52.017607" lon="13.691844"></trkpt>
    <trkpt lat="52.018636" lon="13.690068"></trkpt>
    <trkpt lat="52.019171" lon="13.689234"></trkpt>
    <trkpt lat="52.020386" lon="13.687639"></trkpt>
    <trkpt lat="52.021051" lon="13.686855"></trkpt>
    <trkpt lat="52.021204" lon="13.686689"></trkpt>
    <trkpt lat="52.021957" lon="13.685908"></trkpt>
    <trkpt lat="52.023139" lon="13.684764"></trkpt>
    <trkpt lat="52.032137" lon="13.676036"></trkpt>
    <trkpt lat="52.037664" lon="13.670666"></trkpt>
    <trkpt lat="52.038718" lon="13.669645"></trkpt>
    <trkpt lat="52.039769" lon="13.668625"></trkpt>
    <trkpt lat="52.044895" lon="13.663650"></trkpt>
    <trkpt lat="52.048443" lon="13.660205"></trkpt>
    <trkpt lat="52.050015" lon="13.658679"></trkpt>
    <trkpt lat="52.051209" lon="13.657552"></trkpt>
    <trkpt lat="52.052229" lon="13.656679"></trkpt>
    <trkpt lat="52.053221" lon="13.655927"></trkpt>
    <trkpt lat="52.053787" lon="13.655577"></trkpt>
    <trkpt lat="52.054289" lon="13.655284"></trkpt>
    <trkpt lat="52.055061" lon="13.654887"></trkpt>
    <trkpt lat="52.056238" lon="13.654420"></trkpt>
    <trkpt lat="52.056715" lon="13.654259"></trkpt>
    <trkpt lat="52.057576" lon="13.654034"></trkpt>
    <trkpt lat="52.058476" lon="13.653848"></trkpt>
    <trkpt lat="52.061657" lon="13.653212"></trkpt>
    <trkpt lat="52.062431" lon="13.653071"></trkpt>
    <trkpt lat="52.063337" lon="13.652877"></trkpt>
    <trkpt lat="52.064608" lon="13.652604"></trkpt>
    <trkpt lat="52.066301" lon="13.652265"></trkpt>
    <trkpt lat="52.070063" lon="13.651514"></trkpt>
    <trkpt lat="52.071942" lon="13.651135"></trkpt>
    <trkpt lat="52.073814" lon="13.650763"></trkpt>
    <trkpt lat="52.076392" lon="13.650238"></trkpt>
    <trkpt lat="52.078324" lon="13.649851"></trkpt>
    <trkpt lat="52.079642" lon="13.649640"></trkpt>
    <trkpt lat="52.080531" lon="13.649547"></trkpt>
    <trkpt lat="52.094970" lon="13.648031"></trkpt>
    <trkpt lat="52.106120" lon="13.646845"></trkpt>
    <trkpt lat="52.108420" lon="13.646619"></trkpt>
    <trkpt lat="52.108934" lon="13.646557"></trkpt>
    <trkpt lat="52.109477" lon="13.646520"></trkpt>
    <trkpt lat="52.110219" lon="13.646477"></trkpt>
    <trkpt lat="52.112804" lon="13.646456"></trkpt>
    <trkpt lat="52.115837" lon="13.646484"></trkpt>
    <trkpt lat="52.118742" lon="13.646500"></trkpt>
    <trkpt lat="52.119467" lon="13.646510"></trkpt>
    <trkpt lat="52.120065" lon="13.646516"></trkpt>
    <trkpt lat="52.121659" lon="13.646528"></trkpt>
    <trkpt lat="52.123077" lon="13.646535"></trkpt>
    <trkpt lat="52.124058" lon="13.646572"></trkpt>
    <trkpt lat="52.125053" lon="13.646648"></trkpt>
    <trkpt lat="52.126618" lon="13.646825"></trkpt>
    <trkpt lat="52.131883" lon="13.647458"></trkpt>
    <trkpt lat="52.142436" lon="13.648740"></trkpt>
    <trkpt lat="52.142985" lon="13.648807"></trkpt>
    <trkpt lat="52.147174" lon="13.649293"></trkpt>
    <trkpt lat="52.148030" lon="13.649325"></trkpt>
    <trkpt lat="52.148679" lon="13.649307"></trkpt>
    <trkpt lat="52.149989" lon="13.649211"></trkpt>
    <trkpt lat="52.153734" lon="13.648946"></trkpt>
    <trkpt lat="52.154133" lon="13.648895"></trkpt>
    <trkpt lat="52.154528" lon="13.648822"></trkpt>
    <trkpt lat="52.154898" lon="13.648750"></trkpt>
    <trkpt lat="52.155408" lon="13.648609"></trkpt>
    <trkpt lat="52.155995" lon="13.648412"></trkpt>
    <trkpt lat="52.156463" lon="13.648256"></trkpt>
    <trkpt lat="52.156791" lon="13.648125"></trkpt>
    <trkpt lat="52.157046" lon="13.648018"></trkpt>
    <trkpt lat="52.157170" lon="13.647963"></trkpt>
    <trkpt lat="52.157255" lon="13.647932"></trkpt>
    <trkpt lat="52.158168" lon="13.647442"></trkpt>
    <trkpt lat="52.158466" lon="13.647270"></trkpt>
    <trkpt lat="52.159010" lon="13.646931"></trkpt>
    <trkpt lat="52.159885" lon="13.646382"></trkpt>
    <trkpt lat="52.160112" lon="13.646209"></trkpt>
    <trkpt lat="52.160472" lon="13.645924"></trkpt>
    <trkpt lat="52.161024" lon="13.645473"></trkpt>
    <trkpt lat="52.162273" lon="13.644403"></trkpt>
    <trkpt lat="52.162537" lon="13.644177"></trkpt>
    <trkpt lat="52.162832" lon="13.643918"></trkpt>
    <trkpt lat="52.164188" lon="13.642729"></trkpt>
    <trkpt lat="52.164787" lon="13.642165"></trkpt>
    <trkpt lat="52.165505" lon="13.641407"></trkpt>
    <trkpt lat="52.165665" lon="13.641236"></trkpt>
    <trkpt lat="52.165897" lon="13.640970"></trkpt>
    <trkpt lat="52.166124" lon="13.640697"></trkpt>
    <trkpt lat="52.166438" lon="13.640319"></trkpt>
    <trkpt lat="52.166829" lon="13.639820"></trkpt>
    <trkpt lat="52.167456" lon="13.638925"></trkpt>
    <trkpt lat="52.168049" lon="13.638033"></trkpt>
    <trkpt lat="52.169029" lon="13.636364"></trkpt>
    <trkpt lat="52.169996" lon="13.634575"></trkpt>
    <trkpt lat="52.170971" lon="13.632812"></trkpt>
    <trkpt lat="52.171933" lon="13.631053"></trkpt>
    <trkpt lat="52.172628" lon="13.629810"></trkpt>
    <trkpt lat="52.173432" lon="13.628509"></trkpt>
    <trkpt lat="52.174069" lon="13.627577"></trkpt>
    <trkpt lat="52.174722" lon="13.626714"></trkpt>
    <trkpt lat="52.175808" lon="13.625436"></trkpt>
    <trkpt lat="52.176670" lon="13.624588"></trkpt>
    <trkpt lat="52.177521" lon="13.623812"></trkpt>
    <trkpt lat="52.184438" lon="13.618716"></trkpt>
    <trkpt lat="52.185392" lon="13.618028"></trkpt>
    <trkpt lat="52.186355" lon="13.617413"></trkpt>
    <trkpt lat="52.187317" lon="13.616907"></trkpt>
    <trkpt lat="52.188274" lon="13.616506"></trkpt>
    <trkpt lat="52.189145" lon="13.616207"></trkpt>
    <trkpt lat="52.190046" lon="13.615962"></trkpt>
    <trkpt lat="52.190668" lon="13.615856"></trkpt>
    <trkpt lat="52.191305" lon="13.615769"></trkpt>
    <trkpt lat="52.192575" lon="13.615670"></trkpt>
    <trkpt lat="52.194622" lon="13.615513"></trkpt>
    <trkpt lat="52.195128" lon="13.615474"></trkpt>
    <trkpt lat="52.195794" lon="13.615422"></trkpt>
    <trkpt lat="52.196445" lon="13.615327"></trkpt>
    <trkpt lat="52.197151" lon="13.615164"></trkpt>
    <trkpt lat="52.197795" lon="13.614992"></trkpt>
    <trkpt lat="52.198688" lon="13.614672"></trkpt>
    <trkpt lat="52.199451" lon="13.614355"></trkpt>
    <trkpt lat="52.200214" lon="13.613970"></trkpt>
    <trkpt lat="52.201144" lon="13.613419"></trkpt>
    <trkpt lat="52.202611" lon="13.612419"></trkpt>
    <trkpt lat="52.204952" lon="13.610798"></trkpt>
    <trkpt lat="52.205685" lon="13.610280"></trkpt>
    <trkpt lat="52.206296" lon="13.609869"></trkpt>
    <trkpt lat="52.207462" lon="13.609042"></trkpt>
    <trkpt lat="52.208873" lon="13.607985"></trkpt>
    <trkpt lat="52.210269" lon="13.606845"></trkpt>
    <trkpt lat="52.211640" lon="13.605593"></trkpt>
    <trkpt lat="52.212016" lon="13.605229"></trkpt>
    <trkpt lat="52.212822" lon="13.604494"></trkpt>
    <trkpt lat="52.216765" lon="13.600752"></trkpt>
    <trkpt lat="52.217060" lon="13.600466"></trkpt>
    <trkpt lat="52.218664" lon="13.598936"></trkpt>
    <trkpt lat="52.219276" lon="13.598416"></trkpt>
    <trkpt lat="52.220167" lon="13.597733"></trkpt>
    <trkpt lat="52.221051" lon="13.597161"></trkpt>
    <trkpt lat="52.221845" lon="13.596726"></trkpt>
    <trkpt lat="52.222927" lon="13.596224"></trkpt>
    <trkpt lat="52.223885" lon="13.595873"></trkpt>
    <trkpt lat="52.224967" lon="13.595591"></trkpt>
    <trkpt lat="52.230631" lon="13.594116"></trkpt>
    <trkpt lat="52.232378" lon="13.593662"></trkpt>
    <trkpt lat="52.240485" lon="13.591555"></trkpt>
    <trkpt lat="52.241585" lon="13.591270"></trkpt>
    <trkpt lat="52.242276" lon="13.591074"></trkpt>
    <trkpt lat="52.243139" lon="13.590810"></trkpt>
    <trkpt lat="52.243937" lon="13.590472"></trkpt>
    <trkpt lat="52.244296" lon="13.590325"></trkpt>
    <trkpt lat="52.244674" lon="13.590137"></trkpt>
    <trkpt lat="52.246084" lon="13.589273"></trkpt>
    <trkpt lat="52.246826" lon="13.588817"></trkpt>
    <trkpt lat="52.248286" lon="13.587882"></trkpt>
    <trkpt lat="52.249780" lon="13.586911"></trkpt>
    <trkpt lat="52.249930" lon="13.586805"></trkpt>
    <trkpt lat="52.251140" lon="13.586037"></trkpt>
    <trkpt lat="52.251843" lon="13.585591"></trkpt>
    <trkpt lat="52.252177" lon="13.585379"></trkpt>
    <trkpt lat="52.254269" lon="13.584066"></trkpt>
    <trkpt lat="52.255452" lon="13.583285"></trkpt>
    <trkpt lat="52.255662" lon="13.583157"></trkpt>
    <trkpt lat="52.257176" lon="13.582191"></trkpt>
    <trkpt lat="52.257384" lon="13.582057"></trkpt>
    <trkpt lat="52.260641" lon="13.579920"></trkpt>
    <trkpt lat="52.260991" lon="13.579701"></trkpt>
    <trkpt lat="52.261288" lon="13.579507"></trkpt>
    <trkpt lat="52.263291" lon="13.578219"></trkpt>
    <trkpt lat="52.265664" lon="13.576701"></trkpt>
    <trkpt lat="52.267844" lon="13.575352"></trkpt>
    <trkpt lat="52.268310" lon="13.575058"></trkpt>
    <trkpt lat="52.269342" lon="13.574371"></trkpt>
    <trkpt lat="52.270909" lon="13.573322"></trkpt>
    <trkpt lat="52.273741" lon="13.571496"></trkpt>
    <trkpt lat="52.276562" lon="13.569723"></trkpt>
    <trkpt lat="52.276818" lon="13.569558"></trkpt>
    <trkpt lat="52.278776" lon="13.568247"></trkpt>
    <trkpt lat="52.279644" lon="13.567687"></trkpt>
    <trkpt lat="52.280602" lon="13.567079"></trkpt>
    <trkpt lat="52.280872" lon="13.566915"></trkpt>
    <trkpt lat="52.281548" lon="13.566474"></trkpt>
    <trkpt lat="52.290821" lon="13.560517"></trkpt>
    <trkpt lat="52.292561" lon="13.559392"></trkpt>
    <trkpt lat="52.293679" lon="13.558669"></trkpt>
    <trkpt lat="52.293883" lon="13.558561"></trkpt>
    <trkpt lat="52.294736" lon="13.558050"></trkpt>
    <trkpt lat="52.295240" lon="13.557779"></trkpt>
    <trkpt lat="52.296054" lon="13.557384"></trkpt>
    <trkpt lat="52.296500" lon="13.557189"></trkpt>
    <trkpt lat="52.297152" lon="13.556958"></trkpt>
    <trkpt lat="52.297825" lon="13.556769"></trkpt>
    <trkpt lat="52.298588" lon="13.556607"></trkpt>
    <trkpt lat="52.299008" lon="13.556538"></trkpt>
    <trkpt lat="52.299742" lon="13.556449"></trkpt>
    <trkpt lat="52.300478" lon="13.556386"></trkpt>
    <trkpt lat="52.301708" lon="13.556290"></trkpt>
    <trkpt lat="52.307444" lon="13.555834"></trkpt>
    <trkpt lat="52.308426" lon="13.555732"></trkpt>
    <trkpt lat="52.309397" lon="13.555598"></trkpt>
    <trkpt lat="52.309558" lon="13.555579"></trkpt>
    <trkpt lat="52.310621" lon="13.555461"></trkpt>
    <trkpt lat="52.311433" lon="13.555384"></trkpt>
    <trkpt lat="52.312477" lon="13.555308"></trkpt>
    <trkpt lat="52.313548" lon="13.555211"></trkpt>
    <trkpt lat="52.314080" lon="13.555169"></trkpt>
    <trkpt lat="52.315265" lon="13.555073"></trkpt>
    <trkpt lat="52.316409" lon="13.554980"></trkpt>
    <trkpt lat="52.317093" lon="13.554897"></trkpt>
    <trkpt lat="52.318072" lon="13.554818"></trkpt>
    <trkpt lat="52.318751" lon="13.554763"></trkpt>
    <trkpt lat="52.319029" lon="13.554741"></trkpt>
    <trkpt lat="52.319268" lon="13.554722"></trkpt>
    <trkpt lat="52.319832" lon="13.554676"></trkpt>
    <trkpt lat="52.323528" lon="13.554386"></trkpt>
    <trkpt lat="52.323681" lon="13.554374"></trkpt>
    <trkpt lat="52.326022" lon="13.554186"></trkpt>
    <trkpt lat="52.326911" lon="13.554119"></trkpt>
    <trkpt lat="52.327999" lon="13.554031"></trkpt>
    <trkpt lat="52.329353" lon="13.553951"></trkpt>
    <trkpt lat="52.330907" lon="13.553895"></trkpt>
    <trkpt lat="52.331899" lon="13.553885"></trkpt>
    <trkpt lat="52.332140" lon="13.553894"></trkpt>
    <trkpt lat="52.332491" lon="13.553904"></trkpt>
    <trkpt lat="52.334469" lon="13.554058"></trkpt>
    <trkpt lat="52.335440" lon="13.554173"></trkpt>
    <trkpt lat="52.336355" lon="13.554303"></trkpt>
    <trkpt lat="52.336969" lon="13.554401"></trkpt>
    <trkpt lat="52.339451" lon="13.554874"></trkpt>
    <trkpt lat="52.340693" lon="13.555093"></trkpt>
    <trkpt lat="52.341266" lon="13.555188"></trkpt>
    <trkpt lat="52.343141" lon="13.555381"></trkpt>
    <trkpt lat="52.343856" lon="13.555394"></trkpt>
    <trkpt lat="52.344444" lon="13.555387"></trkpt>
    <trkpt lat="52.345127" lon="13.555331"></trkpt>
    <trkpt lat="52.345619" lon="13.555273"></trkpt>
    <trkpt lat="52.345989" lon="13.555218"></trkpt>
    <trkpt lat="52.346269" lon="13.555157"></trkpt>
    <trkpt lat="52.346751" lon="13.555045"></trkpt>
    <trkpt lat="52.347142" lon="13.554946"></trkpt>
    <trkpt lat="52.347466" lon="13.554847"></trkpt>
    <trkpt lat="52.347855" lon="13.554712"></trkpt>
    <trkpt lat="52.348255" lon="13.554559"></trkpt>
    <trkpt lat="52.348630" lon="13.554408"></trkpt>
    <trkpt lat="52.348944" lon="13.554265"></trkpt>
    <trkpt lat="52.349255" lon="13.554115"></trkpt>
    <trkpt lat="52.349560" lon="13.553961"></trkpt>
    <trkpt lat="52.349866" lon="13.553798"></trkpt>
    <trkpt lat="52.350168" lon="13.553642"></trkpt>
    <trkpt lat="52.350303" lon="13.553569"></trkpt>
    <trkpt lat="52.350333" lon="13.553551"></trkpt>
    <trkpt lat="52.350526" lon="13.553437"></trkpt>
    <trkpt lat="52.351126" lon="13.553109"></trkpt>
    <trkpt lat="52.354114" lon="13.551414"></trkpt>
    <trkpt lat="52.354564" lon="13.551159"></trkpt>
    <trkpt lat="52.356461" lon="13.550083"></trkpt>
    <trkpt lat="52.357635" lon="13.549422"></trkpt>
    <trkpt lat="52.358124" lon="13.549162"></trkpt>
    <trkpt lat="52.358840" lon="13.548860"></trkpt>
    <trkpt lat="52.359684" lon="13.548543"></trkpt>
    <trkpt lat="52.360433" lon="13.548343"></trkpt>
    <trkpt lat="52.360656" lon="13.548303"></trkpt>
    <trkpt lat="52.360875" lon="13.548274"></trkpt>
    <trkpt lat="52.361225" lon="13.548238"></trkpt>
    <trkpt lat="52.361539" lon="13.548211"></trkpt>
    <trkpt lat="52.361837" lon="13.548202"></trkpt>
    <trkpt lat="52.362740" lon="13.548209"></trkpt>
    <trkpt lat="52.362944" lon="13.548214"></trkpt>
    <trkpt lat="52.363238" lon="13.548254"></trkpt>
    <trkpt lat="52.363670" lon="13.548322"></trkpt>
    <trkpt lat="52.364612" lon="13.548483"></trkpt>
    <trkpt lat="52.365011" lon="13.548541"></trkpt>
    <trkpt lat="52.365413" lon="13.548596"></trkpt>
    <trkpt lat="52.365866" lon="13.548643"></trkpt>
    <trkpt lat="52.366537" lon="13.548688"></trkpt>
    <trkpt lat="52.366749" lon="13.548702"></trkpt>
    <trkpt lat="52.367330" lon="13.548699"></trkpt>
    <trkpt lat="52.367743" lon="13.548673"></trkpt>
    <trkpt lat="52.368104" lon="13.548629"></trkpt>
    <trkpt lat="52.368516" lon="13.548562"></trkpt>
    <trkpt lat="52.369234" lon="13.548437"></trkpt>
    <trkpt lat="52.369682" lon="13.548324"></trkpt>
    <trkpt lat="52.370182" lon="13.548192"></trkpt>
    <trkpt lat="52.370712" lon="13.548009"></trkpt>
    <trkpt lat="52.371488" lon="13.547714"></trkpt>
    <trkpt lat="52.372168" lon="13.547394"></trkpt>
    <trkpt lat="52.372867" lon="13.547037"></trkpt>
    <trkpt lat="52.373558" lon="13.546657"></trkpt>
    <trkpt lat="52.374609" lon="13.545994"></trkpt>
    <trkpt lat="52.375122" lon="13.545672"></trkpt>
    <trkpt lat="52.375477" lon="13.545414"></trkpt>
    <trkpt lat="52.376361" lon="13.544708"></trkpt>
    <trkpt lat="52.377334" lon="13.543886"></trkpt>
    <trkpt lat="52.377483" lon="13.543747"></trkpt>
    <trkpt lat="52.378365" lon="13.542919"></trkpt>
    <trkpt lat="52.378396" lon="13.542889"></trkpt>
    <trkpt lat="52.378861" lon="13.542426"></trkpt>
    <trkpt lat="52.379261" lon="13.542004"></trkpt>
    <trkpt lat="52.379804" lon="13.541406"></trkpt>
    <trkpt lat="52.380212" lon="13.540937"></trkpt>
    <trkpt lat="52.380749" lon="13.540292"></trkpt>
    <trkpt lat="52.381057" lon="13.539908"></trkpt>
    <trkpt lat="52.381478" lon="13.539355"></trkpt>
    <trkpt lat="52.381944" lon="13.538722"></trkpt>
    <trkpt lat="52.382188" lon="13.538378"></trkpt>
    <trkpt lat="52.382488" lon="13.537949"></trkpt>
    <trkpt lat="52.382765" lon="13.537535"></trkpt>
    <trkpt lat="52.383150" lon="13.536938"></trkpt>
    <trkpt lat="52.383742" lon="13.536029"></trkpt>
    <trkpt lat="52.384098" lon="13.535426"></trkpt>
    <trkpt lat="52.384727" lon="13.534327"></trkpt>
    <trkpt lat="52.385056" lon="13.533757"></trkpt>
    <trkpt lat="52.385650" lon="13.532731"></trkpt>
    <trkpt lat="52.386605" lon="13.531118"></trkpt>
    <trkpt lat="52.386777" lon="13.530844"></trkpt>
    <trkpt lat="52.387380" lon="13.529886"></trkpt>
    <trkpt lat="52.388243" lon="13.528661"></trkpt>
    <trkpt lat="52.388683" lon="13.528039"></trkpt>
    <trkpt lat="52.389268" lon="13.527311"></trkpt>
    <trkpt lat="52.390094" lon="13.526334"></trkpt>
    <trkpt lat="52.390223" lon="13.526188"></trkpt>
    <trkpt lat="52.390947" lon="13.525373"></trkpt>
    <trkpt lat="52.391688" lon="13.524536"></trkpt>
    <trkpt lat="52.392552" lon="13.523644"></trkpt>
    <trkpt lat="52.392630" lon="13.523550"></trkpt>
    <trkpt lat="52.393117" lon="13.523030"></trkpt>
    <trkpt lat="52.393952" lon="13.522148"></trkpt>
    <trkpt lat="52.393974" lon="13.522120"></trkpt>
    <trkpt lat="52.394832" lon="13.521196"></trkpt>
    <trkpt lat="52.395348" lon="13.520674"></trkpt>
    <trkpt lat="52.395589" lon="13.520403"></trkpt>
    <trkpt lat="52.396126" lon="13.519853"></trkpt>
    <trkpt lat="52.396477" lon="13.519525"></trkpt>
    <trkpt lat="52.396817" lon="13.519259"></trkpt>
    <trkpt lat="52.396993" lon="13.519128"></trkpt>
    <trkpt lat="52.397188" lon="13.519024"></trkpt>
    <trkpt lat="52.397493" lon="13.518914"></trkpt>
    <trkpt lat="52.397858" lon="13.518840"></trkpt>
    <trkpt lat="52.398133" lon="13.518836"></trkpt>
    <trkpt lat="52.398334" lon="13.518844"></trkpt>
    <trkpt lat="52.398535" lon="13.518882"></trkpt>
    <trkpt lat="52.398927" lon="13.518978"></trkpt>
    <trkpt lat="52.399298" lon="13.519151"></trkpt>
    <trkpt lat="52.399514" lon="13.519286"></trkpt>
    <trkpt lat="52.399970" lon="13.519635"></trkpt>
    <trkpt lat="52.400654" lon="13.520132"></trkpt>
    <trkpt lat="52.400857" lon="13.520246"></trkpt>
    <trkpt lat="52.401083" lon="13.520374"></trkpt>
    <trkpt lat="52.401361" lon="13.520519"></trkpt>
    <trkpt lat="52.401742" lon="13.520688"></trkpt>
    <trkpt lat="52.402078" lon="13.520800"></trkpt>
    <trkpt lat="52.402147" lon="13.520819"></trkpt>
    <trkpt lat="52.402623" lon="13.520927"></trkpt>
    <trkpt lat="52.403031" lon="13.520982"></trkpt>
    <trkpt lat="52.403121" lon="13.520988"></trkpt>
    <trkpt lat="52.403855" lon="13.521034"></trkpt>
    <trkpt lat="52.404361" lon="13.521056"></trkpt>
    <trkpt lat="52.404901" lon="13.521140"></trkpt>
    <trkpt lat="52.405811" lon="13.521416"></trkpt>
    <trkpt lat="52.406519" lon="13.521699"></trkpt>
    <trkpt lat="52.406594" lon="13.521737"></trkpt>
    <trkpt lat="52.408133" lon="13.522516"></trkpt>
    <trkpt lat="52.409075" lon="13.522999"></trkpt>
    <trkpt lat="52.410114" lon="13.523371"></trkpt>
    <trkpt lat="52.410541" lon="13.523486"></trkpt>
    <trkpt lat="52.410863" lon="13.523573"></trkpt>
    <trkpt lat="52.410997" lon="13.523610"></trkpt>
    <trkpt lat="52.411893" lon="13.523777"></trkpt>
    <trkpt lat="52.412553" lon="13.523846"></trkpt>
    <trkpt lat="52.413192" lon="13.523853"></trkpt>
    <trkpt lat="52.413622" lon="13.523838"></trkpt>
    <trkpt lat="52.414493" lon="13.523752"></trkpt>
    <trkpt lat="52.415077" lon="13.523670"></trkpt>
    <trkpt lat="52.415774" lon="13.523494"></trkpt>
    <trkpt lat="52.416666" lon="13.523230"></trkpt>
    <trkpt lat="52.417359" lon="13.522988"></trkpt>
    <trkpt lat="52.419274" lon="13.522344"></trkpt>
    <trkpt lat="52.419924" lon="13.522177"></trkpt>
    <trkpt lat="52.420577" lon="13.522083"></trkpt>
    <trkpt lat="52.421435" lon="13.522050"></trkpt>
    <trkpt lat="52.422006" lon="13.522061"></trkpt>
    <trkpt lat="52.422228" lon="13.522053"></trkpt>
    <trkpt lat="52.422759" lon="13.522056"></trkpt>
    <trkpt lat="52.423454" lon="13.522010"></trkpt>
    <trkpt lat="52.423669" lon="13.521979"></trkpt>
    <trkpt lat="52.424249" lon="13.521867"></trkpt>
    <trkpt lat="52.424594" lon="13.521760"></trkpt>
    <trkpt lat="52.424942" lon="13.521603"></trkpt>
    <trkpt lat="52.425333" lon="13.521391"></trkpt>
    <trkpt lat="52.425719" lon="13.521114"></trkpt>
    <trkpt lat="52.426109" lon="13.520751"></trkpt>
    <trkpt lat="52.426376" lon="13.520447"></trkpt>
    <trkpt lat="52.426550" lon="13.520209"></trkpt>
    <trkpt lat="52.426806" lon="13.519833"></trkpt>
    <trkpt lat="52.427128" lon="13.519248"></trkpt>
    <trkpt lat="52.427252" lon="13.519000"></trkpt>
    <trkpt lat="52.427436" lon="13.518582"></trkpt>
    <trkpt lat="52.427590" lon="13.518115"></trkpt>
    <trkpt lat="52.427755" lon="13.517546"></trkpt>
    <trkpt lat="52.427846" lon="13.517171"></trkpt>
    <trkpt lat="52.427938" lon="13.516743"></trkpt>
    <trkpt lat="52.427995" lon="13.516427"></trkpt>
    <trkpt lat="52.428049" lon="13.516106"></trkpt>
    <trkpt lat="52.428093" lon="13.515807"></trkpt>
    <trkpt lat="52.428138" lon="13.515473"></trkpt>
    <trkpt lat="52.428212" lon="13.514819"></trkpt>
    <trkpt lat="52.428274" lon="13.514181"></trkpt>
    <trkpt lat="52.428328" lon="13.513540"></trkpt>
    <trkpt lat="52.428361" lon="13.513166"></trkpt>
    <trkpt lat="52.428401" lon="13.512707"></trkpt>
    <trkpt lat="52.428441" lon="13.512290"></trkpt>
    <trkpt lat="52.428484" lon="13.511864"></trkpt>
    <trkpt lat="52.428538" lon="13.511461"></trkpt>
    <trkpt lat="52.428632" lon="13.510716"></trkpt>
    <trkpt lat="52.428743" lon="13.510035"></trkpt>
    <trkpt lat="52.428838" lon="13.509570"></trkpt>
    <trkpt lat="52.429052" lon="13.508731"></trkpt>
    <trkpt lat="52.429397" lon="13.507484"></trkpt>
    <trkpt lat="52.429580" lon="13.506958"></trkpt>
    <trkpt lat="52.429791" lon="13.506403"></trkpt>
    <trkpt lat="52.430158" lon="13.505528"></trkpt>
    <trkpt lat="52.431780" lon="13.502267"></trkpt>
    <trkpt lat="52.431849" lon="13.502126"></trkpt>
    <trkpt lat="52.432449" lon="13.500954"></trkpt>
    <trkpt lat="52.432864" lon="13.500091"></trkpt>
    <trkpt lat="52.434422" lon="13.496967"></trkpt>
    <trkpt lat="52.435739" lon="13.494307"></trkpt>
    <trkpt lat="52.436497" lon="13.492728"></trkpt>
    <trkpt lat="52.440523" lon="13.484310"></trkpt>
    <trkpt lat="52.442939" lon="13.479250"></trkpt>
    <trkpt lat="52.444677" lon="13.475716"></trkpt>
    <trkpt lat="52.445552" lon="13.473914"></trkpt>
    <trkpt lat="52.446319" lon="13.472336"></trkpt>
    <trkpt lat="52.447998" lon="13.468879"></trkpt>
    <trkpt lat="52.448559" lon="13.467724"></trkpt>
    <trkpt lat="52.449500" lon="13.465843"></trkpt>
    <trkpt lat="52.449941" lon="13.465105"></trkpt>
    <trkpt lat="52.450460" lon="13.464371"></trkpt>
    <trkpt lat="52.451040" lon="13.463679"></trkpt>
    <trkpt lat="52.451238" lon="13.463489"></trkpt>
    <trkpt lat="52.452095" lon="13.462719"></trkpt>
    <trkpt lat="52.452510" lon="13.462416"></trkpt>
    <trkpt lat="52.454178" lon="13.461384"></trkpt>
    <trkpt lat="52.454469" lon="13.461206"></trkpt>
    <trkpt lat="52.455687" lon="13.460490"></trkpt>
    <trkpt lat="52.455857" lon="13.460376"></trkpt>
    <trkpt lat="52.456617" lon="13.459871"></trkpt>
    <trkpt lat="52.457614" lon="13.459152"></trkpt>
    <trkpt lat="52.458010" lon="13.458809"></trkpt>
    <trkpt lat="52.458638" lon="13.458279"></trkpt>
    <trkpt lat="52.458917" lon="13.458044"></trkpt>
    <trkpt lat="52.459844" lon="13.457281"></trkpt>
    <trkpt lat="52.461903" lon="13.455588"></trkpt>
    <trkpt lat="52.462012" lon="13.455570"></trkpt>
    <trkpt lat="52.462279" lon="13.455413"></trkpt>
    <trkpt lat="52.462392" lon="13.455353"></trkpt>
    <trkpt lat="52.462496" lon="13.455307"></trkpt>
    <trkpt lat="52.462548" lon="13.455288"></trkpt>
    <trkpt lat="52.462719" lon="13.455225"></trkpt>
    <trkpt lat="52.462843" lon="13.455201"></trkpt>
    <trkpt lat="52.462967" lon="13.455188"></trkpt>
    <trkpt lat="52.463180" lon="13.455188"></trkpt>
    <trkpt lat="52.463366" lon="13.455224"></trkpt>
    <trkpt lat="52.463647" lon="13.455325"></trkpt>
    <trkpt lat="52.463867" lon="13.455463"></trkpt>
    <trkpt lat="52.463935" lon="13.455514"></trkpt>
    <trkpt lat="52.463987" lon="13.455553"></trkpt>
    <trkpt lat="52.464015" lon="13.455571"></trkpt>
    <trkpt lat="52.464263" lon="13.455802"></trkpt>
    <trkpt lat="52.464440" lon="13.456037"></trkpt>
    <trkpt lat="52.464524" lon="13.456156"></trkpt>
    <trkpt lat="52.464661" lon="13.456401"></trkpt>
    <trkpt lat="52.464893" lon="13.456735"></trkpt>
    <trkpt lat="52.464914" lon="13.456761"></trkpt>
    <trkpt lat="52.465068" lon="13.457017"></trkpt>
    <trkpt lat="52.465155" lon="13.457151"></trkpt>
    <trkpt lat="52.465364" lon="13.457446"></trkpt>
    <trkpt lat="52.465676" lon="13.457827"></trkpt>
    <trkpt lat="52.465928" lon="13.458090"></trkpt>
    <trkpt lat="52.466243" lon="13.458405"></trkpt>
    <trkpt lat="52.466705" lon="13.458765"></trkpt>
    <trkpt lat="52.467164" lon="13.459047"></trkpt>
    <trkpt lat="52.467543" lon="13.459219"></trkpt>
    <trkpt lat="52.468697" lon="13.459658"></trkpt>
    <trkpt lat="52.468928" lon="13.459728"></trkpt>
    <trkpt lat="52.469258" lon="13.459830"></trkpt>
    <trkpt lat="52.469676" lon="13.459987"></trkpt>
    <trkpt lat="52.470036" lon="13.460122"></trkpt>
    <trkpt lat="52.470544" lon="13.460361"></trkpt>
    <trkpt lat="52.471145" lon="13.460688"></trkpt>
    <trkpt lat="52.471426" lon="13.460857"></trkpt>
    <trkpt lat="52.471613" lon="13.460980"></trkpt>
    <trkpt lat="52.472182" lon="13.461360"></trkpt>
    <trkpt lat="52.472878" lon="13.461862"></trkpt>
    <trkpt lat="52.473231" lon="13.462055"></trkpt>
    <trkpt lat="52.473594" lon="13.462235"></trkpt>
    <trkpt lat="52.474195" lon="13.462436"></trkpt>
    <trkpt lat="52.474330" lon="13.462477"></trkpt>
    <trkpt lat="52.474703" lon="13.462550"></trkpt>
    <trkpt lat="52.475344" lon="13.462595"></trkpt>
    <trkpt lat="52.475739" lon="13.462551"></trkpt>
    <trkpt lat="52.476390" lon="13.462434"></trkpt>
    <trkpt lat="52.477076" lon="13.462188"></trkpt>
    <trkpt lat="52.477401" lon="13.462034"></trkpt>
    <trkpt lat="52.477748" lon="13.461858"></trkpt>
    <trkpt lat="52.478582" lon="13.461242"></trkpt>
    <trkpt lat="52.478971" lon="13.460968"></trkpt>
    <trkpt lat="52.479396" lon="13.460662"></trkpt>
    <trkpt lat="52.479725" lon="13.460462"></trkpt>
    <trkpt lat="52.479979" lon="13.460333"></trkpt>
    <trkpt lat="52.480232" lon="13.460243"></trkpt>
    <trkpt lat="52.480462" lon="13.460186"></trkpt>
    <trkpt lat="52.480695" lon="13.460159"></trkpt>
    <trkpt lat="52.480934" lon="13.460159"></trkpt>
    <trkpt lat="52.481161" lon="13.460183"></trkpt>
    <trkpt lat="52.481848" lon="13.460320"></trkpt>
    <trkpt lat="52.482531" lon="13.460493"></trkpt>
    <trkpt lat="52.483136" lon="13.460615"></trkpt>
    <trkpt lat="52.483439" lon="13.460658"></trkpt>
    <trkpt lat="52.483779" lon="13.460660"></trkpt>
    <trkpt lat="52.483909" lon="13.460649"></trkpt>
    <trkpt lat="52.484051" lon="13.460626"></trkpt>
    <trkpt lat="52.484323" lon="13.460539"></trkpt>
    <trkpt lat="52.484709" lon="13.460395"></trkpt>
    <trkpt lat="52.484996" lon="13.460264"></trkpt>
    <trkpt lat="52.485247" lon="13.460103"></trkpt>
    <trkpt lat="52.485559" lon="13.459849"></trkpt>
    <trkpt lat="52.486001" lon="13.459401"></trkpt>
    <trkpt lat="52.486380" lon="13.459070"></trkpt>
    <trkpt lat="52.486618" lon="13.458899"></trkpt>
    <trkpt lat="52.486947" lon="13.458714"></trkpt>
    <trkpt lat="52.487242" lon="13.458569"></trkpt>
    <trkpt lat="52.487653" lon="13.458458"></trkpt>
    <trkpt lat="52.487981" lon="13.458420"></trkpt>
    <trkpt lat="52.488376" lon="13.458504"></trkpt>
    <trkpt lat="52.488952" lon="13.458535"></trkpt>
    <trkpt lat="52.489575" lon="13.458600"></trkpt>
    <trkpt lat="52.489810" lon="13.458667"></trkpt>
    <trkpt lat="52.490040" lon="13.458743"></trkpt>
    <trkpt lat="52.490268" lon="13.458843"></trkpt>
    <trkpt lat="52.490478" lon="13.458956"></trkpt>
    <trkpt lat="52.490609" lon="13.459034"></trkpt>
    <trkpt lat="52.490641" lon="13.459054"></trkpt>
    <trkpt lat="52.490675" lon="13.459075"></trkpt>
    <trkpt lat="52.490759" lon="13.459126"></trkpt>
    <trkpt lat="52.490810" lon="13.459139"></trkpt>
    <trkpt lat="52.490862" lon="13.459152"></trkpt>
    <trkpt lat="52.490912" lon="13.459147"></trkpt>
    <trkpt lat="52.490965" lon="13.459129"></trkpt>
    <trkpt lat="52.491211" lon="13.458786"></trkpt>
    <trkpt lat="52.491230" lon="13.458759"></trkpt>
    <trkpt lat="52.491310" lon="13.458648"></trkpt>
    <trkpt lat="52.491373" lon="13.458549"></trkpt>
    <trkpt lat="52.491637" lon="13.458195"></trkpt>
    <trkpt lat="52.491689" lon="13.458127"></trkpt>
    <trkpt lat="52.491725" lon="13.458083"></trkpt>
    <trkpt lat="52.491719" lon="13.457696"></trkpt>
    <trkpt lat="52.491782" lon="13.457569"></trkpt>
    <trkpt lat="52.491792" lon="13.457549"></trkpt>
    <trkpt lat="52.491819" lon="13.457495"></trkpt>
    <trkpt lat="52.491863" lon="13.457427"></trkpt>
    <trkpt lat="52.492214" lon="13.456890"></trkpt>
    <trkpt lat="52.492254" lon="13.456827"></trkpt>
    <trkpt lat="52.492363" lon="13.456661"></trkpt>
    <trkpt lat="52.492664" lon="13.456197"></trkpt>
    <trkpt lat="52.492787" lon="13.456010"></trkpt>
    <trkpt lat="52.493268" lon="13.455274"></trkpt>
    <trkpt lat="52.493841" lon="13.454377"></trkpt>
    <trkpt lat="52.493910" lon="13.454274"></trkpt>
    <trkpt lat="52.493973" lon="13.454356"></trkpt>
    <trkpt lat="52.494012" lon="13.454423"></trkpt>
    <trkpt lat="52.494047" lon="13.454483"></trkpt>
    <trkpt lat="52.494091" lon="13.454555"></trkpt>
    <trkpt lat="52.494137" lon="13.454625"></trkpt>
    <trkpt lat="52.494186" lon="13.454690"></trkpt>
    <trkpt lat="52.494218" lon="13.454715"></trkpt>
    <trkpt lat="52.494235" lon="13.454657"></trkpt>
    <trkpt lat="52.494247" lon="13.454619"></trkpt>
    <trkpt lat="52.494263" lon="13.454565"></trkpt>
    <trkpt lat="52.494342" lon="13.454299"></trkpt>
    <trkpt lat="52.494478" lon="13.453838"></trkpt>
    <trkpt lat="52.494527" lon="13.453674"></trkpt>
    <trkpt lat="52.494604" lon="13.453427"></trkpt>
    <trkpt lat="52.494650" lon="13.453303"></trkpt>
    <trkpt lat="52.494732" lon="13.453134"></trkpt>
    <trkpt lat="52.494788" lon="13.453041"></trkpt>
    <trkpt lat="52.494816" lon="13.452993"></trkpt>
    <trkpt lat="52.494899" lon="13.452846"></trkpt>
    <trkpt lat="52.495189" lon="13.452364"></trkpt>
    <trkpt lat="52.495327" lon="13.452122"></trkpt>
    <trkpt lat="52.495848" lon="13.451258"></trkpt>
    <trkpt lat="52.496062" lon="13.450899"></trkpt>
    <trkpt lat="52.496224" lon="13.450619"></trkpt>
    <trkpt lat="52.496238" lon="13.450595"></trkpt>
    <trkpt lat="52.496255" lon="13.450565"></trkpt>
    <trkpt lat="52.496328" lon="13.450443"></trkpt>
    <trkpt lat="52.496400" lon="13.450401"></trkpt>
    <trkpt lat="52.496426" lon="13.450357"></trkpt>
    <trkpt lat="52.496451" lon="13.450316"></trkpt>
    <trkpt lat="52.496490" lon="13.450172"></trkpt>
    <trkpt lat="52.496517" lon="13.450126"></trkpt>
    <trkpt lat="52.496608" lon="13.449973"></trkpt>
    <trkpt lat="52.496653" lon="13.449898"></trkpt>
    <trkpt lat="52.496717" lon="13.449790"></trkpt>
    <trkpt lat="52.496785" lon="13.449673"></trkpt>
    <trkpt lat="52.496794" lon="13.449658"></trkpt>
    <trkpt lat="52.496844" lon="13.449572"></trkpt>
    <trkpt lat="52.496965" lon="13.449362"></trkpt>
    <trkpt lat="52.496991" lon="13.449316"></trkpt>
    <trkpt lat="52.497072" lon="13.449177"></trkpt>
    <trkpt lat="52.497144" lon="13.449155"></trkpt>
    <trkpt lat="52.497194" lon="13.449072"></trkpt>
    <trkpt lat="52.497222" lon="13.449024"></trkpt>
    <trkpt lat="52.497232" lon="13.448900"></trkpt>
    <trkpt lat="52.497261" lon="13.448851"></trkpt>
    <trkpt lat="52.497322" lon="13.448746"></trkpt>
    <trkpt lat="52.497474" lon="13.448489"></trkpt>
    <trkpt lat="52.497530" lon="13.448390"></trkpt>
    <trkpt lat="52.497561" lon="13.448335"></trkpt>
    <trkpt lat="52.497626" lon="13.448315"></trkpt>
    <trkpt lat="52.497652" lon="13.448264"></trkpt>
    <trkpt lat="52.497672" lon="13.448226"></trkpt>
    <trkpt lat="52.497692" lon="13.448123"></trkpt>
    <trkpt lat="52.497724" lon="13.448072"></trkpt>
    <trkpt lat="52.497793" lon="13.447965"></trkpt>
    <trkpt lat="52.497966" lon="13.447696"></trkpt>
    <trkpt lat="52.498011" lon="13.447625"></trkpt>
    <trkpt lat="52.498118" lon="13.447445"></trkpt>
    <trkpt lat="52.498145" lon="13.447399"></trkpt>
    <trkpt lat="52.498165" lon="13.447363"></trkpt>
    <trkpt lat="52.498213" lon="13.447277"></trkpt>
    <trkpt lat="52.498279" lon="13.447257"></trkpt>
    <trkpt lat="52.498296" lon="13.447227"></trkpt>
    <trkpt lat="52.498313" lon="13.447197"></trkpt>
    <trkpt lat="52.498325" lon="13.447110"></trkpt>
    <trkpt lat="52.498331" lon="13.447062"></trkpt>
    <trkpt lat="52.498361" lon="13.447007"></trkpt>
    <trkpt lat="52.498388" lon="13.446960"></trkpt>
    <trkpt lat="52.498429" lon="13.446888"></trkpt>
    <trkpt lat="52.498524" lon="13.446721"></trkpt>
    <trkpt lat="52.498624" lon="13.446547"></trkpt>
    <trkpt lat="52.498662" lon="13.446480"></trkpt>
    <trkpt lat="52.498763" lon="13.446302"></trkpt>
    <trkpt lat="52.498769" lon="13.446292"></trkpt>
    <trkpt lat="52.498794" lon="13.446247"></trkpt>
    <trkpt lat="52.498804" lon="13.446230"></trkpt>
    <trkpt lat="52.498955" lon="13.445965"></trkpt>
    <trkpt lat="52.499081" lon="13.445744"></trkpt>
    <trkpt lat="52.499165" lon="13.445660"></trkpt>
    <trkpt lat="52.499174" lon="13.445644"></trkpt>
    <trkpt lat="52.499187" lon="13.445621"></trkpt>
    <trkpt lat="52.499199" lon="13.445599"></trkpt>
    <trkpt lat="52.499208" lon="13.445583"></trkpt>
    <trkpt lat="52.499254" lon="13.445441"></trkpt>
    <trkpt lat="52.499338" lon="13.445300"></trkpt>
    <trkpt lat="52.499418" lon="13.445166"></trkpt>
    <trkpt lat="52.499501" lon="13.445005"></trkpt>
    <trkpt lat="52.499548" lon="13.444915"></trkpt>
    <trkpt lat="52.499579" lon="13.444854"></trkpt>
    <trkpt lat="52.499709" lon="13.444604"></trkpt>
    <trkpt lat="52.499772" lon="13.444481"></trkpt>
    <trkpt lat="52.499812" lon="13.444405"></trkpt>
    <trkpt lat="52.499917" lon="13.444201"></trkpt>
    <trkpt lat="52.499973" lon="13.444094"></trkpt>
    <trkpt lat="52.499996" lon="13.444049"></trkpt>
    <trkpt lat="52.500022" lon="13.443998"></trkpt>
    <trkpt lat="52.500071" lon="13.443903"></trkpt>
    <trkpt lat="52.500261" lon="13.443535"></trkpt>
    <trkpt lat="52.500346" lon="13.443370"></trkpt>
    <trkpt lat="52.500387" lon="13.443291"></trkpt>
    <trkpt lat="52.500637" lon="13.442815"></trkpt>
    <trkpt lat="52.500757" lon="13.442574"></trkpt>
    <trkpt lat="52.500870" lon="13.442353"></trkpt>
    <trkpt lat="52.500894" lon="13.442306"></trkpt>
    <trkpt lat="52.500910" lon="13.442275"></trkpt>
    <trkpt lat="52.500970" lon="13.442158"></trkpt>
    <trkpt lat="52.501009" lon="13.442075"></trkpt>
    <trkpt lat="52.501038" lon="13.442018"></trkpt>
    <trkpt lat="52.501108" lon="13.441884"></trkpt>
    <trkpt lat="52.501240" lon="13.441643"></trkpt>
    <trkpt lat="52.501331" lon="13.441609"></trkpt>
    <trkpt lat="52.501346" lon="13.441579"></trkpt>
    <trkpt lat="52.501362" lon="13.441551"></trkpt>
    <trkpt lat="52.501393" lon="13.441369"></trkpt>
    <trkpt lat="52.501474" lon="13.441214"></trkpt>
    <trkpt lat="52.501516" lon="13.441138"></trkpt>
    <trkpt lat="52.501594" lon="13.440989"></trkpt>
    <trkpt lat="52.501696" lon="13.440791"></trkpt>
    <trkpt lat="52.501783" lon="13.440626"></trkpt>
    <trkpt lat="52.501947" lon="13.440307"></trkpt>
    <trkpt lat="52.502022" lon="13.440162"></trkpt>
    <trkpt lat="52.502097" lon="13.440013"></trkpt>
    <trkpt lat="52.502188" lon="13.439831"></trkpt>
    <trkpt lat="52.502263" lon="13.439686"></trkpt>
    <trkpt lat="52.502324" lon="13.439566"></trkpt>
    <trkpt lat="52.502450" lon="13.439324"></trkpt>
    <trkpt lat="52.502529" lon="13.439171"></trkpt>
    <trkpt lat="52.502634" lon="13.438967"></trkpt>
    <trkpt lat="52.502782" lon="13.438679"></trkpt>
    <trkpt lat="52.502794" lon="13.438655"></trkpt>
    <trkpt lat="52.502869" lon="13.438511"></trkpt>
    <trkpt lat="52.502899" lon="13.438452"></trkpt>
    <trkpt lat="52.502973" lon="13.438310"></trkpt>
    <trkpt lat="52.502999" lon="13.438259"></trkpt>
    <trkpt lat="52.503097" lon="13.438070"></trkpt>
    <trkpt lat="52.503103" lon="13.438058"></trkpt>
    <trkpt lat="52.503232" lon="13.437808"></trkpt>
    <trkpt lat="52.503314" lon="13.437630"></trkpt>
    <trkpt lat="52.503391" lon="13.437580"></trkpt>
    <trkpt lat="52.503398" lon="13.437563"></trkpt>
    <trkpt lat="52.503409" lon="13.437540"></trkpt>
    <trkpt lat="52.503420" lon="13.437515"></trkpt>
    <trkpt lat="52.503429" lon="13.437492"></trkpt>
    <trkpt lat="52.503432" lon="13.437368"></trkpt>
    <trkpt lat="52.503478" lon="13.437267"></trkpt>
    <trkpt lat="52.503497" lon="13.437226"></trkpt>
    <trkpt lat="52.503657" lon="13.436878"></trkpt>
    <trkpt lat="52.503902" lon="13.436299"></trkpt>
    <trkpt lat="52.504057" lon="13.435937"></trkpt>
    <trkpt lat="52.504158" lon="13.435695"></trkpt>
    <trkpt lat="52.504184" lon="13.435633"></trkpt>
    <trkpt lat="52.504193" lon="13.435611"></trkpt>
    <trkpt lat="52.504224" lon="13.435537"></trkpt>
    <trkpt lat="52.504325" lon="13.435297"></trkpt>
    <trkpt lat="52.504346" lon="13.435248"></trkpt>
    <trkpt lat="52.504367" lon="13.435199"></trkpt>
    <trkpt lat="52.504377" lon="13.435176"></trkpt>
    <trkpt lat="52.504403" lon="13.435117"></trkpt>
    <trkpt lat="52.504433" lon="13.435048"></trkpt>
    <trkpt lat="52.504459" lon="13.434986"></trkpt>
    <trkpt lat="52.504498" lon="13.434900"></trkpt>
    <trkpt lat="52.504544" lon="13.434795"></trkpt>
    <trkpt lat="52.504559" lon="13.434759"></trkpt>
    <trkpt lat="52.504592" lon="13.434681"></trkpt>
    <trkpt lat="52.504625" lon="13.434603"></trkpt>
    <trkpt lat="52.504762" lon="13.434284"></trkpt>
    <trkpt lat="52.505007" lon="13.433718"></trkpt>
    <trkpt lat="52.505104" lon="13.433492"></trkpt>
    <trkpt lat="52.505148" lon="13.433389"></trkpt>
    <trkpt lat="52.505189" lon="13.433293"></trkpt>
    <trkpt lat="52.505371" lon="13.432868"></trkpt>
    <trkpt lat="52.505457" lon="13.432667"></trkpt>
    <trkpt lat="52.505552" lon="13.432543"></trkpt>
    <trkpt lat="52.505560" lon="13.432525"></trkpt>
    <trkpt lat="52.505570" lon="13.432500"></trkpt>
    <trkpt lat="52.505575" lon="13.432489"></trkpt>
    <trkpt lat="52.505582" lon="13.432473"></trkpt>
    <trkpt lat="52.505607" lon="13.432322"></trkpt>
    <trkpt lat="52.505616" lon="13.432299"></trkpt>
    <trkpt lat="52.505665" lon="13.432183"></trkpt>
    <trkpt lat="52.505690" lon="13.432124"></trkpt>
    <trkpt lat="52.505754" lon="13.431976"></trkpt>
    <trkpt lat="52.505801" lon="13.431867"></trkpt>
    <trkpt lat="52.505809" lon="13.431850"></trkpt>
    <trkpt lat="52.505839" lon="13.431778"></trkpt>
    <trkpt lat="52.505959" lon="13.431495"></trkpt>
    <trkpt lat="52.506087" lon="13.431204"></trkpt>
    <trkpt lat="52.506192" lon="13.430951"></trkpt>
    <trkpt lat="52.506309" lon="13.430678"></trkpt>
    <trkpt lat="52.506547" lon="13.430126"></trkpt>
    <trkpt lat="52.506576" lon="13.430056"></trkpt>
    <trkpt lat="52.506718" lon="13.429725"></trkpt>
    <trkpt lat="52.506869" lon="13.429376"></trkpt>
    <trkpt lat="52.506905" lon="13.429293"></trkpt>
    <trkpt lat="52.506976" lon="13.429123"></trkpt>
    <trkpt lat="52.507074" lon="13.428899"></trkpt>
    <trkpt lat="52.507136" lon="13.428779"></trkpt>
    <trkpt lat="52.507178" lon="13.428692"></trkpt>
    <trkpt lat="52.507237" lon="13.428556"></trkpt>
    <trkpt lat="52.507302" lon="13.428491"></trkpt>
    <trkpt lat="52.507309" lon="13.428473"></trkpt>
    <trkpt lat="52.507332" lon="13.428421"></trkpt>
    <trkpt lat="52.507353" lon="13.428372"></trkpt>
    <trkpt lat="52.507366" lon="13.428230"></trkpt>
    <trkpt lat="52.507480" lon="13.428286"></trkpt>
    <trkpt lat="52.507502" lon="13.428294"></trkpt>
    <trkpt lat="52.507870" lon="13.428301"></trkpt>
    <trkpt lat="52.507943" lon="13.428309"></trkpt>
    <trkpt lat="52.508130" lon="13.428342"></trkpt>
    <trkpt lat="52.508176" lon="13.428372"></trkpt>
    <trkpt lat="52.508261" lon="13.428437"></trkpt>
    <trkpt lat="52.508413" lon="13.428562"></trkpt>
    <trkpt lat="52.508501" lon="13.428640"></trkpt>
    <trkpt lat="52.508667" lon="13.428786"></trkpt>
    <trkpt lat="52.508688" lon="13.428804"></trkpt>
    <trkpt lat="52.508933" lon="13.429018"></trkpt>
    <trkpt lat="52.509498" lon="13.429523"></trkpt>
    <trkpt lat="52.509701" lon="13.429685"></trkpt>
    <trkpt lat="52.510065" lon="13.430003"></trkpt>
    <trkpt lat="52.510099" lon="13.430029"></trkpt>
    <trkpt lat="52.510191" lon="13.430084"></trkpt>
    <trkpt lat="52.510477" lon="13.430249"></trkpt>
    <trkpt lat="52.510553" lon="13.430046"></trkpt>
    <trkpt lat="52.510733" lon="13.429578"></trkpt>
    <trkpt lat="52.510926" lon="13.429098"></trkpt>
    <trkpt lat="52.511271" lon="13.428229"></trkpt>
    <trkpt lat="52.511588" lon="13.427495"></trkpt>
    <trkpt lat="52.511799" lon="13.427035"></trkpt>
    <trkpt lat="52.511924" lon="13.426788"></trkpt>
    <trkpt lat="52.512093" lon="13.426447"></trkpt>
    <trkpt lat="52.512256" lon="13.426169"></trkpt>
    <trkpt lat="52.512504" lon="13.425814"></trkpt>
    <trkpt lat="52.512991" lon="13.425128"></trkpt>
    <trkpt lat="52.513306" lon="13.424604"></trkpt>
    <trkpt lat="52.513392" lon="13.424460"></trkpt>
    <trkpt lat="52.513421" lon="13.424410"></trkpt>
    <trkpt lat="52.513489" lon="13.424283"></trkpt>
    <trkpt lat="52.513548" lon="13.424147"></trkpt>
    <trkpt lat="52.513599" lon="13.424010"></trkpt>
    <trkpt lat="52.513765" lon="13.423522"></trkpt>
    <trkpt lat="52.513816" lon="13.423375"></trkpt>
    <trkpt lat="52.513826" lon="13.423347"></trkpt>
    <trkpt lat="52.513887" lon="13.423164"></trkpt>
    <trkpt lat="52.514006" lon="13.422783"></trkpt>
    <trkpt lat="52.514038" lon="13.422692"></trkpt>
    <trkpt lat="52.514066" lon="13.422611"></trkpt>
    <trkpt lat="52.514106" lon="13.422496"></trkpt>
    <trkpt lat="52.515079" lon="13.419683"></trkpt>
    <trkpt lat="52.515104" lon="13.419610"></trkpt>
    <trkpt lat="52.515139" lon="13.419507"></trkpt>
    <trkpt lat="52.515165" lon="13.419429"></trkpt>
    <trkpt lat="52.515180" lon="13.419386"></trkpt>
    <trkpt lat="52.515216" lon="13.419279"></trkpt>
    <trkpt lat="52.515338" lon="13.418923"></trkpt>
    <trkpt lat="52.515510" lon="13.418435"></trkpt>
    <trkpt lat="52.515529" lon="13.418380"></trkpt>
    <trkpt lat="52.515578" lon="13.418222"></trkpt>
    <trkpt lat="52.515634" lon="13.418049"></trkpt>
    <trkpt lat="52.515675" lon="13.417901"></trkpt>
    <trkpt lat="52.515681" lon="13.417865"></trkpt>
    <trkpt lat="52.515734" lon="13.417571"></trkpt>
    <trkpt lat="52.515793" lon="13.417220"></trkpt>
    <trkpt lat="52.515830" lon="13.416868"></trkpt>
    <trkpt lat="52.515847" lon="13.416613"></trkpt>
    <trkpt lat="52.515864" lon="13.416215"></trkpt>
    <trkpt lat="52.515858" lon="13.415560"></trkpt>
    <trkpt lat="52.515839" lon="13.415224"></trkpt>
    <trkpt lat="52.515835" lon="13.415151"></trkpt>
    <trkpt lat="52.515826" lon="13.414984"></trkpt>
    <trkpt lat="52.515812" lon="13.414710"></trkpt>
    <trkpt lat="52.515801" lon="13.414493"></trkpt>
    <trkpt lat="52.515759" lon="13.413889"></trkpt>
    <trkpt lat="52.515757" lon="13.413406"></trkpt>
    <trkpt lat="52.515775" lon="13.413053"></trkpt>
    <trkpt lat="52.515762" lon="13.412830"></trkpt>
    <trkpt lat="52.515796" lon="13.412584"></trkpt>
    <trkpt lat="52.515804" lon="13.412528"></trkpt>
    <trkpt lat="52.515834" lon="13.412325"></trkpt>
    <trkpt lat="52.515871" lon="13.412073"></trkpt>
    <trkpt lat="52.515882" lon="13.411999"></trkpt>
    <trkpt lat="52.516047" lon="13.410887"></trkpt>
    <trkpt lat="52.516069" lon="13.410763"></trkpt>
    <trkpt lat="52.516097" lon="13.410594"></trkpt>
    <trkpt lat="52.516107" lon="13.410529"></trkpt>
    <trkpt lat="52.516221" lon="13.409796"></trkpt>
    <trkpt lat="52.516254" lon="13.409505"></trkpt>
    <trkpt lat="52.516286" lon="13.409247"></trkpt>
    <trkpt lat="52.516323" lon="13.408977"></trkpt>
    <trkpt lat="52.516337" lon="13.408908"></trkpt>
    <trkpt lat="52.516360" lon="13.408798"></trkpt>
    <trkpt lat="52.516391" lon="13.408703"></trkpt>
    <trkpt lat="52.516475" lon="13.408792"></trkpt>
    <trkpt lat="52.516510" lon="13.408829"></trkpt>
    <trkpt lat="52.516548" lon="13.408870"></trkpt>
    <trkpt lat="52.516643" lon="13.408959"></trkpt>
    <trkpt lat="52.516715" lon="13.408999"></trkpt>
    <trkpt lat="52.516769" lon="13.409024"></trkpt>
    <trkpt lat="52.516809" lon="13.409032"></trkpt>
    <trkpt lat="52.516853" lon="13.409033"></trkpt>
    <trkpt lat="52.516909" lon="13.409030"></trkpt>
    <trkpt lat="52.516977" lon="13.409013"></trkpt>
    <trkpt lat="52.517036" lon="13.408983"></trkpt>
    <trkpt lat="52.517113" lon="13.408924"></trkpt>
    <trkpt lat="52.517155" lon="13.408883"></trkpt>
    <trkpt lat="52.517195" lon="13.408843"></trkpt>
    <trkpt lat="52.517311" lon="13.408718"></trkpt>
    <trkpt lat="52.517342" lon="13.408685"></trkpt>
    <trkpt lat="52.517439" lon="13.408557"></trkpt>
    <trkpt lat="52.517534" lon="13.408442"></trkpt>
    <trkpt lat="52.517620" lon="13.408341"></trkpt>
    <trkpt lat="52.517773" lon="13.408128"></trkpt>
    <trkpt lat="52.517937" lon="13.407903"></trkpt>
    <trkpt lat="52.518013" lon="13.407791"></trkpt>
    <trkpt lat="52.518055" lon="13.407720"></trkpt>
    <trkpt lat="52.518264" lon="13.407436"></trkpt>
    <trkpt lat="52.518293" lon="13.407396"></trkpt>
    <trkpt lat="52.518421" lon="13.407226"></trkpt>
    <trkpt lat="52.518525" lon="13.407079"></trkpt>
    <trkpt lat="52.518748" lon="13.406743"></trkpt>
    <trkpt lat="52.518816" lon="13.406571"></trkpt>
    <trkpt lat="52.518832" lon="13.406551"></trkpt>
    <trkpt lat="52.518900" lon="13.406458"></trkpt>
    <trkpt lat="52.518971" lon="13.406356"></trkpt>
    <trkpt lat="52.519078" lon="13.406205"></trkpt>
    <trkpt lat="52.519202" lon="13.406027"></trkpt>
    <trkpt lat="52.519284" lon="13.405912"></trkpt>
    <trkpt lat="52.519315" lon="13.405868"></trkpt>
    <trkpt lat="52.519392" lon="13.405759"></trkpt>
    <trkpt lat="52.519518" lon="13.405675"></trkpt>
    <trkpt lat="52.519878" lon="13.405163"></trkpt>
    <trkpt lat="52.519905" lon="13.405129"></trkpt>
    <trkpt lat="52.519963" lon="13.405053"></trkpt>
    <trkpt lat="52.519985" lon="13.405024"></trkpt>
    <trkpt lat="52.520001" lon="13.405003"></trkpt>
  </trkseg></trk>
</gpx>
