{
  "samples_local": {
    "10": {
      "temp": 6.9,
      "precip": 0.0,
      "wind": 3.0,
      "wind_dir_deg": 107.0
    },
    "12": {
      "temp": 11.2,
      "precip": 0.0,
      "wind": 4.1,
      "wind_dir_deg": 0.0
    },
    "14": {
      "temp": 10.2,
      "precip": 0.0,
      "wind": 3.8,
      "wind_dir_deg": 357.0
    },
    "16": {
      "temp": 6.2,
      "precip": 0.0,
      "wind": 0.4,
      "wind_dir_deg": 27.0
    }
  },
  "ride_temp_mean": 8.625,
  "ride_wind_mean": 2.8249999999999997,
  "ride_wind_dir_deg": 21.142008070928114,
  "ride_rain_flag": 0.0,
  "tent_rain_flag": 0.0,
  "daily_precip_sum": 0.0,
  "daily_temp_mean": 4.441666666666666,
  "daily_wind_mean": 3.0374999999999996,
  "daily_wind_dir_deg": 99.4620855450325
}