{
  "samples_local": {
    "10": {
      "temp": 5.7,
      "precip": 0.0,
      "wind": 7.1,
      "wind_dir_deg": 322.0
    },
    "12": {
      "temp": 9.7,
      "precip": 0.0,
      "wind": 5.0,
      "wind_dir_deg": 322.0
    },
    "14": {
      "temp": 12.6,
      "precip": 0.0,
      "wind": 5.1,
      "wind_dir_deg": 288.0
    },
    "16": {
      "temp": 11.2,
      "precip": 0.0,
      "wind": 4.0,
      "wind_dir_deg": 275.0
    }
  },
  "ride_temp_mean": 9.799999999999999,
  "ride_wind_mean": 5.3,
  "ride_wind_dir_deg": 305.1340908165579,
  "ride_rain_flag": 0.0,
  "tent_rain_flag": 0.0,
  "daily_precip_sum": 0.0,
  "daily_temp_mean": 5.866666666666667,
  "daily_wind_mean": 6.6000000000000005,
  "daily_wind_dir_deg": 312.6601743219569
}