{
  "samples_local": {
    "10": {
      "temp": 12.2,
      "precip": 0.0,
      "wind": 14.6,
      "wind_dir_deg": 359.0
    },
    "12": {
      "temp": 15.0,
      "precip": 0.0,
      "wind": 10.5,
      "wind_dir_deg": 4.0
    },
    "14": {
      "temp": 16.5,
      "precip": 0.0,
      "wind": 8.0,
      "wind_dir_deg": 346.0
    },
    "16": {
      "temp": 14.6,
      "precip": 0.0,
      "wind": 8.2,
      "wind_dir_deg": 341.0
    }
  },
  "ride_temp_mean": 14.575,
  "ride_wind_mean": 10.325,
  "ride_wind_dir_deg": 354.19352238284176,
  "ride_rain_flag": 0.0,
  "tent_rain_flag": 0.0,
  "daily_precip_sum": 0.0,
  "daily_temp_mean": 11.358333333333333,
  "daily_wind_mean": 10.708333333333334,
  "daily_wind_dir_deg": 355.8178295771796
}