{
  "samples_local": {
    "10": {
      "temp": 12.8,
      "precip": 0.0,
      "wind": 3.4,
      "wind_dir_deg": 252.0
    },
    "12": {
      "temp": 16.9,
      "precip": 0.0,
      "wind": 4.6,
      "wind_dir_deg": 234.0
    },
    "14": {
      "temp": 17.9,
      "precip": 0.0,
      "wind": 8.1,
      "wind_dir_deg": 225.0
    },
    "16": {
      "temp": 14.0,
      "precip": 0.0,
      "wind": 6.6,
      "wind_dir_deg": 291.0
    }
  },
  "ride_temp_mean": 15.399999999999999,
  "ride_wind_mean": 5.675,
  "ride_wind_dir_deg": 249.31023966215542,
  "ride_rain_flag": 0.0,
  "tent_rain_flag": 0.0,
  "daily_precip_sum": 0.0,
  "daily_temp_mean": 9.954166666666667,
  "daily_wind_mean": 4.579166666666667,
  "daily_wind_dir_deg": 282.8668223636772
}