{
  "samples_local": {
    "10": {
      "temp": 6.2,
      "precip": 0.0,
      "wind": 8.1,
      "wind_dir_deg": 295.0
    },
    "12": {
      "temp": 10.0,
      "precip": 0.0,
      "wind": 6.3,
      "wind_dir_deg": 297.0
    },
    "14": {
      "temp": 11.9,
      "precip": 0.0,
      "wind": 6.1,
      "wind_dir_deg": 282.0
    },
    "16": {
      "temp": 10.1,
      "precip": 0.0,
      "wind": 5.8,
      "wind_dir_deg": 274.0
    }
  },
  "ride_temp_mean": 9.55,
  "ride_wind_mean": 6.574999999999999,
  "ride_wind_dir_deg": 287.84969524008693,
  "ride_rain_flag": 0.0,
  "tent_rain_flag": 0.0,
  "daily_precip_sum": 0.0,
  "daily_temp_mean": 5.816666666666666,
  "daily_wind_mean": 7.629166666666666,
  "daily_wind_dir_deg": 288.27010946365584
}