{
  "samples_local": {
    "10": {
      "temp": 11.1,
      "precip": 0.0,
      "wind": 12.7,
      "wind_dir_deg": 315.0
    },
    "12": {
      "temp": 13.2,
      "precip": 0.0,
      "wind": 14.8,
      "wind_dir_deg": 300.0
    },
    "14": {
      "temp": 15.0,
      "precip": 0.0,
      "wind": 14.1,
      "wind_dir_deg": 302.0
    },
    "16": {
      "temp": 14.4,
      "precip": 0.0,
      "wind": 14.1,
      "wind_dir_deg": 318.0
    }
  },
  "ride_temp_mean": 13.425,
  "ride_wind_mean": 13.925,
  "ride_wind_dir_deg": 308.4803801382739,
  "ride_rain_flag": 0.0,
  "tent_rain_flag": 0.0,
  "daily_precip_sum": 0.0,
  "daily_temp_mean": 10.983333333333334,
  "daily_wind_mean": 13.737499999999999,
  "daily_wind_dir_deg": 311.25286845355237
}