{
  "samples_local": {
    "10": {
      "temp": 7.1,
      "precip": 0.1,
      "wind": 11.0,
      "wind_dir_deg": 142.0
    },
    "12": {
      "temp": 7.7,
      "precip": 0.1,
      "wind": 10.2,
      "wind_dir_deg": 135.0
    },
    "14": {
      "temp": 9.3,
      "precip": 0.0,
      "wind": 13.3,
      "wind_dir_deg": 131.0
    },
    "16": {
      "temp": 9.3,
      "precip": 0.1,
      "wind": 11.7,
      "wind_dir_deg": 137.0
    }
  },
  "ride_temp_mean": 8.35,
  "ride_wind_mean": 11.55,
  "ride_wind_dir_deg": 136.020911730188,
  "ride_rain_flag": 0.0,
  "tent_rain_flag": 1.0,
  "daily_precip_sum": 1.2000000000000002,
  "daily_temp_mean": 5.791666666666667,
  "daily_wind_mean": 9.083333333333334,
  "daily_wind_dir_deg": 125.89675634205469
}