{
  "samples_local": {
    "10": {
      "temp": 5.0,
      "precip": 0.3,
      "wind": 12.9,
      "wind_dir_deg": 120.0
    },
    "12": {
      "temp": 7.3,
      "precip": 0.2,
      "wind": 14.1,
      "wind_dir_deg": 130.0
    },
    "14": {
      "temp": 7.8,
      "precip": 0.2,
      "wind": 15.5,
      "wind_dir_deg": 118.0
    },
    "16": {
      "temp": 5.6,
      "precip": 0.3,
      "wind": 20.9,
      "wind_dir_deg": 131.0
    }
  },
  "ride_temp_mean": 6.425,
  "ride_wind_mean": 15.85,
  "ride_wind_dir_deg": 125.36362348841772,
  "ride_rain_flag": 1.0,
  "tent_rain_flag": 1.0,
  "daily_precip_sum": 1.9000000000000001,
  "daily_temp_mean": 4.783333333333333,
  "daily_wind_mean": 14.85,
  "daily_wind_dir_deg": 133.49844946282917
}