{
  "samples_local": {
    "10": {
      "temp": 5.8,
      "precip": 0.1,
      "wind": 15.0,
      "wind_dir_deg": 101.0
    },
    "12": {
      "temp": 7.7,
      "precip": 0.1,
      "wind": 12.5,
      "wind_dir_deg": 131.0
    },
    "14": {
      "temp": 5.4,
      "precip": 2.9,
      "wind": 17.6,
      "wind_dir_deg": 125.0
    },
    "16": {
      "temp": 7.8,
      "precip": 0.0,
      "wind": 14.3,
      "wind_dir_deg": 131.0
    }
  },
  "ride_temp_mean": 6.675,
  "ride_wind_mean": 14.850000000000001,
  "ride_wind_dir_deg": 121.74144095104452,
  "ride_rain_flag": 1.0,
  "tent_rain_flag": 1.0,
  "daily_precip_sum": 4.9,
  "daily_temp_mean": 5.220833333333333,
  "daily_wind_mean": 11.520833333333334,
  "daily_wind_dir_deg": 124.01158504302532
}