{
  "samples_local": {
    "10": {
      "temp": 5.8,
      "precip": 0.1,
      "wind": 14.4,
      "wind_dir_deg": 127.0
    },
    "12": {
      "temp": 6.2,
      "precip": 0.1,
      "wind": 14.2,
      "wind_dir_deg": 117.0
    },
    "14": {
      "temp": 6.2,
      "precip": 0.3,
      "wind": 12.4,
      "wind_dir_deg": 120.0
    },
    "16": {
      "temp": 6.2,
      "precip": 0.1,
      "wind": 15.6,
      "wind_dir_deg": 142.0
    }
  },
  "ride_temp_mean": 6.1,
  "ride_wind_mean": 14.15,
  "ride_wind_dir_deg": 127.06226167610396,
  "ride_rain_flag": 1.0,
  "tent_rain_flag": 1.0,
  "daily_precip_sum": 4.1000000000000005,
  "daily_temp_mean": 4.4375,
  "daily_wind_mean": 12.825000000000001,
  "daily_wind_dir_deg": 124.96489050705071
}