{
  "samples_local": {
    "10": {
      "temp": 8.6,
      "precip": 0.1,
      "wind": 7.7,
      "wind_dir_deg": 139.0
    },
    "12": {
      "temp": 9.6,
      "precip": 0.1,
      "wind": 6.8,
      "wind_dir_deg": 180.0
    },
    "14": {
      "temp": 9.6,
      "precip": 0.0,
      "wind": 6.6,
      "wind_dir_deg": 99.0
    },
    "16": {
      "temp": 8.6,
      "precip": 0.0,
      "wind": 3.2,
      "wind_dir_deg": 243.0
    }
  },
  "ride_temp_mean": 9.1,
  "ride_wind_mean": 6.075,
  "ride_wind_dir_deg": 149.99086970743815,
  "ride_rain_flag": 0.0,
  "tent_rain_flag": 1.0,
  "daily_precip_sum": 0.6000000000000001,
  "daily_temp_mean": 6.320833333333333,
  "daily_wind_mean": 6.254166666666666,
  "daily_wind_dir_deg": 119.26160945624656
}