{
  "samples_local": {
    "10": {
      "temp": 6.8,
      "precip": 0.1,
      "wind": 12.2,
      "wind_dir_deg": 133.0
    },
    "12": {
      "temp": 8.1,
      "precip": 0.1,
      "wind": 10.3,
      "wind_dir_deg": 126.0
    },
    "14": {
      "temp": 9.1,
      "precip": 0.0,
      "wind": 11.5,
      "wind_dir_deg": 139.0
    },
    "16": {
      "temp": 9.2,
      "precip": 0.0,
      "wind": 12.1,
      "wind_dir_deg": 150.0
    }
  },
  "ride_temp_mean": 8.299999999999999,
  "ride_wind_mean": 11.525,
  "ride_wind_dir_deg": 137.38590309310598,
  "ride_rain_flag": 0.0,
  "tent_rain_flag": 1.0,
  "daily_precip_sum": 2.1,
  "daily_temp_mean": 5.604166666666667,
  "daily_wind_mean": 8.433333333333334,
  "daily_wind_dir_deg": 138.68245831472268
}