{
  "samples_local": {
    "10": {
      "temp": 7.2,
      "precip": 0.1,
      "wind": 11.8,
      "wind_dir_deg": 142.0
    },
    "12": {
      "temp": 9.6,
      "precip": 0.1,
      "wind": 11.6,
      "wind_dir_deg": 144.0
    },
    "14": {
      "temp": 8.4,
      "precip": 0.1,
      "wind": 9.2,
      "wind_dir_deg": 169.0
    },
    "16": {
      "temp": 9.2,
      "precip": 0.0,
      "wind": 8.5,
      "wind_dir_deg": 144.0
    }
  },
  "ride_temp_mean": 8.6,
  "ride_wind_mean": 10.275,
  "ride_wind_dir_deg": 148.93855735226498,
  "ride_rain_flag": 0.0,
  "tent_rain_flag": 0.0,
  "daily_precip_sum": 0.6000000000000001,
  "daily_temp_mean": 6.541666666666667,
  "daily_wind_mean": 10.320833333333333,
  "daily_wind_dir_deg": 146.58955850682366
}