{
  "samples_local": {
    "10": {
      "temp": 6.8,
      "precip": 0.1,
      "wind": 13.0,
      "wind_dir_deg": 134.0
    },
    "12": {
      "temp": 7.8,
      "precip": 0.1,
      "wind": 13.2,
      "wind_dir_deg": 133.0
    },
    "14": {
      "temp": 8.8,
      "precip": 0.1,
      "wind": 12.3,
      "wind_dir_deg": 128.0
    },
    "16": {
      "temp": 8.3,
      "precip": 0.0,
      "wind": 9.3,
      "wind_dir_deg": 126.0
    }
  },
  "ride_temp_mean": 7.925000000000001,
  "ride_wind_mean": 11.95,
  "ride_wind_dir_deg": 130.62392388727562,
  "ride_rain_flag": 0.0,
  "tent_rain_flag": 1.0,
  "daily_precip_sum": 5.2,
  "daily_temp_mean": 5.245833333333334,
  "daily_wind_mean": 9.762500000000001,
  "daily_wind_dir_deg": 128.40701177958096
}