{
  "samples_local": {
    "10": {
      "temp": 8.5,
      "precip": 0.1,
      "wind": 10.9,
      "wind_dir_deg": 134.0
    },
    "12": {
      "temp": 9.9,
      "precip": 0.1,
      "wind": 11.5,
      "wind_dir_deg": 148.0
    },
    "14": {
      "temp": 8.1,
      "precip": 0.2,
      "wind": 16.9,
      "wind_dir_deg": 168.0
    },
    "16": {
      "temp": 8.5,
      "precip": 0.0,
      "wind": 10.9,
      "wind_dir_deg": 186.0
    }
  },
  "ride_temp_mean": 8.75,
  "ride_wind_mean": 12.55,
  "ride_wind_dir_deg": 159.9530835496987,
  "ride_rain_flag": 1.0,
  "tent_rain_flag": 0.0,
  "daily_precip_sum": 1.2000000000000002,
  "daily_temp_mean": 5.195833333333334,
  "daily_wind_mean": 8.841666666666667,
  "daily_wind_dir_deg": 159.3350122686644
}