{
  "samples_local": {
    "10": {
      "temp": 8.3,
      "precip": 0.1,
      "wind": 10.4,
      "wind_dir_deg": 166.0
    },
    "12": {
      "temp": 9.3,
      "precip": 0.1,
      "wind": 10.5,
      "wind_dir_deg": 174.0
    },
    "14": {
      "temp": 8.2,
      "precip": 0.1,
      "wind": 9.1,
      "wind_dir_deg": 189.0
    },
    "16": {
      "temp": 8.4,
      "precip": 0.1,
      "wind": 10.3,
      "wind_dir_deg": 216.0
    }
  },
  "ride_temp_mean": 8.55,
  "ride_wind_mean": 10.075,
  "ride_wind_dir_deg": 185.82860674455122,
  "ride_rain_flag": 0.0,
  "tent_rain_flag": 0.0,
  "daily_precip_sum": 0.6000000000000001,
  "daily_temp_mean": 4.8125,
  "daily_wind_mean": 7.758333333333333,
  "daily_wind_dir_deg": 189.38384273788884
}