{
  "samples_local": {
    "10": {
      "temp": 8.3,
      "precip": 0.0,
      "wind": 7.0,
      "wind_dir_deg": 145.0
    },
    "12": {
      "temp": 10.4,
      "precip": 0.1,
      "wind": 6.2,
      "wind_dir_deg": 126.0
    },
    "14": {
      "temp": 9.9,
      "precip": 0.1,
      "wind": 8.9,
      "wind_dir_deg": 148.0
    },
    "16": {
      "temp": 10.4,
      "precip": 0.0,
      "wind": 9.3,
      "wind_dir_deg": 144.0
    }
  },
  "ride_temp_mean": 9.75,
  "ride_wind_mean": 7.8500000000000005,
  "ride_wind_dir_deg": 141.83835062172534,
  "ride_rain_flag": 0.0,
  "tent_rain_flag": 0.0,
  "daily_precip_sum": 0.4,
  "daily_temp_mean": 6.666666666666667,
  "daily_wind_mean": 8.270833333333334,
  "daily_wind_dir_deg": 140.05227214968102
}