{
  "samples_local": {
    "10": {
      "temp": 8.7,
      "precip": 0.0,
      "wind": 8.1,
      "wind_dir_deg": 135.0
    },
    "12": {
      "temp": 9.7,
      "precip": 0.0,
      "wind": 5.6,
      "wind_dir_deg": 130.0
    },
    "14": {
      "temp": 8.1,
      "precip": 0.4,
      "wind": 7.9,
      "wind_dir_deg": 39.0
    },
    "16": {
      "temp": 7.7,
      "precip": 1.6,
      "wind": 5.2,
      "wind_dir_deg": 124.0
    }
  },
  "ride_temp_mean": 8.549999999999999,
  "ride_wind_mean": 6.7,
  "ride_wind_dir_deg": 107.52766310672075,
  "ride_rain_flag": 1.0,
  "tent_rain_flag": 1.0,
  "daily_precip_sum": 4.3,
  "daily_temp_mean": 6.208333333333333,
  "daily_wind_mean": 7.745833333333334,
  "daily_wind_dir_deg": 132.77465145623313
}