{
  "ride_temp_mean": 26.47142857142857,
  "ride_wind_mean": 12.914285714285715,
  "ride_rain_flag": 1.0,
  "tent_rain_flag": 1.0
}