{
  "ride_temp_mean": 5.071428571428571,
  "ride_wind_mean": 3.7857142857142856,
  "ride_rain_flag": 0.0,
  "tent_rain_flag": 1.0
}