{
  "ride_temp_mean": 6.042857142857143,
  "ride_wind_mean": 21.585714285714285,
  "ride_rain_flag": 1.0,
  "tent_rain_flag": 1.0
}