{
  "ride_temp_mean": 12.942857142857141,
  "ride_wind_mean": 27.52857142857143,
  "ride_rain_flag": 1.0,
  "tent_rain_flag": 1.0
}