{
  "ride_temp_mean": 13.442857142857141,
  "ride_wind_mean": 31.071428571428573,
  "ride_rain_flag": 1.0,
  "tent_rain_flag": 1.0
}