{
  "ride_temp_mean": 13.842857142857143,
  "ride_wind_mean": 13.200000000000001,
  "ride_rain_flag": 0.0,
  "tent_rain_flag": 0.0
}