{
  "ride_temp_mean": 1.957142857142857,
  "ride_wind_mean": 12.928571428571429,
  "ride_rain_flag": 1.0,
  "tent_rain_flag": 1.0
}