{
  "ride_temp_mean": 10.700000000000001,
  "ride_wind_mean": 27.214285714285715,
  "ride_rain_flag": 1.0,
  "tent_rain_flag": 1.0
}