{
  "ride_temp_mean": 27.12857142857143,
  "ride_wind_mean": 11.714285714285714,
  "ride_rain_flag": 0.0,
  "tent_rain_flag": 0.0
}