{
  "samples_local": {
    "10": {
      "temp": 1.3,
      "precip": 0.0,
      "wind": 12.5,
      "wind_dir_deg": 45.0
    },
    "12": {
      "temp": 2.9,
      "precip": 0.1,
      "wind": 13.1,
      "wind_dir_deg": 67.0
    },
    "14": {
      "temp": 2.2,
      "precip": 0.0,
      "wind": 9.3,
      "wind_dir_deg": 65.0
    },
    "16": {
      "temp": 0.3,
      "precip": 0.0,
      "wind": 10.3,
      "wind_dir_deg": 22.0
    }
  },
  "ride_temp_mean": 1.675,
  "ride_wind_mean": 11.3,
  "ride_wind_dir_deg": 50.41527498140937,
  "ride_rain_flag": 0.0,
  "tent_rain_flag": 1.0,
  "daily_precip_sum": 1.4000000000000001,
  "daily_temp_mean": 0.5791666666666667,
  "daily_wind_mean": 12.920833333333334,
  "daily_wind_dir_deg": 24.671572248862958
}