{
  "ride_temp_mean": -3.8,
  "ride_precip_sum": 1.3,
  "ride_wind_speed": 5.867720483197183,
  "ride_wind_dir": 269.83235878023333,
  "tent_precip_sum": 4.6,
  "tent_temp_mean": -4.175
}