{
  "ride_temp_mean": -2.575,
  "ride_precip_sum": 0.0,
  "ride_wind_speed": 13.99717130115895,
  "ride_wind_dir": 295.1662270690686,
  "tent_precip_sum": 16.4,
  "tent_temp_mean": -2.2199999999999998
}