{
  "ride_temp_mean": 4.625,
  "ride_precip_sum": 1.4,
  "ride_wind_speed": 23.15828797857353,
  "ride_wind_dir": 238.8368849564818,
  "tent_precip_sum": 18.6,
  "tent_temp_mean": 3.655
}