{
  "ride_temp_mean": -12.175,
  "ride_precip_sum": 0.0,
  "ride_wind_speed": 5.747374592928214,
  "ride_wind_dir": 197.41791703405568,
  "tent_precip_sum": 0.0,
  "tent_temp_mean": -14.455000000000002
}