{
  "ride_temp_mean": -1.5999999999999999,
  "ride_precip_sum": 0.0,
  "ride_wind_speed": 4.719940098775832,
  "ride_wind_dir": 186.60645488986725,
  "tent_precip_sum": 0.0,
  "tent_temp_mean": -6.654999999999999
}