{
  "ride_temp_mean": -2.025,
  "ride_precip_sum": 0.0,
  "ride_wind_speed": 2.7939967901645577,
  "ride_wind_dir": 182.4450944375009,
  "tent_precip_sum": 0.0,
  "tent_temp_mean": -9.165000000000001
}