{
  "ride_temp_mean": 3.1,
  "ride_precip_sum": 0.0,
  "ride_wind_speed": 21.717489934266847,
  "ride_wind_dir": 254.69520771201488,
  "tent_precip_sum": 1.0,
  "tent_temp_mean": 4.3
}