{
  "ride_temp_mean": 9.825,
  "ride_precip_sum": 4.4,
  "ride_wind_speed": 26.86834817488372,
  "ride_wind_dir": 227.45094745390702,
  "tent_precip_sum": 13.0,
  "tent_temp_mean": 9.25
}