{
  "ride_temp_mean": 1.2,
  "ride_precip_sum": 0.30000000000000004,
  "ride_wind_speed": 10.145299666690637,
  "ride_wind_dir": 347.5256169232325,
  "tent_precip_sum": 3.4,
  "tent_temp_mean": 0.075
}