{
  "ride_temp_mean": 8.35,
  "ride_precip_sum": 0.30000000000000004,
  "ride_wind_speed": 31.972929800292835,
  "ride_wind_dir": 239.61986839149185,
  "tent_precip_sum": 5.7,
  "tent_temp_mean": 7.51
}