{
  "ride_temp_mean": 2.875,
  "ride_precip_sum": 0.0,
  "ride_wind_speed": 30.330815680143832,
  "ride_wind_dir": 228.8432863263149,
  "tent_precip_sum": 0.0,
  "tent_temp_mean": 2.87
}