{
  "ride_temp_mean": 7.025,
  "ride_precip_sum": 0.0,
  "ride_wind_speed": 3.867703169511521,
  "ride_wind_dir": 111.80373248583294,
  "tent_precip_sum": 0.30000000000000004,
  "tent_temp_mean": 4.54
}