{
  "ride_temp_mean": 6.15,
  "ride_precip_sum": 0.0,
  "ride_wind_speed": 1.5979737213347494,
  "ride_wind_dir": 171.49897451253116,
  "tent_precip_sum": 0.0,
  "tent_temp_mean": 2.63
}