{
  "ride_temp_mean": -3.9,
  "ride_precip_sum": 0.0,
  "ride_wind_speed": 5.748918781341318,
  "ride_wind_dir": 339.7285345947552,
  "tent_precip_sum": 0.0,
  "tent_temp_mean": -7.07
}