{
  "ride_temp_mean": -10.625,
  "ride_precip_sum": 0.0,
  "ride_wind_speed": 5.725722381408405,
  "ride_wind_dir": 311.6531548112222,
  "tent_precip_sum": 0.0,
  "tent_temp_mean": -11.39
}