{
  "ride_temp_mean": 4.725,
  "ride_precip_sum": 0.0,
  "ride_wind_speed": 1.6730893124281803,
  "ride_wind_dir": 25.993443154763668,
  "tent_precip_sum": 0.6000000000000001,
  "tent_temp_mean": 2.5949999999999998
}