{
  "ride_temp_mean": 6.325,
  "ride_precip_sum": 0.2,
  "ride_wind_speed": 13.488831034085157,
  "ride_wind_dir": 322.51983929856453,
  "tent_precip_sum": 0.2,
  "tent_temp_mean": 5.205
}