{
  "ride_temp_mean": 12.375,
  "ride_precip_sum": 0.0,
  "ride_wind_speed": 34.40816949180893,
  "ride_wind_dir": 220.81625278643062,
  "tent_precip_sum": 12.4,
  "tent_temp_mean": 11.075
}