{
  "samples_local": {
    "10": {
      "temp": 26.1,
      "precip": 0.5,
      "wind": 12.7,
      "wind_dir_deg": 234.0
    },
    "12": {
      "temp": 29.4,
      "precip": 0.0,
      "wind": 12.6,
      "wind_dir_deg": 234.0
    },
    "14": {
      "temp": 30.6,
      "precip": 0.1,
      "wind": 12.4,
      "wind_dir_deg": 242.0
    },
    "16": {
      "temp": 30.2,
      "precip": 0.2,
      "wind": 11.0,
      "wind_dir_deg": 229.0
    }
  },
  "ride_temp_mean": 29.075,
  "ride_wind_mean": 12.175,
  "ride_wind_dir_deg": 234.905364779225,
  "ride_rain_flag": 1.0,
  "tent_rain_flag": 1.0,
  "daily_precip_sum": 1.4000000000000001,
  "daily_temp_mean": 24.979166666666668,
  "daily_wind_mean": 9.791666666666666,
  "daily_wind_dir_deg": 230.2635382201171
}