{
  "samples_local": {
    "10": {
      "temp": 8.3,
      "precip": 2.3,
      "wind": 28.2,
      "wind_dir_deg": 23.0
    },
    "12": {
      "temp": 10.4,
      "precip": 1.0,
      "wind": 26.7,
      "wind_dir_deg": 65.0
    },
    "14": {
      "temp": 10.1,
      "precip": 0.4,
      "wind": 22.9,
      "wind_dir_deg": 112.0
    },
    "16": {
      "temp": 9.8,
      "precip": 0.1,
      "wind": 18.4,
      "wind_dir_deg": 92.0
    }
  },
  "ride_temp_mean": 9.65,
  "ride_wind_mean": 24.049999999999997,
  "ride_wind_dir_deg": 69.47273729088283,
  "ride_rain_flag": 1.0,
  "tent_rain_flag": 1.0,
  "daily_precip_sum": 6.7,
  "daily_temp_mean": 7.770833333333333,
  "daily_wind_mean": 19.154166666666665,
  "daily_wind_dir_deg": 64.20313785761033
}