{
  "samples_local": {
    "10": {
      "temp": 2.2,
      "precip": 0.2,
      "wind": 20.5,
      "wind_dir_deg": 122.0
    },
    "12": {
      "temp": 5.4,
      "precip": 0.0,
      "wind": 18.5,
      "wind_dir_deg": 118.0
    },
    "14": {
      "temp": 6.4,
      "precip": 0.0,
      "wind": 15.0,
      "wind_dir_deg": 100.0
    },
    "16": {
      "temp": 5.9,
      "precip": 0.0,
      "wind": 16.5,
      "wind_dir_deg": 72.0
    }
  },
  "ride_temp_mean": 4.9750000000000005,
  "ride_wind_mean": 17.625,
  "ride_wind_dir_deg": 104.88036707385675,
  "ride_rain_flag": 1.0,
  "tent_rain_flag": 1.0,
  "daily_precip_sum": 7.6,
  "daily_temp_mean": 3.8791666666666664,
  "daily_wind_mean": 15.795833333333334,
  "daily_wind_dir_deg": 88.82810383515437
}