{
  "samples_local": {
    "10": {
      "temp": 5.3,
      "precip": 0.0,
      "wind": 21.4,
      "wind_dir_deg": 57.0
    },
    "12": {
      "temp": 6.9,
      "precip": 0.0,
      "wind": 27.6,
      "wind_dir_deg": 75.0
    },
    "14": {
      "temp": 5.7,
      "precip": 0.0,
      "wind": 20.9,
      "wind_dir_deg": 75.0
    },
    "16": {
      "temp": 5.9,
      "precip": 0.0,
      "wind": 19.9,
      "wind_dir_deg": 95.0
    }
  },
  "ride_temp_mean": 5.95,
  "ride_wind_mean": 22.45,
  "ride_wind_dir_deg": 75.12645735290596,
  "ride_rain_flag": 0.0,
  "tent_rain_flag": 1.0,
  "daily_precip_sum": 1.2999999999999998,
  "daily_temp_mean": 4.783333333333333,
  "daily_wind_mean": 16.729166666666668,
  "daily_wind_dir_deg": 65.76588199124603
}