{
  "samples_local": {
    "10": {
      "temp": 1.9,
      "precip": 0.1,
      "wind": 15.4,
      "wind_dir_deg": 126.0
    },
    "12": {
      "temp": 4.6,
      "precip": 0.0,
      "wind": 16.2,
      "wind_dir_deg": 122.0
    },
    "14": {
      "temp": 5.8,
      "precip": 0.0,
      "wind": 15.9,
      "wind_dir_deg": 118.0
    },
    "16": {
      "temp": 5.8,
      "precip": 0.1,
      "wind": 15.8,
      "wind_dir_deg": 116.0
    }
  },
  "ride_temp_mean": 4.5249999999999995,
  "ride_wind_mean": 15.825,
  "ride_wind_dir_deg": 120.4699632873718,
  "ride_rain_flag": 0.0,
  "tent_rain_flag": 0.0,
  "daily_precip_sum": 0.9,
  "daily_temp_mean": 2.908333333333333,
  "daily_wind_mean": 14.508333333333333,
  "daily_wind_dir_deg": 111.52567935081015
}