{
  "samples_local": {
    "10": {
      "temp": -2.7,
      "precip": 0.0,
      "wind": 14.7,
      "wind_dir_deg": 37.0
    },
    "12": {
      "temp": -1.0,
      "precip": 0.0,
      "wind": 12.6,
      "wind_dir_deg": 28.0
    },
    "14": {
      "temp": -0.8,
      "precip": 0.0,
      "wind": 10.6,
      "wind_dir_deg": 48.0
    },
    "16": {
      "temp": -1.3,
      "precip": 0.1,
      "wind": 5.6,
      "wind_dir_deg": 94.0
    }
  },
  "ride_temp_mean": -1.4500000000000002,
  "ride_wind_mean": 10.875,
  "ride_wind_dir_deg": 43.67026575019372,
  "ride_rain_flag": 0.0,
  "tent_rain_flag": 1.0,
  "daily_precip_sum": 8.700000000000001,
  "daily_temp_mean": -2.7541666666666664,
  "daily_wind_mean": 10.025,
  "daily_wind_dir_deg": 64.90293367161183
}