{
  "samples_local": {
    "10": {
      "temp": 6.2,
      "precip": 0.0,
      "wind": 25.0,
      "wind_dir_deg": 18.0
    },
    "12": {
      "temp": 7.6,
      "precip": 2.2,
      "wind": 35.5,
      "wind_dir_deg": 20.0
    },
    "14": {
      "temp": 8.6,
      "precip": 2.8,
      "wind": 35.9,
      "wind_dir_deg": 40.0
    },
    "16": {
      "temp": 9.2,
      "precip": 0.0,
      "wind": 22.1,
      "wind_dir_deg": 83.0
    }
  },
  "ride_temp_mean": 7.8999999999999995,
  "ride_wind_mean": 29.625,
  "ride_wind_dir_deg": 36.60915175868661,
  "ride_rain_flag": 1.0,
  "tent_rain_flag": 1.0,
  "daily_precip_sum": 7.5,
  "daily_temp_mean": 6.279166666666666,
  "daily_wind_mean": 21.179166666666667,
  "daily_wind_dir_deg": 49.90010326222705
}