{
  "samples_local": {
    "10": {
      "temp": 2.5,
      "precip": 0.0,
      "wind": 15.0,
      "wind_dir_deg": 140.0
    },
    "12": {
      "temp": 4.1,
      "precip": 0.0,
      "wind": 15.9,
      "wind_dir_deg": 127.0
    },
    "14": {
      "temp": 6.0,
      "precip": 0.0,
      "wind": 17.1,
      "wind_dir_deg": 127.0
    },
    "16": {
      "temp": 5.8,
      "precip": 0.0,
      "wind": 18.6,
      "wind_dir_deg": 125.0
    }
  },
  "ride_temp_mean": 4.6,
  "ride_wind_mean": 16.650000000000002,
  "ride_wind_dir_deg": 129.35711028741616,
  "ride_rain_flag": 0.0,
  "tent_rain_flag": 0.0,
  "daily_precip_sum": 0.2,
  "daily_temp_mean": 3.0541666666666667,
  "daily_wind_mean": 13.729166666666666,
  "daily_wind_dir_deg": 126.18203589926895
}