{
  "samples_local": {
    "10": {
      "temp": 8.8,
      "precip": 0.0,
      "wind": 8.3,
      "wind_dir_deg": 27.0
    },
    "12": {
      "temp": 11.8,
      "precip": 0.0,
      "wind": 15.3,
      "wind_dir_deg": 77.0
    },
    "14": {
      "temp": 12.6,
      "precip": 0.1,
      "wind": 16.2,
      "wind_dir_deg": 80.0
    },
    "16": {
      "temp": 12.9,
      "precip": 0.0,
      "wind": 15.7,
      "wind_dir_deg": 85.0
    }
  },
  "ride_temp_mean": 11.525,
  "ride_wind_mean": 13.875,
  "ride_wind_dir_deg": 73.36611731918538,
  "ride_rain_flag": 0.0,
  "tent_rain_flag": 0.0,
  "daily_precip_sum": 0.30000000000000004,
  "daily_temp_mean": 8.683333333333334,
  "daily_wind_mean": 12.566666666666668,
  "daily_wind_dir_deg": 71.67200565865016
}