{
  "samples_local": {
    "10": {
      "temp": 5.7,
      "precip": 0.2,
      "wind": 15.9,
      "wind_dir_deg": 62.0
    },
    "12": {
      "temp": 6.8,
      "precip": 0.1,
      "wind": 21.1,
      "wind_dir_deg": 110.0
    },
    "14": {
      "temp": 6.3,
      "precip": 0.1,
      "wind": 20.1,
      "wind_dir_deg": 100.0
    },
    "16": {
      "temp": 6.1,
      "precip": 0.0,
      "wind": 18.3,
      "wind_dir_deg": 97.0
    }
  },
  "ride_temp_mean": 6.225,
  "ride_wind_mean": 18.85,
  "ride_wind_dir_deg": 94.35714408485904,
  "ride_rain_flag": 1.0,
  "tent_rain_flag": 1.0,
  "daily_precip_sum": 1.2000000000000002,
  "daily_temp_mean": 4.8500000000000005,
  "daily_wind_mean": 14.262500000000001,
  "daily_wind_dir_deg": 62.09409335752213
}