{
  "samples_local": {
    "10": {
      "temp": 5.6,
      "precip": 0.0,
      "wind": 25.2,
      "wind_dir_deg": 72.0
    },
    "12": {
      "temp": 6.3,
      "precip": 0.0,
      "wind": 21.3,
      "wind_dir_deg": 73.0
    },
    "14": {
      "temp": 5.9,
      "precip": 0.0,
      "wind": 22.7,
      "wind_dir_deg": 83.0
    },
    "16": {
      "temp": 5.6,
      "precip": 0.0,
      "wind": 21.4,
      "wind_dir_deg": 83.0
    }
  },
  "ride_temp_mean": 5.85,
  "ride_wind_mean": 22.65,
  "ride_wind_dir_deg": 77.5891083286229,
  "ride_rain_flag": 0.0,
  "tent_rain_flag": 1.0,
  "daily_precip_sum": 2.3000000000000003,
  "daily_temp_mean": 4.891666666666667,
  "daily_wind_mean": 17.079166666666666,
  "daily_wind_dir_deg": 70.60086663963705
}