{
  "samples_local": {
    "10": {
      "temp": 5.3,
      "precip": 0.0,
      "wind": 9.0,
      "wind_dir_deg": 52.0
    },
    "12": {
      "temp": 7.3,
      "precip": 0.0,
      "wind": 11.0,
      "wind_dir_deg": 67.0
    },
    "14": {
      "temp": 8.1,
      "precip": 0.0,
      "wind": 12.3,
      "wind_dir_deg": 87.0
    },
    "16": {
      "temp": 7.6,
      "precip": 0.0,
      "wind": 6.7,
      "wind_dir_deg": 95.0
    }
  },
  "ride_temp_mean": 7.074999999999999,
  "ride_wind_mean": 9.75,
  "ride_wind_dir_deg": 74.69654775049275,
  "ride_rain_flag": 0.0,
  "tent_rain_flag": 0.0,
  "daily_precip_sum": 0.0,
  "daily_temp_mean": 5.391666666666667,
  "daily_wind_mean": 8.941666666666666,
  "daily_wind_dir_deg": 51.68982315394743
}