{
  "ride_temp_mean": 0.275,
  "ride_precip_sum": 0.0,
  "ride_wind_speed": 2.7740298425564824,
  "ride_wind_dir": 275.4119316145847,
  "tent_precip_sum": 0.0,
  "tent_temp_mean": -4.715
}