{
  "ride_temp_mean": 6.65,
  "ride_precip_sum": 0.0,
  "ride_wind_speed": 2.251487846539874,
  "ride_wind_dir": 346.67535612807296,
  "tent_precip_sum": 0.0,
  "tent_temp_mean": 0.8300000000000001
}