{
  "ride_temp_mean": 9.25,
  "ride_precip_sum": 2.8000000000000003,
  "ride_wind_speed": 20.308971805488614,
  "ride_wind_dir": 247.06956330548508,
  "tent_precip_sum": 1.1,
  "tent_temp_mean": 7.865
}