{
  "ride_temp_mean": -2.0500000000000003,
  "ride_precip_sum": 0.7000000000000001,
  "ride_wind_speed": 4.756796683957359,
  "ride_wind_dir": 315.6489825762469,
  "tent_precip_sum": 2.3000000000000003,
  "tent_temp_mean": -2.24
}