{
  "ride_temp_mean": 4.675,
  "ride_precip_sum": 0.6,
  "ride_wind_speed": 26.750293775015727,
  "ride_wind_dir": 221.0592076188555,
  "tent_precip_sum": 3.6,
  "tent_temp_mean": 4.115
}