{
  "ride_temp_mean": 5.175,
  "ride_precip_sum": 2.4,
  "ride_wind_speed": 28.48580599816704,
  "ride_wind_dir": 227.4745637524032,
  "tent_precip_sum": 20.8,
  "tent_temp_mean": 4.765
}