{
  "ride_temp_mean": 3.625,
  "ride_precip_sum": 0.0,
  "ride_wind_speed": 23.57569552157772,
  "ride_wind_dir": 217.45180065552225,
  "tent_precip_sum": 0.0,
  "tent_temp_mean": 1.555
}