{
  "ride_temp_mean": 1.775,
  "ride_precip_sum": 0.1,
  "ride_wind_speed": 13.205689203960329,
  "ride_wind_dir": 281.02901798860313,
  "tent_precip_sum": 16.6,
  "tent_temp_mean": 1.535
}