{
  "ride_temp_mean": 7.9,
  "ride_precip_sum": 0.0,
  "ride_wind_speed": 16.587844885399463,
  "ride_wind_dir": 249.79376350839385,
  "tent_precip_sum": 0.0,
  "tent_temp_mean": 6.335
}