{
  "ride_temp_mean": 7.75,
  "ride_precip_sum": 0.0,
  "ride_wind_speed": 11.020994830005936,
  "ride_wind_dir": 237.4533435633008,
  "tent_precip_sum": 0.0,
  "tent_temp_mean": 2.275
}