{
  "ride_temp_mean": 6.65,
  "ride_precip_sum": 0.5,
  "ride_wind_speed": 27.909552029437624,
  "ride_wind_dir": 77.49570394373842,
  "tent_precip_sum": 2.3000000000000003,
  "tent_temp_mean": 6.6
}