{
  "ride_temp_mean": 13.75,
  "ride_precip_sum": 0.0,
  "ride_wind_speed": 36.37150584305027,
  "ride_wind_dir": 248.00432601321194,
  "tent_precip_sum": 0.7000000000000001,
  "tent_temp_mean": 13.775
}