{
  "ride_temp_mean": 13.1,
  "ride_precip_sum": 0.0,
  "ride_wind_speed": 41.96610844509761,
  "ride_wind_dir": 229.0285763597873,
  "tent_precip_sum": 0.0,
  "tent_temp_mean": 13.02
}