{
  "ride_temp_mean": 1.3499999999999999,
  "ride_precip_sum": 0.0,
  "ride_wind_speed": 23.771405504190945,
  "ride_wind_dir": 263.0066003781802,
  "tent_precip_sum": 1.5,
  "tent_temp_mean": 2.16
}