{
  "ride_temp_mean": 7.45,
  "ride_precip_sum": 1.0,
  "ride_wind_speed": 26.937916866568884,
  "ride_wind_dir": 223.08130461624305,
  "tent_precip_sum": 3.2,
  "tent_temp_mean": 6.92
}