{
  "ride_temp_mean": 7.925,
  "ride_precip_sum": 2.6,
  "ride_wind_speed": 28.070732861083982,
  "ride_wind_dir": 232.9545813281891,
  "tent_precip_sum": 9.2,
  "tent_temp_mean": 7.3549999999999995
}