{
  "ride_temp_mean": 2.425,
  "ride_precip_sum": 0.0,
  "ride_wind_speed": 4.363242037195174,
  "ride_wind_dir": 134.45873828497844,
  "tent_precip_sum": 0.0,
  "tent_temp_mean": -2.65
}