{
  "ride_temp_mean": -0.35,
  "ride_precip_sum": 0.0,
  "ride_wind_speed": 13.759586202837225,
  "ride_wind_dir": 283.31740231478614,
  "tent_precip_sum": 11.6,
  "tent_temp_mean": 0.355
}