{
  "samples_local": {
    "10": {
      "temp": 8.1,
      "precip": 0.4,
      "wind": 43.3,
      "wind_dir_deg": 129.0
    },
    "12": {
      "temp": 7.3,
      "precip": 1.2,
      "wind": 40.3,
      "wind_dir_deg": 149.0
    },
    "14": {
      "temp": 7.7,
      "precip": 0.5,
      "wind": 41.9,
      "wind_dir_deg": 175.0
    },
    "16": {
      "temp": 8.2,
      "precip": 2.2,
      "wind": 54.1,
      "wind_dir_deg": 170.0
    }
  },
  "ride_temp_mean": 7.824999999999999,
  "ride_wind_mean": 44.9,
  "ride_wind_dir_deg": 156.72506280822665,
  "ride_rain_flag": 1.0,
  "tent_rain_flag": 1.0,
  "daily_precip_sum": 17.2,
  "daily_temp_mean": 8.799999999999999,
  "daily_wind_mean": 43.425000000000004,
  "daily_wind_dir_deg": 139.59496241889968
}