{
  "samples_local": {
    "10": {
      "temp": 0.7,
      "precip": 0.0,
      "wind": 19.6,
      "wind_dir_deg": 27.0
    },
    "12": {
      "temp": 2.8,
      "precip": 0.0,
      "wind": 22.3,
      "wind_dir_deg": 35.0
    },
    "14": {
      "temp": 3.0,
      "precip": 0.0,
      "wind": 21.2,
      "wind_dir_deg": 41.0
    },
    "16": {
      "temp": 1.4,
      "precip": 0.2,
      "wind": 19.9,
      "wind_dir_deg": 35.0
    }
  },
  "ride_temp_mean": 1.9749999999999999,
  "ride_wind_mean": 20.75,
  "ride_wind_dir_deg": 34.645399806083674,
  "ride_rain_flag": 1.0,
  "tent_rain_flag": 1.0,
  "daily_precip_sum": 2.7,
  "daily_temp_mean": -0.5750000000000001,
  "daily_wind_mean": 20.258333333333333,
  "daily_wind_dir_deg": 35.73254016601129
}