{
  "samples_local": {
    "10": {
      "temp": 6.6,
      "precip": 0.0,
      "wind": 22.2,
      "wind_dir_deg": 138.0
    },
    "12": {
      "temp": 7.3,
      "precip": 0.1,
      "wind": 31.4,
      "wind_dir_deg": 160.0
    },
    "14": {
      "temp": 6.1,
      "precip": 0.1,
      "wind": 25.3,
      "wind_dir_deg": 163.0
    },
    "16": {
      "temp": 6.6,
      "precip": 0.0,
      "wind": 23.1,
      "wind_dir_deg": 167.0
    }
  },
  "ride_temp_mean": 6.6499999999999995,
  "ride_wind_mean": 25.5,
  "ride_wind_dir_deg": 157.6123666200001,
  "ride_rain_flag": 0.0,
  "tent_rain_flag": 1.0,
  "daily_precip_sum": 2.3000000000000003,
  "daily_temp_mean": 6.008333333333333,
  "daily_wind_mean": 20.208333333333332,
  "daily_wind_dir_deg": 140.63973613244434
}