{
  "samples_local": {
    "10": {
      "temp": 27.4,
      "precip": 0.1,
      "wind": 8.3,
      "wind_dir_deg": 271.0
    },
    "12": {
      "temp": 29.6,
      "precip": 0.2,
      "wind": 9.5,
      "wind_dir_deg": 245.0
    },
    "14": {
      "temp": 28.2,
      "precip": 0.7,
      "wind": 10.6,
      "wind_dir_deg": 219.0
    },
    "16": {
      "temp": 28.2,
      "precip": 1.0,
      "wind": 12.5,
      "wind_dir_deg": 216.0
    }
  },
  "ride_temp_mean": 28.35,
  "ride_wind_mean": 10.225,
  "ride_wind_dir_deg": 234.30325213899513,
  "ride_rain_flag": 1.0,
  "tent_rain_flag": 1.0,
  "daily_precip_sum": 3.3,
  "daily_temp_mean": 25.370833333333334,
  "daily_wind_mean": 7.470833333333334,
  "daily_wind_dir_deg": 256.20942447679306
}