{
  "samples_local": {
    "10": {
      "temp": 4.6,
      "precip": 0.0,
      "wind": 8.6,
      "wind_dir_deg": 30.0
    },
    "12": {
      "temp": 8.6,
      "precip": 0.0,
      "wind": 6.3,
      "wind_dir_deg": 35.0
    },
    "14": {
      "temp": 9.6,
      "precip": 0.0,
      "wind": 5.1,
      "wind_dir_deg": 39.0
    },
    "16": {
      "temp": 6.3,
      "precip": 0.0,
      "wind": 6.8,
      "wind_dir_deg": 3.0
    }
  },
  "ride_temp_mean": 7.2749999999999995,
  "ride_wind_mean": 6.699999999999999,
  "ride_wind_dir_deg": 26.166672144974427,
  "ride_rain_flag": 0.0,
  "tent_rain_flag": 1.0,
  "daily_precip_sum": 0.4,
  "daily_temp_mean": 5.420833333333333,
  "daily_wind_mean": 8.695833333333333,
  "daily_wind_dir_deg": 40.36408758385721
}