{
  "samples_local": {
    "10": {
      "temp": 4.6,
      "precip": 0.0,
      "wind": 8.0,
      "wind_dir_deg": 54.0
    },
    "12": {
      "temp": 8.6,
      "precip": 0.0,
      "wind": 6.7,
      "wind_dir_deg": 74.0
    },
    "14": {
      "temp": 9.6,
      "precip": 0.0,
      "wind": 2.9,
      "wind_dir_deg": 133.0
    },
    "16": {
      "temp": 5.3,
      "precip": 0.0,
      "wind": 1.1,
      "wind_dir_deg": 0.0
    }
  },
  "ride_temp_mean": 7.0249999999999995,
  "ride_wind_mean": 4.675,
  "ride_wind_dir_deg": 69.3314720600834,
  "ride_rain_flag": 0.0,
  "tent_rain_flag": 0.0,
  "daily_precip_sum": 0.0,
  "daily_temp_mean": 3.4875000000000003,
  "daily_wind_mean": 6.104166666666667,
  "daily_wind_dir_deg": 67.66464046371698
}