{
  "samples_local": {
    "10": {
      "temp": 9.9,
      "precip": 0.0,
      "wind": 11.6,
      "wind_dir_deg": 35.0
    },
    "12": {
      "temp": 10.4,
      "precip": 0.0,
      "wind": 11.1,
      "wind_dir_deg": 40.0
    },
    "14": {
      "temp": 11.4,
      "precip": 0.0,
      "wind": 12.5,
      "wind_dir_deg": 44.0
    },
    "16": {
      "temp": 10.2,
      "precip": 0.1,
      "wind": 11.4,
      "wind_dir_deg": 35.0
    }
  },
  "ride_temp_mean": 10.475,
  "ride_wind_mean": 11.65,
  "ride_wind_dir_deg": 38.604151722737356,
  "ride_rain_flag": 0.0,
  "tent_rain_flag": 1.0,
  "daily_precip_sum": 0.6000000000000001,
  "daily_temp_mean": 9.495833333333334,
  "daily_wind_mean": 12.495833333333332,
  "daily_wind_dir_deg": 39.88633473230561
}