{
  "samples_local": {
    "10": {
      "temp": 11.9,
      "precip": 0.0,
      "wind": 15.5,
      "wind_dir_deg": 42.0
    },
    "12": {
      "temp": 12.8,
      "precip": 0.0,
      "wind": 16.6,
      "wind_dir_deg": 49.0
    },
    "14": {
      "temp": 12.7,
      "precip": 0.1,
      "wind": 18.5,
      "wind_dir_deg": 58.0
    },
    "16": {
      "temp": 11.9,
      "precip": 0.0,
      "wind": 16.7,
      "wind_dir_deg": 54.0
    }
  },
  "ride_temp_mean": 12.325,
  "ride_wind_mean": 16.825,
  "ride_wind_dir_deg": 51.106589096755215,
  "ride_rain_flag": 0.0,
  "tent_rain_flag": 0.0,
  "daily_precip_sum": 0.5,
  "daily_temp_mean": 11.629166666666668,
  "daily_wind_mean": 16.741666666666667,
  "daily_wind_dir_deg": 51.30797948863983
}