{
  "samples_local": {
    "10": {
      "temp": 10.4,
      "precip": 0.0,
      "wind": 12.7,
      "wind_dir_deg": 50.0
    },
    "12": {
      "temp": 11.1,
      "precip": 0.0,
      "wind": 14.3,
      "wind_dir_deg": 54.0
    },
    "14": {
      "temp": 12.2,
      "precip": 0.0,
      "wind": 13.2,
      "wind_dir_deg": 59.0
    },
    "16": {
      "temp": 11.5,
      "precip": 0.0,
      "wind": 12.0,
      "wind_dir_deg": 45.0
    }
  },
  "ride_temp_mean": 11.3,
  "ride_wind_mean": 13.05,
  "ride_wind_dir_deg": 52.222680092940664,
  "ride_rain_flag": 0.0,
  "tent_rain_flag": 0.0,
  "daily_precip_sum": 0.30000000000000004,
  "daily_temp_mean": 10.216666666666667,
  "daily_wind_mean": 13.270833333333334,
  "daily_wind_dir_deg": 47.49102879272789
}