{
  "samples_local": {
    "10": {
      "temp": 11.9,
      "precip": 0.0,
      "wind": 16.5,
      "wind_dir_deg": 53.0
    },
    "12": {
      "temp": 12.8,
      "precip": 0.0,
      "wind": 16.4,
      "wind_dir_deg": 43.0
    },
    "14": {
      "temp": 12.9,
      "precip": 0.0,
      "wind": 19.5,
      "wind_dir_deg": 51.0
    },
    "16": {
      "temp": 11.9,
      "precip": 0.0,
      "wind": 17.8,
      "wind_dir_deg": 46.0
    }
  },
  "ride_temp_mean": 12.375,
  "ride_wind_mean": 17.55,
  "ride_wind_dir_deg": 48.333816756746614,
  "ride_rain_flag": 0.0,
  "tent_rain_flag": 1.0,
  "daily_precip_sum": 0.8,
  "daily_temp_mean": 11.741666666666667,
  "daily_wind_mean": 19.470833333333335,
  "daily_wind_dir_deg": 48.882461964706295
}