{
  "samples_local": {
    "10": {
      "temp": 10.5,
      "precip": 0.0,
      "wind": 16.3,
      "wind_dir_deg": 59.0
    },
    "12": {
      "temp": 10.8,
      "precip": 0.0,
      "wind": 15.3,
      "wind_dir_deg": 63.0
    },
    "14": {
      "temp": 10.6,
      "precip": 0.0,
      "wind": 14.1,
      "wind_dir_deg": 62.0
    },
    "16": {
      "temp": 10.4,
      "precip": 0.1,
      "wind": 13.7,
      "wind_dir_deg": 57.0
    }
  },
  "ride_temp_mean": 10.575,
  "ride_wind_mean": 14.85,
  "ride_wind_dir_deg": 60.28126374694699,
  "ride_rain_flag": 0.0,
  "tent_rain_flag": 1.0,
  "daily_precip_sum": 1.7000000000000002,
  "daily_temp_mean": 9.862499999999999,
  "daily_wind_mean": 15.433333333333332,
  "daily_wind_dir_deg": 59.997205821538216
}