{
  "samples_local": {
    "10": {
      "temp": 10.0,
      "precip": 0.0,
      "wind": 15.2,
      "wind_dir_deg": 60.0
    },
    "12": {
      "temp": 11.0,
      "precip": 0.0,
      "wind": 15.6,
      "wind_dir_deg": 66.0
    },
    "14": {
      "temp": 10.8,
      "precip": 0.0,
      "wind": 14.6,
      "wind_dir_deg": 56.0
    },
    "16": {
      "temp": 10.4,
      "precip": 0.0,
      "wind": 13.3,
      "wind_dir_deg": 48.0
    }
  },
  "ride_temp_mean": 10.55,
  "ride_wind_mean": 14.675,
  "ride_wind_dir_deg": 57.88459844532457,
  "ride_rain_flag": 0.0,
  "tent_rain_flag": 1.0,
  "daily_precip_sum": 0.7000000000000001,
  "daily_temp_mean": 9.995833333333334,
  "daily_wind_mean": 14.166666666666666,
  "daily_wind_dir_deg": 48.19509409512915
}