{
  "samples_local": {
    "10": {
      "temp": 10.6,
      "precip": 0.0,
      "wind": 14.6,
      "wind_dir_deg": 63.0
    },
    "12": {
      "temp": 11.2,
      "precip": 0.0,
      "wind": 15.2,
      "wind_dir_deg": 66.0
    },
    "14": {
      "temp": 11.7,
      "precip": 0.0,
      "wind": 13.9,
      "wind_dir_deg": 56.0
    },
    "16": {
      "temp": 10.8,
      "precip": 0.0,
      "wind": 13.2,
      "wind_dir_deg": 50.0
    }
  },
  "ride_temp_mean": 11.075,
  "ride_wind_mean": 14.225,
  "ride_wind_dir_deg": 59.079460898068646,
  "ride_rain_flag": 0.0,
  "tent_rain_flag": 1.0,
  "daily_precip_sum": 0.2,
  "daily_temp_mean": 10.387500000000001,
  "daily_wind_mean": 15.529166666666667,
  "daily_wind_dir_deg": 50.488649787782435
}