{
  "ride_temp_mean": 0.5,
  "ride_precip_sum": 0.0,
  "ride_wind_speed": 7.202352932314922,
  "ride_wind_dir": 31.682694460774428,
  "tent_precip_sum": 0.0,
  "tent_temp_mean": -0.5700000000000001
}