{
  "ride_temp_mean": 3.25,
  "ride_precip_sum": 0.1,
  "ride_wind_speed": 14.533601330949299,
  "ride_wind_dir": 321.16575316394596,
  "tent_precip_sum": 1.3,
  "tent_temp_mean": 1.77
}