{
  "ride_temp_mean": 9.05,
  "ride_precip_sum": 0.4,
  "ride_wind_speed": 24.925202214366433,
  "ride_wind_dir": 238.94285964124043,
  "tent_precip_sum": 3.1,
  "tent_temp_mean": 8.985
}