{
  "ride_temp_mean": 4.875,
  "ride_precip_sum": 0.1,
  "ride_wind_speed": 21.456007589880173,
  "ride_wind_dir": 259.82222646182663,
  "tent_precip_sum": 26.8,
  "tent_temp_mean": 5.24
}