{
  "ride_temp_mean": 7.4,
  "ride_precip_sum": 0.0,
  "ride_wind_speed": 10.379219158345387,
  "ride_wind_dir": 241.14377282982213,
  "tent_precip_sum": 0.0,
  "tent_temp_mean": 2.73
}