{
  "samples_local": {
    "10": {
      "temp": -4.2,
      "precip": 0.0,
      "wind": 10.1,
      "wind_dir_deg": 168.0
    },
    "12": {
      "temp": 0.2,
      "precip": 0.0,
      "wind": 11.0,
      "wind_dir_deg": 156.0
    },
    "14": {
      "temp": 1.3,
      "precip": 0.0,
      "wind": 12.8,
      "wind_dir_deg": 161.0
    },
    "16": {
      "temp": 2.4,
      "precip": 0.0,
      "wind": 16.2,
      "wind_dir_deg": 171.0
    }
  },
  "ride_temp_mean": -0.07500000000000005,
  "ride_wind_mean": 12.525,
  "ride_wind_dir_deg": 164.54962122557936,
  "ride_rain_flag": 0.0,
  "tent_rain_flag": 0.0,
  "daily_precip_sum": 0.0,
  "daily_temp_mean": -3.0041666666666664,
  "daily_wind_mean": 8.429166666666667,
  "daily_wind_dir_deg": 166.47667006852134
}