{
  "samples_local": {
    "10": {
      "temp": 0.9,
      "precip": 0.1,
      "wind": 8.7,
      "wind_dir_deg": 173.0
    },
    "12": {
      "temp": 1.9,
      "precip": 0.1,
      "wind": 10.1,
      "wind_dir_deg": 207.0
    },
    "14": {
      "temp": 2.6,
      "precip": 0.0,
      "wind": 10.7,
      "wind_dir_deg": 220.0
    },
    "16": {
      "temp": 2.2,
      "precip": 0.0,
      "wind": 9.4,
      "wind_dir_deg": 222.0
    }
  },
  "ride_temp_mean": 1.9000000000000001,
  "ride_wind_mean": 9.725,
  "ride_wind_dir_deg": 206.96093514999083,
  "ride_rain_flag": 0.0,
  "tent_rain_flag": 1.0,
  "daily_precip_sum": 0.5,
  "daily_temp_mean": 0.29583333333333334,
  "daily_wind_mean": 9.658333333333333,
  "daily_wind_dir_deg": 198.35832232084732
}