{
  "samples_local": {
    "10": {
      "temp": 9.3,
      "precip": 0.0,
      "wind": 0.2,
      "wind_dir_deg": 90.0
    },
    "12": {
      "temp": 10.8,
      "precip": 0.0,
      "wind": 2.8,
      "wind_dir_deg": 320.0
    },
    "14": {
      "temp": 11.3,
      "precip": 0.0,
      "wind": 3.4,
      "wind_dir_deg": 344.0
    },
    "16": {
      "temp": 10.5,
      "precip": 0.0,
      "wind": 4.0,
      "wind_dir_deg": 270.0
    }
  },
  "ride_temp_mean": 10.475000000000001,
  "ride_wind_mean": 2.6,
  "ride_wind_dir_deg": 309.62788228057065,
  "ride_rain_flag": 0.0,
  "tent_rain_flag": 0.0,
  "daily_precip_sum": 0.0,
  "daily_temp_mean": 7.5375000000000005,
  "daily_wind_mean": 3.8000000000000003,
  "daily_wind_dir_deg": 174.12607091936889
}