{
  "samples_local": {
    "10": {
      "temp": -0.3,
      "precip": 0.0,
      "wind": 14.1,
      "wind_dir_deg": 159.0
    },
    "12": {
      "temp": 2.2,
      "precip": 0.0,
      "wind": 11.4,
      "wind_dir_deg": 154.0
    },
    "14": {
      "temp": -0.7,
      "precip": 0.0,
      "wind": 11.1,
      "wind_dir_deg": 155.0
    },
    "16": {
      "temp": -1.0,
      "precip": 0.0,
      "wind": 11.3,
      "wind_dir_deg": 144.0
    }
  },
  "ride_temp_mean": 0.05000000000000006,
  "ride_wind_mean": 11.975,
  "ride_wind_dir_deg": 153.3515012879136,
  "ride_rain_flag": 0.0,
  "tent_rain_flag": 0.0,
  "daily_precip_sum": 0.0,
  "daily_temp_mean": -1.9749999999999999,
  "daily_wind_mean": 11.220833333333333,
  "daily_wind_dir_deg": 159.77364962402237
}