{
  "samples_local": {
    "10": {
      "temp": 2.6,
      "precip": 0.0,
      "wind": 9.6,
      "wind_dir_deg": 201.0
    },
    "12": {
      "temp": 5.2,
      "precip": 0.0,
      "wind": 6.6,
      "wind_dir_deg": 213.0
    },
    "14": {
      "temp": 5.3,
      "precip": 0.0,
      "wind": 5.8,
      "wind_dir_deg": 196.0
    },
    "16": {
      "temp": 3.7,
      "precip": 0.0,
      "wind": 6.1,
      "wind_dir_deg": 180.0
    }
  },
  "ride_temp_mean": 4.2,
  "ride_wind_mean": 7.0249999999999995,
  "ride_wind_dir_deg": 198.2561468764447,
  "ride_rain_flag": 0.0,
  "tent_rain_flag": 0.0,
  "daily_precip_sum": 0.1,
  "daily_temp_mean": 1.8666666666666665,
  "daily_wind_mean": 6.691666666666666,
  "daily_wind_dir_deg": 195.34831194744422
}