{
  "samples_local": {
    "10": {
      "temp": 5.8,
      "precip": 0.0,
      "wind": 12.7,
      "wind_dir_deg": 155.0
    },
    "12": {
      "temp": 6.6,
      "precip": 0.0,
      "wind": 7.9,
      "wind_dir_deg": 159.0
    },
    "14": {
      "temp": 6.8,
      "precip": 0.0,
      "wind": 7.5,
      "wind_dir_deg": 145.0
    },
    "16": {
      "temp": 5.6,
      "precip": 0.0,
      "wind": 8.9,
      "wind_dir_deg": 99.0
    }
  },
  "ride_temp_mean": 6.199999999999999,
  "ride_wind_mean": 9.25,
  "ride_wind_dir_deg": 141.1377073600636,
  "ride_rain_flag": 0.0,
  "tent_rain_flag": 0.0,
  "daily_precip_sum": 0.0,
  "daily_temp_mean": 5.504166666666666,
  "daily_wind_mean": 12.408333333333333,
  "daily_wind_dir_deg": 125.57241909851075
}