{
  "samples_local": {
    "10": {
      "temp": 4.8,
      "precip": 0.0,
      "wind": 8.7,
      "wind_dir_deg": 128.0
    },
    "12": {
      "temp": 5.7,
      "precip": 0.0,
      "wind": 8.5,
      "wind_dir_deg": 138.0
    },
    "14": {
      "temp": 5.4,
      "precip": 0.0,
      "wind": 6.6,
      "wind_dir_deg": 127.0
    },
    "16": {
      "temp": 4.8,
      "precip": 0.0,
      "wind": 6.5,
      "wind_dir_deg": 98.0
    }
  },
  "ride_temp_mean": 5.175,
  "ride_wind_mean": 7.574999999999999,
  "ride_wind_dir_deg": 124.31072379942071,
  "ride_rain_flag": 0.0,
  "tent_rain_flag": 0.0,
  "daily_precip_sum": 0.0,
  "daily_temp_mean": 4.504166666666666,
  "daily_wind_mean": 9.487499999999999,
  "daily_wind_dir_deg": 110.70698415275638
}