{
  "samples_local": {
    "10": {
      "temp": 2.7,
      "precip": 0.0,
      "wind": 5.4,
      "wind_dir_deg": 111.0
    },
    "12": {
      "temp": 3.2,
      "precip": 0.0,
      "wind": 4.5,
      "wind_dir_deg": 127.0
    },
    "14": {
      "temp": 4.5,
      "precip": 0.0,
      "wind": 4.5,
      "wind_dir_deg": 97.0
    },
    "16": {
      "temp": 4.2,
      "precip": 0.0,
      "wind": 4.7,
      "wind_dir_deg": 90.0
    }
  },
  "ride_temp_mean": 3.6500000000000004,
  "ride_wind_mean": 4.775,
  "ride_wind_dir_deg": 106.25907202028446,
  "ride_rain_flag": 0.0,
  "tent_rain_flag": 0.0,
  "daily_precip_sum": 0.0,
  "daily_temp_mean": 3.4583333333333335,
  "daily_wind_mean": 7.095833333333334,
  "daily_wind_dir_deg": 96.42598080605671
}