{
  "samples_local": {
    "10": {
      "temp": 1.6,
      "precip": 0.0,
      "wind": 8.9,
      "wind_dir_deg": 124.0
    },
    "12": {
      "temp": 2.3,
      "precip": 0.0,
      "wind": 8.0,
      "wind_dir_deg": 110.0
    },
    "14": {
      "temp": 2.0,
      "precip": 0.0,
      "wind": 6.7,
      "wind_dir_deg": 106.0
    },
    "16": {
      "temp": 1.4,
      "precip": 0.0,
      "wind": 5.8,
      "wind_dir_deg": 120.0
    }
  },
  "ride_temp_mean": 1.825,
  "ride_wind_mean": 7.35,
  "ride_wind_dir_deg": 115.299517257709,
  "ride_rain_flag": 0.0,
  "tent_rain_flag": 1.0,
  "daily_precip_sum": 0.30000000000000004,
  "daily_temp_mean": 1.1833333333333333,
  "daily_wind_mean": 7.954166666666667,
  "daily_wind_dir_deg": 111.33736603390986
}