{
  "samples_local": {
    "10": {
      "temp": 1.9,
      "precip": 0.1,
      "wind": 10.3,
      "wind_dir_deg": 119.0
    },
    "12": {
      "temp": 2.3,
      "precip": 0.1,
      "wind": 8.3,
      "wind_dir_deg": 129.0
    },
    "14": {
      "temp": 2.7,
      "precip": 0.0,
      "wind": 7.9,
      "wind_dir_deg": 123.0
    },
    "16": {
      "temp": 2.2,
      "precip": 0.0,
      "wind": 8.4,
      "wind_dir_deg": 118.0
    }
  },
  "ride_temp_mean": 2.275,
  "ride_wind_mean": 8.725000000000001,
  "ride_wind_dir_deg": 122.04012874731075,
  "ride_rain_flag": 0.0,
  "tent_rain_flag": 1.0,
  "daily_precip_sum": 1.9000000000000001,
  "daily_temp_mean": 1.6875,
  "daily_wind_mean": 9.254166666666666,
  "daily_wind_dir_deg": 113.41199348689804
}