{
  "ride_temp_mean": 1.4,
  "ride_precip_sum": 0.0,
  "ride_wind_speed": 12.000693010998802,
  "ride_wind_dir": 263.96797624123394,
  "tent_precip_sum": 9.8,
  "tent_temp_mean": 0.42000000000000004
}