{
  "ride_temp_mean": 5.6499999999999995,
  "ride_precip_sum": 0.0,
  "ride_wind_speed": 13.507279138849544,
  "ride_wind_dir": 224.73839730832378,
  "tent_precip_sum": 0.8,
  "tent_temp_mean": 4.475
}