{
  "ride_temp_mean": 4.025,
  "ride_precip_sum": 0.0,
  "ride_wind_speed": 9.53598574651424,
  "ride_wind_dir": 212.38121546020676,
  "tent_precip_sum": 0.0,
  "tent_temp_mean": -0.8899999999999999
}