{
  "samples_local": {
    "10": {
      "temp": 10.5,
      "precip": 0.0,
      "wind": 12.7,
      "wind_dir_deg": 47.0
    },
    "12": {
      "temp": 13.3,
      "precip": 0.0,
      "wind": 16.9,
      "wind_dir_deg": 56.0
    },
    "14": {
      "temp": 14.7,
      "precip": 0.0,
      "wind": 13.1,
      "wind_dir_deg": 53.0
    },
    "16": {
      "temp": 15.2,
      "precip": 0.0,
      "wind": 5.4,
      "wind_dir_deg": 110.0
    }
  },
  "ride_temp_mean": 13.425,
  "ride_wind_mean": 12.024999999999999,
  "ride_wind_dir_deg": 58.12584215780805,
  "ride_rain_flag": 0.0,
  "tent_rain_flag": 0.0,
  "daily_precip_sum": 0.2,
  "daily_temp_mean": 10.133333333333333,
  "daily_wind_mean": 11.870833333333332,
  "daily_wind_dir_deg": 47.32741938130175
}