{
  "samples_local": {
    "10": {
      "temp": 8.1,
      "precip": 0.0,
      "wind": 10.2,
      "wind_dir_deg": 39.0
    },
    "12": {
      "temp": 11.2,
      "precip": 0.0,
      "wind": 10.4,
      "wind_dir_deg": 46.0
    },
    "14": {
      "temp": 12.1,
      "precip": 0.0,
      "wind": 12.4,
      "wind_dir_deg": 54.0
    },
    "16": {
      "temp": 13.2,
      "precip": 0.0,
      "wind": 13.7,
      "wind_dir_deg": 45.0
    }
  },
  "ride_temp_mean": 11.149999999999999,
  "ride_wind_mean": 11.675,
  "ride_wind_dir_deg": 46.30012222325939,
  "ride_rain_flag": 0.0,
  "tent_rain_flag": 1.0,
  "daily_precip_sum": 0.4,
  "daily_temp_mean": 7.995833333333334,
  "daily_wind_mean": 9.633333333333333,
  "daily_wind_dir_deg": 30.95258085259144
}