{
  "samples_local": {
    "10": {
      "temp": 8.5,
      "precip": 0.0,
      "wind": 15.4,
      "wind_dir_deg": 74.0
    },
    "12": {
      "temp": 10.1,
      "precip": 0.1,
      "wind": 17.4,
      "wind_dir_deg": 77.0
    },
    "14": {
      "temp": 12.9,
      "precip": 0.0,
      "wind": 21.2,
      "wind_dir_deg": 69.0
    },
    "16": {
      "temp": 12.9,
      "precip": 0.0,
      "wind": 18.4,
      "wind_dir_deg": 73.0
    }
  },
  "ride_temp_mean": 11.1,
  "ride_wind_mean": 18.099999999999998,
  "ride_wind_dir_deg": 73.00292602626473,
  "ride_rain_flag": 0.0,
  "tent_rain_flag": 0.0,
  "daily_precip_sum": 0.4,
  "daily_temp_mean": 8.933333333333334,
  "daily_wind_mean": 14.766666666666666,
  "daily_wind_dir_deg": 62.742911154549176
}