{
  "samples_local": {
    "10": {
      "temp": 6.3,
      "precip": 0.0,
      "wind": 6.6,
      "wind_dir_deg": 13.0
    },
    "12": {
      "temp": 10.5,
      "precip": 0.0,
      "wind": 9.4,
      "wind_dir_deg": 67.0
    },
    "14": {
      "temp": 10.7,
      "precip": 0.0,
      "wind": 11.4,
      "wind_dir_deg": 77.0
    },
    "16": {
      "temp": 12.2,
      "precip": 0.0,
      "wind": 15.5,
      "wind_dir_deg": 85.0
    }
  },
  "ride_temp_mean": 9.924999999999999,
  "ride_wind_mean": 10.725,
  "ride_wind_dir_deg": 69.08643784541545,
  "ride_rain_flag": 0.0,
  "tent_rain_flag": 0.0,
  "daily_precip_sum": 0.4,
  "daily_temp_mean": 6.766666666666667,
  "daily_wind_mean": 9.891666666666667,
  "daily_wind_dir_deg": 34.496482655620866
}