{
  "samples_local": {
    "10": {
      "temp": 5.7,
      "precip": 0.0,
      "wind": 11.8,
      "wind_dir_deg": 12.0
    },
    "12": {
      "temp": 8.1,
      "precip": 0.0,
      "wind": 14.1,
      "wind_dir_deg": 32.0
    },
    "14": {
      "temp": 9.3,
      "precip": 0.0,
      "wind": 16.1,
      "wind_dir_deg": 39.0
    },
    "16": {
      "temp": 10.8,
      "precip": 0.0,
      "wind": 15.3,
      "wind_dir_deg": 41.0
    }
  },
  "ride_temp_mean": 8.475,
  "ride_wind_mean": 14.325000000000001,
  "ride_wind_dir_deg": 32.32547283689246,
  "ride_rain_flag": 0.0,
  "tent_rain_flag": 1.0,
  "daily_precip_sum": 2.9,
  "daily_temp_mean": 6.954166666666667,
  "daily_wind_mean": 12.254166666666668,
  "daily_wind_dir_deg": 14.46377220992747
}