{
  "samples_local": {
    "10": {
      "temp": 5.4,
      "precip": 0.0,
      "wind": 8.9,
      "wind_dir_deg": 27.0
    },
    "12": {
      "temp": 6.7,
      "precip": 0.0,
      "wind": 11.7,
      "wind_dir_deg": 47.0
    },
    "14": {
      "temp": 9.8,
      "precip": 0.0,
      "wind": 14.8,
      "wind_dir_deg": 64.0
    },
    "16": {
      "temp": 10.3,
      "precip": 0.0,
      "wind": 16.1,
      "wind_dir_deg": 56.0
    }
  },
  "ride_temp_mean": 8.05,
  "ride_wind_mean": 12.875,
  "ride_wind_dir_deg": 51.3378514374312,
  "ride_rain_flag": 0.0,
  "tent_rain_flag": 1.0,
  "daily_precip_sum": 3.8000000000000003,
  "daily_temp_mean": 5.054166666666666,
  "daily_wind_mean": 11.266666666666666,
  "daily_wind_dir_deg": 20.83784648709684
}