{
  "samples_local": {
    "10": {
      "temp": 5.8,
      "precip": 0.0,
      "wind": 15.5,
      "wind_dir_deg": 22.0
    },
    "12": {
      "temp": 6.7,
      "precip": 0.1,
      "wind": 18.8,
      "wind_dir_deg": 43.0
    },
    "14": {
      "temp": 8.1,
      "precip": 0.0,
      "wind": 17.9,
      "wind_dir_deg": 38.0
    },
    "16": {
      "temp": 7.7,
      "precip": 0.0,
      "wind": 12.8,
      "wind_dir_deg": 40.0
    }
  },
  "ride_temp_mean": 7.075,
  "ride_wind_mean": 16.25,
  "ride_wind_dir_deg": 36.05247115072501,
  "ride_rain_flag": 0.0,
  "tent_rain_flag": 1.0,
  "daily_precip_sum": 1.9000000000000001,
  "daily_temp_mean": 5.758333333333333,
  "daily_wind_mean": 13.591666666666667,
  "daily_wind_dir_deg": 27.10786270360751
}