{
  "samples_local": {
    "10": {
      "temp": 4.6,
      "precip": 0.5,
      "wind": 14.3,
      "wind_dir_deg": 25.0
    },
    "12": {
      "temp": 6.1,
      "precip": 0.0,
      "wind": 18.4,
      "wind_dir_deg": 35.0
    },
    "14": {
      "temp": 7.3,
      "precip": 0.0,
      "wind": 19.1,
      "wind_dir_deg": 36.0
    },
    "16": {
      "temp": 7.3,
      "precip": 0.0,
      "wind": 15.3,
      "wind_dir_deg": 39.0
    }
  },
  "ride_temp_mean": 6.324999999999999,
  "ride_wind_mean": 16.775,
  "ride_wind_dir_deg": 34.072142986595395,
  "ride_rain_flag": 1.0,
  "tent_rain_flag": 1.0,
  "daily_precip_sum": 2.7,
  "daily_temp_mean": 5.458333333333333,
  "daily_wind_mean": 15.566666666666668,
  "daily_wind_dir_deg": 23.967905158632163
}