{
  "samples_local": {
    "10": {
      "temp": 5.9,
      "precip": 0.0,
      "wind": 12.3,
      "wind_dir_deg": 5.0
    },
    "12": {
      "temp": 10.4,
      "precip": 0.0,
      "wind": 17.0,
      "wind_dir_deg": 36.0
    },
    "14": {
      "temp": 9.8,
      "precip": 0.0,
      "wind": 14.5,
      "wind_dir_deg": 27.0
    },
    "16": {
      "temp": 11.8,
      "precip": 0.0,
      "wind": 13.7,
      "wind_dir_deg": 35.0
    }
  },
  "ride_temp_mean": 9.475000000000001,
  "ride_wind_mean": 14.375,
  "ride_wind_dir_deg": 26.957631656055867,
  "ride_rain_flag": 0.0,
  "tent_rain_flag": 1.0,
  "daily_precip_sum": 0.6000000000000001,
  "daily_temp_mean": 7.008333333333333,
  "daily_wind_mean": 14.475,
  "daily_wind_dir_deg": 19.525479220735008
}