{
  "samples_local": {
    "10": {
      "temp": 5.5,
      "precip": 0.0,
      "wind": 13.4,
      "wind_dir_deg": 5.0
    },
    "12": {
      "temp": 9.1,
      "precip": 0.0,
      "wind": 16.2,
      "wind_dir_deg": 37.0
    },
    "14": {
      "temp": 9.6,
      "precip": 0.1,
      "wind": 16.1,
      "wind_dir_deg": 61.0
    },
    "16": {
      "temp": 9.9,
      "precip": 0.0,
      "wind": 14.8,
      "wind_dir_deg": 23.0
    }
  },
  "ride_temp_mean": 8.525,
  "ride_wind_mean": 15.125,
  "ride_wind_dir_deg": 32.82607797222238,
  "ride_rain_flag": 0.0,
  "tent_rain_flag": 1.0,
  "daily_precip_sum": 1.2000000000000002,
  "daily_temp_mean": 6.654166666666666,
  "daily_wind_mean": 13.804166666666667,
  "daily_wind_dir_deg": 14.569281585412966
}