{
  "ride_temp_mean": 5.2,
  "ride_precip_sum": 0.0,
  "ride_wind_speed": 19.762817187254125,
  "ride_wind_dir": 66.29684748828856,
  "tent_precip_sum": 1.1,
  "tent_temp_mean": 5.155
}