{
  "ride_temp_mean": 13.8,
  "ride_precip_sum": 0.0,
  "ride_wind_speed": 39.58240437499075,
  "ride_wind_dir": 245.67177706799703,
  "tent_precip_sum": 0.6000000000000001,
  "tent_temp_mean": 13.825
}