{
  "ride_temp_mean": 7.2,
  "ride_precip_sum": 1.6,
  "ride_wind_speed": 15.660547317696265,
  "ride_wind_dir": 271.5413767445675,
  "tent_precip_sum": 1.6,
  "tent_temp_mean": 7.44
}