{
  "samples_local": {
    "10": {
      "temp": 0.9,
      "precip": 0.0,
      "wind": 6.6,
      "wind_dir_deg": 244.0
    },
    "12": {
      "temp": 2.0,
      "precip": 0.0,
      "wind": 10.1,
      "wind_dir_deg": 205.0
    },
    "14": {
      "temp": 1.5,
      "precip": 0.0,
      "wind": 7.0,
      "wind_dir_deg": 203.0
    },
    "16": {
      "temp": 1.1,
      "precip": 0.0,
      "wind": 7.6,
      "wind_dir_deg": 208.0
    }
  },
  "ride_temp_mean": 1.375,
  "ride_wind_mean": 7.824999999999999,
  "ride_wind_dir_deg": 213.2200278410249,
  "ride_rain_flag": 0.0,
  "tent_rain_flag": 1.0,
  "daily_precip_sum": 1.0,
  "daily_temp_mean": 1.0083333333333333,
  "daily_wind_mean": 9.229166666666666,
  "daily_wind_dir_deg": 225.27696701643038
}