{
  "samples_local": {
    "10": {
      "temp": 9.6,
      "precip": 0.0,
      "wind": 10.1,
      "wind_dir_deg": 115.0
    },
    "12": {
      "temp": 10.5,
      "precip": 0.1,
      "wind": 14.3,
      "wind_dir_deg": 138.0
    },
    "14": {
      "temp": 10.6,
      "precip": 0.0,
      "wind": 15.8,
      "wind_dir_deg": 148.0
    },
    "16": {
      "temp": 10.4,
      "precip": 0.1,
      "wind": 14.4,
      "wind_dir_deg": 132.0
    }
  },
  "ride_temp_mean": 10.275,
  "ride_wind_mean": 13.65,
  "ride_wind_dir_deg": 135.10121238483237,
  "ride_rain_flag": 0.0,
  "tent_rain_flag": 1.0,
  "daily_precip_sum": 0.6000000000000001,
  "daily_temp_mean": 9.104166666666666,
  "daily_wind_mean": 11.1625,
  "daily_wind_dir_deg": 127.73607667693818
}