{
  "samples_local": {
    "10": {
      "temp": 6.2,
      "precip": 0.0,
      "wind": 7.9,
      "wind_dir_deg": 117.0
    },
    "12": {
      "temp": 7.2,
      "precip": 0.0,
      "wind": 7.4,
      "wind_dir_deg": 83.0
    },
    "14": {
      "temp": 8.4,
      "precip": 0.0,
      "wind": 12.3,
      "wind_dir_deg": 119.0
    },
    "16": {
      "temp": 8.7,
      "precip": 0.0,
      "wind": 11.7,
      "wind_dir_deg": 101.0
    }
  },
  "ride_temp_mean": 7.625,
  "ride_wind_mean": 9.825,
  "ride_wind_dir_deg": 106.54458097842877,
  "ride_rain_flag": 0.0,
  "tent_rain_flag": 0.0,
  "daily_precip_sum": 0.30000000000000004,
  "daily_temp_mean": 6.916666666666667,
  "daily_wind_mean": 8.887500000000001,
  "daily_wind_dir_deg": 127.41249571957388
}