{
  "samples_local": {
    "10": {
      "temp": 6.4,
      "precip": 0.1,
      "wind": 13.6,
      "wind_dir_deg": 148.0
    },
    "12": {
      "temp": 7.4,
      "precip": 0.0,
      "wind": 16.8,
      "wind_dir_deg": 162.0
    },
    "14": {
      "temp": 7.7,
      "precip": 0.0,
      "wind": 15.1,
      "wind_dir_deg": 179.0
    },
    "16": {
      "temp": 6.2,
      "precip": 0.0,
      "wind": 6.5,
      "wind_dir_deg": 161.0
    }
  },
  "ride_temp_mean": 6.925000000000001,
  "ride_wind_mean": 13.0,
  "ride_wind_dir_deg": 163.1373629568319,
  "ride_rain_flag": 0.0,
  "tent_rain_flag": 0.0,
  "daily_precip_sum": 0.30000000000000004,
  "daily_temp_mean": 4.466666666666667,
  "daily_wind_mean": 9.012500000000001,
  "daily_wind_dir_deg": 137.55486072119885
}