{
  "samples_local": {
    "10": {
      "temp": 2.2,
      "precip": 0.0,
      "wind": 8.1,
      "wind_dir_deg": 184.0
    },
    "12": {
      "temp": 3.3,
      "precip": 0.0,
      "wind": 9.4,
      "wind_dir_deg": 163.0
    },
    "14": {
      "temp": 2.7,
      "precip": 0.1,
      "wind": 8.2,
      "wind_dir_deg": 139.0
    },
    "16": {
      "temp": 2.9,
      "precip": 0.1,
      "wind": 10.7,
      "wind_dir_deg": 167.0
    }
  },
  "ride_temp_mean": 2.775,
  "ride_wind_mean": 9.1,
  "ride_wind_dir_deg": 163.51204544126836,
  "ride_rain_flag": 0.0,
  "tent_rain_flag": 0.0,
  "daily_precip_sum": 0.30000000000000004,
  "daily_temp_mean": 1.9208333333333334,
  "daily_wind_mean": 8.429166666666667,
  "daily_wind_dir_deg": 195.90105156817526
}