{
  "samples_local": {
    "10": {
      "temp": 11.1,
      "precip": 0.0,
      "wind": 16.9,
      "wind_dir_deg": 149.0
    },
    "12": {
      "temp": 11.6,
      "precip": 0.0,
      "wind": 19.0,
      "wind_dir_deg": 149.0
    },
    "14": {
      "temp": 11.9,
      "precip": 0.0,
      "wind": 19.4,
      "wind_dir_deg": 143.0
    },
    "16": {
      "temp": 11.6,
      "precip": 0.0,
      "wind": 19.5,
      "wind_dir_deg": 138.0
    }
  },
  "ride_temp_mean": 11.55,
  "ride_wind_mean": 18.7,
  "ride_wind_dir_deg": 144.57791306306245,
  "ride_rain_flag": 0.0,
  "tent_rain_flag": 1.0,
  "daily_precip_sum": 0.5,
  "daily_temp_mean": 10.729166666666666,
  "daily_wind_mean": 15.145833333333334,
  "daily_wind_dir_deg": 135.281766053948
}