{
  "samples_local": {
    "10": {
      "temp": 8.1,
      "precip": 0.0,
      "wind": 9.9,
      "wind_dir_deg": 61.0
    },
    "12": {
      "temp": 9.9,
      "precip": 0.1,
      "wind": 14.1,
      "wind_dir_deg": 125.0
    },
    "14": {
      "temp": 9.6,
      "precip": 0.1,
      "wind": 10.7,
      "wind_dir_deg": 102.0
    },
    "16": {
      "temp": 9.9,
      "precip": 0.0,
      "wind": 10.6,
      "wind_dir_deg": 92.0
    }
  },
  "ride_temp_mean": 9.375,
  "ride_wind_mean": 11.325,
  "ride_wind_dir_deg": 98.11228061036763,
  "ride_rain_flag": 0.0,
  "tent_rain_flag": 0.0,
  "daily_precip_sum": 0.30000000000000004,
  "daily_temp_mean": 8.174999999999999,
  "daily_wind_mean": 10.829166666666666,
  "daily_wind_dir_deg": 101.18135591282265
}