{
  "samples_local": {
    "10": {
      "temp": 5.7,
      "precip": 0.0,
      "wind": 10.5,
      "wind_dir_deg": 156.0
    },
    "12": {
      "temp": 7.1,
      "precip": 0.0,
      "wind": 10.9,
      "wind_dir_deg": 164.0
    },
    "14": {
      "temp": 7.7,
      "precip": 0.0,
      "wind": 9.8,
      "wind_dir_deg": 172.0
    },
    "16": {
      "temp": 5.4,
      "precip": 0.0,
      "wind": 5.0,
      "wind_dir_deg": 154.0
    }
  },
  "ride_temp_mean": 6.475,
  "ride_wind_mean": 9.05,
  "ride_wind_dir_deg": 162.4603267302873,
  "ride_rain_flag": 0.0,
  "tent_rain_flag": 0.0,
  "daily_precip_sum": 0.30000000000000004,
  "daily_temp_mean": 4.279166666666667,
  "daily_wind_mean": 7.545833333333333,
  "daily_wind_dir_deg": 126.37777823827969
}