{
  "samples_local": {
    "10": {
      "temp": 4.5,
      "precip": 0.0,
      "wind": 11.0,
      "wind_dir_deg": 215.0
    },
    "12": {
      "temp": 5.9,
      "precip": 0.0,
      "wind": 11.7,
      "wind_dir_deg": 218.0
    },
    "14": {
      "temp": 5.5,
      "precip": 0.0,
      "wind": 5.6,
      "wind_dir_deg": 180.0
    },
    "16": {
      "temp": 5.8,
      "precip": 0.0,
      "wind": 10.7,
      "wind_dir_deg": 174.0
    }
  },
  "ride_temp_mean": 5.425,
  "ride_wind_mean": 9.75,
  "ride_wind_dir_deg": 199.7757479558627,
  "ride_rain_flag": 0.0,
  "tent_rain_flag": 0.0,
  "daily_precip_sum": 0.30000000000000004,
  "daily_temp_mean": 4.691666666666666,
  "daily_wind_mean": 10.816666666666668,
  "daily_wind_dir_deg": 202.88475991741382
}