{
  "samples_local": {
    "10": {
      "temp": 5.6,
      "precip": 0.0,
      "wind": 5.2,
      "wind_dir_deg": 176.0
    },
    "12": {
      "temp": 7.0,
      "precip": 0.0,
      "wind": 8.8,
      "wind_dir_deg": 179.0
    },
    "14": {
      "temp": 6.9,
      "precip": 0.2,
      "wind": 8.1,
      "wind_dir_deg": 156.0
    },
    "16": {
      "temp": 6.6,
      "precip": 0.1,
      "wind": 8.1,
      "wind_dir_deg": 141.0
    }
  },
  "ride_temp_mean": 6.525,
  "ride_wind_mean": 7.55,
  "ride_wind_dir_deg": 162.16039564512607,
  "ride_rain_flag": 1.0,
  "tent_rain_flag": 1.0,
  "daily_precip_sum": 2.8000000000000003,
  "daily_temp_mean": 4.820833333333334,
  "daily_wind_mean": 5.654166666666666,
  "daily_wind_dir_deg": 170.12475172593997
}