{
  "samples_local": {
    "10": {
      "temp": 5.1,
      "precip": 0.1,
      "wind": 5.3,
      "wind_dir_deg": 100.0
    },
    "12": {
      "temp": 5.9,
      "precip": 0.1,
      "wind": 6.1,
      "wind_dir_deg": 71.0
    },
    "14": {
      "temp": 6.6,
      "precip": 0.1,
      "wind": 8.0,
      "wind_dir_deg": 62.0
    },
    "16": {
      "temp": 6.9,
      "precip": 0.0,
      "wind": 8.7,
      "wind_dir_deg": 37.0
    }
  },
  "ride_temp_mean": 6.125,
  "ride_wind_mean": 7.0249999999999995,
  "ride_wind_dir_deg": 63.18693375869458,
  "ride_rain_flag": 0.0,
  "tent_rain_flag": 1.0,
  "daily_precip_sum": 1.3,
  "daily_temp_mean": 5.933333333333334,
  "daily_wind_mean": 8.545833333333333,
  "daily_wind_dir_deg": 84.44968652666483
}