{
  "ride_temp_mean": 1.625,
  "ride_precip_sum": 0.1,
  "ride_wind_speed": 7.619551268287966,
  "ride_wind_dir": 20.57597001194381,
  "tent_precip_sum": 0.8,
  "tent_temp_mean": 0.6799999999999999
}