{
  "ride_temp_mean": 1.325,
  "ride_precip_sum": 0.0,
  "ride_wind_speed": 23.703252018764548,
  "ride_wind_dir": 267.5947302258564,
  "tent_precip_sum": 1.1,
  "tent_temp_mean": 2.255
}