{
  "ride_temp_mean": 8.075,
  "ride_precip_sum": 4.2,
  "ride_wind_speed": 30.54932355384596,
  "ride_wind_dir": 236.3417739227756,
  "tent_precip_sum": 15.7,
  "tent_temp_mean": 7.375
}