{
  "ride_temp_mean": 3.025,
  "ride_precip_sum": 0.0,
  "ride_wind_speed": 20.395898085948076,
  "ride_wind_dir": 228.10301905754227,
  "tent_precip_sum": 0.0,
  "tent_temp_mean": 1.8850000000000002
}