{
  "samples_local": {
    "10": {
      "temp": 28.5,
      "precip": 0.0,
      "wind": 3.8,
      "wind_dir_deg": 343.0
    },
    "12": {
      "temp": 30.8,
      "precip": 0.0,
      "wind": 4.0,
      "wind_dir_deg": 330.0
    },
    "14": {
      "temp": 32.2,
      "precip": 0.0,
      "wind": 3.8,
      "wind_dir_deg": 245.0
    },
    "16": {
      "temp": 32.1,
      "precip": 0.0,
      "wind": 7.1,
      "wind_dir_deg": 227.0
    }
  },
  "ride_temp_mean": 30.900000000000002,
  "ride_wind_mean": 4.675,
  "ride_wind_dir_deg": 273.1665942915786,
  "ride_rain_flag": 0.0,
  "tent_rain_flag": 0.0,
  "daily_precip_sum": 0.0,
  "daily_temp_mean": 24.708333333333332,
  "daily_wind_mean": 4.354166666666667,
  "daily_wind_dir_deg": 276.19910138373984
}