{
  "samples_local": {
    "10": {
      "temp": 30.2,
      "precip": 0.0,
      "wind": 9.6,
      "wind_dir_deg": 317.0
    },
    "12": {
      "temp": 31.7,
      "precip": 0.0,
      "wind": 8.7,
      "wind_dir_deg": 323.0
    },
    "14": {
      "temp": 33.0,
      "precip": 0.0,
      "wind": 5.7,
      "wind_dir_deg": 351.0
    },
    "16": {
      "temp": 33.0,
      "precip": 0.0,
      "wind": 6.1,
      "wind_dir_deg": 24.0
    }
  },
  "ride_temp_mean": 31.975,
  "ride_wind_mean": 7.5249999999999995,
  "ride_wind_dir_deg": 337.95387136260223,
  "ride_rain_flag": 0.0,
  "tent_rain_flag": 0.0,
  "daily_precip_sum": 0.0,
  "daily_temp_mean": 27.708333333333332,
  "daily_wind_mean": 7.158333333333334,
  "daily_wind_dir_deg": 31.724438856067536
}