{
  "samples_local": {
    "10": {
      "temp": 26.7,
      "precip": 0.0,
      "wind": 2.5,
      "wind_dir_deg": 339.0
    },
    "12": {
      "temp": 26.6,
      "precip": 0.1,
      "wind": 11.1,
      "wind_dir_deg": 37.0
    },
    "14": {
      "temp": 27.7,
      "precip": 0.0,
      "wind": 14.7,
      "wind_dir_deg": 36.0
    },
    "16": {
      "temp": 27.8,
      "precip": 0.0,
      "wind": 1.3,
      "wind_dir_deg": 34.0
    }
  },
  "ride_temp_mean": 27.2,
  "ride_wind_mean": 7.3999999999999995,
  "ride_wind_dir_deg": 32.08361554334374,
  "ride_rain_flag": 0.0,
  "tent_rain_flag": 1.0,
  "daily_precip_sum": 1.8,
  "daily_temp_mean": 23.379166666666666,
  "daily_wind_mean": 13.104166666666666,
  "daily_wind_dir_deg": 26.30658856456165
}