{
  "samples_local": {
    "10": {
      "temp": 28.6,
      "precip": 0.0,
      "wind": 10.9,
      "wind_dir_deg": 33.0
    },
    "12": {
      "temp": 30.3,
      "precip": 0.0,
      "wind": 8.9,
      "wind_dir_deg": 32.0
    },
    "14": {
      "temp": 31.6,
      "precip": 0.0,
      "wind": 8.5,
      "wind_dir_deg": 7.0
    },
    "16": {
      "temp": 31.6,
      "precip": 0.0,
      "wind": 7.2,
      "wind_dir_deg": 0.0
    }
  },
  "ride_temp_mean": 30.525000000000002,
  "ride_wind_mean": 8.875,
  "ride_wind_dir_deg": 19.879574220496465,
  "ride_rain_flag": 0.0,
  "tent_rain_flag": 0.0,
  "daily_precip_sum": 0.0,
  "daily_temp_mean": 25.583333333333332,
  "daily_wind_mean": 7.754166666666666,
  "daily_wind_dir_deg": 357.4231640403886
}