{
  "samples_local": {
    "10": {
      "temp": 29.5,
      "precip": 0.0,
      "wind": 4.3,
      "wind_dir_deg": 358.0
    },
    "12": {
      "temp": 32.5,
      "precip": 0.0,
      "wind": 7.7,
      "wind_dir_deg": 1.0
    },
    "14": {
      "temp": 32.3,
      "precip": 0.0,
      "wind": 9.2,
      "wind_dir_deg": 340.0
    },
    "16": {
      "temp": 26.9,
      "precip": 0.5,
      "wind": 33.0,
      "wind_dir_deg": 110.0
    }
  },
  "ride_temp_mean": 30.299999999999997,
  "ride_wind_mean": 13.55,
  "ride_wind_dir_deg": 71.43148589425601,
  "ride_rain_flag": 1.0,
  "tent_rain_flag": 0.0,
  "daily_precip_sum": 0.5,
  "daily_temp_mean": 25.583333333333332,
  "daily_wind_mean": 11.637500000000001,
  "daily_wind_dir_deg": 80.31418228280364
}