{
  "samples_local": {
    "10": {
      "temp": 31.4,
      "precip": 0.0,
      "wind": 10.9,
      "wind_dir_deg": 31.0
    },
    "12": {
      "temp": 31.9,
      "precip": 0.0,
      "wind": 8.5,
      "wind_dir_deg": 94.0
    },
    "14": {
      "temp": 33.5,
      "precip": 0.0,
      "wind": 3.4,
      "wind_dir_deg": 96.0
    },
    "16": {
      "temp": 34.2,
      "precip": 0.0,
      "wind": 9.4,
      "wind_dir_deg": 48.0
    }
  },
  "ride_temp_mean": 32.75,
  "ride_wind_mean": 8.05,
  "ride_wind_dir_deg": 59.02154135580332,
  "ride_rain_flag": 0.0,
  "tent_rain_flag": 1.0,
  "daily_precip_sum": 10.200000000000001,
  "daily_temp_mean": 26.224999999999998,
  "daily_wind_mean": 9.916666666666666,
  "daily_wind_dir_deg": 32.17139766723278
}