{
  "ride_temp_mean": 2.225,
  "ride_precip_sum": 0.8,
  "ride_wind_speed": 8.806435674813807,
  "ride_wind_dir": 348.61944809607047,
  "tent_precip_sum": 2.5,
  "tent_temp_mean": 1.825
}