{
  "ride_temp_mean": 3.075,
  "ride_precip_sum": 0.0,
  "ride_wind_speed": 18.431174490302507,
  "ride_wind_dir": 249.05172171266662,
  "tent_precip_sum": 1.8,
  "tent_temp_mean": 4.275
}