{
  "ride_temp_mean": 9.05,
  "ride_precip_sum": 0.7,
  "ride_wind_speed": 23.407835984549536,
  "ride_wind_dir": 214.3419106894725,
  "tent_precip_sum": 3.8000000000000003,
  "tent_temp_mean": 7.62
}