{
  "samples_local": {
    "10": {
      "temp": 25.5,
      "precip": 0.0,
      "wind": 10.9,
      "wind_dir_deg": 81.0
    },
    "12": {
      "temp": 28.0,
      "precip": 0.0,
      "wind": 8.4,
      "wind_dir_deg": 80.0
    },
    "14": {
      "temp": 28.5,
      "precip": 0.0,
      "wind": 5.2,
      "wind_dir_deg": 164.0
    },
    "16": {
      "temp": 28.5,
      "precip": 0.0,
      "wind": 2.2,
      "wind_dir_deg": 171.0
    }
  },
  "ride_temp_mean": 27.625,
  "ride_wind_mean": 6.675000000000001,
  "ride_wind_dir_deg": 100.89795861854941,
  "ride_rain_flag": 0.0,
  "tent_rain_flag": 1.0,
  "daily_precip_sum": 4.7,
  "daily_temp_mean": 22.53333333333333,
  "daily_wind_mean": 6.816666666666666,
  "daily_wind_dir_deg": 70.92001830961067
}