{
  "samples_local": {
    "10": {
      "temp": 21.8,
      "precip": 0.0,
      "wind": 13.2,
      "wind_dir_deg": 22.0
    },
    "12": {
      "temp": 23.6,
      "precip": 0.0,
      "wind": 16.8,
      "wind_dir_deg": 35.0
    },
    "14": {
      "temp": 23.6,
      "precip": 0.0,
      "wind": 14.5,
      "wind_dir_deg": 55.0
    },
    "16": {
      "temp": 21.5,
      "precip": 0.2,
      "wind": 18.8,
      "wind_dir_deg": 73.0
    }
  },
  "ride_temp_mean": 22.625,
  "ride_wind_mean": 15.825,
  "ride_wind_dir_deg": 48.140830656107255,
  "ride_rain_flag": 1.0,
  "tent_rain_flag": 1.0,
  "daily_precip_sum": 0.7000000000000001,
  "daily_temp_mean": 20.320833333333333,
  "daily_wind_mean": 11.466666666666667,
  "daily_wind_dir_deg": 54.65824702330042
}