{
  "samples_local": {
    "10": {
      "temp": 25.0,
      "precip": 0.2,
      "wind": 7.6,
      "wind_dir_deg": 357.0
    },
    "12": {
      "temp": 23.9,
      "precip": 0.8,
      "wind": 6.3,
      "wind_dir_deg": 66.0
    },
    "14": {
      "temp": 27.0,
      "precip": 0.0,
      "wind": 2.3,
      "wind_dir_deg": 141.0
    },
    "16": {
      "temp": 27.1,
      "precip": 0.1,
      "wind": 6.6,
      "wind_dir_deg": 189.0
    }
  },
  "ride_temp_mean": 25.75,
  "ride_wind_mean": 5.699999999999999,
  "ride_wind_dir_deg": 72.2676664650441,
  "ride_rain_flag": 1.0,
  "tent_rain_flag": 1.0,
  "daily_precip_sum": 2.2,
  "daily_temp_mean": 23.129166666666666,
  "daily_wind_mean": 6.454166666666667,
  "daily_wind_dir_deg": 242.8173766174457
}