{
  "samples_local": {
    "10": {
      "temp": 22.1,
      "precip": 4.4,
      "wind": 8.4,
      "wind_dir_deg": 211.0
    },
    "12": {
      "temp": 25.8,
      "precip": 0.0,
      "wind": 2.3,
      "wind_dir_deg": 252.0
    },
    "14": {
      "temp": 26.1,
      "precip": 0.0,
      "wind": 7.4,
      "wind_dir_deg": 133.0
    },
    "16": {
      "temp": 26.1,
      "precip": 0.0,
      "wind": 7.9,
      "wind_dir_deg": 137.0
    }
  },
  "ride_temp_mean": 25.025000000000002,
  "ride_wind_mean": 6.5,
  "ride_wind_dir_deg": 167.114328617228,
  "ride_rain_flag": 1.0,
  "tent_rain_flag": 1.0,
  "daily_precip_sum": 7.5,
  "daily_temp_mean": 22.837500000000002,
  "daily_wind_mean": 6.866666666666667,
  "daily_wind_dir_deg": 188.5369424604913
}