{
  "samples_local": {
    "10": {
      "temp": 26.7,
      "precip": 0.0,
      "wind": 17.4,
      "wind_dir_deg": 292.0
    },
    "12": {
      "temp": 30.4,
      "precip": 0.0,
      "wind": 18.6,
      "wind_dir_deg": 288.0
    },
    "14": {
      "temp": 32.8,
      "precip": 0.0,
      "wind": 18.6,
      "wind_dir_deg": 302.0
    },
    "16": {
      "temp": 32.5,
      "precip": 0.0,
      "wind": 16.1,
      "wind_dir_deg": 312.0
    }
  },
  "ride_temp_mean": 30.599999999999998,
  "ride_wind_mean": 17.675,
  "ride_wind_dir_deg": 298.11800987831356,
  "ride_rain_flag": 0.0,
  "tent_rain_flag": 1.0,
  "daily_precip_sum": 1.6,
  "daily_temp_mean": 25.483333333333334,
  "daily_wind_mean": 16.900000000000002,
  "daily_wind_dir_deg": 301.9322375371289
}