{
  "ride_temp_mean": 7.225,
  "ride_precip_sum": 0.0,
  "ride_wind_speed": 5.234741927441192,
  "ride_wind_dir": 222.33820208918448,
  "tent_precip_sum": 0.0,
  "tent_temp_mean": 3.2700000000000005
}