{
  "samples_local": {
    "10": {
      "temp": 17.0,
      "precip": 0.0,
      "wind": 11.1,
      "wind_dir_deg": 130.0
    },
    "12": {
      "temp": 18.4,
      "precip": 0.0,
      "wind": 11.0,
      "wind_dir_deg": 124.0
    },
    "14": {
      "temp": 19.3,
      "precip": 0.0,
      "wind": 8.7,
      "wind_dir_deg": 95.0
    },
    "16": {
      "temp": 20.0,
      "precip": 0.0,
      "wind": 9.5,
      "wind_dir_deg": 115.0
    }
  },
  "ride_temp_mean": 18.675,
  "ride_wind_mean": 10.075,
  "ride_wind_dir_deg": 117.3600010725728,
  "ride_rain_flag": 0.0,
  "tent_rain_flag": 0.0,
  "daily_precip_sum": 0.0,
  "daily_temp_mean": 15.595833333333333,
  "daily_wind_mean": 7.583333333333333,
  "daily_wind_dir_deg": 104.47901915250691
}