{
  "samples_local": {
    "10": {
      "temp": 17.8,
      "precip": 0.0,
      "wind": 11.7,
      "wind_dir_deg": 113.0
    },
    "12": {
      "temp": 19.0,
      "precip": 0.0,
      "wind": 12.2,
      "wind_dir_deg": 117.0
    },
    "14": {
      "temp": 19.9,
      "precip": 0.0,
      "wind": 11.5,
      "wind_dir_deg": 112.0
    },
    "16": {
      "temp": 20.5,
      "precip": 0.0,
      "wind": 10.5,
      "wind_dir_deg": 114.0
    }
  },
  "ride_temp_mean": 19.3,
  "ride_wind_mean": 11.475,
  "ride_wind_dir_deg": 114.04116760455906,
  "ride_rain_flag": 0.0,
  "tent_rain_flag": 0.0,
  "daily_precip_sum": 0.0,
  "daily_temp_mean": 16.345833333333335,
  "daily_wind_mean": 11.108333333333334,
  "daily_wind_dir_deg": 116.08344819659385
}