{
  "samples_local": {
    "10": {
      "temp": 12.6,
      "precip": 0.0,
      "wind": 9.8,
      "wind_dir_deg": 110.0
    },
    "12": {
      "temp": 14.1,
      "precip": 0.0,
      "wind": 10.2,
      "wind_dir_deg": 107.0
    },
    "14": {
      "temp": 15.1,
      "precip": 0.0,
      "wind": 9.6,
      "wind_dir_deg": 113.0
    },
    "16": {
      "temp": 14.4,
      "precip": 0.0,
      "wind": 10.6,
      "wind_dir_deg": 120.0
    }
  },
  "ride_temp_mean": 14.05,
  "ride_wind_mean": 10.05,
  "ride_wind_dir_deg": 112.58905740640489,
  "ride_rain_flag": 0.0,
  "tent_rain_flag": 0.0,
  "daily_precip_sum": 0.0,
  "daily_temp_mean": 11.091666666666667,
  "daily_wind_mean": 6.466666666666666,
  "daily_wind_dir_deg": 111.51058135900405
}