{
  "samples_local": {
    "10": {
      "temp": 16.7,
      "precip": 0.0,
      "wind": 18.4,
      "wind_dir_deg": 115.0
    },
    "12": {
      "temp": 18.3,
      "precip": 0.1,
      "wind": 17.8,
      "wind_dir_deg": 121.0
    },
    "14": {
      "temp": 15.8,
      "precip": 0.3,
      "wind": 18.0,
      "wind_dir_deg": 121.0
    },
    "16": {
      "temp": 17.1,
      "precip": 0.0,
      "wind": 18.3,
      "wind_dir_deg": 123.0
    }
  },
  "ride_temp_mean": 16.975,
  "ride_wind_mean": 18.125,
  "ride_wind_dir_deg": 119.9832847662314,
  "ride_rain_flag": 1.0,
  "tent_rain_flag": 1.0,
  "daily_precip_sum": 1.0,
  "daily_temp_mean": 14.270833333333334,
  "daily_wind_mean": 15.141666666666666,
  "daily_wind_dir_deg": 113.25673468075615
}