{
  "samples_local": {
    "10": {
      "temp": 14.9,
      "precip": 0.0,
      "wind": 12.3,
      "wind_dir_deg": 128.0
    },
    "12": {
      "temp": 15.6,
      "precip": 0.1,
      "wind": 12.1,
      "wind_dir_deg": 117.0
    },
    "14": {
      "temp": 17.1,
      "precip": 0.1,
      "wind": 10.9,
      "wind_dir_deg": 123.0
    },
    "16": {
      "temp": 17.8,
      "precip": 0.0,
      "wind": 12.1,
      "wind_dir_deg": 123.0
    }
  },
  "ride_temp_mean": 16.35,
  "ride_wind_mean": 11.85,
  "ride_wind_dir_deg": 122.76641847057641,
  "ride_rain_flag": 0.0,
  "tent_rain_flag": 0.0,
  "daily_precip_sum": 0.5,
  "daily_temp_mean": 13.341666666666667,
  "daily_wind_mean": 9.383333333333333,
  "daily_wind_dir_deg": 128.33041769954866
}