{
  "samples_local": {
    "10": {
      "temp": 17.8,
      "precip": 0.0,
      "wind": 21.1,
      "wind_dir_deg": 129.0
    },
    "12": {
      "temp": 18.5,
      "precip": 0.0,
      "wind": 22.5,
      "wind_dir_deg": 118.0
    },
    "14": {
      "temp": 17.9,
      "precip": 0.0,
      "wind": 21.6,
      "wind_dir_deg": 108.0
    },
    "16": {
      "temp": 17.6,
      "precip": 0.0,
      "wind": 22.4,
      "wind_dir_deg": 117.0
    }
  },
  "ride_temp_mean": 17.95,
  "ride_wind_mean": 21.9,
  "ride_wind_dir_deg": 117.92372192910409,
  "ride_rain_flag": 0.0,
  "tent_rain_flag": 0.0,
  "daily_precip_sum": 0.0,
  "daily_temp_mean": 16.370833333333334,
  "daily_wind_mean": 17.166666666666668,
  "daily_wind_dir_deg": 132.37059698158373
}