{
  "samples_local": {
    "10": {
      "temp": 18.0,
      "precip": 0.3,
      "wind": 22.6,
      "wind_dir_deg": 143.0
    },
    "12": {
      "temp": 19.8,
      "precip": 0.0,
      "wind": 22.8,
      "wind_dir_deg": 147.0
    },
    "14": {
      "temp": 20.0,
      "precip": 0.2,
      "wind": 21.1,
      "wind_dir_deg": 136.0
    },
    "16": {
      "temp": 20.0,
      "precip": 0.1,
      "wind": 19.6,
      "wind_dir_deg": 134.0
    }
  },
  "ride_temp_mean": 19.45,
  "ride_wind_mean": 21.525000000000002,
  "ride_wind_dir_deg": 140.29455716529822,
  "ride_rain_flag": 1.0,
  "tent_rain_flag": 0.0,
  "daily_precip_sum": 1.0,
  "daily_temp_mean": 16.55,
  "daily_wind_mean": 15.658333333333333,
  "daily_wind_dir_deg": 126.7290569996618
}