{
  "samples_local": {
    "10": {
      "temp": 17.9,
      "precip": 0.1,
      "wind": 8.6,
      "wind_dir_deg": 106.0
    },
    "12": {
      "temp": 18.5,
      "precip": 0.0,
      "wind": 9.1,
      "wind_dir_deg": 107.0
    },
    "14": {
      "temp": 20.5,
      "precip": 0.0,
      "wind": 8.7,
      "wind_dir_deg": 124.0
    },
    "16": {
      "temp": 21.6,
      "precip": 0.0,
      "wind": 10.7,
      "wind_dir_deg": 143.0
    }
  },
  "ride_temp_mean": 19.625,
  "ride_wind_mean": 9.274999999999999,
  "ride_wind_dir_deg": 121.05815287150938,
  "ride_rain_flag": 0.0,
  "tent_rain_flag": 0.0,
  "daily_precip_sum": 0.30000000000000004,
  "daily_temp_mean": 16.7375,
  "daily_wind_mean": 9.475,
  "daily_wind_dir_deg": 108.56941165643605
}