{
  "samples_local": {
    "10": {
      "temp": 17.9,
      "precip": 0.0,
      "wind": 18.0,
      "wind_dir_deg": 133.0
    },
    "12": {
      "temp": 19.5,
      "precip": 0.0,
      "wind": 21.2,
      "wind_dir_deg": 145.0
    },
    "14": {
      "temp": 20.3,
      "precip": 0.1,
      "wind": 20.4,
      "wind_dir_deg": 146.0
    },
    "16": {
      "temp": 21.0,
      "precip": 0.0,
      "wind": 18.8,
      "wind_dir_deg": 141.0
    }
  },
  "ride_temp_mean": 19.675,
  "ride_wind_mean": 19.6,
  "ride_wind_dir_deg": 141.55147602206023,
  "ride_rain_flag": 0.0,
  "tent_rain_flag": 0.0,
  "daily_precip_sum": 0.1,
  "daily_temp_mean": 16.920833333333334,
  "daily_wind_mean": 15.950000000000001,
  "daily_wind_dir_deg": 128.87436974255786
}