{
  "samples_local": {
    "10": {
      "temp": 18.5,
      "precip": 0.1,
      "wind": 21.4,
      "wind_dir_deg": 136.0
    },
    "12": {
      "temp": 19.2,
      "precip": 0.2,
      "wind": 22.1,
      "wind_dir_deg": 126.0
    },
    "14": {
      "temp": 19.5,
      "precip": 0.0,
      "wind": 20.4,
      "wind_dir_deg": 119.0
    },
    "16": {
      "temp": 19.1,
      "precip": 0.0,
      "wind": 19.3,
      "wind_dir_deg": 119.0
    }
  },
  "ride_temp_mean": 19.075,
  "ride_wind_mean": 20.8,
  "ride_wind_dir_deg": 125.22147198983714,
  "ride_rain_flag": 1.0,
  "tent_rain_flag": 1.0,
  "daily_precip_sum": 0.7000000000000001,
  "daily_temp_mean": 16.170833333333334,
  "daily_wind_mean": 15.816666666666668,
  "daily_wind_dir_deg": 125.70213704591288
}