{
  "samples_local": {
    "10": {
      "temp": 18.8,
      "precip": 0.1,
      "wind": 20.1,
      "wind_dir_deg": 137.0
    },
    "12": {
      "temp": 19.6,
      "precip": 0.0,
      "wind": 24.0,
      "wind_dir_deg": 148.0
    },
    "14": {
      "temp": 20.0,
      "precip": 0.0,
      "wind": 15.8,
      "wind_dir_deg": 139.0
    },
    "16": {
      "temp": 22.2,
      "precip": 0.0,
      "wind": 22.6,
      "wind_dir_deg": 148.0
    }
  },
  "ride_temp_mean": 20.15,
  "ride_wind_mean": 20.625,
  "ride_wind_dir_deg": 143.59841522683467,
  "ride_rain_flag": 0.0,
  "tent_rain_flag": 0.0,
  "daily_precip_sum": 0.30000000000000004,
  "daily_temp_mean": 17.579166666666666,
  "daily_wind_mean": 16.504166666666666,
  "daily_wind_dir_deg": 131.6149163581315
}