{
  "samples_local": {
    "10": {
      "temp": 17.5,
      "precip": 0.1,
      "wind": 18.2,
      "wind_dir_deg": 116.0
    },
    "12": {
      "temp": 17.6,
      "precip": 0.2,
      "wind": 18.5,
      "wind_dir_deg": 119.0
    },
    "14": {
      "temp": 17.9,
      "precip": 0.0,
      "wind": 18.9,
      "wind_dir_deg": 105.0
    },
    "16": {
      "temp": 17.4,
      "precip": 0.0,
      "wind": 18.7,
      "wind_dir_deg": 118.0
    }
  },
  "ride_temp_mean": 17.6,
  "ride_wind_mean": 18.575,
  "ride_wind_dir_deg": 114.46135089371342,
  "ride_rain_flag": 1.0,
  "tent_rain_flag": 0.0,
  "daily_precip_sum": 0.6000000000000001,
  "daily_temp_mean": 16.45,
  "daily_wind_mean": 15.866666666666667,
  "daily_wind_dir_deg": 126.31261630089733
}