{
  "samples_local": {
    "10": {
      "temp": 20.5,
      "precip": 0.1,
      "wind": 16.2,
      "wind_dir_deg": 143.0
    },
    "12": {
      "temp": 19.9,
      "precip": 0.2,
      "wind": 18.3,
      "wind_dir_deg": 125.0
    },
    "14": {
      "temp": 21.8,
      "precip": 0.1,
      "wind": 18.7,
      "wind_dir_deg": 123.0
    },
    "16": {
      "temp": 20.1,
      "precip": 0.1,
      "wind": 20.0,
      "wind_dir_deg": 145.0
    }
  },
  "ride_temp_mean": 20.575,
  "ride_wind_mean": 18.3,
  "ride_wind_dir_deg": 133.9360285086026,
  "ride_rain_flag": 1.0,
  "tent_rain_flag": 1.0,
  "daily_precip_sum": 1.2000000000000002,
  "daily_temp_mean": 17.754166666666666,
  "daily_wind_mean": 15.341666666666667,
  "daily_wind_dir_deg": 124.12129972218275
}