{
  "samples_local": {
    "10": {
      "temp": 16.7,
      "precip": 0.2,
      "wind": 14.5,
      "wind_dir_deg": 132.0
    },
    "12": {
      "temp": 20.2,
      "precip": 0.0,
      "wind": 20.5,
      "wind_dir_deg": 135.0
    },
    "14": {
      "temp": 20.4,
      "precip": 0.0,
      "wind": 21.5,
      "wind_dir_deg": 136.0
    },
    "16": {
      "temp": 20.2,
      "precip": 0.0,
      "wind": 19.9,
      "wind_dir_deg": 143.0
    }
  },
  "ride_temp_mean": 19.375,
  "ride_wind_mean": 19.1,
  "ride_wind_dir_deg": 136.79379914903734,
  "ride_rain_flag": 1.0,
  "tent_rain_flag": 1.0,
  "daily_precip_sum": 1.5,
  "daily_temp_mean": 17.633333333333333,
  "daily_wind_mean": 16.758333333333333,
  "daily_wind_dir_deg": 128.786863379544
}