{
  "samples_local": {
    "10": {
      "temp": 16.6,
      "precip": 0.1,
      "wind": 18.0,
      "wind_dir_deg": 104.0
    },
    "12": {
      "temp": 18.2,
      "precip": 0.1,
      "wind": 19.7,
      "wind_dir_deg": 127.0
    },
    "14": {
      "temp": 18.6,
      "precip": 0.1,
      "wind": 15.7,
      "wind_dir_deg": 129.0
    },
    "16": {
      "temp": 19.6,
      "precip": 0.1,
      "wind": 17.2,
      "wind_dir_deg": 142.0
    }
  },
  "ride_temp_mean": 18.25,
  "ride_wind_mean": 17.65,
  "ride_wind_dir_deg": 125.30138725438701,
  "ride_rain_flag": 0.0,
  "tent_rain_flag": 1.0,
  "daily_precip_sum": 0.9,
  "daily_temp_mean": 15.941666666666668,
  "daily_wind_mean": 13.995833333333332,
  "daily_wind_dir_deg": 119.17027501274725
}