{
  "samples_local": {
    "10": {
      "temp": 18.2,
      "precip": 0.0,
      "wind": 14.6,
      "wind_dir_deg": 129.0
    },
    "12": {
      "temp": 19.9,
      "precip": 0.2,
      "wind": 15.2,
      "wind_dir_deg": 132.0
    },
    "14": {
      "temp": 21.5,
      "precip": 0.0,
      "wind": 13.8,
      "wind_dir_deg": 122.0
    },
    "16": {
      "temp": 21.3,
      "precip": 0.0,
      "wind": 14.8,
      "wind_dir_deg": 124.0
    }
  },
  "ride_temp_mean": 20.225,
  "ride_wind_mean": 14.6,
  "ride_wind_dir_deg": 126.85934700327385,
  "ride_rain_flag": 1.0,
  "tent_rain_flag": 1.0,
  "daily_precip_sum": 1.3,
  "daily_temp_mean": 17.099999999999998,
  "daily_wind_mean": 13.620833333333332,
  "daily_wind_dir_deg": 119.95885507251973
}