{
  "samples_local": {
    "10": {
      "temp": 12.8,
      "precip": 1.8,
      "wind": 16.7,
      "wind_dir_deg": 101.0
    },
    "12": {
      "temp": 15.7,
      "precip": 0.2,
      "wind": 16.7,
      "wind_dir_deg": 116.0
    },
    "14": {
      "temp": 16.2,
      "precip": 0.1,
      "wind": 16.4,
      "wind_dir_deg": 132.0
    },
    "16": {
      "temp": 16.8,
      "precip": 0.0,
      "wind": 18.4,
      "wind_dir_deg": 145.0
    }
  },
  "ride_temp_mean": 15.375,
  "ride_wind_mean": 17.049999999999997,
  "ride_wind_dir_deg": 124.02368767391175,
  "ride_rain_flag": 1.0,
  "tent_rain_flag": 1.0,
  "daily_precip_sum": 3.3,
  "daily_temp_mean": 12.979166666666666,
  "daily_wind_mean": 12.841666666666667,
  "daily_wind_dir_deg": 113.9318670205264
}