{
  "samples_local": {
    "10": {
      "temp": 16.1,
      "precip": 0.2,
      "wind": 18.3,
      "wind_dir_deg": 70.0
    },
    "12": {
      "temp": 17.6,
      "precip": 0.0,
      "wind": 16.5,
      "wind_dir_deg": 74.0
    },
    "14": {
      "temp": 17.0,
      "precip": 0.0,
      "wind": 12.0,
      "wind_dir_deg": 69.0
    },
    "16": {
      "temp": 15.9,
      "precip": 0.1,
      "wind": 10.1,
      "wind_dir_deg": 117.0
    }
  },
  "ride_temp_mean": 16.650000000000002,
  "ride_wind_mean": 14.225,
  "ride_wind_dir_deg": 78.82436427790117,
  "ride_rain_flag": 1.0,
  "tent_rain_flag": 1.0,
  "daily_precip_sum": 1.5,
  "daily_temp_mean": 13.795833333333334,
  "daily_wind_mean": 11.929166666666667,
  "daily_wind_dir_deg": 65.71449386738607
}