{
  "samples_local": {
    "10": {
      "temp": 14.4,
      "precip": 0.1,
      "wind": 14.4,
      "wind_dir_deg": 89.0
    },
    "12": {
      "temp": 15.6,
      "precip": 0.1,
      "wind": 18.5,
      "wind_dir_deg": 97.0
    },
    "14": {
      "temp": 16.0,
      "precip": 0.2,
      "wind": 13.4,
      "wind_dir_deg": 117.0
    },
    "16": {
      "temp": 15.4,
      "precip": 0.1,
      "wind": 12.1,
      "wind_dir_deg": 107.0
    }
  },
  "ride_temp_mean": 15.35,
  "ride_wind_mean": 14.6,
  "ride_wind_dir_deg": 101.67201486543348,
  "ride_rain_flag": 1.0,
  "tent_rain_flag": 1.0,
  "daily_precip_sum": 4.6000000000000005,
  "daily_temp_mean": 12.725,
  "daily_wind_mean": 13.120833333333332,
  "daily_wind_dir_deg": 85.37610306208745
}