{
  "samples_local": {
    "10": {
      "temp": 23.0,
      "precip": 0.0,
      "wind": 17.4,
      "wind_dir_deg": 300.0
    },
    "12": {
      "temp": 24.4,
      "precip": 0.0,
      "wind": 12.7,
      "wind_dir_deg": 295.0
    },
    "14": {
      "temp": 21.0,
      "precip": 3.6,
      "wind": 12.7,
      "wind_dir_deg": 325.0
    },
    "16": {
      "temp": 17.5,
      "precip": 0.5,
      "wind": 15.3,
      "wind_dir_deg": 71.0
    }
  },
  "ride_temp_mean": 21.475,
  "ride_wind_mean": 14.524999999999999,
  "ride_wind_dir_deg": 326.6310130773409,
  "ride_rain_flag": 1.0,
  "tent_rain_flag": 1.0,
  "daily_precip_sum": 13.1,
  "daily_temp_mean": 18.783333333333335,
  "daily_wind_mean": 15.358333333333333,
  "daily_wind_dir_deg": 299.01749371875735
}