{
  "samples_local": {
    "10": {
      "temp": 20.4,
      "precip": 0.0,
      "wind": 22.7,
      "wind_dir_deg": 270.0
    },
    "12": {
      "temp": 21.4,
      "precip": 0.0,
      "wind": 21.6,
      "wind_dir_deg": 288.0
    },
    "14": {
      "temp": 21.2,
      "precip": 0.2,
      "wind": 16.8,
      "wind_dir_deg": 285.0
    },
    "16": {
      "temp": 20.8,
      "precip": 0.0,
      "wind": 7.4,
      "wind_dir_deg": 309.0
    }
  },
  "ride_temp_mean": 20.95,
  "ride_wind_mean": 17.125,
  "ride_wind_dir_deg": 283.5179896495144,
  "ride_rain_flag": 1.0,
  "tent_rain_flag": 1.0,
  "daily_precip_sum": 3.5,
  "daily_temp_mean": 16.966666666666665,
  "daily_wind_mean": 17.383333333333333,
  "daily_wind_dir_deg": 271.05078609048826
}