{
  "samples_local": {
    "10": {
      "temp": 15.2,
      "precip": 0.3,
      "wind": 15.7,
      "wind_dir_deg": 74.0
    },
    "12": {
      "temp": 15.9,
      "precip": 0.2,
      "wind": 17.0,
      "wind_dir_deg": 77.0
    },
    "14": {
      "temp": 15.1,
      "precip": 0.5,
      "wind": 12.7,
      "wind_dir_deg": 75.0
    },
    "16": {
      "temp": 16.4,
      "precip": 0.0,
      "wind": 15.1,
      "wind_dir_deg": 91.0
    }
  },
  "ride_temp_mean": 15.649999999999999,
  "ride_wind_mean": 15.125,
  "ride_wind_dir_deg": 79.27844328153412,
  "ride_rain_flag": 1.0,
  "tent_rain_flag": 1.0,
  "daily_precip_sum": 20.0,
  "daily_temp_mean": 15.137500000000001,
  "daily_wind_mean": 11.541666666666666,
  "daily_wind_dir_deg": 66.17261492681376
}