{
  "samples_local": {
    "10": {
      "temp": 15.6,
      "precip": 1.1,
      "wind": 12.9,
      "wind_dir_deg": 77.0
    },
    "12": {
      "temp": 16.0,
      "precip": 0.6,
      "wind": 14.5,
      "wind_dir_deg": 76.0
    },
    "14": {
      "temp": 16.5,
      "precip": 0.4,
      "wind": 11.6,
      "wind_dir_deg": 83.0
    },
    "16": {
      "temp": 16.0,
      "precip": 0.4,
      "wind": 14.1,
      "wind_dir_deg": 86.0
    }
  },
  "ride_temp_mean": 16.025,
  "ride_wind_mean": 13.275,
  "ride_wind_dir_deg": 80.42667196113291,
  "ride_rain_flag": 1.0,
  "tent_rain_flag": 1.0,
  "daily_precip_sum": 21.5,
  "daily_temp_mean": 15.891666666666666,
  "daily_wind_mean": 13.045833333333334,
  "daily_wind_dir_deg": 59.33383121231765
}