{
  "ride_temp_mean": -0.1,
  "ride_precip_sum": 0.1,
  "ride_wind_speed": 1.4296568581162732,
  "ride_wind_dir": 356.25133073217916,
  "tent_precip_sum": 2.2,
  "tent_temp_mean": -0.8
}