{
  "ride_temp_mean": 7.825,
  "ride_precip_sum": 0.0,
  "ride_wind_speed": 2.922622926446542,
  "ride_wind_dir": 72.07072416818113,
  "tent_precip_sum": 0.0,
  "tent_temp_mean": 6.7700000000000005
}