{
  "ride_temp_mean": 7.05,
  "ride_precip_sum": 0.0,
  "ride_wind_speed": 0.6004415403371697,
  "ride_wind_dir": 256.42448936290896,
  "tent_precip_sum": 0.0,
  "tent_temp_mean": 1.1
}