{
  "samples_local": {
    "10": {
      "temp": 12.2,
      "precip": 0.0,
      "wind": 10.3,
      "wind_dir_deg": 356.0
    },
    "12": {
      "temp": 15.1,
      "precip": 0.0,
      "wind": 14.3,
      "wind_dir_deg": 27.0
    },
    "14": {
      "temp": 14.9,
      "precip": 0.0,
      "wind": 10.3,
      "wind_dir_deg": 355.0
    },
    "16": {
      "temp": 13.6,
      "precip": 0.0,
      "wind": 9.4,
      "wind_dir_deg": 322.0
    }
  },
  "ride_temp_mean": 13.95,
  "ride_wind_mean": 11.075000000000001,
  "ride_wind_dir_deg": 358.7167626981503,
  "ride_rain_flag": 0.0,
  "tent_rain_flag": 1.0,
  "daily_precip_sum": 0.4,
  "daily_temp_mean": 11.808333333333332,
  "daily_wind_mean": 13.0875,
  "daily_wind_dir_deg": 16.204313150840562
}