{
  "samples_local": {
    "10": {
      "temp": 12.5,
      "precip": 0.0,
      "wind": 10.1,
      "wind_dir_deg": 340.0
    },
    "12": {
      "temp": 14.9,
      "precip": 0.0,
      "wind": 13.2,
      "wind_dir_deg": 349.0
    },
    "14": {
      "temp": 14.2,
      "precip": 0.0,
      "wind": 15.7,
      "wind_dir_deg": 330.0
    },
    "16": {
      "temp": 13.6,
      "precip": 0.0,
      "wind": 14.8,
      "wind_dir_deg": 330.0
    }
  },
  "ride_temp_mean": 13.8,
  "ride_wind_mean": 13.45,
  "ride_wind_dir_deg": 336.5224733099061,
  "ride_rain_flag": 0.0,
  "tent_rain_flag": 1.0,
  "daily_precip_sum": 1.1,
  "daily_temp_mean": 12.170833333333334,
  "daily_wind_mean": 14.508333333333333,
  "daily_wind_dir_deg": 9.546380134482774
}