{
  "samples_local": {
    "10": {
      "temp": 11.6,
      "precip": 0.0,
      "wind": 8.7,
      "wind_dir_deg": 356.0
    },
    "12": {
      "temp": 14.6,
      "precip": 0.0,
      "wind": 15.6,
      "wind_dir_deg": 22.0
    },
    "14": {
      "temp": 14.6,
      "precip": 0.0,
      "wind": 9.9,
      "wind_dir_deg": 358.0
    },
    "16": {
      "temp": 13.4,
      "precip": 0.0,
      "wind": 6.7,
      "wind_dir_deg": 333.0
    }
  },
  "ride_temp_mean": 13.55,
  "ride_wind_mean": 10.225,
  "ride_wind_dir_deg": 2.7150020880711736,
  "ride_rain_flag": 0.0,
  "tent_rain_flag": 0.0,
  "daily_precip_sum": 0.0,
  "daily_temp_mean": 11.387500000000001,
  "daily_wind_mean": 13.195833333333333,
  "daily_wind_dir_deg": 20.695260724375146
}