{
  "samples_local": {
    "10": {
      "temp": 9.6,
      "precip": 0.0,
      "wind": 10.5,
      "wind_dir_deg": 354.0
    },
    "12": {
      "temp": 11.5,
      "precip": 0.0,
      "wind": 12.0,
      "wind_dir_deg": 348.0
    },
    "14": {
      "temp": 12.4,
      "precip": 0.0,
      "wind": 12.2,
      "wind_dir_deg": 352.0
    },
    "16": {
      "temp": 11.2,
      "precip": 0.0,
      "wind": 10.0,
      "wind_dir_deg": 346.0
    }
  },
  "ride_temp_mean": 11.175,
  "ride_wind_mean": 11.175,
  "ride_wind_dir_deg": 350.05373085225136,
  "ride_rain_flag": 0.0,
  "tent_rain_flag": 0.0,
  "daily_precip_sum": 0.0,
  "daily_temp_mean": 8.762500000000001,
  "daily_wind_mean": 11.383333333333333,
  "daily_wind_dir_deg": 17.234385416714588
}