{
  "samples_local": {
    "10": {
      "temp": 11.9,
      "precip": 0.0,
      "wind": 12.3,
      "wind_dir_deg": 357.0
    },
    "12": {
      "temp": 13.9,
      "precip": 0.0,
      "wind": 20.1,
      "wind_dir_deg": 17.0
    },
    "14": {
      "temp": 15.1,
      "precip": 0.0,
      "wind": 18.1,
      "wind_dir_deg": 19.0
    },
    "16": {
      "temp": 13.1,
      "precip": 0.0,
      "wind": 17.6,
      "wind_dir_deg": 340.0
    }
  },
  "ride_temp_mean": 13.5,
  "ride_wind_mean": 17.025000000000002,
  "ride_wind_dir_deg": 4.480924886647813,
  "ride_rain_flag": 0.0,
  "tent_rain_flag": 1.0,
  "daily_precip_sum": 4.9,
  "daily_temp_mean": 11.558333333333332,
  "daily_wind_mean": 16.287499999999998,
  "daily_wind_dir_deg": 13.831254977678327
}