{
  "samples_local": {
    "10": {
      "temp": 12.2,
      "precip": 0.0,
      "wind": 14.0,
      "wind_dir_deg": 20.0
    },
    "12": {
      "temp": 14.1,
      "precip": 0.0,
      "wind": 21.6,
      "wind_dir_deg": 33.0
    },
    "14": {
      "temp": 13.6,
      "precip": 0.0,
      "wind": 16.5,
      "wind_dir_deg": 28.0
    },
    "16": {
      "temp": 12.8,
      "precip": 0.0,
      "wind": 7.3,
      "wind_dir_deg": 351.0
    }
  },
  "ride_temp_mean": 13.175,
  "ride_wind_mean": 14.85,
  "ride_wind_dir_deg": 23.581797493856357,
  "ride_rain_flag": 0.0,
  "tent_rain_flag": 0.0,
  "daily_precip_sum": 0.0,
  "daily_temp_mean": 11.383333333333333,
  "daily_wind_mean": 15.620833333333332,
  "daily_wind_dir_deg": 28.038054452654137
}