{
  "ride_temp_mean": 0.4,
  "ride_precip_sum": 0.30000000000000004,
  "ride_wind_speed": 3.258285754756965,
  "ride_wind_dir": 289.5401949084207,
  "tent_precip_sum": 2.6,
  "tent_temp_mean": -0.62
}