{
  "ride_temp_mean": 6.825,
  "ride_precip_sum": 0.0,
  "ride_wind_speed": 2.5802423598476727,
  "ride_wind_dir": 126.11503791737482,
  "tent_precip_sum": 0.0,
  "tent_temp_mean": 5.62
}