{
  "ride_temp_mean": 5.55,
  "ride_precip_sum": 0.0,
  "ride_wind_speed": 1.3677538276616772,
  "ride_wind_dir": 18.662611973644232,
  "tent_precip_sum": 0.0,
  "tent_temp_mean": 0.15499999999999997
}