{
  "ride_temp_mean": 0.875,
  "ride_precip_sum": 0.0,
  "ride_wind_speed": 7.955693833163204,
  "ride_wind_dir": 9.778653150916853,
  "tent_precip_sum": 0.0,
  "tent_temp_mean": -0.525
}