{
  "ride_temp_mean": 3.9000000000000004,
  "ride_precip_sum": 0.0,
  "ride_wind_speed": 13.851540234020797,
  "ride_wind_dir": 322.2947762606498,
  "tent_precip_sum": 0.0,
  "tent_temp_mean": 3.1149999999999998
}