{
  "ride_temp_mean": 9.725,
  "ride_precip_sum": 2.2,
  "ride_wind_speed": 29.013518918154702,
  "ride_wind_dir": 253.1964691135065,
  "tent_precip_sum": 5.8,
  "tent_temp_mean": 10.059999999999999
}