{
  "ride_temp_mean": 6.2,
  "ride_precip_sum": 3.3000000000000003,
  "ride_wind_speed": 23.593197026281583,
  "ride_wind_dir": 271.65650066547175,
  "tent_precip_sum": 32.2,
  "tent_temp_mean": 5.385
}