{
  "ride_temp_mean": 1.7000000000000002,
  "ride_precip_sum": 0.4,
  "ride_wind_speed": 6.642535484445232,
  "ride_wind_dir": 229.47682792356017,
  "tent_precip_sum": 1.9000000000000001,
  "tent_temp_mean": 0.8099999999999999
}