{
  "ride_temp_mean": 3.625,
  "ride_precip_sum": 0.0,
  "ride_wind_speed": 14.168525836372808,
  "ride_wind_dir": 274.1411830545105,
  "tent_precip_sum": 4.7,
  "tent_temp_mean": 3.62
}