{
  "ride_temp_mean": 8.875,
  "ride_precip_sum": 0.0,
  "ride_wind_speed": 16.813933895081004,
  "ride_wind_dir": 211.5780289522743,
  "tent_precip_sum": 0.30000000000000004,
  "tent_temp_mean": 6.885
}