{
  "samples_local": {
    "10": {
      "temp": 4.8,
      "precip": 0.0,
      "wind": 12.7,
      "wind_dir_deg": 313.0
    },
    "12": {
      "temp": 9.9,
      "precip": 0.0,
      "wind": 11.2,
      "wind_dir_deg": 310.0
    },
    "14": {
      "temp": 10.9,
      "precip": 0.0,
      "wind": 13.2,
      "wind_dir_deg": 317.0
    },
    "16": {
      "temp": 11.1,
      "precip": 0.0,
      "wind": 12.1,
      "wind_dir_deg": 323.0
    }
  },
  "ride_temp_mean": 9.175,
  "ride_wind_mean": 12.299999999999999,
  "ride_wind_dir_deg": 315.8476200305105,
  "ride_rain_flag": 0.0,
  "tent_rain_flag": 0.0,
  "daily_precip_sum": 0.0,
  "daily_temp_mean": 4.779166666666667,
  "daily_wind_mean": 11.970833333333333,
  "daily_wind_dir_deg": 318.9038072720203
}