{
  "samples_local": {
    "10": {
      "temp": 2.6,
      "precip": 0.0,
      "wind": 11.3,
      "wind_dir_deg": 37.0
    },
    "12": {
      "temp": 5.9,
      "precip": 0.0,
      "wind": 14.8,
      "wind_dir_deg": 41.0
    },
    "14": {
      "temp": 5.6,
      "precip": 0.0,
      "wind": 12.5,
      "wind_dir_deg": 39.0
    },
    "16": {
      "temp": 4.5,
      "precip": 0.0,
      "wind": 12.8,
      "wind_dir_deg": 38.0
    }
  },
  "ride_temp_mean": 4.65,
  "ride_wind_mean": 12.850000000000001,
  "ride_wind_dir_deg": 38.88710546383345,
  "ride_rain_flag": 0.0,
  "tent_rain_flag": 0.0,
  "daily_precip_sum": 0.0,
  "daily_temp_mean": 0.5208333333333334,
  "daily_wind_mean": 12.733333333333334,
  "daily_wind_dir_deg": 40.37001786444574
}