{
  "samples_local": {
    "10": {
      "temp": 4.4,
      "precip": 0.0,
      "wind": 8.1,
      "wind_dir_deg": 21.0
    },
    "12": {
      "temp": 8.8,
      "precip": 0.0,
      "wind": 8.7,
      "wind_dir_deg": 38.0
    },
    "14": {
      "temp": 9.9,
      "precip": 0.0,
      "wind": 11.8,
      "wind_dir_deg": 27.0
    },
    "16": {
      "temp": 7.8,
      "precip": 0.0,
      "wind": 9.3,
      "wind_dir_deg": 28.0
    }
  },
  "ride_temp_mean": 7.7250000000000005,
  "ride_wind_mean": 9.475,
  "ride_wind_dir_deg": 28.48268870525544,
  "ride_rain_flag": 0.0,
  "tent_rain_flag": 0.0,
  "daily_precip_sum": 0.0,
  "daily_temp_mean": 2.5166666666666666,
  "daily_wind_mean": 10.316666666666666,
  "daily_wind_dir_deg": 22.9251684032472
}