{
  "samples_local": {
    "10": {
      "temp": 3.1,
      "precip": 0.0,
      "wind": 6.9,
      "wind_dir_deg": 47.0
    },
    "12": {
      "temp": 7.3,
      "precip": 0.0,
      "wind": 8.2,
      "wind_dir_deg": 23.0
    },
    "14": {
      "temp": 9.0,
      "precip": 0.0,
      "wind": 7.1,
      "wind_dir_deg": 45.0
    },
    "16": {
      "temp": 8.9,
      "precip": 0.0,
      "wind": 6.1,
      "wind_dir_deg": 40.0
    }
  },
  "ride_temp_mean": 7.075,
  "ride_wind_mean": 7.074999999999999,
  "ride_wind_dir_deg": 38.07242562290986,
  "ride_rain_flag": 0.0,
  "tent_rain_flag": 0.0,
  "daily_precip_sum": 0.0,
  "daily_temp_mean": 2.8708333333333336,
  "daily_wind_mean": 8.445833333333333,
  "daily_wind_dir_deg": 28.07358494286592
}