{
  "samples_local": {
    "10": {
      "temp": 5.1,
      "precip": 0.0,
      "wind": 15.3,
      "wind_dir_deg": 352.0
    },
    "12": {
      "temp": 7.3,
      "precip": 0.0,
      "wind": 13.3,
      "wind_dir_deg": 358.0
    },
    "14": {
      "temp": 8.6,
      "precip": 0.0,
      "wind": 11.2,
      "wind_dir_deg": 15.0
    },
    "16": {
      "temp": 8.1,
      "precip": 0.0,
      "wind": 10.9,
      "wind_dir_deg": 9.0
    }
  },
  "ride_temp_mean": 7.2749999999999995,
  "ride_wind_mean": 12.675,
  "ride_wind_dir_deg": 2.3012560200268695,
  "ride_rain_flag": 0.0,
  "tent_rain_flag": 0.0,
  "daily_precip_sum": 0.0,
  "daily_temp_mean": 3.5833333333333335,
  "daily_wind_mean": 10.295833333333333,
  "daily_wind_dir_deg": 3.0512496003692604
}