{
  "ride_temp_mean": -20.35,
  "ride_precip_sum": 0.1,
  "ride_wind_speed": 2.3353196793146958,
  "ride_wind_dir": 292.93203360969846,
  "tent_precip_sum": 0.1,
  "tent_temp_mean": -21.18
}