{
  "ride_temp_mean": -7.525,
  "ride_precip_sum": 0.0,
  "ride_wind_speed": 3.0218196611438515,
  "ride_wind_dir": 292.7739554584046,
  "tent_precip_sum": 0.0,
  "tent_temp_mean": -10.415000000000001
}