{
  "ride_temp_mean": -12.125,
  "ride_precip_sum": 0.0,
  "ride_wind_speed": 3.1391488385452617,
  "ride_wind_dir": 266.59100134385164,
  "tent_precip_sum": 5.5,
  "tent_temp_mean": -12.78
}