{
  "ride_temp_mean": -14.775,
  "ride_precip_sum": 0.0,
  "ride_wind_speed": 1.4657398110968782,
  "ride_wind_dir": 277.4957008616604,
  "tent_precip_sum": 0.0,
  "tent_temp_mean": -16.525
}