{
  "ride_temp_mean": 26.928571428571427,
  "ride_wind_mean": 5.242857142857142,
  "ride_rain_flag": 0.0,
  "tent_rain_flag": 1.0
}