{
  "samples_local": {
    "10": {
      "temp": 22.2,
      "precip": 0.0,
      "wind": 25.8,
      "wind_dir_deg": 175.0
    },
    "12": {
      "temp": 23.0,
      "precip": 0.0,
      "wind": 20.3,
      "wind_dir_deg": 192.0
    },
    "14": {
      "temp": 23.2,
      "precip": 0.0,
      "wind": 16.3,
      "wind_dir_deg": 227.0
    },
    "16": {
      "temp": 23.7,
      "precip": 0.0,
      "wind": 10.1,
      "wind_dir_deg": 359.0
    }
  },
  "ride_temp_mean": 23.025,
  "ride_wind_mean": 18.125,
  "ride_wind_dir_deg": 196.80800450553852,
  "ride_rain_flag": 0.0,
  "tent_rain_flag": 0.0,
  "daily_precip_sum": 0.0,
  "daily_temp_mean": 23.22083333333333,
  "daily_wind_mean": 26.724999999999998,
  "daily_wind_dir_deg": 156.51336203043275
}