{
  "ride_temp_mean": 25.814285714285713,
  "ride_wind_mean": 11.87142857142857,
  "ride_rain_flag": 0.0,
  "tent_rain_flag": 0.0
}