{
  "ride_temp_mean": 22.114285714285717,
  "ride_wind_mean": 10.514285714285714,
  "ride_rain_flag": 0.0,
  "tent_rain_flag": 0.0
}