{
  "samples_local": {
    "10": {
      "temp": 14.4,
      "precip": 0.1,
      "wind": 17.0
    },
    "12": {
      "temp": 16.1,
      "precip": 0.0,
      "wind": 14.8
    },
    "14": {
      "temp": 18.4,
      "precip": 0.1,
      "wind": 17.1
    },
    "16": {
      "temp": 19.4,
      "precip": 0.0,
      "wind": 16.8
    }
  },
  "ride_temp_mean": 17.075,
  "ride_wind_mean": 16.425,
  "ride_rain_flag": 0.0,
  "tent_rain_flag": 0.0,
  "daily_precip_sum": 0.6000000000000001,
  "daily_temp_mean": 15.233333333333334,
  "daily_wind_mean": 13.941666666666668
}