{
  "samples_local": {
    "10": {
      "temp": 17.5,
      "precip": 0.0,
      "wind": 9.7,
      "wind_dir_deg": 272.0
    },
    "12": {
      "temp": 18.0,
      "precip": 0.0,
      "wind": 3.7,
      "wind_dir_deg": 259.0
    },
    "14": {
      "temp": 19.2,
      "precip": 0.0,
      "wind": 8.5,
      "wind_dir_deg": 156.0
    },
    "16": {
      "temp": 19.2,
      "precip": 0.0,
      "wind": 17.1,
      "wind_dir_deg": 154.0
    }
  },
  "ride_temp_mean": 18.475,
  "ride_wind_mean": 9.75,
  "ride_wind_dir_deg": 185.76491057736416,
  "ride_rain_flag": 0.0,
  "tent_rain_flag": 0.0,
  "daily_precip_sum": 0.0,
  "daily_temp_mean": 18.441666666666666,
  "daily_wind_mean": 15.945833333333333,
  "daily_wind_dir_deg": 190.98094955047637
}