{
  "ride_temp_mean": 26.957142857142856,
  "ride_wind_mean": 7.571428571428571,
  "ride_rain_flag": 0.0,
  "tent_rain_flag": 0.0
}