{
  "ride_temp_mean": 22.842857142857145,
  "ride_wind_mean": 4.928571428571429,
  "ride_rain_flag": 0.0,
  "tent_rain_flag": 0.0
}