{
  "ride_temp_mean": 28.728571428571428,
  "ride_wind_mean": 9.042857142857143,
  "ride_rain_flag": 0.0,
  "tent_rain_flag": 0.0
}