{
  "samples_local": {
    "10": {
      "temp": 15.9,
      "precip": 0.0,
      "wind": 22.2,
      "wind_dir_deg": 121.0
    },
    "12": {
      "temp": 17.0,
      "precip": 0.0,
      "wind": 20.0,
      "wind_dir_deg": 122.0
    },
    "14": {
      "temp": 14.9,
      "precip": 0.5,
      "wind": 21.7,
      "wind_dir_deg": 125.0
    },
    "16": {
      "temp": 16.6,
      "precip": 0.0,
      "wind": 20.2,
      "wind_dir_deg": 127.0
    }
  },
  "ride_temp_mean": 16.1,
  "ride_wind_mean": 21.025,
  "ride_wind_dir_deg": 123.7109238208298,
  "ride_rain_flag": 1.0,
  "tent_rain_flag": 1.0,
  "daily_precip_sum": 1.2,
  "daily_temp_mean": 13.616666666666667,
  "daily_wind_mean": 16.741666666666667,
  "daily_wind_dir_deg": 116.20892016916514
}