{
  "ride_temp_mean": 27.385714285714283,
  "ride_wind_mean": 13.728571428571428,
  "ride_rain_flag": 0.0,
  "tent_rain_flag": 0.0
}