{
  "ride_temp_mean": 24.357142857142858,
  "ride_wind_mean": 2.085714285714286,
  "ride_rain_flag": 0.0,
  "tent_rain_flag": 0.0
}