{
  "samples_local": {
    "10": {
      "temp": 18.4,
      "precip": 0.0,
      "wind": 6.9,
      "wind_dir_deg": 263.0
    },
    "12": {
      "temp": 20.3,
      "precip": 0.0,
      "wind": 12.2,
      "wind_dir_deg": 206.0
    },
    "14": {
      "temp": 21.0,
      "precip": 0.0,
      "wind": 24.9,
      "wind_dir_deg": 183.0
    },
    "16": {
      "temp": 21.6,
      "precip": 0.0,
      "wind": 28.1,
      "wind_dir_deg": 190.0
    }
  },
  "ride_temp_mean": 20.325,
  "ride_wind_mean": 18.025,
  "ride_wind_dir_deg": 195.94131613704837,
  "ride_rain_flag": 0.0,
  "tent_rain_flag": 0.0,
  "daily_precip_sum": 0.0,
  "daily_temp_mean": 20.629166666666666,
  "daily_wind_mean": 17.804166666666667,
  "daily_wind_dir_deg": 212.824541777563
}