{
  "ride_temp_mean": 25.385714285714283,
  "ride_wind_mean": 9.071428571428571,
  "ride_rain_flag": 0.0,
  "tent_rain_flag": 0.0
}