{
  "samples_local": {
    "10": {
      "temp": 18.3,
      "precip": 0.0,
      "wind": 4.2,
      "wind_dir_deg": 263.0
    },
    "12": {
      "temp": 18.9,
      "precip": 0.0,
      "wind": 10.5,
      "wind_dir_deg": 199.0
    },
    "14": {
      "temp": 20.4,
      "precip": 0.0,
      "wind": 21.1,
      "wind_dir_deg": 182.0
    },
    "16": {
      "temp": 20.8,
      "precip": 0.0,
      "wind": 24.0,
      "wind_dir_deg": 183.0
    }
  },
  "ride_temp_mean": 19.6,
  "ride_wind_mean": 14.950000000000001,
  "ride_wind_dir_deg": 189.79409952032833,
  "ride_rain_flag": 0.0,
  "tent_rain_flag": 0.0,
  "daily_precip_sum": 0.0,
  "daily_temp_mean": 19.8625,
  "daily_wind_mean": 17.433333333333334,
  "daily_wind_dir_deg": 209.21962105151547
}