{
  "samples_local": {
    "10": {
      "temp": 5.8,
      "precip": 0.0,
      "wind": 1.3,
      "wind_dir_deg": 344.0
    },
    "12": {
      "temp": 12.0,
      "precip": 0.0,
      "wind": 1.0,
      "wind_dir_deg": 22.0
    },
    "14": {
      "temp": 13.7,
      "precip": 0.0,
      "wind": 2.7,
      "wind_dir_deg": 118.0
    },
    "16": {
      "temp": 14.5,
      "precip": 0.0,
      "wind": 3.7,
      "wind_dir_deg": 129.0
    }
  },
  "ride_temp_mean": 11.5,
  "ride_wind_mean": 2.1750000000000003,
  "ride_wind_dir_deg": 105.05694491502516,
  "ride_rain_flag": 0.0,
  "tent_rain_flag": 0.0,
  "daily_precip_sum": 0.0,
  "daily_temp_mean": 6.395833333333333,
  "daily_wind_mean": 2.829166666666667,
  "daily_wind_dir_deg": 11.414286620147948
}