{
  "ride_temp_mean": 20.085714285714285,
  "ride_wind_mean": 15.114285714285714,
  "ride_rain_flag": 0.0,
  "tent_rain_flag": 0.0
}