{
  "samples_local": {
    "10": {
      "temp": 17.9,
      "precip": 0.0,
      "wind": 17.1,
      "wind_dir_deg": 119.0
    },
    "12": {
      "temp": 18.8,
      "precip": 0.0,
      "wind": 15.6,
      "wind_dir_deg": 111.0
    },
    "14": {
      "temp": 17.8,
      "precip": 0.0,
      "wind": 15.4,
      "wind_dir_deg": 101.0
    },
    "16": {
      "temp": 17.3,
      "precip": 0.0,
      "wind": 15.4,
      "wind_dir_deg": 104.0
    }
  },
  "ride_temp_mean": 17.95,
  "ride_wind_mean": 15.875,
  "ride_wind_dir_deg": 109.0257756326044,
  "ride_rain_flag": 0.0,
  "tent_rain_flag": 0.0,
  "daily_precip_sum": 0.0,
  "daily_temp_mean": 15.054166666666667,
  "daily_wind_mean": 13.325000000000001,
  "daily_wind_dir_deg": 120.68093647645264
}