{
  "samples_local": {
    "10": {
      "temp": 15.7,
      "precip": 0.0,
      "wind": 20.9,
      "wind_dir_deg": 115.0
    },
    "12": {
      "temp": 15.9,
      "precip": 0.0,
      "wind": 22.3,
      "wind_dir_deg": 124.0
    },
    "14": {
      "temp": 16.0,
      "precip": 0.0,
      "wind": 22.6,
      "wind_dir_deg": 113.0
    },
    "16": {
      "temp": 16.1,
      "precip": 0.0,
      "wind": 21.8,
      "wind_dir_deg": 118.0
    }
  },
  "ride_temp_mean": 15.925,
  "ride_wind_mean": 21.9,
  "ride_wind_dir_deg": 117.51957556015282,
  "ride_rain_flag": 0.0,
  "tent_rain_flag": 0.0,
  "daily_precip_sum": 0.0,
  "daily_temp_mean": 15.879166666666668,
  "daily_wind_mean": 19.791666666666668,
  "daily_wind_dir_deg": 123.70716981607251
}