{
  "samples_local": {
    "10": {
      "temp": 17.6,
      "precip": 0.1,
      "wind": 17.9
    },
    "12": {
      "temp": 19.7,
      "precip": 0.1,
      "wind": 18.0
    },
    "14": {
      "temp": 20.5,
      "precip": 0.0,
      "wind": 19.6
    },
    "16": {
      "temp": 20.4,
      "precip": 0.0,
      "wind": 20.2
    }
  },
  "ride_temp_mean": 19.55,
  "ride_wind_mean": 18.925,
  "ride_rain_flag": 0.0,
  "tent_rain_flag": 1.0,
  "daily_precip_sum": 1.4000000000000001,
  "daily_temp_mean": 16.912499999999998,
  "daily_wind_mean": 15.808333333333332
}