{
  "ride_temp_mean": 6.525,
  "ride_precip_sum": 0.0,
  "ride_wind_speed": 3.787311952510435,
  "ride_wind_dir": 321.5717556639364,
  "tent_precip_sum": 0.2,
  "tent_temp_mean": 2.8400000000000003
}