{
  "ride_temp_mean": 6.8,
  "ride_precip_sum": 0.0,
  "ride_wind_speed": 4.168041775020166,
  "ride_wind_dir": 302.39696954441735,
  "tent_precip_sum": 0.9,
  "tent_temp_mean": 2.1
}