{
  "ride_temp_mean": 1.05,
  "ride_precip_sum": 0.8,
  "ride_wind_speed": 6.8874810621595115,
  "ride_wind_dir": 354.69271470823224,
  "tent_precip_sum": 1.6,
  "tent_temp_mean": 0.635
}