{
  "ride_temp_mean": 4.025,
  "ride_precip_sum": 0.0,
  "ride_wind_speed": 24.766618208835936,
  "ride_wind_dir": 226.56524549374112,
  "tent_precip_sum": 0.0,
  "tent_temp_mean": 2.1399999999999997
}