{
  "ride_temp_mean": 10.025,
  "ride_precip_sum": 2.2,
  "ride_wind_speed": 20.162589368117292,
  "ride_wind_dir": 269.5384188144235,
  "tent_precip_sum": 10.2,
  "tent_temp_mean": 8.459999999999999
}