{
  "ride_temp_mean": 2.95,
  "ride_precip_sum": 0.0,
  "ride_wind_speed": 10.89280902083004,
  "ride_wind_dir": 282.3243159080679,
  "tent_precip_sum": 2.5,
  "tent_temp_mean": 3.275
}