{
  "ride_temp_mean": 9.85,
  "ride_precip_sum": 1.1,
  "ride_wind_speed": 23.948487285197274,
  "ride_wind_dir": 217.79639373365575,
  "tent_precip_sum": 5.1,
  "tent_temp_mean": 9.355
}