{
  "samples_local": {
    "10": {
      "temp": 20.8,
      "precip": 0.1,
      "wind": 5.9,
      "wind_dir_deg": 256.0
    },
    "12": {
      "temp": 22.4,
      "precip": 0.2,
      "wind": 4.4,
      "wind_dir_deg": 215.0
    },
    "14": {
      "temp": 23.5,
      "precip": 0.0,
      "wind": 2.9,
      "wind_dir_deg": 210.0
    },
    "16": {
      "temp": 24.2,
      "precip": 0.0,
      "wind": 3.3,
      "wind_dir_deg": 193.0
    }
  },
  "ride_temp_mean": 22.725,
  "ride_wind_mean": 4.125,
  "ride_wind_dir_deg": 224.14145557574778,
  "ride_rain_flag": 1.0,
  "tent_rain_flag": 1.0,
  "daily_precip_sum": 0.6000000000000001,
  "daily_temp_mean": 18.920833333333334,
  "daily_wind_mean": 6.4750000000000005,
  "daily_wind_dir_deg": 244.5968535530846
}