{
  "samples_local": {
    "10": {
      "temp": 18.9,
      "precip": 0.0,
      "wind": 10.0,
      "wind_dir_deg": 206.0
    },
    "12": {
      "temp": 20.4,
      "precip": 0.1,
      "wind": 8.7,
      "wind_dir_deg": 210.0
    },
    "14": {
      "temp": 20.6,
      "precip": 0.0,
      "wind": 3.7,
      "wind_dir_deg": 281.0
    },
    "16": {
      "temp": 18.0,
      "precip": 0.2,
      "wind": 17.3,
      "wind_dir_deg": 149.0
    }
  },
  "ride_temp_mean": 19.475,
  "ride_wind_mean": 9.925,
  "ride_wind_dir_deg": 186.43350122654678,
  "ride_rain_flag": 1.0,
  "tent_rain_flag": 0.0,
  "daily_precip_sum": 0.5,
  "daily_temp_mean": 16.404166666666665,
  "daily_wind_mean": 9.362499999999999,
  "daily_wind_dir_deg": 212.42299468872764
}