{
  "samples_local": {
    "10": {
      "temp": 17.4,
      "precip": 0.6,
      "wind": 10.2,
      "wind_dir_deg": 188.0
    },
    "12": {
      "temp": 20.5,
      "precip": 0.0,
      "wind": 11.2,
      "wind_dir_deg": 180.0
    },
    "14": {
      "temp": 21.9,
      "precip": 0.0,
      "wind": 11.3,
      "wind_dir_deg": 187.0
    },
    "16": {
      "temp": 22.2,
      "precip": 0.0,
      "wind": 15.3,
      "wind_dir_deg": 189.0
    }
  },
  "ride_temp_mean": 20.5,
  "ride_wind_mean": 12.0,
  "ride_wind_dir_deg": 186.2190998414036,
  "ride_rain_flag": 1.0,
  "tent_rain_flag": 1.0,
  "daily_precip_sum": 1.5,
  "daily_temp_mean": 15.795833333333334,
  "daily_wind_mean": 12.720833333333333,
  "daily_wind_dir_deg": 188.35207675414355
}