{
  "samples_local": {
    "10": {
      "temp": 14.5,
      "precip": 0.0,
      "wind": 12.1,
      "wind_dir_deg": 102.0
    },
    "12": {
      "temp": 15.1,
      "precip": 0.0,
      "wind": 13.1,
      "wind_dir_deg": 98.0
    },
    "14": {
      "temp": 15.1,
      "precip": 0.0,
      "wind": 14.7,
      "wind_dir_deg": 118.0
    },
    "16": {
      "temp": 14.8,
      "precip": 0.0,
      "wind": 14.9,
      "wind_dir_deg": 122.0
    }
  },
  "ride_temp_mean": 14.875,
  "ride_wind_mean": 13.7,
  "ride_wind_dir_deg": 110.78202100604483,
  "ride_rain_flag": 0.0,
  "tent_rain_flag": 0.0,
  "daily_precip_sum": 0.0,
  "daily_temp_mean": 12.391666666666666,
  "daily_wind_mean": 10.504166666666666,
  "daily_wind_dir_deg": 125.14200353659112
}