{
  "samples_local": {
    "10": {
      "temp": 19.7,
      "precip": 0.0,
      "wind": 11.7,
      "wind_dir_deg": 252.0
    },
    "12": {
      "temp": 22.0,
      "precip": 0.0,
      "wind": 10.9,
      "wind_dir_deg": 262.0
    },
    "14": {
      "temp": 20.5,
      "precip": 0.0,
      "wind": 15.3,
      "wind_dir_deg": 240.0
    },
    "16": {
      "temp": 21.5,
      "precip": 0.0,
      "wind": 12.2,
      "wind_dir_deg": 246.0
    }
  },
  "ride_temp_mean": 20.925,
  "ride_wind_mean": 12.525,
  "ride_wind_dir_deg": 249.03737107208582,
  "ride_rain_flag": 0.0,
  "tent_rain_flag": 1.0,
  "daily_precip_sum": 1.1,
  "daily_temp_mean": 17.491666666666667,
  "daily_wind_mean": 8.320833333333333,
  "daily_wind_dir_deg": 256.12810777731573
}