{
  "samples_local": {
    "10": {
      "temp": 23.0,
      "precip": 0.0,
      "wind": 10.0,
      "wind_dir_deg": 221.0
    },
    "12": {
      "temp": 25.5,
      "precip": 0.0,
      "wind": 10.7,
      "wind_dir_deg": 225.0
    },
    "14": {
      "temp": 26.4,
      "precip": 0.0,
      "wind": 8.4,
      "wind_dir_deg": 200.0
    },
    "16": {
      "temp": 26.4,
      "precip": 0.0,
      "wind": 11.9,
      "wind_dir_deg": 205.0
    }
  },
  "ride_temp_mean": 25.325,
  "ride_wind_mean": 10.25,
  "ride_wind_dir_deg": 213.10033322774387,
  "ride_rain_flag": 0.0,
  "tent_rain_flag": 0.0,
  "daily_precip_sum": 0.1,
  "daily_temp_mean": 21.079166666666666,
  "daily_wind_mean": 8.791666666666666,
  "daily_wind_dir_deg": 208.16423710187163
}