{
  "samples_local": {
    "10": {
      "temp": 18.7,
      "precip": 0.0,
      "wind": 10.8,
      "wind_dir_deg": 206.0
    },
    "12": {
      "temp": 21.4,
      "precip": 0.0,
      "wind": 11.6,
      "wind_dir_deg": 210.0
    },
    "14": {
      "temp": 22.8,
      "precip": 0.0,
      "wind": 12.5,
      "wind_dir_deg": 229.0
    },
    "16": {
      "temp": 22.2,
      "precip": 0.0,
      "wind": 17.3,
      "wind_dir_deg": 216.0
    }
  },
  "ride_temp_mean": 21.275,
  "ride_wind_mean": 13.05,
  "ride_wind_dir_deg": 215.69379873243824,
  "ride_rain_flag": 0.0,
  "tent_rain_flag": 1.0,
  "daily_precip_sum": 1.0,
  "daily_temp_mean": 16.900000000000002,
  "daily_wind_mean": 12.012500000000001,
  "daily_wind_dir_deg": 208.0432571132921
}