{
  "samples_local": {
    "10": {
      "temp": 19.6,
      "precip": 0.0,
      "wind": 9.4,
      "wind_dir_deg": 173.0
    },
    "12": {
      "temp": 21.8,
      "precip": 0.2,
      "wind": 11.0,
      "wind_dir_deg": 191.0
    },
    "14": {
      "temp": 19.9,
      "precip": 0.1,
      "wind": 2.9,
      "wind_dir_deg": 173.0
    },
    "16": {
      "temp": 19.2,
      "precip": 8.6,
      "wind": 13.7,
      "wind_dir_deg": 210.0
    }
  },
  "ride_temp_mean": 20.125,
  "ride_wind_mean": 9.25,
  "ride_wind_dir_deg": 192.05956198893426,
  "ride_rain_flag": 1.0,
  "tent_rain_flag": 1.0,
  "daily_precip_sum": 11.299999999999999,
  "daily_temp_mean": 17.870833333333334,
  "daily_wind_mean": 7.929166666666667,
  "daily_wind_dir_deg": 216.25160637275522
}