{
  "ride_temp_mean": 6.9,
  "ride_precip_sum": 0.0,
  "ride_wind_speed": 19.699274030343247,
  "ride_wind_dir": 225.6535065824275,
  "tent_precip_sum": 0.0,
  "tent_temp_mean": 2.6550000000000002
}