{
  "ride_temp_mean": -3.05,
  "ride_precip_sum": 0.0,
  "ride_wind_speed": 8.866964789596501,
  "ride_wind_dir": 199.08732447790223,
  "tent_precip_sum": 1.2000000000000002,
  "tent_temp_mean": -1.6649999999999998
}