{
  "ride_temp_mean": -0.975,
  "ride_precip_sum": 0.9,
  "ride_wind_speed": 12.515002516441296,
  "ride_wind_dir": 304.3358252993796,
  "tent_precip_sum": 4.1000000000000005,
  "tent_temp_mean": -1.23
}