{
  "samples_local": {
    "10": {
      "temp": 7.7,
      "precip": 0.1,
      "wind": 10.9,
      "wind_dir_deg": 124.0
    },
    "12": {
      "temp": 9.2,
      "precip": 0.0,
      "wind": 7.9,
      "wind_dir_deg": 120.0
    },
    "14": {
      "temp": 10.8,
      "precip": 0.1,
      "wind": 5.3,
      "wind_dir_deg": 118.0
    },
    "16": {
      "temp": 10.7,
      "precip": 0.0,
      "wind": 4.8,
      "wind_dir_deg": 138.0
    }
  },
  "ride_temp_mean": 9.6,
  "ride_wind_mean": 7.225,
  "ride_wind_dir_deg": 124.1120564719422,
  "ride_rain_flag": 0.0,
  "tent_rain_flag": 1.0,
  "daily_precip_sum": 1.2000000000000002,
  "daily_temp_mean": 7.808333333333334,
  "daily_wind_mean": 9.216666666666667,
  "daily_wind_dir_deg": 102.4956603831701
}