{
  "samples_local": {
    "10": {
      "temp": 11.0,
      "precip": 0.2,
      "wind": 6.0,
      "wind_dir_deg": 147.0
    },
    "12": {
      "temp": 12.2,
      "precip": 0.0,
      "wind": 2.9,
      "wind_dir_deg": 263.0
    },
    "14": {
      "temp": 13.2,
      "precip": 0.0,
      "wind": 1.5,
      "wind_dir_deg": 76.0
    },
    "16": {
      "temp": 13.2,
      "precip": 0.0,
      "wind": 0.8,
      "wind_dir_deg": 63.0
    }
  },
  "ride_temp_mean": 12.399999999999999,
  "ride_wind_mean": 2.8,
  "ride_wind_dir_deg": 151.23599713233995,
  "ride_rain_flag": 1.0,
  "tent_rain_flag": 0.0,
  "daily_precip_sum": 0.2,
  "daily_temp_mean": 9.320833333333333,
  "daily_wind_mean": 6.091666666666666,
  "daily_wind_dir_deg": 76.4166193358243
}