{
  "samples_local": {
    "10": {
      "temp": 10.2,
      "precip": 0.1,
      "wind": 27.2,
      "wind_dir_deg": 98.0
    },
    "12": {
      "temp": 10.7,
      "precip": 0.0,
      "wind": 26.3,
      "wind_dir_deg": 81.0
    },
    "14": {
      "temp": 10.4,
      "precip": 0.0,
      "wind": 25.5,
      "wind_dir_deg": 71.0
    },
    "16": {
      "temp": 10.2,
      "precip": 0.0,
      "wind": 23.5,
      "wind_dir_deg": 67.0
    }
  },
  "ride_temp_mean": 10.375,
  "ride_wind_mean": 25.625,
  "ride_wind_dir_deg": 79.7650032752033,
  "ride_rain_flag": 0.0,
  "tent_rain_flag": 1.0,
  "daily_precip_sum": 0.7000000000000001,
  "daily_temp_mean": 9.079166666666667,
  "daily_wind_mean": 25.933333333333334,
  "daily_wind_dir_deg": 72.98134897144826
}