{
  "samples_local": {
    "10": {
      "temp": 10.3,
      "precip": 0.0,
      "wind": 15.0,
      "wind_dir_deg": 79.0
    },
    "12": {
      "temp": 11.9,
      "precip": 0.1,
      "wind": 14.7,
      "wind_dir_deg": 73.0
    },
    "14": {
      "temp": 12.9,
      "precip": 0.1,
      "wind": 15.3,
      "wind_dir_deg": 66.0
    },
    "16": {
      "temp": 13.5,
      "precip": 0.0,
      "wind": 14.3,
      "wind_dir_deg": 62.0
    }
  },
  "ride_temp_mean": 12.15,
  "ride_wind_mean": 14.825,
  "ride_wind_dir_deg": 70.05679727868005,
  "ride_rain_flag": 0.0,
  "tent_rain_flag": 0.0,
  "daily_precip_sum": 0.30000000000000004,
  "daily_temp_mean": 9.475,
  "daily_wind_mean": 14.450000000000001,
  "daily_wind_dir_deg": 53.06625246011629
}