{
  "samples_local": {
    "10": {
      "temp": 12.4,
      "precip": 0.0,
      "wind": 22.1,
      "wind_dir_deg": 102.0
    },
    "12": {
      "temp": 12.9,
      "precip": 0.0,
      "wind": 18.7,
      "wind_dir_deg": 101.0
    },
    "14": {
      "temp": 13.3,
      "precip": 0.0,
      "wind": 16.5,
      "wind_dir_deg": 101.0
    },
    "16": {
      "temp": 14.0,
      "precip": 0.0,
      "wind": 14.1,
      "wind_dir_deg": 105.0
    }
  },
  "ride_temp_mean": 13.15,
  "ride_wind_mean": 17.85,
  "ride_wind_dir_deg": 102.09922834840017,
  "ride_rain_flag": 0.0,
  "tent_rain_flag": 0.0,
  "daily_precip_sum": 0.1,
  "daily_temp_mean": 11.858333333333334,
  "daily_wind_mean": 14.395833333333334,
  "daily_wind_dir_deg": 83.47851853022536
}