{
  "samples_local": {
    "10": {
      "temp": 11.8,
      "precip": 0.1,
      "wind": 17.5,
      "wind_dir_deg": 76.0
    },
    "12": {
      "temp": 12.9,
      "precip": 0.1,
      "wind": 20.7,
      "wind_dir_deg": 67.0
    },
    "14": {
      "temp": 13.2,
      "precip": 0.0,
      "wind": 22.5,
      "wind_dir_deg": 63.0
    },
    "16": {
      "temp": 13.6,
      "precip": 0.0,
      "wind": 21.7,
      "wind_dir_deg": 63.0
    }
  },
  "ride_temp_mean": 12.875,
  "ride_wind_mean": 20.6,
  "ride_wind_dir_deg": 66.75872382205023,
  "ride_rain_flag": 0.0,
  "tent_rain_flag": 0.0,
  "daily_precip_sum": 0.30000000000000004,
  "daily_temp_mean": 10.450000000000001,
  "daily_wind_mean": 17.974999999999998,
  "daily_wind_dir_deg": 62.669341114334316
}