{
  "samples_local": {
    "10": {
      "temp": 12.6,
      "precip": 0.0,
      "wind": 20.3,
      "wind_dir_deg": 102.0
    },
    "12": {
      "temp": 13.4,
      "precip": 0.0,
      "wind": 17.2,
      "wind_dir_deg": 101.0
    },
    "14": {
      "temp": 13.9,
      "precip": 0.0,
      "wind": 16.5,
      "wind_dir_deg": 100.0
    },
    "16": {
      "temp": 13.8,
      "precip": 0.0,
      "wind": 14.7,
      "wind_dir_deg": 107.0
    }
  },
  "ride_temp_mean": 13.425,
  "ride_wind_mean": 17.175,
  "ride_wind_dir_deg": 102.33824246878964,
  "ride_rain_flag": 0.0,
  "tent_rain_flag": 1.0,
  "daily_precip_sum": 2.4,
  "daily_temp_mean": 11.162500000000001,
  "daily_wind_mean": 13.920833333333334,
  "daily_wind_dir_deg": 84.91833389264309
}