{
  "samples_local": {
    "10": {
      "temp": 20.9,
      "precip": 0.0,
      "wind": 18.2,
      "wind_dir_deg": 236.0
    },
    "12": {
      "temp": 23.5,
      "precip": 0.0,
      "wind": 21.7,
      "wind_dir_deg": 243.0
    },
    "14": {
      "temp": 24.8,
      "precip": 0.0,
      "wind": 21.6,
      "wind_dir_deg": 240.0
    },
    "16": {
      "temp": 25.0,
      "precip": 0.0,
      "wind": 20.5,
      "wind_dir_deg": 242.0
    }
  },
  "ride_temp_mean": 23.55,
  "ride_wind_mean": 20.5,
  "ride_wind_dir_deg": 240.40677690019027,
  "ride_rain_flag": 0.0,
  "tent_rain_flag": 0.0,
  "daily_precip_sum": 0.0,
  "daily_temp_mean": 19.591666666666665,
  "daily_wind_mean": 16.479166666666668,
  "daily_wind_dir_deg": 226.24871694839842
}