{
  "samples_local": {
    "10": {
      "temp": 18.6,
      "precip": 0.0,
      "wind": 17.4,
      "wind_dir_deg": 236.0
    },
    "12": {
      "temp": 21.2,
      "precip": 0.0,
      "wind": 21.3,
      "wind_dir_deg": 244.0
    },
    "14": {
      "temp": 22.1,
      "precip": 0.0,
      "wind": 20.1,
      "wind_dir_deg": 241.0
    },
    "16": {
      "temp": 22.3,
      "precip": 0.0,
      "wind": 18.7,
      "wind_dir_deg": 245.0
    }
  },
  "ride_temp_mean": 21.05,
  "ride_wind_mean": 19.375,
  "ride_wind_dir_deg": 241.66854619260513,
  "ride_rain_flag": 0.0,
  "tent_rain_flag": 0.0,
  "daily_precip_sum": 0.0,
  "daily_temp_mean": 16.795833333333334,
  "daily_wind_mean": 14.304166666666667,
  "daily_wind_dir_deg": 234.70603570689363
}