{
  "samples_local": {
    "10": {
      "temp": 18.6,
      "precip": 0.0,
      "wind": 16.5,
      "wind_dir_deg": 260.0
    },
    "12": {
      "temp": 20.4,
      "precip": 0.0,
      "wind": 18.8,
      "wind_dir_deg": 250.0
    },
    "14": {
      "temp": 21.0,
      "precip": 0.0,
      "wind": 16.7,
      "wind_dir_deg": 256.0
    },
    "16": {
      "temp": 22.0,
      "precip": 0.0,
      "wind": 14.4,
      "wind_dir_deg": 248.0
    }
  },
  "ride_temp_mean": 20.5,
  "ride_wind_mean": 16.6,
  "ride_wind_dir_deg": 253.55922539857949,
  "ride_rain_flag": 0.0,
  "tent_rain_flag": 0.0,
  "daily_precip_sum": 0.0,
  "daily_temp_mean": 16.150000000000002,
  "daily_wind_mean": 15.200000000000001,
  "daily_wind_dir_deg": 244.72326945955973
}