{
  "samples_local": {
    "10": {
      "temp": 19.1,
      "precip": 0.0,
      "wind": 18.7,
      "wind_dir_deg": 254.0
    },
    "12": {
      "temp": 21.3,
      "precip": 0.0,
      "wind": 19.7,
      "wind_dir_deg": 255.0
    },
    "14": {
      "temp": 22.5,
      "precip": 0.0,
      "wind": 18.8,
      "wind_dir_deg": 250.0
    },
    "16": {
      "temp": 22.8,
      "precip": 0.0,
      "wind": 16.9,
      "wind_dir_deg": 246.0
    }
  },
  "ride_temp_mean": 21.425,
  "ride_wind_mean": 18.525,
  "ride_wind_dir_deg": 251.42750527441598,
  "ride_rain_flag": 0.0,
  "tent_rain_flag": 0.0,
  "daily_precip_sum": 0.0,
  "daily_temp_mean": 17.204166666666666,
  "daily_wind_mean": 15.579166666666666,
  "daily_wind_dir_deg": 245.16510498155822
}