{
  "samples_local": {
    "10": {
      "temp": 17.0,
      "precip": 0.0,
      "wind": 20.9,
      "wind_dir_deg": 251.0
    },
    "12": {
      "temp": 19.1,
      "precip": 0.0,
      "wind": 22.2,
      "wind_dir_deg": 250.0
    },
    "14": {
      "temp": 20.5,
      "precip": 0.0,
      "wind": 21.0,
      "wind_dir_deg": 248.0
    },
    "16": {
      "temp": 21.0,
      "precip": 0.0,
      "wind": 20.1,
      "wind_dir_deg": 246.0
    }
  },
  "ride_temp_mean": 19.4,
  "ride_wind_mean": 21.05,
  "ride_wind_dir_deg": 248.79464906800723,
  "ride_rain_flag": 0.0,
  "tent_rain_flag": 0.0,
  "daily_precip_sum": 0.0,
  "daily_temp_mean": 15.908333333333333,
  "daily_wind_mean": 17.166666666666668,
  "daily_wind_dir_deg": 244.86127651739002
}