{
  "samples_local": {
    "10": {
      "temp": 21.0,
      "precip": 0.0,
      "wind": 16.2,
      "wind_dir_deg": 266.0
    },
    "12": {
      "temp": 22.7,
      "precip": 0.0,
      "wind": 14.3,
      "wind_dir_deg": 260.0
    },
    "14": {
      "temp": 24.1,
      "precip": 0.0,
      "wind": 14.1,
      "wind_dir_deg": 230.0
    },
    "16": {
      "temp": 24.2,
      "precip": 0.0,
      "wind": 17.1,
      "wind_dir_deg": 226.0
    }
  },
  "ride_temp_mean": 23.0,
  "ride_wind_mean": 15.425,
  "ride_wind_dir_deg": 245.28304793184924,
  "ride_rain_flag": 0.0,
  "tent_rain_flag": 0.0,
  "daily_precip_sum": 0.0,
  "daily_temp_mean": 18.474999999999998,
  "daily_wind_mean": 13.762500000000001,
  "daily_wind_dir_deg": 239.52361129560506
}