{
  "samples_local": {
    "10": {
      "temp": 17.8,
      "precip": 0.0,
      "wind": 10.5,
      "wind_dir_deg": 112.0
    },
    "12": {
      "temp": 19.6,
      "precip": 0.0,
      "wind": 15.6,
      "wind_dir_deg": 105.0
    },
    "14": {
      "temp": 18.2,
      "precip": 0.0,
      "wind": 19.0,
      "wind_dir_deg": 109.0
    },
    "16": {
      "temp": 16.2,
      "precip": 0.0,
      "wind": 18.0,
      "wind_dir_deg": 110.0
    }
  },
  "ride_temp_mean": 17.95,
  "ride_wind_mean": 15.775,
  "ride_wind_dir_deg": 108.7959457271146,
  "ride_rain_flag": 0.0,
  "tent_rain_flag": 0.0,
  "daily_precip_sum": 0.0,
  "daily_temp_mean": 13.558333333333332,
  "daily_wind_mean": 12.408333333333333,
  "daily_wind_dir_deg": 114.85932754232533
}