{
  "samples_local": {
    "10": {
      "temp": 18.2,
      "precip": 0.0,
      "wind": 10.8,
      "wind_dir_deg": 244.0
    },
    "12": {
      "temp": 19.5,
      "precip": 0.0,
      "wind": 10.2,
      "wind_dir_deg": 222.0
    },
    "14": {
      "temp": 20.3,
      "precip": 0.0,
      "wind": 10.7,
      "wind_dir_deg": 220.0
    },
    "16": {
      "temp": 20.4,
      "precip": 0.0,
      "wind": 9.7,
      "wind_dir_deg": 225.0
    }
  },
  "ride_temp_mean": 19.6,
  "ride_wind_mean": 10.35,
  "ride_wind_dir_deg": 227.87908885217036,
  "ride_rain_flag": 0.0,
  "tent_rain_flag": 0.0,
  "daily_precip_sum": 0.0,
  "daily_temp_mean": 15.308333333333332,
  "daily_wind_mean": 8.445833333333333,
  "daily_wind_dir_deg": 248.92341744654146
}