{
  "samples_local": {
    "10": {
      "temp": 19.2,
      "precip": 0.0,
      "wind": 15.6,
      "wind_dir_deg": 241.0
    },
    "12": {
      "temp": 21.2,
      "precip": 0.0,
      "wind": 16.4,
      "wind_dir_deg": 244.0
    },
    "14": {
      "temp": 22.5,
      "precip": 0.0,
      "wind": 16.0,
      "wind_dir_deg": 234.0
    },
    "16": {
      "temp": 22.8,
      "precip": 0.0,
      "wind": 16.6,
      "wind_dir_deg": 229.0
    }
  },
  "ride_temp_mean": 21.425,
  "ride_wind_mean": 16.15,
  "ride_wind_dir_deg": 236.94579454035667,
  "ride_rain_flag": 0.0,
  "tent_rain_flag": 0.0,
  "daily_precip_sum": 0.0,
  "daily_temp_mean": 16.991666666666667,
  "daily_wind_mean": 14.154166666666667,
  "daily_wind_dir_deg": 225.50639380721725
}