{
  "samples_local": {
    "10": {
      "temp": 18.5,
      "precip": 0.0,
      "wind": 12.1,
      "wind_dir_deg": 240.0
    },
    "12": {
      "temp": 19.8,
      "precip": 0.0,
      "wind": 15.3,
      "wind_dir_deg": 227.0
    },
    "14": {
      "temp": 20.9,
      "precip": 0.0,
      "wind": 14.8,
      "wind_dir_deg": 219.0
    },
    "16": {
      "temp": 21.1,
      "precip": 0.0,
      "wind": 15.8,
      "wind_dir_deg": 221.0
    }
  },
  "ride_temp_mean": 20.075,
  "ride_wind_mean": 14.5,
  "ride_wind_dir_deg": 226.01350917654213,
  "ride_rain_flag": 0.0,
  "tent_rain_flag": 0.0,
  "daily_precip_sum": 0.0,
  "daily_temp_mean": 15.545833333333334,
  "daily_wind_mean": 11.595833333333333,
  "daily_wind_dir_deg": 229.8812207423378
}