{
  "samples_local": {
    "10": {
      "temp": 18.6,
      "precip": 0.0,
      "wind": 16.8,
      "wind_dir_deg": 261.0
    },
    "12": {
      "temp": 20.4,
      "precip": 0.0,
      "wind": 15.3,
      "wind_dir_deg": 255.0
    },
    "14": {
      "temp": 21.9,
      "precip": 0.0,
      "wind": 15.1,
      "wind_dir_deg": 245.0
    },
    "16": {
      "temp": 22.1,
      "precip": 0.0,
      "wind": 15.3,
      "wind_dir_deg": 240.0
    }
  },
  "ride_temp_mean": 20.75,
  "ride_wind_mean": 15.625,
  "ride_wind_dir_deg": 250.52455648766295,
  "ride_rain_flag": 0.0,
  "tent_rain_flag": 0.0,
  "daily_precip_sum": 0.0,
  "daily_temp_mean": 16.533333333333335,
  "daily_wind_mean": 13.654166666666667,
  "daily_wind_dir_deg": 245.64882721507695
}