{
  "samples_local": {
    "10": {
      "temp": 20.5,
      "precip": 0.0,
      "wind": 3.3,
      "wind_dir_deg": 264.0
    },
    "12": {
      "temp": 22.2,
      "precip": 0.0,
      "wind": 4.1,
      "wind_dir_deg": 218.0
    },
    "14": {
      "temp": 23.5,
      "precip": 0.0,
      "wind": 5.8,
      "wind_dir_deg": 180.0
    },
    "16": {
      "temp": 23.6,
      "precip": 0.0,
      "wind": 5.1,
      "wind_dir_deg": 176.0
    }
  },
  "ride_temp_mean": 22.45,
  "ride_wind_mean": 4.574999999999999,
  "ride_wind_dir_deg": 200.64842272871238,
  "ride_rain_flag": 0.0,
  "tent_rain_flag": 0.0,
  "daily_precip_sum": 0.0,
  "daily_temp_mean": 17.470833333333335,
  "daily_wind_mean": 5.708333333333333,
  "daily_wind_dir_deg": 205.82241214108092
}