{
  "samples_local": {
    "10": {
      "temp": 20.9,
      "precip": 0.0,
      "wind": 0.4,
      "wind_dir_deg": 90.0
    },
    "12": {
      "temp": 22.8,
      "precip": 0.0,
      "wind": 5.0,
      "wind_dir_deg": 150.0
    },
    "14": {
      "temp": 24.1,
      "precip": 0.0,
      "wind": 9.7,
      "wind_dir_deg": 165.0
    },
    "16": {
      "temp": 23.8,
      "precip": 0.0,
      "wind": 8.0,
      "wind_dir_deg": 162.0
    }
  },
  "ride_temp_mean": 22.9,
  "ride_wind_mean": 5.7749999999999995,
  "ride_wind_dir_deg": 159.69860430212339,
  "ride_rain_flag": 0.0,
  "tent_rain_flag": 0.0,
  "daily_precip_sum": 0.0,
  "daily_temp_mean": 17.962500000000002,
  "daily_wind_mean": 7.2124999999999995,
  "daily_wind_dir_deg": 188.65169968669986
}