{
  "samples_local": {
    "10": {
      "temp": 17.5,
      "precip": 0.0,
      "wind": 8.8,
      "wind_dir_deg": 235.0
    },
    "12": {
      "temp": 20.4,
      "precip": 0.0,
      "wind": 12.6,
      "wind_dir_deg": 246.0
    },
    "14": {
      "temp": 21.6,
      "precip": 0.0,
      "wind": 14.7,
      "wind_dir_deg": 242.0
    },
    "16": {
      "temp": 21.9,
      "precip": 0.0,
      "wind": 14.4,
      "wind_dir_deg": 248.0
    }
  },
  "ride_temp_mean": 20.35,
  "ride_wind_mean": 12.625,
  "ride_wind_dir_deg": 243.49304749082904,
  "ride_rain_flag": 0.0,
  "tent_rain_flag": 0.0,
  "daily_precip_sum": 0.0,
  "daily_temp_mean": 15.966666666666667,
  "daily_wind_mean": 9.487499999999999,
  "daily_wind_dir_deg": 242.2441013140314
}