{
  "samples_local": {
    "10": {
      "temp": 17.3,
      "precip": 0.0,
      "wind": 17.6,
      "wind_dir_deg": 247.0
    },
    "12": {
      "temp": 19.5,
      "precip": 0.0,
      "wind": 19.7,
      "wind_dir_deg": 246.0
    },
    "14": {
      "temp": 21.1,
      "precip": 0.0,
      "wind": 19.0,
      "wind_dir_deg": 241.0
    },
    "16": {
      "temp": 21.5,
      "precip": 0.0,
      "wind": 18.6,
      "wind_dir_deg": 238.0
    }
  },
  "ride_temp_mean": 19.85,
  "ride_wind_mean": 18.725,
  "ride_wind_dir_deg": 242.98048821326097,
  "ride_rain_flag": 0.0,
  "tent_rain_flag": 0.0,
  "daily_precip_sum": 0.0,
  "daily_temp_mean": 16.233333333333334,
  "daily_wind_mean": 14.954166666666666,
  "daily_wind_dir_deg": 235.22861767145443
}