{
  "samples_local": {
    "10": {
      "temp": 18.8,
      "precip": 0.0,
      "wind": 9.2,
      "wind_dir_deg": 231.0
    },
    "12": {
      "temp": 20.7,
      "precip": 0.0,
      "wind": 9.2,
      "wind_dir_deg": 219.0
    },
    "14": {
      "temp": 21.6,
      "precip": 0.0,
      "wind": 12.4,
      "wind_dir_deg": 210.0
    },
    "16": {
      "temp": 21.5,
      "precip": 0.0,
      "wind": 13.2,
      "wind_dir_deg": 209.0
    }
  },
  "ride_temp_mean": 20.65,
  "ride_wind_mean": 11.0,
  "ride_wind_dir_deg": 215.94442323935507,
  "ride_rain_flag": 0.0,
  "tent_rain_flag": 0.0,
  "daily_precip_sum": 0.0,
  "daily_temp_mean": 15.704166666666666,
  "daily_wind_mean": 10.579166666666667,
  "daily_wind_dir_deg": 212.95692211162932
}