{
  "ride_temp_mean": 1.75,
  "ride_precip_sum": 0.0,
  "ride_wind_speed": 8.018017893495474,
  "ride_wind_dir": 3.4497878612801287,
  "tent_precip_sum": 0.9,
  "tent_temp_mean": 0.73
}