{
  "ride_temp_mean": 8.075,
  "ride_precip_sum": 1.4,
  "ride_wind_speed": 26.305979039900254,
  "ride_wind_dir": 223.6093714057539,
  "tent_precip_sum": 1.6,
  "tent_temp_mean": 7.625
}