{
  "ride_temp_mean": 8.3,
  "ride_precip_sum": 8.3,
  "ride_wind_speed": 25.356182799575038,
  "ride_wind_dir": 236.0108413269886,
  "tent_precip_sum": 10.8,
  "tent_temp_mean": 7.94
}