{
  "ride_temp_mean": 3.275,
  "ride_precip_sum": 0.0,
  "ride_wind_speed": 25.157293329560865,
  "ride_wind_dir": 224.909143920242,
  "tent_precip_sum": 0.0,
  "tent_temp_mean": 2.45
}