{
  "ride_temp_mean": -4.25,
  "ride_precip_sum": 0.2,
  "ride_wind_speed": 2.0111635628694695,
  "ride_wind_dir": 290.741284398536,
  "tent_precip_sum": 2.6,
  "tent_temp_mean": -4.995
}