{
  "ride_temp_mean": -3.3,
  "ride_precip_sum": 1.9000000000000001,
  "ride_wind_speed": 4.978809377081062,
  "ride_wind_dir": 299.4146005169416,
  "tent_precip_sum": 18.3,
  "tent_temp_mean": -2.215
}