{
  "samples_local": {
    "10": {
      "temp": 0.9,
      "precip": 0.0,
      "wind": 2.8,
      "wind_dir_deg": 40.0
    },
    "12": {
      "temp": 2.7,
      "precip": 0.0,
      "wind": 1.4,
      "wind_dir_deg": 90.0
    },
    "14": {
      "temp": 3.2,
      "precip": 0.0,
      "wind": 0.4,
      "wind_dir_deg": 243.0
    },
    "16": {
      "temp": 2.2,
      "precip": 0.0,
      "wind": 0.8,
      "wind_dir_deg": 207.0
    }
  },
  "ride_temp_mean": 2.25,
  "ride_wind_mean": 1.3499999999999999,
  "ride_wind_dir_deg": 63.24274038164316,
  "ride_rain_flag": 0.0,
  "tent_rain_flag": 0.0,
  "daily_precip_sum": 0.0,
  "daily_temp_mean": 0.26666666666666666,
  "daily_wind_mean": 2.970833333333333,
  "daily_wind_dir_deg": 32.646182172172644
}