{
  "samples_local": {
    "10": {
      "temp": -1.5,
      "precip": 0.0,
      "wind": 6.8,
      "wind_dir_deg": 328.0
    },
    "12": {
      "temp": 2.2,
      "precip": 0.0,
      "wind": 4.3,
      "wind_dir_deg": 265.0
    },
    "14": {
      "temp": 2.6,
      "precip": 0.0,
      "wind": 6.8,
      "wind_dir_deg": 253.0
    },
    "16": {
      "temp": -0.9,
      "precip": 0.0,
      "wind": 5.8,
      "wind_dir_deg": 265.0
    }
  },
  "ride_temp_mean": 0.6000000000000001,
  "ride_wind_mean": 5.925,
  "ride_wind_dir_deg": 278.17798170659705,
  "ride_rain_flag": 0.0,
  "tent_rain_flag": 0.0,
  "daily_precip_sum": 0.0,
  "daily_temp_mean": -2.7083333333333335,
  "daily_wind_mean": 7.383333333333333,
  "daily_wind_dir_deg": 317.8968957242721
}