{
  "samples_local": {
    "10": {
      "temp": 1.8,
      "precip": 0.0,
      "wind": 8.0,
      "wind_dir_deg": 14.0
    },
    "12": {
      "temp": 4.8,
      "precip": 0.0,
      "wind": 4.9,
      "wind_dir_deg": 24.0
    },
    "14": {
      "temp": 6.0,
      "precip": 0.0,
      "wind": 8.3,
      "wind_dir_deg": 22.0
    },
    "16": {
      "temp": 2.7,
      "precip": 0.0,
      "wind": 5.2,
      "wind_dir_deg": 25.0
    }
  },
  "ride_temp_mean": 3.825,
  "ride_wind_mean": 6.6000000000000005,
  "ride_wind_dir_deg": 20.54085524081944,
  "ride_rain_flag": 0.0,
  "tent_rain_flag": 0.0,
  "daily_precip_sum": 0.0,
  "daily_temp_mean": 1.5333333333333332,
  "daily_wind_mean": 6.195833333333333,
  "daily_wind_dir_deg": 24.54359652196888
}