{
  "samples_local": {
    "10": {
      "temp": 6.6,
      "precip": 0.0,
      "wind": 14.3,
      "wind_dir_deg": 34.0
    },
    "12": {
      "temp": 7.6,
      "precip": 0.0,
      "wind": 13.9,
      "wind_dir_deg": 42.0
    },
    "14": {
      "temp": 7.6,
      "precip": 0.0,
      "wind": 14.3,
      "wind_dir_deg": 42.0
    },
    "16": {
      "temp": 7.8,
      "precip": 0.0,
      "wind": 12.1,
      "wind_dir_deg": 53.0
    }
  },
  "ride_temp_mean": 7.3999999999999995,
  "ride_wind_mean": 13.65,
  "ride_wind_dir_deg": 42.33656888340306,
  "ride_rain_flag": 0.0,
  "tent_rain_flag": 0.0,
  "daily_precip_sum": 0.0,
  "daily_temp_mean": 6.8374999999999995,
  "daily_wind_mean": 13.600000000000001,
  "daily_wind_dir_deg": 41.21546762391466
}