{
  "samples_local": {
    "10": {
      "temp": 6.8,
      "precip": 0.1,
      "wind": 12.6,
      "wind_dir_deg": 42.0
    },
    "12": {
      "temp": 7.5,
      "precip": 0.1,
      "wind": 12.6,
      "wind_dir_deg": 46.0
    },
    "14": {
      "temp": 7.7,
      "precip": 0.0,
      "wind": 10.8,
      "wind_dir_deg": 43.0
    },
    "16": {
      "temp": 7.8,
      "precip": 0.0,
      "wind": 9.8,
      "wind_dir_deg": 40.0
    }
  },
  "ride_temp_mean": 7.45,
  "ride_wind_mean": 11.45,
  "ride_wind_dir_deg": 42.90816179265954,
  "ride_rain_flag": 0.0,
  "tent_rain_flag": 0.0,
  "daily_precip_sum": 0.30000000000000004,
  "daily_temp_mean": 6.866666666666667,
  "daily_wind_mean": 11.508333333333333,
  "daily_wind_dir_deg": 37.895840637544325
}