{
  "samples_local": {
    "10": {
      "temp": 3.9,
      "precip": 0.0,
      "wind": 6.5,
      "wind_dir_deg": 347.0
    },
    "12": {
      "temp": 4.9,
      "precip": 0.0,
      "wind": 6.0,
      "wind_dir_deg": 353.0
    },
    "14": {
      "temp": 5.7,
      "precip": 0.0,
      "wind": 6.5,
      "wind_dir_deg": 0.0
    },
    "16": {
      "temp": 5.4,
      "precip": 0.0,
      "wind": 4.2,
      "wind_dir_deg": 350.0
    }
  },
  "ride_temp_mean": 4.9750000000000005,
  "ride_wind_mean": 5.8,
  "ride_wind_dir_deg": 352.7344865847998,
  "ride_rain_flag": 0.0,
  "tent_rain_flag": 0.0,
  "daily_precip_sum": 0.1,
  "daily_temp_mean": 4.220833333333333,
  "daily_wind_mean": 6.4624999999999995,
  "daily_wind_dir_deg": 343.04911752647627
}