{
  "samples_local": {
    "10": {
      "temp": 2.6,
      "precip": 0.1,
      "wind": 2.3,
      "wind_dir_deg": 45.0
    },
    "12": {
      "temp": 3.7,
      "precip": 0.0,
      "wind": 1.1,
      "wind_dir_deg": 99.0
    },
    "14": {
      "temp": 4.2,
      "precip": 0.0,
      "wind": 0.4,
      "wind_dir_deg": 90.0
    },
    "16": {
      "temp": 3.8,
      "precip": 0.0,
      "wind": 1.5,
      "wind_dir_deg": 353.0
    }
  },
  "ride_temp_mean": 3.575,
  "ride_wind_mean": 1.325,
  "ride_wind_dir_deg": 44.87231671347013,
  "ride_rain_flag": 0.0,
  "tent_rain_flag": 0.0,
  "daily_precip_sum": 0.30000000000000004,
  "daily_temp_mean": 2.858333333333333,
  "daily_wind_mean": 3.1999999999999997,
  "daily_wind_dir_deg": 11.690572770279232
}