{
  "samples_local": {
    "10": {
      "temp": 5.3,
      "precip": 0.0,
      "wind": 12.8,
      "wind_dir_deg": 28.0
    },
    "12": {
      "temp": 6.5,
      "precip": 0.1,
      "wind": 11.8,
      "wind_dir_deg": 40.0
    },
    "14": {
      "temp": 6.4,
      "precip": 0.0,
      "wind": 10.6,
      "wind_dir_deg": 42.0
    },
    "16": {
      "temp": 6.4,
      "precip": 0.0,
      "wind": 9.3,
      "wind_dir_deg": 37.0
    }
  },
  "ride_temp_mean": 6.15,
  "ride_wind_mean": 11.125,
  "ride_wind_dir_deg": 36.40366336349126,
  "ride_rain_flag": 0.0,
  "tent_rain_flag": 0.0,
  "daily_precip_sum": 0.30000000000000004,
  "daily_temp_mean": 5.5249999999999995,
  "daily_wind_mean": 11.495833333333332,
  "daily_wind_dir_deg": 32.06381802835614
}