{
  "samples_local": {
    "10": {
      "temp": 7.1,
      "precip": 0.1,
      "wind": 8.0,
      "wind_dir_deg": 6.0
    },
    "12": {
      "temp": 7.7,
      "precip": 0.1,
      "wind": 8.7,
      "wind_dir_deg": 22.0
    },
    "14": {
      "temp": 8.2,
      "precip": 0.0,
      "wind": 9.0,
      "wind_dir_deg": 15.0
    },
    "16": {
      "temp": 8.2,
      "precip": 0.0,
      "wind": 7.7,
      "wind_dir_deg": 12.0
    }
  },
  "ride_temp_mean": 7.8,
  "ride_wind_mean": 8.35,
  "ride_wind_dir_deg": 13.975459734999333,
  "ride_rain_flag": 0.0,
  "tent_rain_flag": 1.0,
  "daily_precip_sum": 0.6000000000000001,
  "daily_temp_mean": 7.229166666666667,
  "daily_wind_mean": 7.8500000000000005,
  "daily_wind_dir_deg": 14.720905405955534
}