{
  "ride_temp_mean": 25.542857142857144,
  "ride_wind_mean": 6.814285714285715,
  "ride_rain_flag": 1.0,
  "tent_rain_flag": 1.0
}