{
  "ride_temp_mean": 8.128571428571428,
  "ride_wind_mean": 5.371428571428572,
  "ride_rain_flag": 1.0,
  "tent_rain_flag": 1.0
}