{
  "ride_temp_mean": 6.271428571428571,
  "ride_wind_mean": 10.971428571428572,
  "ride_rain_flag": 0.0,
  "tent_rain_flag": 1.0
}