{
  "samples_local": {
    "10": {
      "temp": 10.2,
      "precip": 0.7,
      "wind": 15.4,
      "wind_dir_deg": 127.0
    },
    "12": {
      "temp": 10.8,
      "precip": 0.1,
      "wind": 17.6,
      "wind_dir_deg": 158.0
    },
    "14": {
      "temp": 10.3,
      "precip": 0.0,
      "wind": 31.2,
      "wind_dir_deg": 129.0
    },
    "16": {
      "temp": 10.1,
      "precip": 0.0,
      "wind": 33.0,
      "wind_dir_deg": 139.0
    }
  },
  "ride_temp_mean": 10.35,
  "ride_wind_mean": 24.3,
  "ride_wind_dir_deg": 137.26559872138859,
  "ride_rain_flag": 1.0,
  "tent_rain_flag": 1.0,
  "daily_precip_sum": 5.2,
  "daily_temp_mean": 10.670833333333334,
  "daily_wind_mean": 20.058333333333334,
  "daily_wind_dir_deg": 151.53651750878885
}