{
  "ride_temp_mean": -1.2428571428571427,
  "ride_wind_mean": 10.757142857142856,
  "ride_rain_flag": 1.0,
  "tent_rain_flag": 1.0
}