{
  "samples_local": {
    "10": {
      "temp": 12.7,
      "precip": 0.0,
      "wind": 33.9,
      "wind_dir_deg": 156.0
    },
    "12": {
      "temp": 13.1,
      "precip": 0.0,
      "wind": 31.9,
      "wind_dir_deg": 152.0
    },
    "14": {
      "temp": 13.5,
      "precip": 0.0,
      "wind": 30.8,
      "wind_dir_deg": 150.0
    },
    "16": {
      "temp": 12.8,
      "precip": 0.8,
      "wind": 23.1,
      "wind_dir_deg": 88.0
    }
  },
  "ride_temp_mean": 13.025,
  "ride_wind_mean": 29.925,
  "ride_wind_dir_deg": 141.6504607762347,
  "ride_rain_flag": 1.0,
  "tent_rain_flag": 1.0,
  "daily_precip_sum": 13.9,
  "daily_temp_mean": 12.579166666666666,
  "daily_wind_mean": 22.391666666666666,
  "daily_wind_dir_deg": 141.81462808207175
}