{
  "ride_temp_mean": 4.928571428571429,
  "ride_wind_mean": 5.371428571428572,
  "ride_rain_flag": 1.0,
  "tent_rain_flag": 1.0
}