{
  "ride_temp_mean": 14.957142857142857,
  "ride_wind_mean": 16.67142857142857,
  "ride_rain_flag": 0.0,
  "tent_rain_flag": 0.0
}