{
  "samples_local": {
    "10": {
      "temp": 10.5,
      "precip": 0.0,
      "wind": 15.9,
      "wind_dir_deg": 132.0
    },
    "12": {
      "temp": 13.0,
      "precip": 0.0,
      "wind": 18.7,
      "wind_dir_deg": 130.0
    },
    "14": {
      "temp": 13.8,
      "precip": 0.0,
      "wind": 15.6,
      "wind_dir_deg": 129.0
    },
    "16": {
      "temp": 15.8,
      "precip": 0.0,
      "wind": 17.2,
      "wind_dir_deg": 123.0
    }
  },
  "ride_temp_mean": 13.275,
  "ride_wind_mean": 16.85,
  "ride_wind_dir_deg": 128.45552164664855,
  "ride_rain_flag": 0.0,
  "tent_rain_flag": 0.0,
  "daily_precip_sum": 0.1,
  "daily_temp_mean": 10.333333333333334,
  "daily_wind_mean": 16.120833333333334,
  "daily_wind_dir_deg": 126.68350695930792
}