{
  "ride_temp_mean": 11.057142857142859,
  "ride_wind_mean": 15.742857142857144,
  "ride_rain_flag": 1.0,
  "tent_rain_flag": 1.0
}