{
  "ride_temp_mean": 5.3428571428571425,
  "ride_wind_mean": 11.528571428571428,
  "ride_rain_flag": 1.0,
  "tent_rain_flag": 1.0
}