{
  "ride_temp_mean": 11.385714285714286,
  "ride_wind_mean": 21.357142857142858,
  "ride_rain_flag": 1.0,
  "tent_rain_flag": 1.0
}