{
  "ride_temp_mean": 6.742857142857143,
  "ride_wind_mean": 10.37142857142857,
  "ride_rain_flag": 1.0,
  "tent_rain_flag": 1.0
}