{
  "ride_temp_mean": 7.028571428571429,
  "ride_wind_mean": 7.557142857142857,
  "ride_rain_flag": 1.0,
  "tent_rain_flag": 1.0
}