{
  "ride_temp_mean": 11.171428571428573,
  "ride_wind_mean": 14.171428571428573,
  "ride_rain_flag": 1.0,
  "tent_rain_flag": 0.0
}