{
  "ride_temp_mean": 6.371428571428572,
  "ride_wind_mean": 8.72857142857143,
  "ride_rain_flag": 0.0,
  "tent_rain_flag": 1.0
}