{
  "samples_local": {
    "10": {
      "temp": 4.2,
      "precip": 0.0,
      "wind": 13.0,
      "wind_dir_deg": 70.0
    },
    "12": {
      "temp": 6.3,
      "precip": 0.1,
      "wind": 17.1,
      "wind_dir_deg": 69.0
    },
    "14": {
      "temp": 6.5,
      "precip": 0.0,
      "wind": 15.9,
      "wind_dir_deg": 63.0
    },
    "16": {
      "temp": 6.5,
      "precip": 0.1,
      "wind": 14.4,
      "wind_dir_deg": 33.0
    }
  },
  "ride_temp_mean": 5.875,
  "ride_wind_mean": 15.100000000000001,
  "ride_wind_dir_deg": 59.241800451941856,
  "ride_rain_flag": 0.0,
  "tent_rain_flag": 0.0,
  "daily_precip_sum": 0.4,
  "daily_temp_mean": 3.6958333333333333,
  "daily_wind_mean": 11.108333333333334,
  "daily_wind_dir_deg": 40.447502324160155
}