{
  "ride_temp_mean": 1.3,
  "ride_precip_sum": 0.0,
  "ride_wind_speed": 9.003757873408217,
  "ride_wind_dir": 296.2926342852684,
  "tent_precip_sum": 13.5,
  "tent_temp_mean": 1.06
}