{
  "ride_temp_mean": 5.975,
  "ride_precip_sum": 0.0,
  "ride_wind_speed": 9.810386345393306,
  "ride_wind_dir": 217.05072513321,
  "tent_precip_sum": 0.1,
  "tent_temp_mean": 5.029999999999999
}