{
  "samples_local": {
    "10": {
      "temp": 2.9,
      "precip": 0.0,
      "wind": 16.1,
      "wind_dir_deg": 63.0
    },
    "12": {
      "temp": 3.8,
      "precip": 0.0,
      "wind": 14.9,
      "wind_dir_deg": 75.0
    },
    "14": {
      "temp": 3.3,
      "precip": 0.1,
      "wind": 17.1,
      "wind_dir_deg": 97.0
    },
    "16": {
      "temp": 2.0,
      "precip": 0.0,
      "wind": 13.8,
      "wind_dir_deg": 99.0
    }
  },
  "ride_temp_mean": 3.0,
  "ride_wind_mean": 15.475000000000001,
  "ride_wind_dir_deg": 83.34569563558762,
  "ride_rain_flag": 0.0,
  "tent_rain_flag": 1.0,
  "daily_precip_sum": 2.6,
  "daily_temp_mean": 1.6916666666666667,
  "daily_wind_mean": 14.870833333333332,
  "daily_wind_dir_deg": 70.96996083088152
}