{
  "samples_local": {
    "10": {
      "temp": 1.5,
      "precip": 0.1,
      "wind": 14.8,
      "wind_dir_deg": 91.0
    },
    "12": {
      "temp": 0.9,
      "precip": 0.0,
      "wind": 15.9,
      "wind_dir_deg": 96.0
    },
    "14": {
      "temp": 1.5,
      "precip": 0.0,
      "wind": 15.8,
      "wind_dir_deg": 102.0
    },
    "16": {
      "temp": 1.5,
      "precip": 0.0,
      "wind": 13.3,
      "wind_dir_deg": 90.0
    }
  },
  "ride_temp_mean": 1.35,
  "ride_wind_mean": 14.950000000000001,
  "ride_wind_dir_deg": 95.01101984003202,
  "ride_rain_flag": 0.0,
  "tent_rain_flag": 1.0,
  "daily_precip_sum": 2.2,
  "daily_temp_mean": 1.2125000000000001,
  "daily_wind_mean": 12.408333333333333,
  "daily_wind_dir_deg": 78.18016343288946
}