{
  "samples_local": {
    "10": {
      "temp": 1.1,
      "precip": 0.0,
      "wind": 10.9,
      "wind_dir_deg": 56.0
    },
    "12": {
      "temp": 1.4,
      "precip": 0.1,
      "wind": 10.9,
      "wind_dir_deg": 56.0
    },
    "14": {
      "temp": 0.9,
      "precip": 0.4,
      "wind": 14.5,
      "wind_dir_deg": 76.0
    },
    "16": {
      "temp": -0.1,
      "precip": 0.1,
      "wind": 13.7,
      "wind_dir_deg": 87.0
    }
  },
  "ride_temp_mean": 0.825,
  "ride_wind_mean": 12.5,
  "ride_wind_dir_deg": 70.29105046229523,
  "ride_rain_flag": 1.0,
  "tent_rain_flag": 1.0,
  "daily_precip_sum": 3.3000000000000003,
  "daily_temp_mean": 0.4791666666666667,
  "daily_wind_mean": 11.950000000000001,
  "daily_wind_dir_deg": 63.92373962227464
}