{
  "samples_local": {
    "10": {
      "temp": 1.5,
      "precip": 0.0,
      "wind": 12.3,
      "wind_dir_deg": 357.0
    },
    "12": {
      "temp": 2.7,
      "precip": 0.0,
      "wind": 10.9,
      "wind_dir_deg": 6.0
    },
    "14": {
      "temp": 2.1,
      "precip": 0.1,
      "wind": 9.0,
      "wind_dir_deg": 355.0
    },
    "16": {
      "temp": 1.4,
      "precip": 0.0,
      "wind": 7.6,
      "wind_dir_deg": 25.0
    }
  },
  "ride_temp_mean": 1.925,
  "ride_wind_mean": 9.95,
  "ride_wind_dir_deg": 4.288920670598429,
  "ride_rain_flag": 0.0,
  "tent_rain_flag": 1.0,
  "daily_precip_sum": 0.6000000000000001,
  "daily_temp_mean": 0.8416666666666667,
  "daily_wind_mean": 10.008333333333333,
  "daily_wind_dir_deg": 0.9273547218384692
}