{
  "samples_local": {
    "10": {
      "temp": 1.1,
      "precip": 0.1,
      "wind": 18.3,
      "wind_dir_deg": 122.0
    },
    "12": {
      "temp": 1.6,
      "precip": 0.1,
      "wind": 17.6,
      "wind_dir_deg": 125.0
    },
    "14": {
      "temp": 1.9,
      "precip": 0.1,
      "wind": 17.1,
      "wind_dir_deg": 112.0
    },
    "16": {
      "temp": 1.3,
      "precip": 0.0,
      "wind": 13.8,
      "wind_dir_deg": 99.0
    }
  },
  "ride_temp_mean": 1.475,
  "ride_wind_mean": 16.700000000000003,
  "ride_wind_dir_deg": 115.51141279960825,
  "ride_rain_flag": 0.0,
  "tent_rain_flag": 0.0,
  "daily_precip_sum": 0.8,
  "daily_temp_mean": 0.7791666666666667,
  "daily_wind_mean": 16.583333333333332,
  "daily_wind_dir_deg": 109.13504790919183
}