{
  "samples_local": {
    "10": {
      "temp": 0.3,
      "precip": 0.0,
      "wind": 7.9,
      "wind_dir_deg": 273.0
    },
    "12": {
      "temp": 0.8,
      "precip": 0.0,
      "wind": 6.6,
      "wind_dir_deg": 283.0
    },
    "14": {
      "temp": 0.2,
      "precip": 0.0,
      "wind": 4.0,
      "wind_dir_deg": 260.0
    },
    "16": {
      "temp": 0.1,
      "precip": 0.0,
      "wind": 2.5,
      "wind_dir_deg": 278.0
    }
  },
  "ride_temp_mean": 0.35000000000000003,
  "ride_wind_mean": 5.25,
  "ride_wind_dir_deg": 274.279130024385,
  "ride_rain_flag": 0.0,
  "tent_rain_flag": 0.0,
  "daily_precip_sum": 0.2,
  "daily_temp_mean": -0.049999999999999996,
  "daily_wind_mean": 6.433333333333334,
  "daily_wind_dir_deg": 265.9143763123308
}