{
  "samples_local": {
    "10": {
      "temp": -0.8,
      "precip": 0.4,
      "wind": 12.8,
      "wind_dir_deg": 292.0
    },
    "12": {
      "temp": -0.2,
      "precip": 0.4,
      "wind": 10.9,
      "wind_dir_deg": 297.0
    },
    "14": {
      "temp": -0.3,
      "precip": 0.2,
      "wind": 9.8,
      "wind_dir_deg": 294.0
    },
    "16": {
      "temp": -0.6,
      "precip": 0.0,
      "wind": 10.4,
      "wind_dir_deg": 290.0
    }
  },
  "ride_temp_mean": -0.475,
  "ride_wind_mean": 10.975000000000001,
  "ride_wind_dir_deg": 293.21385916284726,
  "ride_rain_flag": 1.0,
  "tent_rain_flag": 1.0,
  "daily_precip_sum": 3.9,
  "daily_temp_mean": -0.7958333333333334,
  "daily_wind_mean": 11.133333333333333,
  "daily_wind_dir_deg": 293.90689213478913
}