{
  "samples_local": {
    "10": {
      "temp": -0.3,
      "precip": 0.1,
      "wind": 13.7,
      "wind_dir_deg": 5.0
    },
    "12": {
      "temp": 0.8,
      "precip": 0.0,
      "wind": 13.4,
      "wind_dir_deg": 27.0
    },
    "14": {
      "temp": 0.9,
      "precip": 0.0,
      "wind": 9.6,
      "wind_dir_deg": 34.0
    },
    "16": {
      "temp": 0.7,
      "precip": 0.0,
      "wind": 6.1,
      "wind_dir_deg": 45.0
    }
  },
  "ride_temp_mean": 0.525,
  "ride_wind_mean": 10.7,
  "ride_wind_dir_deg": 24.129945016545093,
  "ride_rain_flag": 0.0,
  "tent_rain_flag": 1.0,
  "daily_precip_sum": 1.2000000000000002,
  "daily_temp_mean": -0.48750000000000004,
  "daily_wind_mean": 14.804166666666667,
  "daily_wind_dir_deg": 19.468581684103697
}