{
  "ride_temp_mean": -0.024999999999999988,
  "ride_precip_sum": 0.7000000000000001,
  "ride_wind_speed": 9.97730164740408,
  "ride_wind_dir": 263.79889833751264,
  "tent_precip_sum": 2.7,
  "tent_temp_mean": -0.64
}