{
  "ride_temp_mean": 6.6,
  "ride_precip_sum": 0.0,
  "ride_wind_speed": 10.789037440869553,
  "ride_wind_dir": 232.47202430120552,
  "tent_precip_sum": 0.6,
  "tent_temp_mean": 5.24
}