{
  "ride_temp_mean": 5.75,
  "ride_precip_sum": 0.0,
  "ride_wind_speed": 9.176741713562548,
  "ride_wind_dir": 228.3863387782596,
  "tent_precip_sum": 0.0,
  "tent_temp_mean": 1.06
}