{
  "ride_temp_mean": 6.8999999999999995,
  "ride_precip_sum": 0.0,
  "ride_wind_speed": 20.66474050375564,
  "ride_wind_dir": 221.79678043202674,
  "tent_precip_sum": 2.9,
  "tent_temp_mean": 5.63
}