{
  "ride_temp_mean": 7.175,
  "ride_precip_sum": 4.1,
  "ride_wind_speed": 27.31596410164716,
  "ride_wind_dir": 229.2544137100663,
  "tent_precip_sum": 14.8,
  "tent_temp_mean": 6.705
}