{
  "ride_temp_mean": -4.625,
  "ride_precip_sum": 0.0,
  "ride_wind_speed": 14.457246469185444,
  "ride_wind_dir": 306.7089295766708,
  "tent_precip_sum": 14.0,
  "tent_temp_mean": -3.84
}