{
  "ride_temp_mean": 4.3,
  "ride_precip_sum": 1.3,
  "ride_wind_speed": 26.640666453810844,
  "ride_wind_dir": 221.56455199502426,
  "tent_precip_sum": 9.0,
  "tent_temp_mean": 3.44
}