{
  "ride_temp_mean": 6.175,
  "ride_precip_sum": 0.0,
  "ride_wind_speed": 4.632555298999737,
  "ride_wind_dir": 277.8624957154152,
  "tent_precip_sum": 0.2,
  "tent_temp_mean": 3.9299999999999997
}