{
  "ride_temp_mean": 8.45,
  "ride_precip_sum": 0.0,
  "ride_wind_speed": 0.40577403368460857,
  "ride_wind_dir": 115.69296792182183,
  "tent_precip_sum": 0.0,
  "tent_temp_mean": 5.95
}