{
  "ride_temp_mean": 5.45,
  "ride_precip_sum": 0.0,
  "ride_wind_speed": 4.500320671887889,
  "ride_wind_dir": 258.48414130161905,
  "tent_precip_sum": 0.2,
  "tent_temp_mean": 1.51
}