{
  "ride_temp_mean": 8.025,
  "ride_precip_sum": 1.0,
  "ride_wind_speed": 33.28195676104811,
  "ride_wind_dir": 228.5800348830123,
  "tent_precip_sum": 1.7000000000000002,
  "tent_temp_mean": 7.334999999999999
}