{
  "ride_temp_mean": -7.7749999999999995,
  "ride_precip_sum": 0.7000000000000001,
  "ride_wind_speed": 6.952388694160029,
  "ride_wind_dir": 312.4834440092391,
  "tent_precip_sum": 17.5,
  "tent_temp_mean": -7.065
}