{
  "ride_temp_mean": 0.42500000000000004,
  "ride_precip_sum": 0.0,
  "ride_wind_speed": 1.2346965736279794,
  "ride_wind_dir": 300.87931394401454,
  "tent_precip_sum": 0.4,
  "tent_temp_mean": -1.675
}