{
  "ride_temp_mean": -2.075,
  "ride_precip_sum": 0.1,
  "ride_wind_speed": 4.952347605433131,
  "ride_wind_dir": 258.22889940592484,
  "tent_precip_sum": 11.7,
  "tent_temp_mean": -4.0649999999999995
}