{
  "ride_temp_mean": -6.8500000000000005,
  "ride_precip_sum": 0.0,
  "ride_wind_speed": 1.7746976845456317,
  "ride_wind_dir": 48.2716233411644,
  "tent_precip_sum": 0.0,
  "tent_temp_mean": -9.48
}