{
  "ride_temp_mean": -1.95,
  "ride_precip_sum": 0.0,
  "ride_wind_speed": 3.6514956336858413,
  "ride_wind_dir": 344.70994793461875,
  "tent_precip_sum": 0.0,
  "tent_temp_mean": -6.945
}