{
  "ride_temp_mean": 4.0,
  "ride_precip_sum": 0.0,
  "ride_wind_speed": 5.889280437557724,
  "ride_wind_dir": 153.80626977007444,
  "tent_precip_sum": 0.0,
  "tent_temp_mean": -1.1199999999999999
}