{
  "ride_temp_mean": -0.049999999999999996,
  "ride_precip_sum": 0.0,
  "ride_wind_speed": 11.827678267854752,
  "ride_wind_dir": 280.9215928746322,
  "tent_precip_sum": 4.2,
  "tent_temp_mean": 0.825
}