{
  "samples_local": {
    "10": {
      "temp": 26.6,
      "precip": 0.0,
      "wind": 14.1,
      "wind_dir_deg": 266.0
    },
    "12": {
      "temp": 28.9,
      "precip": 0.0,
      "wind": 11.9,
      "wind_dir_deg": 272.0
    },
    "14": {
      "temp": 30.6,
      "precip": 0.3,
      "wind": 12.3,
      "wind_dir_deg": 266.0
    },
    "16": {
      "temp": 29.6,
      "precip": 0.1,
      "wind": 9.4,
      "wind_dir_deg": 223.0
    }
  },
  "ride_temp_mean": 28.925,
  "ride_wind_mean": 11.925,
  "ride_wind_dir_deg": 259.4657547052794,
  "ride_rain_flag": 1.0,
  "tent_rain_flag": 1.0,
  "daily_precip_sum": 2.3000000000000003,
  "daily_temp_mean": 24.599999999999998,
  "daily_wind_mean": 9.216666666666667,
  "daily_wind_dir_deg": 247.05713805741658
}