{
  "samples_local": {
    "10": {
      "temp": 19.1,
      "precip": 0.0,
      "wind": 15.2,
      "wind_dir_deg": 41.0
    },
    "12": {
      "temp": 20.5,
      "precip": 0.1,
      "wind": 15.3,
      "wind_dir_deg": 50.0
    },
    "14": {
      "temp": 22.1,
      "precip": 0.0,
      "wind": 19.3,
      "wind_dir_deg": 53.0
    },
    "16": {
      "temp": 21.6,
      "precip": 0.5,
      "wind": 13.9,
      "wind_dir_deg": 51.0
    }
  },
  "ride_temp_mean": 20.825000000000003,
  "ride_wind_mean": 15.925,
  "ride_wind_dir_deg": 48.98465383989139,
  "ride_rain_flag": 1.0,
  "tent_rain_flag": 1.0,
  "daily_precip_sum": 25.1,
  "daily_temp_mean": 18.4375,
  "daily_wind_mean": 10.333333333333334,
  "daily_wind_dir_deg": 43.27943889262491
}