{
  "samples_local": {
    "10": {
      "temp": 24.1,
      "precip": 0.3,
      "wind": 8.6,
      "wind_dir_deg": 301.0
    },
    "12": {
      "temp": 25.2,
      "precip": 0.1,
      "wind": 6.2,
      "wind_dir_deg": 352.0
    },
    "14": {
      "temp": 27.0,
      "precip": 0.0,
      "wind": 19.4,
      "wind_dir_deg": 327.0
    },
    "16": {
      "temp": 27.5,
      "precip": 0.0,
      "wind": 14.8,
      "wind_dir_deg": 313.0
    }
  },
  "ride_temp_mean": 25.95,
  "ride_wind_mean": 12.25,
  "ride_wind_dir_deg": 321.26617733091535,
  "ride_rain_flag": 1.0,
  "tent_rain_flag": 1.0,
  "daily_precip_sum": 22.7,
  "daily_temp_mean": 23.03333333333333,
  "daily_wind_mean": 8.700000000000001,
  "daily_wind_dir_deg": 338.52392058348715
}