{
  "samples_local": {
    "10": {
      "temp": 18.6,
      "precip": 0.2,
      "wind": 5.3,
      "wind_dir_deg": 242.0
    },
    "12": {
      "temp": 18.7,
      "precip": 6.0,
      "wind": 4.9,
      "wind_dir_deg": 298.0
    },
    "14": {
      "temp": 18.7,
      "precip": 0.5,
      "wind": 3.9,
      "wind_dir_deg": 254.0
    },
    "16": {
      "temp": 17.6,
      "precip": 1.8,
      "wind": 4.3,
      "wind_dir_deg": 213.0
    }
  },
  "ride_temp_mean": 18.4,
  "ride_wind_mean": 4.6,
  "ride_wind_dir_deg": 252.1244691386807,
  "ride_rain_flag": 1.0,
  "tent_rain_flag": 1.0,
  "daily_precip_sum": 41.800000000000004,
  "daily_temp_mean": 17.116666666666667,
  "daily_wind_mean": 2.7583333333333333,
  "daily_wind_dir_deg": 241.1075618490996
}