{
  "samples_local": {
    "10": {
      "temp": 20.2,
      "precip": 0.0,
      "wind": 19.3,
      "wind_dir_deg": 53.0
    },
    "12": {
      "temp": 20.6,
      "precip": 0.0,
      "wind": 20.3,
      "wind_dir_deg": 48.0
    },
    "14": {
      "temp": 20.0,
      "precip": 0.0,
      "wind": 18.8,
      "wind_dir_deg": 46.0
    },
    "16": {
      "temp": 20.5,
      "precip": 0.0,
      "wind": 22.8,
      "wind_dir_deg": 51.0
    }
  },
  "ride_temp_mean": 20.325,
  "ride_wind_mean": 20.3,
  "ride_wind_dir_deg": 49.567786937187634,
  "ride_rain_flag": 0.0,
  "tent_rain_flag": 1.0,
  "daily_precip_sum": 2.3000000000000003,
  "daily_temp_mean": 19.958333333333332,
  "daily_wind_mean": 19.45,
  "daily_wind_dir_deg": 61.420009870037575
}