{
  "samples_local": {
    "10": {
      "temp": 21.6,
      "precip": 0.0,
      "wind": 10.7,
      "wind_dir_deg": 41.0
    },
    "12": {
      "temp": 22.2,
      "precip": 0.0,
      "wind": 14.4,
      "wind_dir_deg": 40.0
    },
    "14": {
      "temp": 24.4,
      "precip": 0.0,
      "wind": 15.6,
      "wind_dir_deg": 60.0
    },
    "16": {
      "temp": 23.8,
      "precip": 0.1,
      "wind": 10.5,
      "wind_dir_deg": 20.0
    }
  },
  "ride_temp_mean": 23.0,
  "ride_wind_mean": 12.8,
  "ride_wind_dir_deg": 42.2284392985282,
  "ride_rain_flag": 0.0,
  "tent_rain_flag": 1.0,
  "daily_precip_sum": 1.4000000000000001,
  "daily_temp_mean": 19.891666666666666,
  "daily_wind_mean": 11.729166666666666,
  "daily_wind_dir_deg": 20.293740250032783
}