{
  "samples_local": {
    "10": {
      "temp": 25.1,
      "precip": 0.0,
      "wind": 16.4,
      "wind_dir_deg": 275.0
    },
    "12": {
      "temp": 28.1,
      "precip": 0.0,
      "wind": 15.7,
      "wind_dir_deg": 285.0
    },
    "14": {
      "temp": 31.1,
      "precip": 0.0,
      "wind": 13.5,
      "wind_dir_deg": 344.0
    },
    "16": {
      "temp": 29.5,
      "precip": 0.0,
      "wind": 15.6,
      "wind_dir_deg": 339.0
    }
  },
  "ride_temp_mean": 28.450000000000003,
  "ride_wind_mean": 15.299999999999999,
  "ride_wind_dir_deg": 308.9855449318246,
  "ride_rain_flag": 0.0,
  "tent_rain_flag": 0.0,
  "daily_precip_sum": 0.0,
  "daily_temp_mean": 24.2625,
  "daily_wind_mean": 13.516666666666666,
  "daily_wind_dir_deg": 284.0078238104794
}