{
  "samples_local": {
    "10": {
      "temp": 22.9,
      "precip": 0.3,
      "wind": 12.1,
      "wind_dir_deg": 308.0
    },
    "12": {
      "temp": 25.2,
      "precip": 0.5,
      "wind": 15.0,
      "wind_dir_deg": 334.0
    },
    "14": {
      "temp": 27.9,
      "precip": 0.0,
      "wind": 11.9,
      "wind_dir_deg": 333.0
    },
    "16": {
      "temp": 24.1,
      "precip": 2.3,
      "wind": 12.6,
      "wind_dir_deg": 1.0
    }
  },
  "ride_temp_mean": 25.025,
  "ride_wind_mean": 12.9,
  "ride_wind_dir_deg": 334.2435694433739,
  "ride_rain_flag": 1.0,
  "tent_rain_flag": 1.0,
  "daily_precip_sum": 6.6,
  "daily_temp_mean": 21.979166666666668,
  "daily_wind_mean": 11.254166666666668,
  "daily_wind_dir_deg": 153.12613885359997
}