{
  "samples_local": {
    "10": {
      "temp": 17.9,
      "precip": 8.6,
      "wind": 39.3,
      "wind_dir_deg": 74.0
    },
    "12": {
      "temp": 18.0,
      "precip": 0.7,
      "wind": 23.0,
      "wind_dir_deg": 99.0
    },
    "14": {
      "temp": 18.9,
      "precip": 0.0,
      "wind": 19.0,
      "wind_dir_deg": 115.0
    },
    "16": {
      "temp": 18.7,
      "precip": 0.0,
      "wind": 20.6,
      "wind_dir_deg": 100.0
    }
  },
  "ride_temp_mean": 18.375,
  "ride_wind_mean": 25.475,
  "ride_wind_dir_deg": 92.5545664089741,
  "ride_rain_flag": 1.0,
  "tent_rain_flag": 1.0,
  "daily_precip_sum": 18.2,
  "daily_temp_mean": 18.566666666666666,
  "daily_wind_mean": 30.53333333333333,
  "daily_wind_dir_deg": 68.33568780878664
}