{
  "samples_local": {
    "10": {
      "temp": 23.5,
      "precip": 0.0,
      "wind": 10.8,
      "wind_dir_deg": 69.0
    },
    "12": {
      "temp": 22.7,
      "precip": 1.1,
      "wind": 15.4,
      "wind_dir_deg": 53.0
    },
    "14": {
      "temp": 26.0,
      "precip": 0.0,
      "wind": 23.1,
      "wind_dir_deg": 86.0
    },
    "16": {
      "temp": 25.2,
      "precip": 0.0,
      "wind": 25.3,
      "wind_dir_deg": 94.0
    }
  },
  "ride_temp_mean": 24.35,
  "ride_wind_mean": 18.650000000000002,
  "ride_wind_dir_deg": 79.58773644658254,
  "ride_rain_flag": 1.0,
  "tent_rain_flag": 0.0,
  "daily_precip_sum": 1.1,
  "daily_temp_mean": 20.770833333333332,
  "daily_wind_mean": 14.075000000000001,
  "daily_wind_dir_deg": 78.04739368377216
}