{
  "samples_local": {
    "10": {
      "temp": 25.1,
      "precip": 0.0,
      "wind": 11.6,
      "wind_dir_deg": 95.0
    },
    "12": {
      "temp": 26.6,
      "precip": 0.0,
      "wind": 14.8,
      "wind_dir_deg": 94.0
    },
    "14": {
      "temp": 26.3,
      "precip": 0.0,
      "wind": 18.2,
      "wind_dir_deg": 76.0
    },
    "16": {
      "temp": 26.1,
      "precip": 0.0,
      "wind": 19.4,
      "wind_dir_deg": 89.0
    }
  },
  "ride_temp_mean": 26.025000000000002,
  "ride_wind_mean": 16.0,
  "ride_wind_dir_deg": 87.56218605869526,
  "ride_rain_flag": 0.0,
  "tent_rain_flag": 0.0,
  "daily_precip_sum": 0.1,
  "daily_temp_mean": 21.879166666666666,
  "daily_wind_mean": 12.191666666666668,
  "daily_wind_dir_deg": 86.50537229896202
}