{
  "samples_local": {
    "10": {
      "temp": 22.8,
      "precip": 0.1,
      "wind": 15.5,
      "wind_dir_deg": 87.0
    },
    "12": {
      "temp": 24.4,
      "precip": 0.0,
      "wind": 16.2,
      "wind_dir_deg": 102.0
    },
    "14": {
      "temp": 24.9,
      "precip": 0.0,
      "wind": 12.2,
      "wind_dir_deg": 104.0
    },
    "16": {
      "temp": 24.8,
      "precip": 0.0,
      "wind": 19.7,
      "wind_dir_deg": 99.0
    }
  },
  "ride_temp_mean": 24.225,
  "ride_wind_mean": 15.899999999999999,
  "ride_wind_dir_deg": 97.81106481050699,
  "ride_rain_flag": 0.0,
  "tent_rain_flag": 1.0,
  "daily_precip_sum": 3.2,
  "daily_temp_mean": 20.454166666666666,
  "daily_wind_mean": 13.783333333333333,
  "daily_wind_dir_deg": 90.74708553609844
}