{
  "samples_local": {
    "10": {
      "temp": 24.9,
      "precip": 0.0,
      "wind": 13.7,
      "wind_dir_deg": 76.0
    },
    "12": {
      "temp": 26.6,
      "precip": 0.0,
      "wind": 16.9,
      "wind_dir_deg": 106.0
    },
    "14": {
      "temp": 26.8,
      "precip": 0.0,
      "wind": 15.5,
      "wind_dir_deg": 90.0
    },
    "16": {
      "temp": 26.0,
      "precip": 0.0,
      "wind": 20.6,
      "wind_dir_deg": 78.0
    }
  },
  "ride_temp_mean": 26.075,
  "ride_wind_mean": 16.675,
  "ride_wind_dir_deg": 87.41854260269025,
  "ride_rain_flag": 0.0,
  "tent_rain_flag": 0.0,
  "daily_precip_sum": 0.0,
  "daily_temp_mean": 21.441666666666666,
  "daily_wind_mean": 10.520833333333334,
  "daily_wind_dir_deg": 95.24368218871979
}