{
  "samples_local": {
    "10": {
      "temp": 18.8,
      "precip": 0.0,
      "wind": 10.9,
      "wind_dir_deg": 73.0
    },
    "12": {
      "temp": 20.8,
      "precip": 0.2,
      "wind": 14.1,
      "wind_dir_deg": 96.0
    },
    "14": {
      "temp": 17.5,
      "precip": 0.5,
      "wind": 17.7,
      "wind_dir_deg": 110.0
    },
    "16": {
      "temp": 19.7,
      "precip": 0.1,
      "wind": 14.2,
      "wind_dir_deg": 106.0
    }
  },
  "ride_temp_mean": 19.2,
  "ride_wind_mean": 14.225,
  "ride_wind_dir_deg": 98.57730818673144,
  "ride_rain_flag": 1.0,
  "tent_rain_flag": 1.0,
  "daily_precip_sum": 6.3,
  "daily_temp_mean": 16.741666666666667,
  "daily_wind_mean": 10.629166666666666,
  "daily_wind_dir_deg": 125.47247653223468
}