{
  "samples_local": {
    "10": {
      "temp": 22.4,
      "precip": 0.0,
      "wind": 6.1,
      "wind_dir_deg": 87.0
    },
    "12": {
      "temp": 22.5,
      "precip": 0.0,
      "wind": 17.4,
      "wind_dir_deg": 124.0
    },
    "14": {
      "temp": 24.2,
      "precip": 0.0,
      "wind": 11.0,
      "wind_dir_deg": 128.0
    },
    "16": {
      "temp": 21.2,
      "precip": 0.0,
      "wind": 9.3,
      "wind_dir_deg": 126.0
    }
  },
  "ride_temp_mean": 22.575,
  "ride_wind_mean": 10.95,
  "ride_wind_dir_deg": 120.53036058533735,
  "ride_rain_flag": 0.0,
  "tent_rain_flag": 1.0,
  "daily_precip_sum": 1.8,
  "daily_temp_mean": 18.904166666666665,
  "daily_wind_mean": 8.170833333333333,
  "daily_wind_dir_deg": 112.29399925612256
}