{
  "samples_local": {
    "10": {
      "temp": 15.8,
      "precip": 0.0,
      "wind": 4.1,
      "wind_dir_deg": 15.0
    },
    "12": {
      "temp": 16.4,
      "precip": 0.0,
      "wind": 2.4,
      "wind_dir_deg": 63.0
    },
    "14": {
      "temp": 16.1,
      "precip": 0.1,
      "wind": 1.8,
      "wind_dir_deg": 217.0
    },
    "16": {
      "temp": 17.3,
      "precip": 0.0,
      "wind": 6.0,
      "wind_dir_deg": 205.0
    }
  },
  "ride_temp_mean": 16.4,
  "ride_wind_mean": 3.5749999999999997,
  "ride_wind_dir_deg": 192.93886766745555,
  "ride_rain_flag": 0.0,
  "tent_rain_flag": 1.0,
  "daily_precip_sum": 0.8,
  "daily_temp_mean": 15.229166666666666,
  "daily_wind_mean": 5.658333333333332,
  "daily_wind_dir_deg": 112.4927256138867
}