{
  "samples_local": {
    "10": {
      "temp": 21.9,
      "precip": 0.0,
      "wind": 13.4,
      "wind_dir_deg": 96.0
    },
    "12": {
      "temp": 21.2,
      "precip": 0.1,
      "wind": 18.7,
      "wind_dir_deg": 124.0
    },
    "14": {
      "temp": 22.2,
      "precip": 0.3,
      "wind": 16.3,
      "wind_dir_deg": 118.0
    },
    "16": {
      "temp": 20.4,
      "precip": 0.0,
      "wind": 8.9,
      "wind_dir_deg": 153.0
    }
  },
  "ride_temp_mean": 21.424999999999997,
  "ride_wind_mean": 14.325,
  "ride_wind_dir_deg": 120.13901950489668,
  "ride_rain_flag": 1.0,
  "tent_rain_flag": 1.0,
  "daily_precip_sum": 2.5,
  "daily_temp_mean": 18.004166666666666,
  "daily_wind_mean": 10.558333333333334,
  "daily_wind_dir_deg": 117.57221669884541
}