{
  "samples_local": {
    "10": {
      "temp": 17.9,
      "precip": 1.5,
      "wind": 10.3,
      "wind_dir_deg": 115.0
    },
    "12": {
      "temp": 21.4,
      "precip": 0.0,
      "wind": 15.2,
      "wind_dir_deg": 83.0
    },
    "14": {
      "temp": 21.5,
      "precip": 0.1,
      "wind": 21.5,
      "wind_dir_deg": 108.0
    },
    "16": {
      "temp": 19.9,
      "precip": 0.0,
      "wind": 25.8,
      "wind_dir_deg": 103.0
    }
  },
  "ride_temp_mean": 20.174999999999997,
  "ride_wind_mean": 18.2,
  "ride_wind_dir_deg": 102.0528198869452,
  "ride_rain_flag": 1.0,
  "tent_rain_flag": 1.0,
  "daily_precip_sum": 2.8000000000000003,
  "daily_temp_mean": 17.25,
  "daily_wind_mean": 13.704166666666667,
  "daily_wind_dir_deg": 109.92418119511456
}