{
  "samples_local": {
    "10": {
      "temp": 21.0,
      "precip": 0.0,
      "wind": 14.1,
      "wind_dir_deg": 71.0
    },
    "12": {
      "temp": 22.6,
      "precip": 0.0,
      "wind": 16.7,
      "wind_dir_deg": 76.0
    },
    "14": {
      "temp": 22.2,
      "precip": 0.0,
      "wind": 18.9,
      "wind_dir_deg": 82.0
    },
    "16": {
      "temp": 21.0,
      "precip": 0.4,
      "wind": 23.5,
      "wind_dir_deg": 117.0
    }
  },
  "ride_temp_mean": 21.7,
  "ride_wind_mean": 18.3,
  "ride_wind_dir_deg": 89.50961717988059,
  "ride_rain_flag": 1.0,
  "tent_rain_flag": 1.0,
  "daily_precip_sum": 2.9000000000000004,
  "daily_temp_mean": 18.195833333333333,
  "daily_wind_mean": 11.141666666666666,
  "daily_wind_dir_deg": 82.46244906703032
}