{
  "samples_local": {
    "10": {
      "temp": 24.1,
      "precip": 0.0,
      "wind": 9.0,
      "wind_dir_deg": 106.0
    },
    "12": {
      "temp": 24.6,
      "precip": 0.1,
      "wind": 14.8,
      "wind_dir_deg": 135.0
    },
    "14": {
      "temp": 25.3,
      "precip": 0.5,
      "wind": 14.3,
      "wind_dir_deg": 137.0
    },
    "16": {
      "temp": 24.8,
      "precip": 0.0,
      "wind": 14.1,
      "wind_dir_deg": 105.0
    }
  },
  "ride_temp_mean": 24.700000000000003,
  "ride_wind_mean": 13.05,
  "ride_wind_dir_deg": 122.48595256561066,
  "ride_rain_flag": 1.0,
  "tent_rain_flag": 1.0,
  "daily_precip_sum": 1.4,
  "daily_temp_mean": 20.470833333333335,
  "daily_wind_mean": 10.0625,
  "daily_wind_dir_deg": 134.21628026118765
}