{
  "samples_local": {
    "10": {
      "temp": 19.2,
      "precip": 0.2,
      "wind": 14.6,
      "wind_dir_deg": 74.0
    },
    "12": {
      "temp": 21.2,
      "precip": 0.0,
      "wind": 16.2,
      "wind_dir_deg": 93.0
    },
    "14": {
      "temp": 21.5,
      "precip": 0.1,
      "wind": 17.3,
      "wind_dir_deg": 91.0
    },
    "16": {
      "temp": 21.6,
      "precip": 0.0,
      "wind": 20.9,
      "wind_dir_deg": 101.0
    }
  },
  "ride_temp_mean": 20.875,
  "ride_wind_mean": 17.25,
  "ride_wind_dir_deg": 90.93767365637808,
  "ride_rain_flag": 1.0,
  "tent_rain_flag": 1.0,
  "daily_precip_sum": 7.6000000000000005,
  "daily_temp_mean": 17.104166666666668,
  "daily_wind_mean": 13.604166666666666,
  "daily_wind_dir_deg": 81.45119216527462
}