{
  "samples_local": {
    "10": {
      "temp": 23.5,
      "precip": 0.0,
      "wind": 17.4,
      "wind_dir_deg": 103.0
    },
    "12": {
      "temp": 21.6,
      "precip": 0.0,
      "wind": 12.4,
      "wind_dir_deg": 107.0
    },
    "14": {
      "temp": 21.4,
      "precip": 0.0,
      "wind": 10.4,
      "wind_dir_deg": 160.0
    },
    "16": {
      "temp": 21.8,
      "precip": 0.6,
      "wind": 6.4,
      "wind_dir_deg": 137.0
    }
  },
  "ride_temp_mean": 22.075,
  "ride_wind_mean": 11.65,
  "ride_wind_dir_deg": 120.90938008041667,
  "ride_rain_flag": 1.0,
  "tent_rain_flag": 1.0,
  "daily_precip_sum": 5.5,
  "daily_temp_mean": 18.429166666666667,
  "daily_wind_mean": 8.033333333333333,
  "daily_wind_dir_deg": 101.51677134896084
}