{
  "samples_local": {
    "10": {
      "temp": 19.8,
      "precip": 0.0,
      "wind": 15.8,
      "wind_dir_deg": 69.0
    },
    "12": {
      "temp": 21.6,
      "precip": 0.0,
      "wind": 17.1,
      "wind_dir_deg": 82.0
    },
    "14": {
      "temp": 21.8,
      "precip": 0.1,
      "wind": 17.2,
      "wind_dir_deg": 74.0
    },
    "16": {
      "temp": 21.4,
      "precip": 0.0,
      "wind": 18.0,
      "wind_dir_deg": 93.0
    }
  },
  "ride_temp_mean": 21.15,
  "ride_wind_mean": 17.025,
  "ride_wind_dir_deg": 79.85790090283791,
  "ride_rain_flag": 0.0,
  "tent_rain_flag": 1.0,
  "daily_precip_sum": 3.3000000000000003,
  "daily_temp_mean": 17.479166666666668,
  "daily_wind_mean": 12.1875,
  "daily_wind_dir_deg": 72.35639895923111
}