{
  "samples_local": {
    "10": {
      "temp": 28.7,
      "precip": 0.0,
      "wind": 13.1,
      "wind_dir_deg": 269.0
    },
    "12": {
      "temp": 31.5,
      "precip": 0.0,
      "wind": 11.2,
      "wind_dir_deg": 274.0
    },
    "14": {
      "temp": 32.6,
      "precip": 0.0,
      "wind": 11.7,
      "wind_dir_deg": 268.0
    },
    "16": {
      "temp": 31.3,
      "precip": 0.0,
      "wind": 10.6,
      "wind_dir_deg": 267.0
    }
  },
  "ride_temp_mean": 31.025,
  "ride_wind_mean": 11.649999999999999,
  "ride_wind_dir_deg": 269.49481634463046,
  "ride_rain_flag": 0.0,
  "tent_rain_flag": 0.0,
  "daily_precip_sum": 0.2,
  "daily_temp_mean": 26.641666666666666,
  "daily_wind_mean": 10.220833333333333,
  "daily_wind_dir_deg": 254.06848949461755
}