{
  "samples_local": {
    "10": {
      "temp": -1.9,
      "precip": 0.0,
      "wind": 1.3,
      "wind_dir_deg": 344.0
    },
    "12": {
      "temp": 0.5,
      "precip": 0.2,
      "wind": 0.4,
      "wind_dir_deg": 180.0
    },
    "14": {
      "temp": 1.0,
      "precip": 0.0,
      "wind": 0.9,
      "wind_dir_deg": 169.0
    },
    "16": {
      "temp": -0.4,
      "precip": 1.0,
      "wind": 1.0,
      "wind_dir_deg": 121.0
    }
  },
  "ride_temp_mean": -0.19999999999999998,
  "ride_wind_mean": 0.9,
  "ride_wind_dir_deg": 129.30049842067427,
  "ride_rain_flag": 1.0,
  "tent_rain_flag": 1.0,
  "daily_precip_sum": 4.8,
  "daily_temp_mean": -2.6374999999999997,
  "daily_wind_mean": 1.2458333333333333,
  "daily_wind_dir_deg": 359.9739819498256
}