{
  "samples_local": {
    "10": {
      "temp": 10.5,
      "precip": 0.4,
      "wind": 15.4,
      "wind_dir_deg": 66.0
    },
    "12": {
      "temp": 11.4,
      "precip": 0.0,
      "wind": 15.2,
      "wind_dir_deg": 68.0
    },
    "14": {
      "temp": 12.0,
      "precip": 0.0,
      "wind": 19.2,
      "wind_dir_deg": 95.0
    },
    "16": {
      "temp": 12.6,
      "precip": 0.0,
      "wind": 20.6,
      "wind_dir_deg": 86.0
    }
  },
  "ride_temp_mean": 11.625,
  "ride_wind_mean": 17.6,
  "ride_wind_dir_deg": 80.19704350634805,
  "ride_rain_flag": 1.0,
  "tent_rain_flag": 1.0,
  "daily_precip_sum": 5.1000000000000005,
  "daily_temp_mean": 11.795833333333334,
  "daily_wind_mean": 21.962500000000002,
  "daily_wind_dir_deg": 63.085466935539216
}