{
  "samples_local": {
    "10": {
      "temp": 2.8,
      "precip": 0.0,
      "wind": 7.9,
      "wind_dir_deg": 349.0
    },
    "12": {
      "temp": 6.3,
      "precip": 0.0,
      "wind": 2.0,
      "wind_dir_deg": 100.0
    },
    "14": {
      "temp": 5.2,
      "precip": 0.0,
      "wind": 8.9,
      "wind_dir_deg": 118.0
    },
    "16": {
      "temp": 3.8,
      "precip": 0.0,
      "wind": 6.4,
      "wind_dir_deg": 112.0
    }
  },
  "ride_temp_mean": 4.525,
  "ride_wind_mean": 6.300000000000001,
  "ride_wind_dir_deg": 86.6604454794192,
  "ride_rain_flag": 0.0,
  "tent_rain_flag": 1.0,
  "daily_precip_sum": 0.7000000000000001,
  "daily_temp_mean": 3.045833333333333,
  "daily_wind_mean": 4.2125,
  "daily_wind_dir_deg": 46.06718442334778
}