{
  "samples_local": {
    "10": {
      "temp": 5.8,
      "precip": 0.0,
      "wind": 11.0,
      "wind_dir_deg": 93.0
    },
    "12": {
      "temp": 8.5,
      "precip": 0.0,
      "wind": 18.9,
      "wind_dir_deg": 100.0
    },
    "14": {
      "temp": 9.9,
      "precip": 0.1,
      "wind": 19.0,
      "wind_dir_deg": 121.0
    },
    "16": {
      "temp": 9.7,
      "precip": 0.1,
      "wind": 14.8,
      "wind_dir_deg": 122.0
    }
  },
  "ride_temp_mean": 8.475,
  "ride_wind_mean": 15.925,
  "ride_wind_dir_deg": 110.18812526403957,
  "ride_rain_flag": 0.0,
  "tent_rain_flag": 1.0,
  "daily_precip_sum": 0.7000000000000001,
  "daily_temp_mean": 6.620833333333334,
  "daily_wind_mean": 9.658333333333333,
  "daily_wind_dir_deg": 107.27023996527373
}