{
  "samples_local": {
    "10": {
      "temp": 3.2,
      "precip": 0.2,
      "wind": 2.1,
      "wind_dir_deg": 165.0
    },
    "12": {
      "temp": 3.7,
      "precip": 0.1,
      "wind": 2.3,
      "wind_dir_deg": 176.0
    },
    "14": {
      "temp": 4.1,
      "precip": 0.1,
      "wind": 2.1,
      "wind_dir_deg": 255.0
    },
    "16": {
      "temp": 3.5,
      "precip": 0.7,
      "wind": 0.9,
      "wind_dir_deg": 127.0
    }
  },
  "ride_temp_mean": 3.625,
  "ride_wind_mean": 1.85,
  "ride_wind_dir_deg": 186.39067261052259,
  "ride_rain_flag": 1.0,
  "tent_rain_flag": 1.0,
  "daily_precip_sum": 9.700000000000001,
  "daily_temp_mean": 3.091666666666667,
  "daily_wind_mean": 2.495833333333333,
  "daily_wind_dir_deg": 130.4369440418452
}