{
  "samples_local": {
    "10": {
      "temp": 12.4,
      "precip": 0.0,
      "wind": 13.9,
      "wind_dir_deg": 56.0
    },
    "12": {
      "temp": 11.8,
      "precip": 0.0,
      "wind": 22.1,
      "wind_dir_deg": 39.0
    },
    "14": {
      "temp": 10.1,
      "precip": 0.4,
      "wind": 9.0,
      "wind_dir_deg": 38.0
    },
    "16": {
      "temp": 11.2,
      "precip": 0.0,
      "wind": 15.8,
      "wind_dir_deg": 73.0
    }
  },
  "ride_temp_mean": 11.375,
  "ride_wind_mean": 15.200000000000001,
  "ride_wind_dir_deg": 51.497058665574855,
  "ride_rain_flag": 1.0,
  "tent_rain_flag": 1.0,
  "daily_precip_sum": 4.9,
  "daily_temp_mean": 11.9125,
  "daily_wind_mean": 19.333333333333332,
  "daily_wind_dir_deg": 71.69855505942007
}