{
  "samples_local": {
    "10": {
      "temp": 6.7,
      "precip": 0.6,
      "wind": 8.2,
      "wind_dir_deg": 40.0
    },
    "12": {
      "temp": 7.2,
      "precip": 0.5,
      "wind": 8.3,
      "wind_dir_deg": 27.0
    },
    "14": {
      "temp": 7.4,
      "precip": 0.7,
      "wind": 8.8,
      "wind_dir_deg": 20.0
    },
    "16": {
      "temp": 6.9,
      "precip": 0.2,
      "wind": 7.2,
      "wind_dir_deg": 12.0
    }
  },
  "ride_temp_mean": 7.050000000000001,
  "ride_wind_mean": 8.125,
  "ride_wind_dir_deg": 25.04541734517852,
  "ride_rain_flag": 1.0,
  "tent_rain_flag": 1.0,
  "daily_precip_sum": 6.3,
  "daily_temp_mean": 6.270833333333333,
  "daily_wind_mean": 6.983333333333333,
  "daily_wind_dir_deg": 18.982834188084325
}