{
  "ride_temp_mean": 1.7999999999999998,
  "ride_precip_sum": 0.0,
  "ride_wind_speed": 12.441577077819566,
  "ride_wind_dir": 8.083881784633775,
  "tent_precip_sum": 2.9,
  "tent_temp_mean": 0.675
}