{
  "ride_temp_mean": 8.450000000000001,
  "ride_precip_sum": 0.7,
  "ride_wind_speed": 29.882006247999268,
  "ride_wind_dir": 232.55058364090883,
  "tent_precip_sum": 5.8,
  "tent_temp_mean": 7.665000000000001
}