{
  "ride_temp_mean": 2.125,
  "ride_precip_sum": 0.1,
  "ride_wind_speed": 30.443619863449385,
  "ride_wind_dir": 223.56767990703602,
  "tent_precip_sum": 0.0,
  "tent_temp_mean": 2.3850000000000002
}