{
  "samples_local": {
    "10": {
      "temp": 16.2,
      "precip": 0.0,
      "wind": 9.7,
      "wind_dir_deg": 318.0
    },
    "12": {
      "temp": 18.8,
      "precip": 0.0,
      "wind": 15.1,
      "wind_dir_deg": 315.0
    },
    "14": {
      "temp": 19.4,
      "precip": 0.0,
      "wind": 15.6,
      "wind_dir_deg": 307.0
    },
    "16": {
      "temp": 19.0,
      "precip": 0.0,
      "wind": 14.7,
      "wind_dir_deg": 295.0
    }
  },
  "ride_temp_mean": 18.35,
  "ride_wind_mean": 13.774999999999999,
  "ride_wind_dir_deg": 307.94274349752135,
  "ride_rain_flag": 0.0,
  "tent_rain_flag": 1.0,
  "daily_precip_sum": 5.8,
  "daily_temp_mean": 14.933333333333332,
  "daily_wind_mean": 12.545833333333334,
  "daily_wind_dir_deg": 326.5040439313414
}