{
  "samples_local": {
    "10": {
      "temp": 14.9,
      "precip": 0.0,
      "wind": 16.5,
      "wind_dir_deg": 346.0
    },
    "12": {
      "temp": 15.6,
      "precip": 0.0,
      "wind": 17.0,
      "wind_dir_deg": 347.0
    },
    "14": {
      "temp": 14.2,
      "precip": 1.2,
      "wind": 19.0,
      "wind_dir_deg": 340.0
    },
    "16": {
      "temp": 15.8,
      "precip": 0.2,
      "wind": 20.3,
      "wind_dir_deg": 348.0
    }
  },
  "ride_temp_mean": 15.125,
  "ride_wind_mean": 18.2,
  "ride_wind_dir_deg": 345.2267926669452,
  "ride_rain_flag": 1.0,
  "tent_rain_flag": 1.0,
  "daily_precip_sum": 3.1,
  "daily_temp_mean": 13.950000000000001,
  "daily_wind_mean": 16.341666666666665,
  "daily_wind_dir_deg": 349.1528596652622
}