{
  "samples_local": {
    "10": {
      "temp": 13.6,
      "precip": 0.4,
      "wind": 28.8,
      "wind_dir_deg": 16.0
    },
    "12": {
      "temp": 14.1,
      "precip": 0.5,
      "wind": 22.2,
      "wind_dir_deg": 4.0
    },
    "14": {
      "temp": 13.1,
      "precip": 1.5,
      "wind": 22.1,
      "wind_dir_deg": 341.0
    },
    "16": {
      "temp": 12.9,
      "precip": 0.8,
      "wind": 29.2,
      "wind_dir_deg": 353.0
    }
  },
  "ride_temp_mean": 13.425,
  "ride_wind_mean": 25.575,
  "ride_wind_dir_deg": 359.2721571093325,
  "ride_rain_flag": 1.0,
  "tent_rain_flag": 1.0,
  "daily_precip_sum": 20.0,
  "daily_temp_mean": 12.950000000000001,
  "daily_wind_mean": 24.454166666666666,
  "daily_wind_dir_deg": 359.75457746260605
}