{
  "samples_local": {
    "10": {
      "temp": 14.4,
      "precip": 0.0,
      "wind": 21.1,
      "wind_dir_deg": 17.0
    },
    "12": {
      "temp": 15.1,
      "precip": 0.1,
      "wind": 19.6,
      "wind_dir_deg": 10.0
    },
    "14": {
      "temp": 15.6,
      "precip": 0.1,
      "wind": 18.0,
      "wind_dir_deg": 9.0
    },
    "16": {
      "temp": 15.0,
      "precip": 0.0,
      "wind": 13.9,
      "wind_dir_deg": 0.0
    }
  },
  "ride_temp_mean": 15.025,
  "ride_wind_mean": 18.150000000000002,
  "ride_wind_dir_deg": 9.875927491186758,
  "ride_rain_flag": 0.0,
  "tent_rain_flag": 1.0,
  "daily_precip_sum": 4.5,
  "daily_temp_mean": 13.854166666666666,
  "daily_wind_mean": 13.483333333333334,
  "daily_wind_dir_deg": 3.7983386680617173
}