{
  "samples_local": {
    "10": {
      "temp": 15.0,
      "precip": 0.0,
      "wind": 13.7,
      "wind_dir_deg": 355.0
    },
    "12": {
      "temp": 16.5,
      "precip": 0.2,
      "wind": 17.8,
      "wind_dir_deg": 2.0
    },
    "14": {
      "temp": 16.9,
      "precip": 0.1,
      "wind": 16.6,
      "wind_dir_deg": 12.0
    },
    "16": {
      "temp": 15.9,
      "precip": 0.0,
      "wind": 14.2,
      "wind_dir_deg": 351.0
    }
  },
  "ride_temp_mean": 16.075,
  "ride_wind_mean": 15.575,
  "ride_wind_dir_deg": 0.6102168178325087,
  "ride_rain_flag": 1.0,
  "tent_rain_flag": 1.0,
  "daily_precip_sum": 7.4,
  "daily_temp_mean": 13.995833333333332,
  "daily_wind_mean": 13.183333333333332,
  "daily_wind_dir_deg": 349.6760768573223
}