{
  "samples_local": {
    "10": {
      "temp": 14.9,
      "precip": 0.2,
      "wind": 14.5,
      "wind_dir_deg": 6.0
    },
    "12": {
      "temp": 16.5,
      "precip": 0.1,
      "wind": 19.9,
      "wind_dir_deg": 20.0
    },
    "14": {
      "temp": 15.9,
      "precip": 0.1,
      "wind": 13.5,
      "wind_dir_deg": 355.0
    },
    "16": {
      "temp": 14.6,
      "precip": 0.9,
      "wind": 13.8,
      "wind_dir_deg": 346.0
    }
  },
  "ride_temp_mean": 15.475,
  "ride_wind_mean": 15.425,
  "ride_wind_dir_deg": 3.6327680849080366,
  "ride_rain_flag": 1.0,
  "tent_rain_flag": 1.0,
  "daily_precip_sum": 13.0,
  "daily_temp_mean": 14.266666666666666,
  "daily_wind_mean": 13.799999999999999,
  "daily_wind_dir_deg": 357.3188505606341
}