{
  "samples_local": {
    "10": {
      "temp": 13.4,
      "precip": 1.3,
      "wind": 15.7,
      "wind_dir_deg": 9.0
    },
    "12": {
      "temp": 15.4,
      "precip": 0.2,
      "wind": 15.9,
      "wind_dir_deg": 6.0
    },
    "14": {
      "temp": 15.6,
      "precip": 0.2,
      "wind": 15.8,
      "wind_dir_deg": 348.0
    },
    "16": {
      "temp": 14.3,
      "precip": 1.5,
      "wind": 20.1,
      "wind_dir_deg": 351.0
    }
  },
  "ride_temp_mean": 14.675,
  "ride_wind_mean": 16.875,
  "ride_wind_dir_deg": 358.01318243345685,
  "ride_rain_flag": 1.0,
  "tent_rain_flag": 1.0,
  "daily_precip_sum": 11.4,
  "daily_temp_mean": 13.758333333333333,
  "daily_wind_mean": 17.041666666666668,
  "daily_wind_dir_deg": 2.3136916830487735
}