{
  "samples_local": {
    "10": {
      "temp": 15.5,
      "precip": 0.0,
      "wind": 17.3,
      "wind_dir_deg": 29.0
    },
    "12": {
      "temp": 16.2,
      "precip": 0.1,
      "wind": 16.7,
      "wind_dir_deg": 24.0
    },
    "14": {
      "temp": 14.8,
      "precip": 0.7,
      "wind": 15.8,
      "wind_dir_deg": 17.0
    },
    "16": {
      "temp": 15.0,
      "precip": 0.1,
      "wind": 17.8,
      "wind_dir_deg": 11.0
    }
  },
  "ride_temp_mean": 15.375,
  "ride_wind_mean": 16.9,
  "ride_wind_dir_deg": 20.2218269493722,
  "ride_rain_flag": 1.0,
  "tent_rain_flag": 1.0,
  "daily_precip_sum": 6.3999999999999995,
  "daily_temp_mean": 14.279166666666667,
  "daily_wind_mean": 12.829166666666666,
  "daily_wind_dir_deg": 10.17684399272747
}