{
  "samples_local": {
    "10": {
      "temp": 15.4,
      "precip": 0.0,
      "wind": 17.8,
      "wind_dir_deg": 32.0
    },
    "12": {
      "temp": 17.0,
      "precip": 0.0,
      "wind": 19.4,
      "wind_dir_deg": 23.0
    },
    "14": {
      "temp": 15.8,
      "precip": 1.6,
      "wind": 23.0,
      "wind_dir_deg": 27.0
    },
    "16": {
      "temp": 16.4,
      "precip": 0.0,
      "wind": 16.7,
      "wind_dir_deg": 11.0
    }
  },
  "ride_temp_mean": 16.15,
  "ride_wind_mean": 19.225,
  "ride_wind_dir_deg": 23.688784742728046,
  "ride_rain_flag": 1.0,
  "tent_rain_flag": 1.0,
  "daily_precip_sum": 9.9,
  "daily_temp_mean": 14.829166666666666,
  "daily_wind_mean": 14.870833333333332,
  "daily_wind_dir_deg": 14.657099211115337
}