{
  "samples_local": {
    "10": {
      "temp": 13.2,
      "precip": 0.5,
      "wind": 19.1,
      "wind_dir_deg": 4.0
    },
    "12": {
      "temp": 14.6,
      "precip": 0.4,
      "wind": 20.8,
      "wind_dir_deg": 6.0
    },
    "14": {
      "temp": 14.9,
      "precip": 0.4,
      "wind": 18.4,
      "wind_dir_deg": 358.0
    },
    "16": {
      "temp": 14.1,
      "precip": 1.7,
      "wind": 17.0,
      "wind_dir_deg": 350.0
    }
  },
  "ride_temp_mean": 14.2,
  "ride_wind_mean": 18.825,
  "ride_wind_dir_deg": 359.93294015755004,
  "ride_rain_flag": 1.0,
  "tent_rain_flag": 1.0,
  "daily_precip_sum": 13.0,
  "daily_temp_mean": 13.629166666666668,
  "daily_wind_mean": 18.629166666666666,
  "daily_wind_dir_deg": 0.8240127572778988
}