{
  "samples_local": {
    "10": {
      "temp": 14.8,
      "precip": 0.0,
      "wind": 12.0,
      "wind_dir_deg": 332.0
    },
    "12": {
      "temp": 15.8,
      "precip": 0.1,
      "wind": 13.7,
      "wind_dir_deg": 347.0
    },
    "14": {
      "temp": 14.6,
      "precip": 1.3,
      "wind": 21.5,
      "wind_dir_deg": 341.0
    },
    "16": {
      "temp": 14.5,
      "precip": 0.9,
      "wind": 17.7,
      "wind_dir_deg": 341.0
    }
  },
  "ride_temp_mean": 14.925,
  "ride_wind_mean": 16.225,
  "ride_wind_dir_deg": 340.6056390256341,
  "ride_rain_flag": 1.0,
  "tent_rain_flag": 1.0,
  "daily_precip_sum": 6.4,
  "daily_temp_mean": 13.950000000000001,
  "daily_wind_mean": 14.979166666666666,
  "daily_wind_dir_deg": 342.92652137321505
}