{
  "samples_local": {
    "10": {
      "temp": 15.6,
      "precip": 0.1,
      "wind": 21.8,
      "wind_dir_deg": 17.0
    },
    "12": {
      "temp": 16.2,
      "precip": 0.0,
      "wind": 20.2,
      "wind_dir_deg": 19.0
    },
    "14": {
      "temp": 16.1,
      "precip": 0.1,
      "wind": 14.4,
      "wind_dir_deg": 1.0
    },
    "16": {
      "temp": 14.7,
      "precip": 0.9,
      "wind": 11.5,
      "wind_dir_deg": 337.0
    }
  },
  "ride_temp_mean": 15.65,
  "ride_wind_mean": 16.975,
  "ride_wind_dir_deg": 7.638580630975639,
  "ride_rain_flag": 1.0,
  "tent_rain_flag": 1.0,
  "daily_precip_sum": 16.7,
  "daily_temp_mean": 14.237499999999999,
  "daily_wind_mean": 14.304166666666667,
  "daily_wind_dir_deg": 356.50803879857517
}