{
  "samples_local": {
    "10": {
      "temp": 14.2,
      "precip": 0.0,
      "wind": 14.2,
      "wind_dir_deg": 338.0
    },
    "12": {
      "temp": 17.8,
      "precip": 0.0,
      "wind": 16.6,
      "wind_dir_deg": 345.0
    },
    "14": {
      "temp": 17.1,
      "precip": 0.2,
      "wind": 20.0,
      "wind_dir_deg": 341.0
    },
    "16": {
      "temp": 16.2,
      "precip": 0.2,
      "wind": 17.0,
      "wind_dir_deg": 330.0
    }
  },
  "ride_temp_mean": 16.325,
  "ride_wind_mean": 16.95,
  "ride_wind_dir_deg": 338.59753553507255,
  "ride_rain_flag": 1.0,
  "tent_rain_flag": 1.0,
  "daily_precip_sum": 0.7000000000000001,
  "daily_temp_mean": 14.262500000000001,
  "daily_wind_mean": 13.5375,
  "daily_wind_dir_deg": 341.6347368673873
}