{
  "samples_local": {
    "10": {
      "temp": 13.4,
      "precip": 0.1,
      "wind": 18.8,
      "wind_dir_deg": 4.0
    },
    "12": {
      "temp": 13.2,
      "precip": 0.1,
      "wind": 19.5,
      "wind_dir_deg": 342.0
    },
    "14": {
      "temp": 13.1,
      "precip": 1.7,
      "wind": 28.0,
      "wind_dir_deg": 346.0
    },
    "16": {
      "temp": 13.8,
      "precip": 1.1,
      "wind": 27.8,
      "wind_dir_deg": 351.0
    }
  },
  "ride_temp_mean": 13.375,
  "ride_wind_mean": 23.525,
  "ride_wind_dir_deg": 350.22496485580194,
  "ride_rain_flag": 1.0,
  "tent_rain_flag": 1.0,
  "daily_precip_sum": 12.1,
  "daily_temp_mean": 13.254166666666668,
  "daily_wind_mean": 21.566666666666666,
  "daily_wind_dir_deg": 353.3606109014685
}