{
  "samples_local": {
    "10": {
      "temp": 15.6,
      "precip": 0.0,
      "wind": 24.0,
      "wind_dir_deg": 11.0
    },
    "12": {
      "temp": 16.8,
      "precip": 0.0,
      "wind": 22.5,
      "wind_dir_deg": 18.0
    },
    "14": {
      "temp": 16.5,
      "precip": 0.1,
      "wind": 17.1,
      "wind_dir_deg": 12.0
    },
    "16": {
      "temp": 14.9,
      "precip": 0.3,
      "wind": 11.0,
      "wind_dir_deg": 345.0
    }
  },
  "ride_temp_mean": 15.95,
  "ride_wind_mean": 18.65,
  "ride_wind_dir_deg": 9.607988638297286,
  "ride_rain_flag": 1.0,
  "tent_rain_flag": 1.0,
  "daily_precip_sum": 10.5,
  "daily_temp_mean": 14.095833333333333,
  "daily_wind_mean": 14.879166666666668,
  "daily_wind_dir_deg": 357.34242031048143
}