{
  "samples_local": {
    "10": {
      "temp": 15.4,
      "precip": 0.0,
      "wind": 14.3,
      "wind_dir_deg": 49.0
    },
    "12": {
      "temp": 16.9,
      "precip": 0.0,
      "wind": 14.9,
      "wind_dir_deg": 58.0
    },
    "14": {
      "temp": 17.9,
      "precip": 0.0,
      "wind": 10.8,
      "wind_dir_deg": 53.0
    },
    "16": {
      "temp": 17.2,
      "precip": 0.0,
      "wind": 6.4,
      "wind_dir_deg": 61.0
    }
  },
  "ride_temp_mean": 16.849999999999998,
  "ride_wind_mean": 11.600000000000001,
  "ride_wind_dir_deg": 54.476243358046816,
  "ride_rain_flag": 0.0,
  "tent_rain_flag": 1.0,
  "daily_precip_sum": 0.30000000000000004,
  "daily_temp_mean": 13.833333333333334,
  "daily_wind_mean": 10.979166666666666,
  "daily_wind_dir_deg": 37.584712450825634
}