{
  "samples_local": {
    "10": {
      "temp": 14.3,
      "precip": 0.0,
      "wind": 20.4,
      "wind_dir_deg": 37.0
    },
    "12": {
      "temp": 15.1,
      "precip": 0.1,
      "wind": 21.4,
      "wind_dir_deg": 34.0
    },
    "14": {
      "temp": 15.8,
      "precip": 0.1,
      "wind": 19.0,
      "wind_dir_deg": 31.0
    },
    "16": {
      "temp": 16.9,
      "precip": 0.0,
      "wind": 21.9,
      "wind_dir_deg": 20.0
    }
  },
  "ride_temp_mean": 15.525,
  "ride_wind_mean": 20.674999999999997,
  "ride_wind_dir_deg": 30.353995327631708,
  "ride_rain_flag": 0.0,
  "tent_rain_flag": 1.0,
  "daily_precip_sum": 5.4,
  "daily_temp_mean": 14.266666666666666,
  "daily_wind_mean": 19.275000000000002,
  "daily_wind_dir_deg": 27.69523808600144
}