{
  "samples_local": {
    "10": {
      "temp": 15.8,
      "precip": 0.0,
      "wind": 18.4,
      "wind_dir_deg": 51.0
    },
    "12": {
      "temp": 17.6,
      "precip": 0.0,
      "wind": 14.8,
      "wind_dir_deg": 44.0
    },
    "14": {
      "temp": 15.6,
      "precip": 0.2,
      "wind": 11.0,
      "wind_dir_deg": 30.0
    },
    "16": {
      "temp": 16.6,
      "precip": 0.1,
      "wind": 16.3,
      "wind_dir_deg": 41.0
    }
  },
  "ride_temp_mean": 16.400000000000002,
  "ride_wind_mean": 15.125,
  "ride_wind_dir_deg": 42.78596064500198,
  "ride_rain_flag": 1.0,
  "tent_rain_flag": 0.0,
  "daily_precip_sum": 0.30000000000000004,
  "daily_temp_mean": 14.387500000000001,
  "daily_wind_mean": 13.762500000000001,
  "daily_wind_dir_deg": 36.33918938671121
}