{
  "samples_local": {
    "10": {
      "temp": 12.0,
      "precip": 0.2,
      "wind": 19.4,
      "wind_dir_deg": 43.0
    },
    "12": {
      "temp": 13.3,
      "precip": 0.1,
      "wind": 18.7,
      "wind_dir_deg": 30.0
    },
    "14": {
      "temp": 14.2,
      "precip": 0.1,
      "wind": 20.7,
      "wind_dir_deg": 30.0
    },
    "16": {
      "temp": 13.1,
      "precip": 0.1,
      "wind": 13.9,
      "wind_dir_deg": 27.0
    }
  },
  "ride_temp_mean": 13.15,
  "ride_wind_mean": 18.175,
  "ride_wind_dir_deg": 32.884094693402346,
  "ride_rain_flag": 1.0,
  "tent_rain_flag": 1.0,
  "daily_precip_sum": 5.1000000000000005,
  "daily_temp_mean": 11.616666666666667,
  "daily_wind_mean": 17.9,
  "daily_wind_dir_deg": 32.68692867998925
}