{
  "samples_local": {
    "10": {
      "temp": 14.6,
      "precip": 0.3,
      "wind": 31.9,
      "wind_dir_deg": 54.0
    },
    "12": {
      "temp": 15.1,
      "precip": 0.2,
      "wind": 28.4,
      "wind_dir_deg": 57.0
    },
    "14": {
      "temp": 15.1,
      "precip": 0.0,
      "wind": 26.5,
      "wind_dir_deg": 54.0
    },
    "16": {
      "temp": 14.9,
      "precip": 0.1,
      "wind": 23.5,
      "wind_dir_deg": 65.0
    }
  },
  "ride_temp_mean": 14.925,
  "ride_wind_mean": 27.575,
  "ride_wind_dir_deg": 57.11155215600496,
  "ride_rain_flag": 1.0,
  "tent_rain_flag": 1.0,
  "daily_precip_sum": 2.8000000000000003,
  "daily_temp_mean": 14.237499999999999,
  "daily_wind_mean": 24.270833333333332,
  "daily_wind_dir_deg": 57.027035329856915
}