{
  "samples_local": {
    "10": {
      "temp": 15.3,
      "precip": 0.0,
      "wind": 22.0,
      "wind_dir_deg": 43.0
    },
    "12": {
      "temp": 17.0,
      "precip": 0.0,
      "wind": 21.7,
      "wind_dir_deg": 31.0
    },
    "14": {
      "temp": 16.7,
      "precip": 0.0,
      "wind": 21.9,
      "wind_dir_deg": 19.0
    },
    "16": {
      "temp": 14.5,
      "precip": 0.3,
      "wind": 19.3,
      "wind_dir_deg": 39.0
    }
  },
  "ride_temp_mean": 15.875,
  "ride_wind_mean": 21.225,
  "ride_wind_dir_deg": 32.85111406885494,
  "ride_rain_flag": 1.0,
  "tent_rain_flag": 1.0,
  "daily_precip_sum": 6.6,
  "daily_temp_mean": 13.804166666666667,
  "daily_wind_mean": 17.558333333333334,
  "daily_wind_dir_deg": 32.258748892673395
}