{
  "samples_local": {
    "10": {
      "temp": 14.2,
      "precip": 0.0,
      "wind": 20.8,
      "wind_dir_deg": 40.0
    },
    "12": {
      "temp": 16.3,
      "precip": 0.0,
      "wind": 22.2,
      "wind_dir_deg": 36.0
    },
    "14": {
      "temp": 15.4,
      "precip": 0.2,
      "wind": 19.8,
      "wind_dir_deg": 40.0
    },
    "16": {
      "temp": 15.6,
      "precip": 0.1,
      "wind": 18.3,
      "wind_dir_deg": 30.0
    }
  },
  "ride_temp_mean": 15.375,
  "ride_wind_mean": 20.275,
  "ride_wind_dir_deg": 36.650999553574195,
  "ride_rain_flag": 1.0,
  "tent_rain_flag": 1.0,
  "daily_precip_sum": 5.0,
  "daily_temp_mean": 14.220833333333333,
  "daily_wind_mean": 19.091666666666665,
  "daily_wind_dir_deg": 31.83880746751049
}