{
  "samples_local": {
    "10": {
      "temp": 17.6,
      "precip": 0.0,
      "wind": 15.3,
      "wind_dir_deg": 44.0
    },
    "12": {
      "temp": 16.8,
      "precip": 0.1,
      "wind": 14.9,
      "wind_dir_deg": 31.0
    },
    "14": {
      "temp": 17.0,
      "precip": 0.1,
      "wind": 19.2,
      "wind_dir_deg": 37.0
    },
    "16": {
      "temp": 17.2,
      "precip": 0.0,
      "wind": 17.1,
      "wind_dir_deg": 32.0
    }
  },
  "ride_temp_mean": 17.15,
  "ride_wind_mean": 16.625,
  "ride_wind_dir_deg": 35.976630508633036,
  "ride_rain_flag": 0.0,
  "tent_rain_flag": 0.0,
  "daily_precip_sum": 0.30000000000000004,
  "daily_temp_mean": 15.1,
  "daily_wind_mean": 13.741666666666667,
  "daily_wind_dir_deg": 30.63646079430015
}