{
  "samples_local": {
    "10": {
      "temp": 16.9,
      "precip": 0.0,
      "wind": 9.6,
      "wind_dir_deg": 38.0
    },
    "12": {
      "temp": 16.9,
      "precip": 0.1,
      "wind": 12.4,
      "wind_dir_deg": 40.0
    },
    "14": {
      "temp": 17.5,
      "precip": 0.2,
      "wind": 20.0,
      "wind_dir_deg": 48.0
    },
    "16": {
      "temp": 17.0,
      "precip": 0.0,
      "wind": 10.0,
      "wind_dir_deg": 36.0
    }
  },
  "ride_temp_mean": 17.075,
  "ride_wind_mean": 13.0,
  "ride_wind_dir_deg": 41.93681309927956,
  "ride_rain_flag": 1.0,
  "tent_rain_flag": 1.0,
  "daily_precip_sum": 1.9000000000000001,
  "daily_temp_mean": 15.570833333333333,
  "daily_wind_mean": 11.879166666666668,
  "daily_wind_dir_deg": 43.35941933884112
}