{
  "samples_local": {
    "10": {
      "temp": 17.0,
      "precip": 0.0,
      "wind": 18.2,
      "wind_dir_deg": 46.0
    },
    "12": {
      "temp": 16.4,
      "precip": 0.3,
      "wind": 16.4,
      "wind_dir_deg": 25.0
    },
    "14": {
      "temp": 19.1,
      "precip": 0.1,
      "wind": 19.2,
      "wind_dir_deg": 26.0
    },
    "16": {
      "temp": 17.1,
      "precip": 0.0,
      "wind": 14.6,
      "wind_dir_deg": 34.0
    }
  },
  "ride_temp_mean": 17.4,
  "ride_wind_mean": 17.099999999999998,
  "ride_wind_dir_deg": 32.76835991484819,
  "ride_rain_flag": 1.0,
  "tent_rain_flag": 1.0,
  "daily_precip_sum": 2.6999999999999997,
  "daily_temp_mean": 15.041666666666666,
  "daily_wind_mean": 16.058333333333334,
  "daily_wind_dir_deg": 31.81904302447242
}