{
  "samples_local": {
    "10": {
      "temp": 15.6,
      "precip": 0.1,
      "wind": 23.7,
      "wind_dir_deg": 44.0
    },
    "12": {
      "temp": 16.9,
      "precip": 0.0,
      "wind": 24.4,
      "wind_dir_deg": 49.0
    },
    "14": {
      "temp": 16.4,
      "precip": 0.1,
      "wind": 17.7,
      "wind_dir_deg": 29.0
    },
    "16": {
      "temp": 14.8,
      "precip": 1.3,
      "wind": 20.6,
      "wind_dir_deg": 29.0
    }
  },
  "ride_temp_mean": 15.924999999999999,
  "ride_wind_mean": 21.6,
  "ride_wind_dir_deg": 38.76632785617488,
  "ride_rain_flag": 1.0,
  "tent_rain_flag": 1.0,
  "daily_precip_sum": 2.3000000000000003,
  "daily_temp_mean": 13.920833333333334,
  "daily_wind_mean": 18.391666666666666,
  "daily_wind_dir_deg": 37.951313957448576
}