{
  "samples_local": {
    "10": {
      "temp": 16.0,
      "precip": 0.2,
      "wind": 18.2,
      "wind_dir_deg": 46.0
    },
    "12": {
      "temp": 16.1,
      "precip": 0.1,
      "wind": 14.3,
      "wind_dir_deg": 21.0
    },
    "14": {
      "temp": 17.3,
      "precip": 0.0,
      "wind": 20.0,
      "wind_dir_deg": 28.0
    },
    "16": {
      "temp": 15.6,
      "precip": 0.8,
      "wind": 15.8,
      "wind_dir_deg": 42.0
    }
  },
  "ride_temp_mean": 16.25,
  "ride_wind_mean": 17.075,
  "ride_wind_dir_deg": 34.57535208860497,
  "ride_rain_flag": 1.0,
  "tent_rain_flag": 1.0,
  "daily_precip_sum": 3.3000000000000003,
  "daily_temp_mean": 14.420833333333334,
  "daily_wind_mean": 14.0625,
  "daily_wind_dir_deg": 31.428364191191463
}