{
  "ride_temp_mean": 1.675,
  "ride_precip_sum": 0.6,
  "ride_wind_speed": 4.104746475663817,
  "ride_wind_dir": 322.0086491098185,
  "tent_precip_sum": 2.4,
  "tent_temp_mean": 1.4449999999999998
}