{
  "ride_temp_mean": 10.775,
  "ride_precip_sum": 0.1,
  "ride_wind_speed": 26.01504749764375,
  "ride_wind_dir": 226.36384281653503,
  "tent_precip_sum": 8.3,
  "tent_temp_mean": 10.045
}