{
  "ride_temp_mean": 8.3,
  "ride_precip_sum": 1.5,
  "ride_wind_speed": 30.620865633146533,
  "ride_wind_dir": 228.99229450251065,
  "tent_precip_sum": 13.200000000000001,
  "tent_temp_mean": 7.784999999999999
}