{
  "ride_temp_mean": 8.925,
  "ride_precip_sum": 0.0,
  "ride_wind_speed": 21.142902412268054,
  "ride_wind_dir": 215.76469909055092,
  "tent_precip_sum": 0.0,
  "tent_temp_mean": 5.885
}