{
  "samples_local": {
    "10": {
      "temp": 10.3,
      "precip": 0.0,
      "wind": 17.0,
      "wind_dir_deg": 275.0
    },
    "12": {
      "temp": 13.9,
      "precip": 0.0,
      "wind": 16.9,
      "wind_dir_deg": 278.0
    },
    "14": {
      "temp": 14.6,
      "precip": 0.0,
      "wind": 18.8,
      "wind_dir_deg": 279.0
    },
    "16": {
      "temp": 14.1,
      "precip": 0.0,
      "wind": 17.0,
      "wind_dir_deg": 276.0
    }
  },
  "ride_temp_mean": 13.225,
  "ride_wind_mean": 17.425,
  "ride_wind_dir_deg": 277.05022421473603,
  "ride_rain_flag": 0.0,
  "tent_rain_flag": 0.0,
  "daily_precip_sum": 0.0,
  "daily_temp_mean": 9.604166666666666,
  "daily_wind_mean": 17.787499999999998,
  "daily_wind_dir_deg": 276.52936595832665
}