{
  "samples_local": {
    "10": {
      "temp": 14.2,
      "precip": 0.0,
      "wind": 10.5,
      "wind_dir_deg": 254.0
    },
    "12": {
      "temp": 16.8,
      "precip": 0.0,
      "wind": 11.7,
      "wind_dir_deg": 252.0
    },
    "14": {
      "temp": 16.0,
      "precip": 0.0,
      "wind": 11.2,
      "wind_dir_deg": 272.0
    },
    "16": {
      "temp": 15.9,
      "precip": 0.0,
      "wind": 14.2,
      "wind_dir_deg": 277.0
    }
  },
  "ride_temp_mean": 15.725,
  "ride_wind_mean": 11.899999999999999,
  "ride_wind_dir_deg": 264.6097964011773,
  "ride_rain_flag": 0.0,
  "tent_rain_flag": 0.0,
  "daily_precip_sum": 0.0,
  "daily_temp_mean": 13.416666666666666,
  "daily_wind_mean": 12.470833333333333,
  "daily_wind_dir_deg": 269.16136477465676
}