{
  "samples_local": {
    "10": {
      "temp": 15.6,
      "precip": 0.0,
      "wind": 10.4,
      "wind_dir_deg": 288.0
    },
    "12": {
      "temp": 18.3,
      "precip": 0.0,
      "wind": 9.1,
      "wind_dir_deg": 304.0
    },
    "14": {
      "temp": 17.1,
      "precip": 0.0,
      "wind": 13.8,
      "wind_dir_deg": 305.0
    },
    "16": {
      "temp": 17.4,
      "precip": 0.0,
      "wind": 12.2,
      "wind_dir_deg": 286.0
    }
  },
  "ride_temp_mean": 17.1,
  "ride_wind_mean": 11.375,
  "ride_wind_dir_deg": 295.8207564444307,
  "ride_rain_flag": 0.0,
  "tent_rain_flag": 0.0,
  "daily_precip_sum": 0.1,
  "daily_temp_mean": 13.841666666666667,
  "daily_wind_mean": 11.804166666666667,
  "daily_wind_dir_deg": 294.47137894227996
}