{
  "samples_local": {
    "10": {
      "temp": 12.5,
      "precip": 0.0,
      "wind": 14.7,
      "wind_dir_deg": 276.0
    },
    "12": {
      "temp": 16.0,
      "precip": 0.0,
      "wind": 14.1,
      "wind_dir_deg": 274.0
    },
    "14": {
      "temp": 16.3,
      "precip": 0.0,
      "wind": 10.1,
      "wind_dir_deg": 271.0
    },
    "16": {
      "temp": 16.0,
      "precip": 0.0,
      "wind": 11.6,
      "wind_dir_deg": 274.0
    }
  },
  "ride_temp_mean": 15.2,
  "ride_wind_mean": 12.625,
  "ride_wind_dir_deg": 273.9823261376572,
  "ride_rain_flag": 0.0,
  "tent_rain_flag": 0.0,
  "daily_precip_sum": 0.0,
  "daily_temp_mean": 11.729166666666666,
  "daily_wind_mean": 14.845833333333333,
  "daily_wind_dir_deg": 281.58427258073937
}