{
  "samples_local": {
    "10": {
      "temp": 9.4,
      "precip": 0.0,
      "wind": 17.7,
      "wind_dir_deg": 285.0
    },
    "12": {
      "temp": 12.7,
      "precip": 0.0,
      "wind": 18.2,
      "wind_dir_deg": 293.0
    },
    "14": {
      "temp": 14.2,
      "precip": 0.0,
      "wind": 19.8,
      "wind_dir_deg": 283.0
    },
    "16": {
      "temp": 13.1,
      "precip": 0.0,
      "wind": 20.1,
      "wind_dir_deg": 285.0
    }
  },
  "ride_temp_mean": 12.35,
  "ride_wind_mean": 18.95,
  "ride_wind_dir_deg": 286.39549532556265,
  "ride_rain_flag": 0.0,
  "tent_rain_flag": 0.0,
  "daily_precip_sum": 0.0,
  "daily_temp_mean": 9.045833333333333,
  "daily_wind_mean": 17.795833333333334,
  "daily_wind_dir_deg": 292.7724589988611
}