{
  "samples_local": {
    "10": {
      "temp": 10.2,
      "precip": 0.0,
      "wind": 20.4,
      "wind_dir_deg": 295.0
    },
    "12": {
      "temp": 12.9,
      "precip": 0.0,
      "wind": 27.2,
      "wind_dir_deg": 299.0
    },
    "14": {
      "temp": 13.9,
      "precip": 0.0,
      "wind": 23.6,
      "wind_dir_deg": 292.0
    },
    "16": {
      "temp": 12.9,
      "precip": 0.0,
      "wind": 22.1,
      "wind_dir_deg": 297.0
    }
  },
  "ride_temp_mean": 12.475,
  "ride_wind_mean": 23.325,
  "ride_wind_dir_deg": 295.88132152571444,
  "ride_rain_flag": 0.0,
  "tent_rain_flag": 0.0,
  "daily_precip_sum": 0.0,
  "daily_temp_mean": 9.195833333333333,
  "daily_wind_mean": 19.591666666666665,
  "daily_wind_dir_deg": 297.87194658434566
}