{
  "samples_local": {
    "10": {
      "temp": 11.4,
      "precip": 0.0,
      "wind": 22.4,
      "wind_dir_deg": 296.0
    },
    "12": {
      "temp": 14.4,
      "precip": 0.0,
      "wind": 21.0,
      "wind_dir_deg": 297.0
    },
    "14": {
      "temp": 16.7,
      "precip": 0.0,
      "wind": 20.8,
      "wind_dir_deg": 303.0
    },
    "16": {
      "temp": 16.9,
      "precip": 0.0,
      "wind": 20.4,
      "wind_dir_deg": 305.0
    }
  },
  "ride_temp_mean": 14.85,
  "ride_wind_mean": 21.15,
  "ride_wind_dir_deg": 300.13912487786854,
  "ride_rain_flag": 0.0,
  "tent_rain_flag": 1.0,
  "daily_precip_sum": 2.3,
  "daily_temp_mean": 12.262500000000001,
  "daily_wind_mean": 21.72083333333333,
  "daily_wind_dir_deg": 300.12974966943693
}