{
  "samples_local": {
    "10": {
      "temp": 10.1,
      "precip": 0.0,
      "wind": 22.0,
      "wind_dir_deg": 293.0
    },
    "12": {
      "temp": 12.8,
      "precip": 0.0,
      "wind": 22.6,
      "wind_dir_deg": 291.0
    },
    "14": {
      "temp": 14.1,
      "precip": 0.0,
      "wind": 21.0,
      "wind_dir_deg": 286.0
    },
    "16": {
      "temp": 13.5,
      "precip": 0.0,
      "wind": 19.2,
      "wind_dir_deg": 292.0
    }
  },
  "ride_temp_mean": 12.625,
  "ride_wind_mean": 21.2,
  "ride_wind_dir_deg": 290.50798329907235,
  "ride_rain_flag": 0.0,
  "tent_rain_flag": 0.0,
  "daily_precip_sum": 0.0,
  "daily_temp_mean": 9.487499999999999,
  "daily_wind_mean": 19.345833333333335,
  "daily_wind_dir_deg": 294.15824666458104
}