{
  "samples_local": {
    "10": {
      "temp": 14.7,
      "precip": 0.0,
      "wind": 25.6,
      "wind_dir_deg": 347.0
    },
    "12": {
      "temp": 17.3,
      "precip": 0.0,
      "wind": 21.3,
      "wind_dir_deg": 346.0
    },
    "14": {
      "temp": 19.2,
      "precip": 0.0,
      "wind": 17.7,
      "wind_dir_deg": 347.0
    },
    "16": {
      "temp": 17.6,
      "precip": 0.0,
      "wind": 19.2,
      "wind_dir_deg": 341.0
    }
  },
  "ride_temp_mean": 17.2,
  "ride_wind_mean": 20.95,
  "ride_wind_dir_deg": 345.37197711097633,
  "ride_rain_flag": 0.0,
  "tent_rain_flag": 1.0,
  "daily_precip_sum": 0.30000000000000004,
  "daily_temp_mean": 14.008333333333333,
  "daily_wind_mean": 24.995833333333334,
  "daily_wind_dir_deg": 341.2492704675852
}