{
  "samples_local": {
    "10": {
      "temp": 12.4,
      "precip": 0.0,
      "wind": 10.8,
      "wind_dir_deg": 303.0
    },
    "12": {
      "temp": 15.6,
      "precip": 0.0,
      "wind": 10.1,
      "wind_dir_deg": 303.0
    },
    "14": {
      "temp": 15.8,
      "precip": 0.5,
      "wind": 9.6,
      "wind_dir_deg": 310.0
    },
    "16": {
      "temp": 15.2,
      "precip": 0.0,
      "wind": 9.3,
      "wind_dir_deg": 292.0
    }
  },
  "ride_temp_mean": 14.75,
  "ride_wind_mean": 9.95,
  "ride_wind_dir_deg": 302.12438848883147,
  "ride_rain_flag": 1.0,
  "tent_rain_flag": 1.0,
  "daily_precip_sum": 0.7,
  "daily_temp_mean": 11.895833333333334,
  "daily_wind_mean": 11.658333333333333,
  "daily_wind_dir_deg": 297.13836821867693
}