{
  "samples_local": {
    "10": {
      "temp": 10.8,
      "precip": 0.0,
      "wind": 20.7,
      "wind_dir_deg": 278.0
    },
    "12": {
      "temp": 13.9,
      "precip": 0.0,
      "wind": 21.3,
      "wind_dir_deg": 292.0
    },
    "14": {
      "temp": 15.4,
      "precip": 0.0,
      "wind": 21.5,
      "wind_dir_deg": 286.0
    },
    "16": {
      "temp": 14.8,
      "precip": 0.0,
      "wind": 19.9,
      "wind_dir_deg": 296.0
    }
  },
  "ride_temp_mean": 13.725000000000001,
  "ride_wind_mean": 20.85,
  "ride_wind_dir_deg": 287.93808887564495,
  "ride_rain_flag": 0.0,
  "tent_rain_flag": 0.0,
  "daily_precip_sum": 0.0,
  "daily_temp_mean": 10.216666666666667,
  "daily_wind_mean": 18.908333333333335,
  "daily_wind_dir_deg": 291.0821681996466
}