{
  "samples_local": {
    "10": {
      "temp": 16.1,
      "precip": 0.0,
      "wind": 21.1,
      "wind_dir_deg": 344.0
    },
    "12": {
      "temp": 19.2,
      "precip": 0.0,
      "wind": 19.4,
      "wind_dir_deg": 343.0
    },
    "14": {
      "temp": 20.7,
      "precip": 0.0,
      "wind": 18.1,
      "wind_dir_deg": 343.0
    },
    "16": {
      "temp": 19.7,
      "precip": 0.0,
      "wind": 19.2,
      "wind_dir_deg": 345.0
    }
  },
  "ride_temp_mean": 18.925,
  "ride_wind_mean": 19.45,
  "ride_wind_dir_deg": 343.7647686439518,
  "ride_rain_flag": 0.0,
  "tent_rain_flag": 0.0,
  "daily_precip_sum": 0.0,
  "daily_temp_mean": 15.737499999999999,
  "daily_wind_mean": 20.433333333333334,
  "daily_wind_dir_deg": 330.80990275202606
}