{
  "samples_local": {
    "10": {
      "temp": 15.4,
      "precip": 0.0,
      "wind": 20.6,
      "wind_dir_deg": 320.0
    },
    "12": {
      "temp": 18.4,
      "precip": 0.0,
      "wind": 19.1,
      "wind_dir_deg": 318.0
    },
    "14": {
      "temp": 20.2,
      "precip": 0.0,
      "wind": 15.9,
      "wind_dir_deg": 316.0
    },
    "16": {
      "temp": 19.2,
      "precip": 0.0,
      "wind": 19.7,
      "wind_dir_deg": 320.0
    }
  },
  "ride_temp_mean": 18.3,
  "ride_wind_mean": 18.825,
  "ride_wind_dir_deg": 318.64820983495633,
  "ride_rain_flag": 0.0,
  "tent_rain_flag": 0.0,
  "daily_precip_sum": 0.0,
  "daily_temp_mean": 15.316666666666668,
  "daily_wind_mean": 21.287499999999998,
  "daily_wind_dir_deg": 317.4569109010842
}