{
  "samples_local": {
    "10": {
      "temp": 9.1,
      "precip": 0.0,
      "wind": 22.6,
      "wind_dir_deg": 300.0
    },
    "12": {
      "temp": 11.9,
      "precip": 0.0,
      "wind": 23.7,
      "wind_dir_deg": 302.0
    },
    "14": {
      "temp": 13.7,
      "precip": 0.0,
      "wind": 22.8,
      "wind_dir_deg": 302.0
    },
    "16": {
      "temp": 13.2,
      "precip": 0.0,
      "wind": 23.9,
      "wind_dir_deg": 305.0
    }
  },
  "ride_temp_mean": 11.975,
  "ride_wind_mean": 23.25,
  "ride_wind_dir_deg": 302.28483284072934,
  "ride_rain_flag": 0.0,
  "tent_rain_flag": 0.0,
  "daily_precip_sum": 0.0,
  "daily_temp_mean": 9.495833333333334,
  "daily_wind_mean": 21.116666666666667,
  "daily_wind_dir_deg": 305.1563902390379
}