{
  "samples_local": {
    "10": {
      "temp": 9.6,
      "precip": 0.0,
      "wind": 19.9,
      "wind_dir_deg": 294.0
    },
    "12": {
      "temp": 12.1,
      "precip": 0.0,
      "wind": 22.9,
      "wind_dir_deg": 303.0
    },
    "14": {
      "temp": 13.0,
      "precip": 0.0,
      "wind": 22.1,
      "wind_dir_deg": 298.0
    },
    "16": {
      "temp": 12.2,
      "precip": 0.0,
      "wind": 20.5,
      "wind_dir_deg": 299.0
    }
  },
  "ride_temp_mean": 11.725,
  "ride_wind_mean": 21.35,
  "ride_wind_dir_deg": 298.6487819453609,
  "ride_rain_flag": 0.0,
  "tent_rain_flag": 0.0,
  "daily_precip_sum": 0.0,
  "daily_temp_mean": 8.620833333333334,
  "daily_wind_mean": 19.158333333333335,
  "daily_wind_dir_deg": 299.7238116841171
}