{
  "samples_local": {
    "10": {
      "temp": 13.2,
      "precip": 0.0,
      "wind": 17.6,
      "wind_dir_deg": 294.0
    },
    "12": {
      "temp": 18.6,
      "precip": 0.0,
      "wind": 14.5,
      "wind_dir_deg": 304.0
    },
    "14": {
      "temp": 19.6,
      "precip": 0.0,
      "wind": 14.2,
      "wind_dir_deg": 305.0
    },
    "16": {
      "temp": 19.9,
      "precip": 0.0,
      "wind": 12.9,
      "wind_dir_deg": 311.0
    }
  },
  "ride_temp_mean": 17.825,
  "ride_wind_mean": 14.8,
  "ride_wind_dir_deg": 302.7962364172414,
  "ride_rain_flag": 0.0,
  "tent_rain_flag": 0.0,
  "daily_precip_sum": 0.0,
  "daily_temp_mean": 14.104166666666666,
  "daily_wind_mean": 16.804166666666667,
  "daily_wind_dir_deg": 300.03838983694015
}