{
  "samples_local": {
    "10": {
      "temp": 10.8,
      "precip": 0.0,
      "wind": 13.7,
      "wind_dir_deg": 304.0
    },
    "12": {
      "temp": 14.1,
      "precip": 0.0,
      "wind": 14.6,
      "wind_dir_deg": 299.0
    },
    "14": {
      "temp": 15.5,
      "precip": 0.0,
      "wind": 14.9,
      "wind_dir_deg": 302.0
    },
    "16": {
      "temp": 14.4,
      "precip": 0.0,
      "wind": 14.3,
      "wind_dir_deg": 297.0
    }
  },
  "ride_temp_mean": 13.7,
  "ride_wind_mean": 14.375,
  "ride_wind_dir_deg": 300.4712950474527,
  "ride_rain_flag": 0.0,
  "tent_rain_flag": 0.0,
  "daily_precip_sum": 0.2,
  "daily_temp_mean": 10.058333333333334,
  "daily_wind_mean": 13.845833333333333,
  "daily_wind_dir_deg": 300.15212971467463
}