{
  "samples_local": {
    "10": {
      "temp": 10.2,
      "precip": 0.0,
      "wind": 18.1,
      "wind_dir_deg": 292.0
    },
    "12": {
      "temp": 13.2,
      "precip": 0.0,
      "wind": 19.0,
      "wind_dir_deg": 295.0
    },
    "14": {
      "temp": 14.4,
      "precip": 0.0,
      "wind": 18.2,
      "wind_dir_deg": 295.0
    },
    "16": {
      "temp": 14.1,
      "precip": 0.0,
      "wind": 17.4,
      "wind_dir_deg": 296.0
    }
  },
  "ride_temp_mean": 12.975,
  "ride_wind_mean": 18.175,
  "ride_wind_dir_deg": 294.4925853788338,
  "ride_rain_flag": 0.0,
  "tent_rain_flag": 0.0,
  "daily_precip_sum": 0.0,
  "daily_temp_mean": 9.779166666666667,
  "daily_wind_mean": 16.712500000000002,
  "daily_wind_dir_deg": 298.030570181923
}