{
  "samples_local": {
    "10": {
      "temp": 10.2,
      "precip": 0.0,
      "wind": 26.5,
      "wind_dir_deg": 299.0
    },
    "12": {
      "temp": 13.0,
      "precip": 0.0,
      "wind": 25.1,
      "wind_dir_deg": 304.0
    },
    "14": {
      "temp": 14.2,
      "precip": 0.0,
      "wind": 22.8,
      "wind_dir_deg": 304.0
    },
    "16": {
      "temp": 15.2,
      "precip": 0.0,
      "wind": 24.4,
      "wind_dir_deg": 310.0
    }
  },
  "ride_temp_mean": 13.149999999999999,
  "ride_wind_mean": 24.7,
  "ride_wind_dir_deg": 304.14001505917616,
  "ride_rain_flag": 0.0,
  "tent_rain_flag": 0.0,
  "daily_precip_sum": 0.1,
  "daily_temp_mean": 11.262500000000001,
  "daily_wind_mean": 25.633333333333336,
  "daily_wind_dir_deg": 304.57328882398497
}