{
  "ride_temp_mean": 2.85,
  "ride_precip_sum": 0.0,
  "ride_wind_speed": 12.803991434315503,
  "ride_wind_dir": 273.27032715973326,
  "tent_precip_sum": 6.2,
  "tent_temp_mean": 3.08
}