{
  "ride_temp_mean": 9.2,
  "ride_precip_sum": 2.3,
  "ride_wind_speed": 27.83483591456988,
  "ride_wind_dir": 235.0406337664543,
  "tent_precip_sum": 4.4,
  "tent_temp_mean": 8.709999999999999
}