{
  "samples_local": {
    "10": {
      "temp": 28.7,
      "precip": 0.1,
      "wind": 12.5,
      "wind_dir_deg": 240.0
    },
    "12": {
      "temp": 31.6,
      "precip": 0.0,
      "wind": 12.5,
      "wind_dir_deg": 254.0
    },
    "14": {
      "temp": 30.5,
      "precip": 0.1,
      "wind": 12.7,
      "wind_dir_deg": 259.0
    },
    "16": {
      "temp": 29.1,
      "precip": 0.0,
      "wind": 7.6,
      "wind_dir_deg": 262.0
    }
  },
  "ride_temp_mean": 29.975,
  "ride_wind_mean": 11.325,
  "ride_wind_dir_deg": 252.90114630425637,
  "ride_rain_flag": 0.0,
  "tent_rain_flag": 1.0,
  "daily_precip_sum": 2.1,
  "daily_temp_mean": 26.058333333333334,
  "daily_wind_mean": 10.004166666666666,
  "daily_wind_dir_deg": 234.86196107446204
}