{
  "samples_local": {
    "10": {
      "temp": 13.8,
      "precip": 0.2,
      "wind": 14.4,
      "wind_dir_deg": 303.0
    },
    "12": {
      "temp": 14.8,
      "precip": 0.2,
      "wind": 17.6,
      "wind_dir_deg": 317.0
    },
    "14": {
      "temp": 15.2,
      "precip": 0.1,
      "wind": 14.5,
      "wind_dir_deg": 322.0
    },
    "16": {
      "temp": 14.4,
      "precip": 0.0,
      "wind": 7.7,
      "wind_dir_deg": 295.0
    }
  },
  "ride_temp_mean": 14.55,
  "ride_wind_mean": 13.55,
  "ride_wind_dir_deg": 311.5149424517019,
  "ride_rain_flag": 1.0,
  "tent_rain_flag": 1.0,
  "daily_precip_sum": 1.5,
  "daily_temp_mean": 12.795833333333334,
  "daily_wind_mean": 10.604166666666666,
  "daily_wind_dir_deg": 274.4754632563823
}