{
  "samples_local": {
    "10": {
      "temp": 11.3,
      "precip": 0.0,
      "wind": 12.0,
      "wind_dir_deg": 28.0
    },
    "12": {
      "temp": 12.4,
      "precip": 0.0,
      "wind": 13.4,
      "wind_dir_deg": 46.0
    },
    "14": {
      "temp": 12.6,
      "precip": 0.0,
      "wind": 11.7,
      "wind_dir_deg": 53.0
    },
    "16": {
      "temp": 12.2,
      "precip": 0.0,
      "wind": 8.0,
      "wind_dir_deg": 54.0
    }
  },
  "ride_temp_mean": 12.125,
  "ride_wind_mean": 11.275,
  "ride_wind_dir_deg": 44.4901042708467,
  "ride_rain_flag": 0.0,
  "tent_rain_flag": 0.0,
  "daily_precip_sum": 0.30000000000000004,
  "daily_temp_mean": 10.845833333333333,
  "daily_wind_mean": 10.637500000000001,
  "daily_wind_dir_deg": 44.63518385657363
}