{
  "samples_local": {
    "10": {
      "temp": 9.5,
      "precip": 0.0,
      "wind": 13.5
    },
    "12": {
      "temp": 10.6,
      "precip": 0.0,
      "wind": 14.0
    },
    "14": {
      "temp": 9.9,
      "precip": 0.1,
      "wind": 12.6
    },
    "16": {
      "temp": 9.8,
      "precip": 0.0,
      "wind": 11.8
    }
  },
  "ride_temp_mean": 9.95,
  "ride_wind_mean": 12.975,
  "ride_rain_flag": 0.0,
  "tent_rain_flag": 1.0,
  "daily_precip_sum": 1.4000000000000001,
  "daily_temp_mean": 9.279166666666667,
  "daily_wind_mean": 14.254166666666668
}