{
  "samples_local": {
    "10": {
      "temp": 10.1,
      "precip": 0.0,
      "wind": 3.3,
      "wind_dir_deg": 229.0
    },
    "12": {
      "temp": 11.4,
      "precip": 0.0,
      "wind": 4.8,
      "wind_dir_deg": 153.0
    },
    "14": {
      "temp": 10.9,
      "precip": 0.2,
      "wind": 4.4,
      "wind_dir_deg": 243.0
    },
    "16": {
      "temp": 10.9,
      "precip": 0.2,
      "wind": 1.9,
      "wind_dir_deg": 248.0
    }
  },
  "ride_temp_mean": 10.825,
  "ride_wind_mean": 3.6,
  "ride_wind_dir_deg": 213.2224793290718,
  "ride_rain_flag": 1.0,
  "tent_rain_flag": 1.0,
  "daily_precip_sum": 1.2000000000000002,
  "daily_temp_mean": 10.304166666666667,
  "daily_wind_mean": 7.591666666666666,
  "daily_wind_dir_deg": 8.92575579009133
}