{
  "samples_local": {
    "10": {
      "temp": 11.4,
      "precip": 0.0,
      "wind": 4.1,
      "wind_dir_deg": 92.0
    },
    "12": {
      "temp": 13.1,
      "precip": 0.0,
      "wind": 7.4,
      "wind_dir_deg": 103.0
    },
    "14": {
      "temp": 14.1,
      "precip": 0.0,
      "wind": 9.1,
      "wind_dir_deg": 142.0
    },
    "16": {
      "temp": 12.6,
      "precip": 0.0,
      "wind": 8.8,
      "wind_dir_deg": 123.0
    }
  },
  "ride_temp_mean": 12.8,
  "ride_wind_mean": 7.35,
  "ride_wind_dir_deg": 119.55081293980192,
  "ride_rain_flag": 0.0,
  "tent_rain_flag": 0.0,
  "daily_precip_sum": 0.30000000000000004,
  "daily_temp_mean": 11.295833333333334,
  "daily_wind_mean": 5.429166666666667,
  "daily_wind_dir_deg": 132.28613147392537
}