{
  "samples_local": {
    "10": {
      "temp": 7.1,
      "precip": 0.0,
      "wind": 14.4,
      "wind_dir_deg": 348.0
    },
    "12": {
      "temp": 8.8,
      "precip": 0.0,
      "wind": 18.9,
      "wind_dir_deg": 359.0
    },
    "14": {
      "temp": 9.0,
      "precip": 0.1,
      "wind": 11.5,
      "wind_dir_deg": 4.0
    },
    "16": {
      "temp": 8.7,
      "precip": 0.0,
      "wind": 6.1,
      "wind_dir_deg": 23.0
    }
  },
  "ride_temp_mean": 8.4,
  "ride_wind_mean": 12.725,
  "ride_wind_dir_deg": 359.84194685104967,
  "ride_rain_flag": 0.0,
  "tent_rain_flag": 1.0,
  "daily_precip_sum": 0.6000000000000001,
  "daily_temp_mean": 6.4750000000000005,
  "daily_wind_mean": 11.033333333333333,
  "daily_wind_dir_deg": 357.28581865051933
}