{
  "samples_local": {
    "10": {
      "temp": 10.6,
      "precip": 0.1,
      "wind": 17.9,
      "wind_dir_deg": 214.0
    },
    "12": {
      "temp": 12.2,
      "precip": 0.1,
      "wind": 18.1,
      "wind_dir_deg": 210.0
    },
    "14": {
      "temp": 13.2,
      "precip": 0.0,
      "wind": 14.5,
      "wind_dir_deg": 208.0
    },
    "16": {
      "temp": 14.9,
      "precip": 0.0,
      "wind": 16.4,
      "wind_dir_deg": 206.0
    }
  },
  "ride_temp_mean": 12.725,
  "ride_wind_mean": 16.725,
  "ride_wind_dir_deg": 209.65574721689438,
  "ride_rain_flag": 0.0,
  "tent_rain_flag": 0.0,
  "daily_precip_sum": 0.4,
  "daily_temp_mean": 10.404166666666667,
  "daily_wind_mean": 15.195833333333333,
  "daily_wind_dir_deg": 209.71557133355142
}