{
  "samples_local": {
    "10": {
      "temp": 12.5,
      "precip": 0.0,
      "wind": 16.6,
      "wind_dir_deg": 236.0
    },
    "12": {
      "temp": 13.2,
      "precip": 0.1,
      "wind": 16.1,
      "wind_dir_deg": 237.0
    },
    "14": {
      "temp": 13.6,
      "precip": 0.1,
      "wind": 16.5,
      "wind_dir_deg": 242.0
    },
    "16": {
      "temp": 13.6,
      "precip": 0.1,
      "wind": 18.8,
      "wind_dir_deg": 225.0
    }
  },
  "ride_temp_mean": 13.225,
  "ride_wind_mean": 17.0,
  "ride_wind_dir_deg": 234.6590480860828,
  "ride_rain_flag": 0.0,
  "tent_rain_flag": 0.0,
  "daily_precip_sum": 0.6000000000000001,
  "daily_temp_mean": 10.25,
  "daily_wind_mean": 14.079166666666666,
  "daily_wind_dir_deg": 216.4200235630598
}