{
  "samples_local": {
    "10": {
      "temp": 13.1,
      "precip": 0.0,
      "wind": 16.3,
      "wind_dir_deg": 217.0
    },
    "12": {
      "temp": 14.3,
      "precip": 0.0,
      "wind": 18.4,
      "wind_dir_deg": 212.0
    },
    "14": {
      "temp": 14.1,
      "precip": 0.0,
      "wind": 17.2,
      "wind_dir_deg": 212.0
    },
    "16": {
      "temp": 14.0,
      "precip": 0.0,
      "wind": 17.3,
      "wind_dir_deg": 214.0
    }
  },
  "ride_temp_mean": 13.875,
  "ride_wind_mean": 17.3,
  "ride_wind_dir_deg": 213.67742994458072,
  "ride_rain_flag": 0.0,
  "tent_rain_flag": 0.0,
  "daily_precip_sum": 0.0,
  "daily_temp_mean": 10.895833333333334,
  "daily_wind_mean": 15.737499999999999,
  "daily_wind_dir_deg": 210.10379284317474
}