{
  "samples_local": {
    "10": {
      "temp": 14.4,
      "precip": 0.0,
      "wind": 14.1,
      "wind_dir_deg": 207.0
    },
    "12": {
      "temp": 15.9,
      "precip": 0.0,
      "wind": 16.3,
      "wind_dir_deg": 208.0
    },
    "14": {
      "temp": 16.7,
      "precip": 0.0,
      "wind": 14.9,
      "wind_dir_deg": 202.0
    },
    "16": {
      "temp": 16.1,
      "precip": 0.0,
      "wind": 14.4,
      "wind_dir_deg": 198.0
    }
  },
  "ride_temp_mean": 15.775,
  "ride_wind_mean": 14.925,
  "ride_wind_dir_deg": 203.85545015046512,
  "ride_rain_flag": 0.0,
  "tent_rain_flag": 0.0,
  "daily_precip_sum": 0.0,
  "daily_temp_mean": 12.674999999999999,
  "daily_wind_mean": 13.641666666666666,
  "daily_wind_dir_deg": 198.8832650437727
}