{
  "samples_local": {
    "10": {
      "temp": 12.2,
      "precip": 0.0,
      "wind": 10.8,
      "wind_dir_deg": 195.0
    },
    "12": {
      "temp": 14.3,
      "precip": 0.1,
      "wind": 15.3,
      "wind_dir_deg": 201.0
    },
    "14": {
      "temp": 14.8,
      "precip": 0.1,
      "wind": 14.9,
      "wind_dir_deg": 205.0
    },
    "16": {
      "temp": 14.6,
      "precip": 0.0,
      "wind": 14.3,
      "wind_dir_deg": 199.0
    }
  },
  "ride_temp_mean": 13.975,
  "ride_wind_mean": 13.825000000000001,
  "ride_wind_dir_deg": 200.38903091026305,
  "ride_rain_flag": 0.0,
  "tent_rain_flag": 0.0,
  "daily_precip_sum": 0.4,
  "daily_temp_mean": 11.345833333333333,
  "daily_wind_mean": 11.395833333333334,
  "daily_wind_dir_deg": 191.85416869533327
}