{
  "samples_local": {
    "10": {
      "temp": 13.6,
      "precip": 0.0,
      "wind": 15.4,
      "wind_dir_deg": 210.0
    },
    "12": {
      "temp": 14.6,
      "precip": 0.1,
      "wind": 17.0,
      "wind_dir_deg": 201.0
    },
    "14": {
      "temp": 15.3,
      "precip": 0.0,
      "wind": 16.4,
      "wind_dir_deg": 195.0
    },
    "16": {
      "temp": 15.6,
      "precip": 0.0,
      "wind": 15.4,
      "wind_dir_deg": 197.0
    }
  },
  "ride_temp_mean": 14.775,
  "ride_wind_mean": 16.05,
  "ride_wind_dir_deg": 200.65970255284688,
  "ride_rain_flag": 0.0,
  "tent_rain_flag": 0.0,
  "daily_precip_sum": 0.2,
  "daily_temp_mean": 11.804166666666667,
  "daily_wind_mean": 14.233333333333334,
  "daily_wind_dir_deg": 193.1522853878638
}