{
  "samples_local": {
    "10": {
      "temp": 13.6,
      "precip": 0.0,
      "wind": 13.4,
      "wind_dir_deg": 233.0
    },
    "12": {
      "temp": 13.6,
      "precip": 0.0,
      "wind": 13.2,
      "wind_dir_deg": 231.0
    },
    "14": {
      "temp": 13.5,
      "precip": 0.0,
      "wind": 14.0,
      "wind_dir_deg": 234.0
    },
    "16": {
      "temp": 13.4,
      "precip": 0.0,
      "wind": 14.9,
      "wind_dir_deg": 232.0
    }
  },
  "ride_temp_mean": 13.525,
  "ride_wind_mean": 13.875,
  "ride_wind_dir_deg": 232.5081073287542,
  "ride_rain_flag": 0.0,
  "tent_rain_flag": 0.0,
  "daily_precip_sum": 0.0,
  "daily_temp_mean": 9.879166666666666,
  "daily_wind_mean": 11.258333333333333,
  "daily_wind_dir_deg": 221.7667533006897
}