{
  "samples_local": {
    "10": {
      "temp": 13.0,
      "precip": 0.0,
      "wind": 16.8,
      "wind_dir_deg": 235.0
    },
    "12": {
      "temp": 14.3,
      "precip": 0.0,
      "wind": 19.6,
      "wind_dir_deg": 242.0
    },
    "14": {
      "temp": 13.9,
      "precip": 0.0,
      "wind": 17.3,
      "wind_dir_deg": 231.0
    },
    "16": {
      "temp": 14.3,
      "precip": 0.0,
      "wind": 18.4,
      "wind_dir_deg": 216.0
    }
  },
  "ride_temp_mean": 13.875,
  "ride_wind_mean": 18.025,
  "ride_wind_dir_deg": 231.1205172039667,
  "ride_rain_flag": 0.0,
  "tent_rain_flag": 0.0,
  "daily_precip_sum": 0.0,
  "daily_temp_mean": 10.541666666666666,
  "daily_wind_mean": 14.229166666666666,
  "daily_wind_dir_deg": 233.03906881474967
}