{
  "samples_local": {
    "10": {
      "temp": 13.1,
      "precip": 0.0,
      "wind": 13.8,
      "wind_dir_deg": 200.0
    },
    "12": {
      "temp": 15.7,
      "precip": 0.0,
      "wind": 18.9,
      "wind_dir_deg": 209.0
    },
    "14": {
      "temp": 15.1,
      "precip": 0.0,
      "wind": 18.2,
      "wind_dir_deg": 198.0
    },
    "16": {
      "temp": 14.9,
      "precip": 0.0,
      "wind": 17.8,
      "wind_dir_deg": 203.0
    }
  },
  "ride_temp_mean": 14.7,
  "ride_wind_mean": 17.175,
  "ride_wind_dir_deg": 202.7216012009329,
  "ride_rain_flag": 0.0,
  "tent_rain_flag": 0.0,
  "daily_precip_sum": 0.0,
  "daily_temp_mean": 11.333333333333334,
  "daily_wind_mean": 14.683333333333332,
  "daily_wind_dir_deg": 202.21605422035373
}