{
  "samples_local": {
    "10": {
      "temp": 8.2,
      "precip": 0.0,
      "wind": 20.4,
      "wind_dir_deg": 169.0
    },
    "12": {
      "temp": 8.6,
      "precip": 0.0,
      "wind": 17.0,
      "wind_dir_deg": 161.0
    },
    "14": {
      "temp": 8.7,
      "precip": 0.0,
      "wind": 18.4,
      "wind_dir_deg": 166.0
    },
    "16": {
      "temp": 7.7,
      "precip": 0.0,
      "wind": 21.2,
      "wind_dir_deg": 162.0
    }
  },
  "ride_temp_mean": 8.299999999999999,
  "ride_wind_mean": 19.25,
  "ride_wind_dir_deg": 164.5891831750139,
  "ride_rain_flag": 0.0,
  "tent_rain_flag": 1.0,
  "daily_precip_sum": 0.7000000000000001,
  "daily_temp_mean": 6.583333333333333,
  "daily_wind_mean": 15.683333333333332,
  "daily_wind_dir_deg": 159.3206429475863
}