{
  "samples_local": {
    "10": {
      "temp": 12.5,
      "precip": 0.0,
      "wind": 18.3,
      "wind_dir_deg": 202.0
    },
    "12": {
      "temp": 15.6,
      "precip": 0.0,
      "wind": 17.1,
      "wind_dir_deg": 221.0
    },
    "14": {
      "temp": 16.2,
      "precip": 0.0,
      "wind": 18.5,
      "wind_dir_deg": 215.0
    },
    "16": {
      "temp": 15.9,
      "precip": 0.0,
      "wind": 17.5,
      "wind_dir_deg": 220.0
    }
  },
  "ride_temp_mean": 15.05,
  "ride_wind_mean": 17.85,
  "ride_wind_dir_deg": 214.34915856234917,
  "ride_rain_flag": 0.0,
  "tent_rain_flag": 0.0,
  "daily_precip_sum": 0.0,
  "daily_temp_mean": 10.758333333333333,
  "daily_wind_mean": 16.254166666666666,
  "daily_wind_dir_deg": 208.52096369768378
}