{
  "samples_local": {
    "10": {
      "temp": 12.3,
      "precip": 0.0,
      "wind": 11.1,
      "wind_dir_deg": 217.0
    },
    "12": {
      "temp": 14.9,
      "precip": 0.1,
      "wind": 16.7,
      "wind_dir_deg": 215.0
    },
    "14": {
      "temp": 14.6,
      "precip": 0.1,
      "wind": 15.6,
      "wind_dir_deg": 215.0
    },
    "16": {
      "temp": 15.1,
      "precip": 0.0,
      "wind": 16.9,
      "wind_dir_deg": 211.0
    }
  },
  "ride_temp_mean": 14.225,
  "ride_wind_mean": 15.075,
  "ride_wind_dir_deg": 214.2473785505315,
  "ride_rain_flag": 0.0,
  "tent_rain_flag": 0.0,
  "daily_precip_sum": 0.2,
  "daily_temp_mean": 11.108333333333334,
  "daily_wind_mean": 13.616666666666667,
  "daily_wind_dir_deg": 210.22686574234177
}