{
  "samples_local": {
    "10": {
      "temp": 12.9,
      "precip": 0.0,
      "wind": 16.6,
      "wind_dir_deg": 217.0
    },
    "12": {
      "temp": 14.9,
      "precip": 0.0,
      "wind": 19.9,
      "wind_dir_deg": 235.0
    },
    "14": {
      "temp": 16.1,
      "precip": 0.0,
      "wind": 17.3,
      "wind_dir_deg": 219.0
    },
    "16": {
      "temp": 14.9,
      "precip": 0.0,
      "wind": 22.8,
      "wind_dir_deg": 217.0
    }
  },
  "ride_temp_mean": 14.700000000000001,
  "ride_wind_mean": 19.15,
  "ride_wind_dir_deg": 222.1035310004872,
  "ride_rain_flag": 0.0,
  "tent_rain_flag": 0.0,
  "daily_precip_sum": 0.0,
  "daily_temp_mean": 10.887500000000001,
  "daily_wind_mean": 14.775,
  "daily_wind_dir_deg": 211.37093668465744
}