{
  "samples_local": {
    "10": {
      "temp": 12.5,
      "precip": 0.0,
      "wind": 16.9,
      "wind_dir_deg": 211.0
    },
    "12": {
      "temp": 13.5,
      "precip": 0.1,
      "wind": 16.9,
      "wind_dir_deg": 202.0
    },
    "14": {
      "temp": 13.8,
      "precip": 0.0,
      "wind": 15.2,
      "wind_dir_deg": 194.0
    },
    "16": {
      "temp": 13.7,
      "precip": 0.0,
      "wind": 15.6,
      "wind_dir_deg": 194.0
    }
  },
  "ride_temp_mean": 13.375,
  "ride_wind_mean": 16.15,
  "ride_wind_dir_deg": 200.53173568678363,
  "ride_rain_flag": 0.0,
  "tent_rain_flag": 0.0,
  "daily_precip_sum": 0.2,
  "daily_temp_mean": 11.133333333333333,
  "daily_wind_mean": 14.766666666666666,
  "daily_wind_dir_deg": 198.28968662285143
}