{
  "samples_local": {
    "10": {
      "temp": 12.6,
      "precip": 0.0,
      "wind": 14.8,
      "wind_dir_deg": 228.0
    },
    "12": {
      "temp": 13.4,
      "precip": 0.0,
      "wind": 14.1,
      "wind_dir_deg": 231.0
    },
    "14": {
      "temp": 13.4,
      "precip": 0.0,
      "wind": 15.1,
      "wind_dir_deg": 230.0
    },
    "16": {
      "temp": 13.2,
      "precip": 0.0,
      "wind": 15.1,
      "wind_dir_deg": 225.0
    }
  },
  "ride_temp_mean": 13.15,
  "ride_wind_mean": 14.775,
  "ride_wind_dir_deg": 228.46052991247447,
  "ride_rain_flag": 0.0,
  "tent_rain_flag": 0.0,
  "daily_precip_sum": 0.1,
  "daily_temp_mean": 10.558333333333334,
  "daily_wind_mean": 12.941666666666668,
  "daily_wind_dir_deg": 218.14716615050753
}