{
  "samples_local": {
    "10": {
      "temp": 10.0,
      "precip": 0.2,
      "wind": 20.7,
      "wind_dir_deg": 211.0
    },
    "12": {
      "temp": 11.1,
      "precip": 0.1,
      "wind": 21.2,
      "wind_dir_deg": 209.0
    },
    "14": {
      "temp": 11.5,
      "precip": 0.1,
      "wind": 23.3,
      "wind_dir_deg": 200.0
    },
    "16": {
      "temp": 12.1,
      "precip": 0.0,
      "wind": 23.2,
      "wind_dir_deg": 199.0
    }
  },
  "ride_temp_mean": 11.175,
  "ride_wind_mean": 22.1,
  "ride_wind_dir_deg": 204.47065721861077,
  "ride_rain_flag": 1.0,
  "tent_rain_flag": 0.0,
  "daily_precip_sum": 0.9,
  "daily_temp_mean": 9.495833333333334,
  "daily_wind_mean": 16.704166666666666,
  "daily_wind_dir_deg": 205.24801015120573
}