{
  "samples_local": {
    "10": {
      "temp": 11.4,
      "precip": 0.0,
      "wind": 20.3,
      "wind_dir_deg": 263.0
    },
    "12": {
      "temp": 12.2,
      "precip": 0.0,
      "wind": 19.2,
      "wind_dir_deg": 262.0
    },
    "14": {
      "temp": 13.2,
      "precip": 0.0,
      "wind": 15.1,
      "wind_dir_deg": 270.0
    },
    "16": {
      "temp": 12.6,
      "precip": 0.0,
      "wind": 14.5,
      "wind_dir_deg": 262.0
    }
  },
  "ride_temp_mean": 12.35,
  "ride_wind_mean": 17.275,
  "ride_wind_dir_deg": 264.0398473940821,
  "ride_rain_flag": 0.0,
  "tent_rain_flag": 1.0,
  "daily_precip_sum": 2.3,
  "daily_temp_mean": 9.291666666666666,
  "daily_wind_mean": 12.379166666666668,
  "daily_wind_dir_deg": 265.672044842713
}