{
  "samples_local": {
    "10": {
      "temp": 11.7,
      "precip": 0.0,
      "wind": 22.2,
      "wind_dir_deg": 219.0
    },
    "12": {
      "temp": 12.2,
      "precip": 0.0,
      "wind": 20.0,
      "wind_dir_deg": 212.0
    },
    "14": {
      "temp": 12.6,
      "precip": 0.1,
      "wind": 19.3,
      "wind_dir_deg": 215.0
    },
    "16": {
      "temp": 12.4,
      "precip": 0.0,
      "wind": 21.2,
      "wind_dir_deg": 211.0
    }
  },
  "ride_temp_mean": 12.225,
  "ride_wind_mean": 20.675,
  "ride_wind_dir_deg": 214.3220861558167,
  "ride_rain_flag": 0.0,
  "tent_rain_flag": 1.0,
  "daily_precip_sum": 0.30000000000000004,
  "daily_temp_mean": 9.691666666666666,
  "daily_wind_mean": 18.162499999999998,
  "daily_wind_dir_deg": 214.99355515515924
}