{
  "samples_local": {
    "10": {
      "temp": 13.6,
      "precip": 0.0,
      "wind": 13.4,
      "wind_dir_deg": 185.0
    },
    "12": {
      "temp": 16.1,
      "precip": 0.0,
      "wind": 14.3,
      "wind_dir_deg": 219.0
    },
    "14": {
      "temp": 16.9,
      "precip": 0.0,
      "wind": 17.9,
      "wind_dir_deg": 199.0
    },
    "16": {
      "temp": 14.4,
      "precip": 0.0,
      "wind": 24.3,
      "wind_dir_deg": 194.0
    }
  },
  "ride_temp_mean": 15.25,
  "ride_wind_mean": 17.475,
  "ride_wind_dir_deg": 198.60819680285994,
  "ride_rain_flag": 0.0,
  "tent_rain_flag": 0.0,
  "daily_precip_sum": 0.0,
  "daily_temp_mean": 10.654166666666667,
  "daily_wind_mean": 11.520833333333334,
  "daily_wind_dir_deg": 203.06188140192296
}