{
  "samples_local": {
    "10": {
      "temp": 11.8,
      "precip": 0.0,
      "wind": 16.1,
      "wind_dir_deg": 239.0
    },
    "12": {
      "temp": 13.6,
      "precip": 0.0,
      "wind": 17.3,
      "wind_dir_deg": 240.0
    },
    "14": {
      "temp": 13.5,
      "precip": 0.0,
      "wind": 18.7,
      "wind_dir_deg": 219.0
    },
    "16": {
      "temp": 13.2,
      "precip": 0.0,
      "wind": 17.9,
      "wind_dir_deg": 232.0
    }
  },
  "ride_temp_mean": 13.025,
  "ride_wind_mean": 17.5,
  "ride_wind_dir_deg": 232.13506717793646,
  "ride_rain_flag": 0.0,
  "tent_rain_flag": 0.0,
  "daily_precip_sum": 0.0,
  "daily_temp_mean": 9.354166666666666,
  "daily_wind_mean": 14.049999999999999,
  "daily_wind_dir_deg": 231.40420382752035
}