{
  "samples_local": {
    "10": {
      "temp": 10.5,
      "precip": 0.0,
      "wind": 25.7,
      "wind_dir_deg": 252.0
    },
    "12": {
      "temp": 11.4,
      "precip": 0.0,
      "wind": 23.1,
      "wind_dir_deg": 247.0
    },
    "14": {
      "temp": 11.3,
      "precip": 0.0,
      "wind": 18.9,
      "wind_dir_deg": 252.0
    },
    "16": {
      "temp": 12.1,
      "precip": 0.0,
      "wind": 17.8,
      "wind_dir_deg": 250.0
    }
  },
  "ride_temp_mean": 11.325,
  "ride_wind_mean": 21.375,
  "ride_wind_dir_deg": 250.23306605697468,
  "ride_rain_flag": 0.0,
  "tent_rain_flag": 0.0,
  "daily_precip_sum": 0.0,
  "daily_temp_mean": 8.691666666666666,
  "daily_wind_mean": 13.695833333333333,
  "daily_wind_dir_deg": 244.6069083891765
}