{
  "samples_local": {
    "10": {
      "temp": 11.4,
      "precip": 0.1,
      "wind": 17.7,
      "wind_dir_deg": 215.0
    },
    "12": {
      "temp": 12.2,
      "precip": 0.1,
      "wind": 19.1,
      "wind_dir_deg": 206.0
    },
    "14": {
      "temp": 11.9,
      "precip": 0.1,
      "wind": 21.3,
      "wind_dir_deg": 202.0
    },
    "16": {
      "temp": 12.6,
      "precip": 0.1,
      "wind": 23.5,
      "wind_dir_deg": 196.0
    }
  },
  "ride_temp_mean": 12.025,
  "ride_wind_mean": 20.4,
  "ride_wind_dir_deg": 204.02119554908683,
  "ride_rain_flag": 0.0,
  "tent_rain_flag": 1.0,
  "daily_precip_sum": 0.9,
  "daily_temp_mean": 9.779166666666667,
  "daily_wind_mean": 15.916666666666666,
  "daily_wind_dir_deg": 207.60665073320493
}