{
  "samples_local": {
    "10": {
      "temp": 8.5,
      "precip": 0.1,
      "wind": 14.5,
      "wind_dir_deg": 153.0
    },
    "12": {
      "temp": 9.2,
      "precip": 0.1,
      "wind": 14.0,
      "wind_dir_deg": 148.0
    },
    "14": {
      "temp": 9.7,
      "precip": 0.0,
      "wind": 16.4,
      "wind_dir_deg": 147.0
    },
    "16": {
      "temp": 9.6,
      "precip": 0.0,
      "wind": 16.7,
      "wind_dir_deg": 146.0
    }
  },
  "ride_temp_mean": 9.25,
  "ride_wind_mean": 15.399999999999999,
  "ride_wind_dir_deg": 148.36753663263596,
  "ride_rain_flag": 0.0,
  "tent_rain_flag": 1.0,
  "daily_precip_sum": 0.5,
  "daily_temp_mean": 7.108333333333333,
  "daily_wind_mean": 13.970833333333333,
  "daily_wind_dir_deg": 143.05495263567775
}