{
  "samples_local": {
    "10": {
      "temp": 11.4,
      "precip": 0.0,
      "wind": 14.7,
      "wind_dir_deg": 256.0
    },
    "12": {
      "temp": 13.4,
      "precip": 0.0,
      "wind": 16.4,
      "wind_dir_deg": 257.0
    },
    "14": {
      "temp": 13.1,
      "precip": 0.0,
      "wind": 17.9,
      "wind_dir_deg": 251.0
    },
    "16": {
      "temp": 12.9,
      "precip": 0.0,
      "wind": 16.1,
      "wind_dir_deg": 240.0
    }
  },
  "ride_temp_mean": 12.7,
  "ride_wind_mean": 16.275,
  "ride_wind_dir_deg": 250.93215027210687,
  "ride_rain_flag": 0.0,
  "tent_rain_flag": 0.0,
  "daily_precip_sum": 0.0,
  "daily_temp_mean": 8.670833333333333,
  "daily_wind_mean": 13.387500000000001,
  "daily_wind_dir_deg": 240.49427737634485
}