{
  "samples_local": {
    "10": {
      "temp": 12.6,
      "precip": 0.0,
      "wind": 11.0,
      "wind_dir_deg": 265.0
    },
    "12": {
      "temp": 14.1,
      "precip": 0.0,
      "wind": 14.2,
      "wind_dir_deg": 262.0
    },
    "14": {
      "temp": 14.8,
      "precip": 0.0,
      "wind": 15.6,
      "wind_dir_deg": 244.0
    },
    "16": {
      "temp": 13.5,
      "precip": 0.0,
      "wind": 13.8,
      "wind_dir_deg": 237.0
    }
  },
  "ride_temp_mean": 13.75,
  "ride_wind_mean": 13.65,
  "ride_wind_dir_deg": 251.1402710893442,
  "ride_rain_flag": 0.0,
  "tent_rain_flag": 0.0,
  "daily_precip_sum": 0.0,
  "daily_temp_mean": 9.808333333333334,
  "daily_wind_mean": 9.320833333333333,
  "daily_wind_dir_deg": 241.09056361716307
}