{
  "samples_local": {
    "10": {
      "temp": 14.6,
      "precip": 0.0,
      "wind": 8.4,
      "wind_dir_deg": 220.0
    },
    "12": {
      "temp": 17.0,
      "precip": 0.0,
      "wind": 12.9,
      "wind_dir_deg": 223.0
    },
    "14": {
      "temp": 18.0,
      "precip": 0.0,
      "wind": 13.8,
      "wind_dir_deg": 220.0
    },
    "16": {
      "temp": 17.9,
      "precip": 0.0,
      "wind": 16.2,
      "wind_dir_deg": 212.0
    }
  },
  "ride_temp_mean": 16.875,
  "ride_wind_mean": 12.825,
  "ride_wind_dir_deg": 218.2304389801103,
  "ride_rain_flag": 0.0,
  "tent_rain_flag": 0.0,
  "daily_precip_sum": 0.0,
  "daily_temp_mean": 12.012500000000001,
  "daily_wind_mean": 10.579166666666667,
  "daily_wind_dir_deg": 202.20346437539416
}