{
  "samples_local": {
    "10": {
      "temp": 12.7,
      "precip": 0.0,
      "wind": 14.9,
      "wind_dir_deg": 245.0
    },
    "12": {
      "temp": 14.2,
      "precip": 0.0,
      "wind": 16.8,
      "wind_dir_deg": 247.0
    },
    "14": {
      "temp": 14.6,
      "precip": 0.0,
      "wind": 17.5,
      "wind_dir_deg": 238.0
    },
    "16": {
      "temp": 13.8,
      "precip": 0.0,
      "wind": 16.2,
      "wind_dir_deg": 238.0
    }
  },
  "ride_temp_mean": 13.825,
  "ride_wind_mean": 16.35,
  "ride_wind_dir_deg": 241.90622129523226,
  "ride_rain_flag": 0.0,
  "tent_rain_flag": 0.0,
  "daily_precip_sum": 0.0,
  "daily_temp_mean": 10.120833333333334,
  "daily_wind_mean": 12.549999999999999,
  "daily_wind_dir_deg": 235.17917873660588
}