{
  "samples_local": {
    "10": {
      "temp": 13.4,
      "precip": 0.0,
      "wind": 8.3,
      "wind_dir_deg": 200.0
    },
    "12": {
      "temp": 15.2,
      "precip": 0.0,
      "wind": 11.2,
      "wind_dir_deg": 218.0
    },
    "14": {
      "temp": 15.4,
      "precip": 0.0,
      "wind": 11.3,
      "wind_dir_deg": 205.0
    },
    "16": {
      "temp": 14.9,
      "precip": 0.2,
      "wind": 13.4,
      "wind_dir_deg": 185.0
    }
  },
  "ride_temp_mean": 14.725,
  "ride_wind_mean": 11.05,
  "ride_wind_dir_deg": 201.29789489664918,
  "ride_rain_flag": 1.0,
  "tent_rain_flag": 1.0,
  "daily_precip_sum": 0.5,
  "daily_temp_mean": 11.016666666666666,
  "daily_wind_mean": 10.741666666666667,
  "daily_wind_dir_deg": 194.38735674628307
}