{
  "samples_local": {
    "10": {
      "temp": 11.9,
      "precip": 0.0,
      "wind": 18.3,
      "wind_dir_deg": 220.0
    },
    "12": {
      "temp": 13.2,
      "precip": 0.0,
      "wind": 20.6,
      "wind_dir_deg": 213.0
    },
    "14": {
      "temp": 13.4,
      "precip": 0.0,
      "wind": 20.5,
      "wind_dir_deg": 212.0
    },
    "16": {
      "temp": 13.4,
      "precip": 0.0,
      "wind": 21.3,
      "wind_dir_deg": 216.0
    }
  },
  "ride_temp_mean": 12.975,
  "ride_wind_mean": 20.175,
  "ride_wind_dir_deg": 215.12432948697193,
  "ride_rain_flag": 0.0,
  "tent_rain_flag": 1.0,
  "daily_precip_sum": 0.30000000000000004,
  "daily_temp_mean": 10.695833333333333,
  "daily_wind_mean": 15.9125,
  "daily_wind_dir_deg": 210.13388018300427
}