{
  "samples_local": {
    "10": {
      "temp": 12.2,
      "precip": 0.0,
      "wind": 11.4,
      "wind_dir_deg": 196.0
    },
    "12": {
      "temp": 13.3,
      "precip": 0.1,
      "wind": 13.0,
      "wind_dir_deg": 191.0
    },
    "14": {
      "temp": 13.6,
      "precip": 0.0,
      "wind": 15.2,
      "wind_dir_deg": 197.0
    },
    "16": {
      "temp": 13.4,
      "precip": 0.0,
      "wind": 16.0,
      "wind_dir_deg": 203.0
    }
  },
  "ride_temp_mean": 13.125,
  "ride_wind_mean": 13.9,
  "ride_wind_dir_deg": 197.1184660893331,
  "ride_rain_flag": 0.0,
  "tent_rain_flag": 1.0,
  "daily_precip_sum": 0.30000000000000004,
  "daily_temp_mean": 10.720833333333333,
  "daily_wind_mean": 14.825000000000001,
  "daily_wind_dir_deg": 196.59822464002653
}