{
  "samples_local": {
    "10": {
      "temp": 9.4,
      "precip": 0.0,
      "wind": 12.9,
      "wind_dir_deg": 215.0
    },
    "12": {
      "temp": 9.8,
      "precip": 0.1,
      "wind": 15.5,
      "wind_dir_deg": 206.0
    },
    "14": {
      "temp": 11.1,
      "precip": 0.0,
      "wind": 14.0,
      "wind_dir_deg": 208.0
    },
    "16": {
      "temp": 12.2,
      "precip": 0.2,
      "wind": 14.3,
      "wind_dir_deg": 219.0
    }
  },
  "ride_temp_mean": 10.625,
  "ride_wind_mean": 14.175,
  "ride_wind_dir_deg": 211.81842517730567,
  "ride_rain_flag": 1.0,
  "tent_rain_flag": 0.0,
  "daily_precip_sum": 0.5,
  "daily_temp_mean": 8.691666666666666,
  "daily_wind_mean": 12.358333333333334,
  "daily_wind_dir_deg": 201.2565857198581
}