{
  "samples_local": {
    "10": {
      "temp": 11.9,
      "precip": 0.0,
      "wind": 7.4,
      "wind_dir_deg": 194.0
    },
    "12": {
      "temp": 13.9,
      "precip": 0.0,
      "wind": 11.7,
      "wind_dir_deg": 234.0
    },
    "14": {
      "temp": 14.1,
      "precip": 0.0,
      "wind": 11.7,
      "wind_dir_deg": 243.0
    },
    "16": {
      "temp": 14.4,
      "precip": 0.0,
      "wind": 11.9,
      "wind_dir_deg": 240.0
    }
  },
  "ride_temp_mean": 13.575,
  "ride_wind_mean": 10.675,
  "ride_wind_dir_deg": 231.63630633251788,
  "ride_rain_flag": 0.0,
  "tent_rain_flag": 0.0,
  "daily_precip_sum": 0.0,
  "daily_temp_mean": 9.658333333333333,
  "daily_wind_mean": 7.9624999999999995,
  "daily_wind_dir_deg": 226.53800775826053
}