{
  "samples_local": {
    "10": {
      "temp": 13.4,
      "precip": 0.0,
      "wind": 12.9,
      "wind_dir_deg": 229.0
    },
    "12": {
      "temp": 13.9,
      "precip": 0.0,
      "wind": 15.2,
      "wind_dir_deg": 229.0
    },
    "14": {
      "temp": 13.6,
      "precip": 0.1,
      "wind": 16.3,
      "wind_dir_deg": 249.0
    },
    "16": {
      "temp": 13.5,
      "precip": 0.0,
      "wind": 15.9,
      "wind_dir_deg": 244.0
    }
  },
  "ride_temp_mean": 13.6,
  "ride_wind_mean": 15.075,
  "ride_wind_dir_deg": 238.3620221280447,
  "ride_rain_flag": 0.0,
  "tent_rain_flag": 0.0,
  "daily_precip_sum": 0.1,
  "daily_temp_mean": 10.333333333333334,
  "daily_wind_mean": 11.891666666666666,
  "daily_wind_dir_deg": 231.84803111296733
}