{
  "samples_local": {
    "10": {
      "temp": 12.6,
      "precip": 0.0,
      "wind": 11.9,
      "wind_dir_deg": 285.0
    },
    "12": {
      "temp": 14.0,
      "precip": 0.0,
      "wind": 11.4,
      "wind_dir_deg": 254.0
    },
    "14": {
      "temp": 15.0,
      "precip": 0.0,
      "wind": 13.9,
      "wind_dir_deg": 232.0
    },
    "16": {
      "temp": 13.9,
      "precip": 0.0,
      "wind": 14.4,
      "wind_dir_deg": 227.0
    }
  },
  "ride_temp_mean": 13.875,
  "ride_wind_mean": 12.9,
  "ride_wind_dir_deg": 247.23207498887044,
  "ride_rain_flag": 0.0,
  "tent_rain_flag": 0.0,
  "daily_precip_sum": 0.0,
  "daily_temp_mean": 10.016666666666667,
  "daily_wind_mean": 11.137500000000001,
  "daily_wind_dir_deg": 244.30349496085714
}