{
  "samples_local": {
    "10": {
      "temp": 11.7,
      "precip": 0.0,
      "wind": 8.0,
      "wind_dir_deg": 239.0
    },
    "12": {
      "temp": 12.4,
      "precip": 0.0,
      "wind": 12.3,
      "wind_dir_deg": 267.0
    },
    "14": {
      "temp": 12.9,
      "precip": 0.0,
      "wind": 14.2,
      "wind_dir_deg": 269.0
    },
    "16": {
      "temp": 12.7,
      "precip": 0.0,
      "wind": 12.8,
      "wind_dir_deg": 264.0
    }
  },
  "ride_temp_mean": 12.425,
  "ride_wind_mean": 11.825,
  "ride_wind_dir_deg": 262.15206795204824,
  "ride_rain_flag": 0.0,
  "tent_rain_flag": 0.0,
  "daily_precip_sum": 0.0,
  "daily_temp_mean": 9.733333333333333,
  "daily_wind_mean": 8.916666666666666,
  "daily_wind_dir_deg": 241.87453251065614
}