{
  "samples_local": {
    "10": {
      "temp": 12.1,
      "precip": 0.0,
      "wind": 7.3,
      "wind_dir_deg": 211.0
    },
    "12": {
      "temp": 14.9,
      "precip": 0.0,
      "wind": 12.3,
      "wind_dir_deg": 236.0
    },
    "14": {
      "temp": 15.6,
      "precip": 0.0,
      "wind": 14.7,
      "wind_dir_deg": 237.0
    },
    "16": {
      "temp": 16.6,
      "precip": 0.0,
      "wind": 12.6,
      "wind_dir_deg": 233.0
    }
  },
  "ride_temp_mean": 14.8,
  "ride_wind_mean": 11.725,
  "ride_wind_dir_deg": 231.68216621643333,
  "ride_rain_flag": 0.0,
  "tent_rain_flag": 0.0,
  "daily_precip_sum": 0.0,
  "daily_temp_mean": 11.450000000000001,
  "daily_wind_mean": 8.674999999999999,
  "daily_wind_dir_deg": 229.6334573497608
}