{
  "samples_local": {
    "10": {
      "temp": 8.4,
      "precip": 0.0,
      "wind": 16.1,
      "wind_dir_deg": 219.0
    },
    "12": {
      "temp": 10.6,
      "precip": 0.1,
      "wind": 14.9,
      "wind_dir_deg": 234.0
    },
    "14": {
      "temp": 11.0,
      "precip": 0.1,
      "wind": 16.3,
      "wind_dir_deg": 225.0
    },
    "16": {
      "temp": 10.7,
      "precip": 0.0,
      "wind": 16.8,
      "wind_dir_deg": 213.0
    }
  },
  "ride_temp_mean": 10.175,
  "ride_wind_mean": 16.025000000000002,
  "ride_wind_dir_deg": 222.4331634262606,
  "ride_rain_flag": 0.0,
  "tent_rain_flag": 0.0,
  "daily_precip_sum": 0.4,
  "daily_temp_mean": 8.5,
  "daily_wind_mean": 13.862499999999999,
  "daily_wind_dir_deg": 215.07927250304283
}