{
  "samples_local": {
    "10": {
      "temp": 11.2,
      "precip": 0.2,
      "wind": 14.4,
      "wind_dir_deg": 237.0
    },
    "12": {
      "temp": 11.6,
      "precip": 0.1,
      "wind": 15.7,
      "wind_dir_deg": 229.0
    },
    "14": {
      "temp": 12.8,
      "precip": 0.0,
      "wind": 15.1,
      "wind_dir_deg": 237.0
    },
    "16": {
      "temp": 12.6,
      "precip": 0.0,
      "wind": 15.7,
      "wind_dir_deg": 232.0
    }
  },
  "ride_temp_mean": 12.05,
  "ride_wind_mean": 15.225,
  "ride_wind_dir_deg": 233.64905248668327,
  "ride_rain_flag": 1.0,
  "tent_rain_flag": 1.0,
  "daily_precip_sum": 0.8,
  "daily_temp_mean": 9.458333333333334,
  "daily_wind_mean": 10.204166666666667,
  "daily_wind_dir_deg": 226.75184206836175
}