{
  "samples_local": {
    "10": {
      "temp": 10.1,
      "precip": 0.1,
      "wind": 23.9,
      "wind_dir_deg": 217.0
    },
    "12": {
      "temp": 11.4,
      "precip": 0.0,
      "wind": 22.7,
      "wind_dir_deg": 214.0
    },
    "14": {
      "temp": 10.9,
      "precip": 0.0,
      "wind": 25.5,
      "wind_dir_deg": 214.0
    },
    "16": {
      "temp": 10.8,
      "precip": 0.0,
      "wind": 25.6,
      "wind_dir_deg": 213.0
    }
  },
  "ride_temp_mean": 10.8,
  "ride_wind_mean": 24.425,
  "ride_wind_dir_deg": 214.47169693897018,
  "ride_rain_flag": 0.0,
  "tent_rain_flag": 1.0,
  "daily_precip_sum": 0.7000000000000001,
  "daily_temp_mean": 10.116666666666667,
  "daily_wind_mean": 20.954166666666666,
  "daily_wind_dir_deg": 211.9266668676756
}