{
  "samples_local": {
    "10": {
      "temp": 11.8,
      "precip": 0.0,
      "wind": 10.0,
      "wind_dir_deg": 277.0
    },
    "12": {
      "temp": 13.2,
      "precip": 0.0,
      "wind": 10.9,
      "wind_dir_deg": 251.0
    },
    "14": {
      "temp": 13.8,
      "precip": 0.0,
      "wind": 14.1,
      "wind_dir_deg": 231.0
    },
    "16": {
      "temp": 13.1,
      "precip": 0.0,
      "wind": 16.8,
      "wind_dir_deg": 222.0
    }
  },
  "ride_temp_mean": 12.975,
  "ride_wind_mean": 12.95,
  "ride_wind_dir_deg": 240.82624863708025,
  "ride_rain_flag": 0.0,
  "tent_rain_flag": 0.0,
  "daily_precip_sum": 0.0,
  "daily_temp_mean": 8.929166666666667,
  "daily_wind_mean": 9.833333333333334,
  "daily_wind_dir_deg": 253.55533973777221
}