{
  "samples_local": {
    "10": {
      "temp": 12.4,
      "precip": 0.0,
      "wind": 7.6,
      "wind_dir_deg": 207.0
    },
    "12": {
      "temp": 14.6,
      "precip": 0.0,
      "wind": 11.0,
      "wind_dir_deg": 215.0
    },
    "14": {
      "temp": 15.7,
      "precip": 0.0,
      "wind": 11.6,
      "wind_dir_deg": 201.0
    },
    "16": {
      "temp": 15.9,
      "precip": 0.0,
      "wind": 14.0,
      "wind_dir_deg": 195.0
    }
  },
  "ride_temp_mean": 14.65,
  "ride_wind_mean": 11.05,
  "ride_wind_dir_deg": 203.60687246183318,
  "ride_rain_flag": 0.0,
  "tent_rain_flag": 0.0,
  "daily_precip_sum": 0.0,
  "daily_temp_mean": 10.708333333333334,
  "daily_wind_mean": 9.904166666666667,
  "daily_wind_dir_deg": 203.12003881349557
}