{
  "samples_local": {
    "10": {
      "temp": 11.7,
      "precip": 0.0,
      "wind": 11.3,
      "wind_dir_deg": 219.0
    },
    "12": {
      "temp": 13.4,
      "precip": 0.0,
      "wind": 15.1,
      "wind_dir_deg": 225.0
    },
    "14": {
      "temp": 13.6,
      "precip": 0.1,
      "wind": 17.4,
      "wind_dir_deg": 221.0
    },
    "16": {
      "temp": 13.6,
      "precip": 0.0,
      "wind": 16.7,
      "wind_dir_deg": 222.0
    }
  },
  "ride_temp_mean": 13.075,
  "ride_wind_mean": 15.125,
  "ride_wind_dir_deg": 221.9006913215126,
  "ride_rain_flag": 0.0,
  "tent_rain_flag": 0.0,
  "daily_precip_sum": 0.1,
  "daily_temp_mean": 9.570833333333333,
  "daily_wind_mean": 9.541666666666666,
  "daily_wind_dir_deg": 222.23759752087977
}