{
  "ride_temp_mean": -12.35,
  "ride_precip_sum": 0.30000000000000004,
  "ride_wind_speed": 3.454021039125562,
  "ride_wind_dir": 309.08572099697636,
  "tent_precip_sum": 1.4000000000000001,
  "tent_temp_mean": -13.915000000000001
}