{
  "ride_temp_mean": 1.25,
  "ride_precip_sum": 0.4,
  "ride_wind_speed": 7.843939612191541,
  "ride_wind_dir": 3.8717480054615407,
  "tent_precip_sum": 1.6,
  "tent_temp_mean": 0.735
}