{
  "ride_temp_mean": 1.475,
  "ride_precip_sum": 0.0,
  "ride_wind_speed": 23.128061351340605,
  "ride_wind_dir": 271.702336480226,
  "tent_precip_sum": 1.2,
  "tent_temp_mean": 2.605
}