{
  "ride_temp_mean": 8.5,
  "ride_precip_sum": 1.8,
  "ride_wind_speed": 29.87796063024113,
  "ride_wind_dir": 231.04876634223245,
  "tent_precip_sum": 14.1,
  "tent_temp_mean": 7.595000000000001
}