{
  "ride_temp_mean": 1.075,
  "ride_precip_sum": 0.0,
  "ride_wind_speed": 20.558252401963262,
  "ride_wind_dir": 271.47575465033236,
  "tent_precip_sum": 1.9,
  "tent_temp_mean": 2.445
}