{
  "ride_temp_mean": 7.725,
  "ride_precip_sum": 5.6,
  "ride_wind_speed": 25.92638642373919,
  "ride_wind_dir": 234.83455157180887,
  "tent_precip_sum": 9.9,
  "tent_temp_mean": 7.234999999999999
}