{
  "ride_temp_mean": 5.075,
  "ride_precip_sum": 0.0,
  "ride_wind_speed": 17.77344010042003,
  "ride_wind_dir": 225.9708996952129,
  "tent_precip_sum": 0.0,
  "tent_temp_mean": 2.665
}