{
  "ride_temp_mean": 7.85,
  "ride_precip_sum": 0.0,
  "ride_wind_speed": 5.658724293409874,
  "ride_wind_dir": 14.551315741545977,
  "tent_precip_sum": 0.30000000000000004,
  "tent_temp_mean": 8.24
}