{
  "ride_temp_mean": 12.625,
  "ride_precip_sum": 1.0,
  "ride_wind_speed": 60.47769571378847,
  "ride_wind_dir": 260.1065715242639,
  "tent_precip_sum": 3.7,
  "tent_temp_mean": 12.959999999999999
}