{
  "ride_temp_mean": 12.825,
  "ride_precip_sum": 0.0,
  "ride_wind_speed": 46.22363406731267,
  "ride_wind_dir": 224.263380952453,
  "tent_precip_sum": 0.1,
  "tent_temp_mean": 12.705
}