{
  "samples_local": {
    "10": {
      "temp": 28.0,
      "precip": 0.2,
      "wind": 10.3,
      "wind_dir_deg": 274.0
    },
    "12": {
      "temp": 30.5,
      "precip": 0.1,
      "wind": 8.8,
      "wind_dir_deg": 281.0
    },
    "14": {
      "temp": 26.7,
      "precip": 0.9,
      "wind": 14.6,
      "wind_dir_deg": 268.0
    },
    "16": {
      "temp": 27.7,
      "precip": 0.0,
      "wind": 7.6,
      "wind_dir_deg": 265.0
    }
  },
  "ride_temp_mean": 28.225,
  "ride_wind_mean": 10.325,
  "ride_wind_dir_deg": 271.70920468379177,
  "ride_rain_flag": 1.0,
  "tent_rain_flag": 1.0,
  "daily_precip_sum": 2.8,
  "daily_temp_mean": 24.849999999999998,
  "daily_wind_mean": 6.683333333333334,
  "daily_wind_dir_deg": 252.87133822309613
}