{
  "samples_local": {
    "10": {
      "temp": 14.4,
      "precip": 0.0,
      "wind": 16.6,
      "wind_dir_deg": 105.0
    },
    "12": {
      "temp": 14.1,
      "precip": 0.0,
      "wind": 12.1,
      "wind_dir_deg": 49.0
    },
    "14": {
      "temp": 15.4,
      "precip": 0.0,
      "wind": 10.8,
      "wind_dir_deg": 15.0
    },
    "16": {
      "temp": 15.9,
      "precip": 0.0,
      "wind": 19.3,
      "wind_dir_deg": 21.0
    }
  },
  "ride_temp_mean": 14.95,
  "ride_wind_mean": 14.700000000000001,
  "ride_wind_dir_deg": 47.382238071292704,
  "ride_rain_flag": 0.0,
  "tent_rain_flag": 0.0,
  "daily_precip_sum": 0.0,
  "daily_temp_mean": 14.929166666666667,
  "daily_wind_mean": 17.287499999999998,
  "daily_wind_dir_deg": 82.84031294641488
}