{
  "ride_temp_mean": 14.671428571428573,
  "ride_wind_mean": 17.757142857142856,
  "ride_rain_flag": 1.0,
  "tent_rain_flag": 0.0
}