{
  "ride_temp_mean": 16.785714285714285,
  "ride_wind_mean": 11.200000000000001,
  "ride_rain_flag": 0.0,
  "tent_rain_flag": 0.0
}