{
  "ride_temp_mean": 13.714285714285714,
  "ride_wind_mean": 18.557142857142857,
  "ride_rain_flag": 0.0,
  "tent_rain_flag": 0.0
}