{
  "ride_temp_mean": 18.157142857142855,
  "ride_wind_mean": 12.328571428571427,
  "ride_rain_flag": 0.0,
  "tent_rain_flag": 0.0
}