{
  "ride_temp_mean": 12.157142857142857,
  "ride_wind_mean": 19.414285714285715,
  "ride_rain_flag": 0.0,
  "tent_rain_flag": 0.0
}