{
  "samples_local": {
    "10": {
      "temp": 13.4,
      "precip": 0.0,
      "wind": 17.1,
      "wind_dir_deg": 224.0
    },
    "12": {
      "temp": 14.1,
      "precip": 0.0,
      "wind": 15.9,
      "wind_dir_deg": 214.0
    },
    "14": {
      "temp": 14.6,
      "precip": 0.0,
      "wind": 21.4,
      "wind_dir_deg": 193.0
    },
    "16": {
      "temp": 14.8,
      "precip": 0.0,
      "wind": 30.3,
      "wind_dir_deg": 187.0
    }
  },
  "ride_temp_mean": 14.225,
  "ride_wind_mean": 21.175,
  "ride_wind_dir_deg": 200.96476906928442,
  "ride_rain_flag": 0.0,
  "tent_rain_flag": 0.0,
  "daily_precip_sum": 0.0,
  "daily_temp_mean": 14.424999999999999,
  "daily_wind_mean": 22.22083333333333,
  "daily_wind_dir_deg": 211.31634877081135
}