{
  "ride_temp_mean": 13.328571428571427,
  "ride_wind_mean": 18.071428571428573,
  "ride_rain_flag": 0.0,
  "tent_rain_flag": 0.0
}