{
  "samples_local": {
    "10": {
      "temp": 11.6,
      "precip": 0.0,
      "wind": 22.9,
      "wind_dir_deg": 233.0
    },
    "12": {
      "temp": 13.0,
      "precip": 0.0,
      "wind": 19.9,
      "wind_dir_deg": 224.0
    },
    "14": {
      "temp": 14.2,
      "precip": 0.0,
      "wind": 16.4,
      "wind_dir_deg": 226.0
    },
    "16": {
      "temp": 14.6,
      "precip": 0.0,
      "wind": 20.0,
      "wind_dir_deg": 214.0
    }
  },
  "ride_temp_mean": 13.35,
  "ride_wind_mean": 19.799999999999997,
  "ride_wind_dir_deg": 224.49691600548957,
  "ride_rain_flag": 0.0,
  "tent_rain_flag": 0.0,
  "daily_precip_sum": 0.0,
  "daily_temp_mean": 12.516666666666666,
  "daily_wind_mean": 24.991666666666664,
  "daily_wind_dir_deg": 225.44129030720254
}