{
  "ride_temp_mean": 17.357142857142858,
  "ride_wind_mean": 8.457142857142857,
  "ride_rain_flag": 0.0,
  "tent_rain_flag": 0.0
}