{
  "ride_temp_mean": 14.685714285714285,
  "ride_wind_mean": 16.357142857142858,
  "ride_rain_flag": 0.0,
  "tent_rain_flag": 0.0
}