{
  "ride_temp_mean": 15.228571428571428,
  "ride_wind_mean": 9.028571428571428,
  "ride_rain_flag": 0.0,
  "tent_rain_flag": 0.0
}