{
  "samples_local": {
    "10": {
      "temp": 26.3,
      "precip": 0.2,
      "wind": 19.7,
      "wind_dir_deg": 265.0
    },
    "12": {
      "temp": 25.7,
      "precip": 1.1,
      "wind": 15.2,
      "wind_dir_deg": 249.0
    },
    "14": {
      "temp": 26.8,
      "precip": 0.0,
      "wind": 15.8,
      "wind_dir_deg": 232.0
    },
    "16": {
      "temp": 26.5,
      "precip": 0.2,
      "wind": 24.6,
      "wind_dir_deg": 242.0
    }
  },
  "ride_temp_mean": 26.325,
  "ride_wind_mean": 18.825,
  "ride_wind_dir_deg": 247.29911957431972,
  "ride_rain_flag": 1.0,
  "tent_rain_flag": 1.0,
  "daily_precip_sum": 24.099999999999998,
  "daily_temp_mean": 26.333333333333332,
  "daily_wind_mean": 19.358333333333334,
  "daily_wind_dir_deg": 259.9852877244922
}