{
  "ride_temp_mean": 25.571428571428573,
  "ride_wind_mean": 8.428571428571429,
  "ride_rain_flag": 1.0,
  "tent_rain_flag": 1.0
}