{
  "samples_local": {
    "10": {
      "temp": 13.6,
      "precip": 0.0,
      "wind": 9.5,
      "wind_dir_deg": 231.0
    },
    "12": {
      "temp": 15.0,
      "precip": 0.0,
      "wind": 16.3,
      "wind_dir_deg": 277.0
    },
    "14": {
      "temp": 15.2,
      "precip": 0.0,
      "wind": 16.5,
      "wind_dir_deg": 284.0
    },
    "16": {
      "temp": 14.9,
      "precip": 0.0,
      "wind": 13.6,
      "wind_dir_deg": 288.0
    }
  },
  "ride_temp_mean": 14.675,
  "ride_wind_mean": 13.975,
  "ride_wind_dir_deg": 274.5758925209738,
  "ride_rain_flag": 0.0,
  "tent_rain_flag": 0.0,
  "daily_precip_sum": 0.0,
  "daily_temp_mean": 9.783333333333333,
  "daily_wind_mean": 9.700000000000001,
  "daily_wind_dir_deg": 267.5506567562602
}