{
  "ride_temp_mean": -1.075,
  "ride_precip_sum": 0.9,
  "ride_wind_speed": 6.413587770274115,
  "ride_wind_dir": 316.8210961691833,
  "tent_precip_sum": 2.5,
  "tent_temp_mean": -1.2449999999999999
}