{
  "ride_temp_mean": 6.75,
  "ride_precip_sum": 0.2,
  "ride_wind_speed": 27.150790951822277,
  "ride_wind_dir": 237.12451271391348,
  "tent_precip_sum": 5.5,
  "tent_temp_mean": 5.835
}