{
  "ride_temp_mean": 6.475,
  "ride_precip_sum": 1.7000000000000002,
  "ride_wind_speed": 28.03368377842215,
  "ride_wind_dir": 234.04707062245419,
  "tent_precip_sum": 11.8,
  "tent_temp_mean": 6.1450000000000005
}