{
  "ride_temp_mean": 6.325,
  "ride_precip_sum": 0.0,
  "ride_wind_speed": 20.454806467943282,
  "ride_wind_dir": 235.15173998648442,
  "tent_precip_sum": 0.0,
  "tent_temp_mean": 3.7350000000000003
}