{
  "samples_local": {
    "10": {
      "temp": 25.8,
      "precip": 0.1,
      "wind": 9.7,
      "wind_dir_deg": 236.0
    },
    "12": {
      "temp": 29.1,
      "precip": 0.1,
      "wind": 10.5,
      "wind_dir_deg": 248.0
    },
    "14": {
      "temp": 28.2,
      "precip": 0.7,
      "wind": 10.0,
      "wind_dir_deg": 277.0
    },
    "16": {
      "temp": 27.0,
      "precip": 0.1,
      "wind": 13.2,
      "wind_dir_deg": 265.0
    }
  },
  "ride_temp_mean": 27.525,
  "ride_wind_mean": 10.85,
  "ride_wind_dir_deg": 257.18948857439204,
  "ride_rain_flag": 1.0,
  "tent_rain_flag": 1.0,
  "daily_precip_sum": 3.2,
  "daily_temp_mean": 24.458333333333332,
  "daily_wind_mean": 8.470833333333333,
  "daily_wind_dir_deg": 244.25279967417964
}