{
  "samples_local": {
    "10": {
      "temp": 24.9,
      "precip": 0.0,
      "wind": 25.1,
      "wind_dir_deg": 15.0
    },
    "12": {
      "temp": 25.5,
      "precip": 0.0,
      "wind": 30.1,
      "wind_dir_deg": 359.0
    },
    "14": {
      "temp": 25.6,
      "precip": 0.0,
      "wind": 29.3,
      "wind_dir_deg": 341.0
    },
    "16": {
      "temp": 25.8,
      "precip": 0.0,
      "wind": 32.1,
      "wind_dir_deg": 350.0
    }
  },
  "ride_temp_mean": 25.45,
  "ride_wind_mean": 29.150000000000002,
  "ride_wind_dir_deg": 355.4011750710106,
  "ride_rain_flag": 0.0,
  "tent_rain_flag": 0.0,
  "daily_precip_sum": 0.0,
  "daily_temp_mean": 24.96666666666667,
  "daily_wind_mean": 24.195833333333336,
  "daily_wind_dir_deg": 6.166588498530132
}