{
  "ride_temp_mean": 32.05714285714286,
  "ride_wind_mean": 7.557142857142857,
  "ride_rain_flag": 0.0,
  "tent_rain_flag": 1.0
}