{
  "ride_temp_mean": 27.457142857142856,
  "ride_wind_mean": 11.514285714285714,
  "ride_rain_flag": 0.0,
  "tent_rain_flag": 0.0
}