{
  "ride_temp_mean": 28.785714285714285,
  "ride_wind_mean": 8.457142857142857,
  "ride_rain_flag": 1.0,
  "tent_rain_flag": 1.0
}