{
  "ride_temp_mean": 33.08571428571428,
  "ride_wind_mean": 6.957142857142857,
  "ride_rain_flag": 0.0,
  "tent_rain_flag": 0.0
}