{
  "ride_temp_mean": 32.17142857142857,
  "ride_wind_mean": 11.528571428571428,
  "ride_rain_flag": 0.0,
  "tent_rain_flag": 0.0
}