{
  "ride_temp_mean": 20.714285714285715,
  "ride_wind_mean": 3.557142857142857,
  "ride_rain_flag": 0.0,
  "tent_rain_flag": 0.0
}