{
  "ride_temp_mean": 30.342857142857145,
  "ride_wind_mean": 8.042857142857143,
  "ride_rain_flag": 0.0,
  "tent_rain_flag": 1.0
}