{
  "samples_local": {
    "10": {
      "temp": 23.9,
      "precip": 0.0,
      "wind": 7.1,
      "wind_dir_deg": 38.0
    },
    "12": {
      "temp": 26.0,
      "precip": 0.0,
      "wind": 11.5,
      "wind_dir_deg": 45.0
    },
    "14": {
      "temp": 27.9,
      "precip": 0.0,
      "wind": 9.5,
      "wind_dir_deg": 25.0
    },
    "16": {
      "temp": 28.4,
      "precip": 0.0,
      "wind": 9.2,
      "wind_dir_deg": 86.0
    }
  },
  "ride_temp_mean": 26.549999999999997,
  "ride_wind_mean": 9.325,
  "ride_wind_dir_deg": 48.19509300859676,
  "ride_rain_flag": 0.0,
  "tent_rain_flag": 0.0,
  "daily_precip_sum": 0.1,
  "daily_temp_mean": 22.191666666666666,
  "daily_wind_mean": 6.1625000000000005,
  "daily_wind_dir_deg": 50.282109831218406
}