{
  "ride_temp_mean": 27.542857142857144,
  "ride_wind_mean": 9.314285714285715,
  "ride_rain_flag": 1.0,
  "tent_rain_flag": 1.0
}