{
  "samples_local": {
    "10": {
      "temp": 16.6,
      "precip": 0.1,
      "wind": 24.1,
      "wind_dir_deg": 112.0
    },
    "12": {
      "temp": 17.6,
      "precip": 0.0,
      "wind": 23.2,
      "wind_dir_deg": 117.0
    },
    "14": {
      "temp": 17.5,
      "precip": 0.0,
      "wind": 22.3,
      "wind_dir_deg": 103.0
    },
    "16": {
      "temp": 16.6,
      "precip": 0.0,
      "wind": 20.4,
      "wind_dir_deg": 102.0
    }
  },
  "ride_temp_mean": 17.075000000000003,
  "ride_wind_mean": 22.5,
  "ride_wind_dir_deg": 108.7905816112085,
  "ride_rain_flag": 0.0,
  "tent_rain_flag": 1.0,
  "daily_precip_sum": 1.0,
  "daily_temp_mean": 15.112499999999999,
  "daily_wind_mean": 18.279166666666665,
  "daily_wind_dir_deg": 101.62793261457375
}