{
  "ride_temp_mean": 26.142857142857142,
  "ride_wind_mean": 10.557142857142855,
  "ride_rain_flag": 1.0,
  "tent_rain_flag": 1.0
}