{
  "samples_local": {
    "10": {
      "temp": 21.1,
      "precip": 0.1,
      "wind": 15.9,
      "wind_dir_deg": 68.0
    },
    "12": {
      "temp": 23.1,
      "precip": 0.0,
      "wind": 17.1,
      "wind_dir_deg": 72.0
    },
    "14": {
      "temp": 24.0,
      "precip": 0.0,
      "wind": 14.7,
      "wind_dir_deg": 75.0
    },
    "16": {
      "temp": 24.9,
      "precip": 0.0,
      "wind": 10.8,
      "wind_dir_deg": 92.0
    }
  },
  "ride_temp_mean": 23.275,
  "ride_wind_mean": 14.625,
  "ride_wind_dir_deg": 75.3216295987782,
  "ride_rain_flag": 0.0,
  "tent_rain_flag": 0.0,
  "daily_precip_sum": 0.30000000000000004,
  "daily_temp_mean": 20.758333333333333,
  "daily_wind_mean": 13.745833333333332,
  "daily_wind_dir_deg": 77.2609054661346
}