{
  "samples_local": {
    "10": {
      "temp": 11.3,
      "precip": 0.0,
      "wind": 9.3,
      "wind_dir_deg": 61.0
    },
    "12": {
      "temp": 11.6,
      "precip": 0.5,
      "wind": 9.3,
      "wind_dir_deg": 50.0
    },
    "14": {
      "temp": 13.1,
      "precip": 0.0,
      "wind": 12.5,
      "wind_dir_deg": 53.0
    },
    "16": {
      "temp": 12.4,
      "precip": 0.2,
      "wind": 14.3,
      "wind_dir_deg": 54.0
    }
  },
  "ride_temp_mean": 12.1,
  "ride_wind_mean": 11.350000000000001,
  "ride_wind_dir_deg": 54.33701495101741,
  "ride_rain_flag": 1.0,
  "tent_rain_flag": 1.0,
  "daily_precip_sum": 25.3,
  "daily_temp_mean": 10.929166666666667,
  "daily_wind_mean": 10.116666666666667,
  "daily_wind_dir_deg": 47.501920479845865
}