{
  "samples_local": {
    "10": {
      "temp": 14.3,
      "precip": 0.0,
      "wind": 13.2,
      "wind_dir_deg": 58.0
    },
    "12": {
      "temp": 14.8,
      "precip": 0.0,
      "wind": 13.6,
      "wind_dir_deg": 42.0
    },
    "14": {
      "temp": 14.9,
      "precip": 0.2,
      "wind": 11.9,
      "wind_dir_deg": 32.0
    },
    "16": {
      "temp": 14.2,
      "precip": 0.2,
      "wind": 7.4,
      "wind_dir_deg": 6.0
    }
  },
  "ride_temp_mean": 14.55,
  "ride_wind_mean": 11.525,
  "ride_wind_dir_deg": 38.3874096045551,
  "ride_rain_flag": 1.0,
  "tent_rain_flag": 1.0,
  "daily_precip_sum": 2.3000000000000003,
  "daily_temp_mean": 13.008333333333333,
  "daily_wind_mean": 10.070833333333333,
  "daily_wind_dir_deg": 26.03362954216732
}