{
  "samples_local": {
    "10": {
      "temp": 13.3,
      "precip": 0.0,
      "wind": 14.9,
      "wind_dir_deg": 53.0
    },
    "12": {
      "temp": 14.8,
      "precip": 0.1,
      "wind": 15.1,
      "wind_dir_deg": 64.0
    },
    "14": {
      "temp": 14.6,
      "precip": 0.0,
      "wind": 14.6,
      "wind_dir_deg": 60.0
    },
    "16": {
      "temp": 13.5,
      "precip": 0.0,
      "wind": 9.3,
      "wind_dir_deg": 22.0
    }
  },
  "ride_temp_mean": 14.05,
  "ride_wind_mean": 13.475,
  "ride_wind_dir_deg": 52.8579879380228,
  "ride_rain_flag": 0.0,
  "tent_rain_flag": 1.0,
  "daily_precip_sum": 1.4000000000000001,
  "daily_temp_mean": 11.950000000000001,
  "daily_wind_mean": 11.283333333333333,
  "daily_wind_dir_deg": 25.962373126228613
}