{
  "samples_local": {
    "10": {
      "temp": 13.2,
      "precip": 0.2,
      "wind": 15.9,
      "wind_dir_deg": 31.0
    },
    "12": {
      "temp": 15.8,
      "precip": 0.1,
      "wind": 15.8,
      "wind_dir_deg": 50.0
    },
    "14": {
      "temp": 16.1,
      "precip": 0.0,
      "wind": 12.8,
      "wind_dir_deg": 55.0
    },
    "16": {
      "temp": 14.8,
      "precip": 0.0,
      "wind": 8.4,
      "wind_dir_deg": 25.0
    }
  },
  "ride_temp_mean": 14.975000000000001,
  "ride_wind_mean": 13.225000000000001,
  "ride_wind_dir_deg": 41.54451615196001,
  "ride_rain_flag": 1.0,
  "tent_rain_flag": 1.0,
  "daily_precip_sum": 1.5,
  "daily_temp_mean": 12.933333333333332,
  "daily_wind_mean": 12.674999999999999,
  "daily_wind_dir_deg": 22.380998317715125
}