{
  "samples_local": {
    "10": {
      "temp": 12.5,
      "precip": 0.0,
      "wind": 20.3,
      "wind_dir_deg": 30.0
    },
    "12": {
      "temp": 14.1,
      "precip": 0.1,
      "wind": 20.4,
      "wind_dir_deg": 46.0
    },
    "14": {
      "temp": 13.4,
      "precip": 0.1,
      "wind": 16.5,
      "wind_dir_deg": 51.0
    },
    "16": {
      "temp": 12.8,
      "precip": 0.0,
      "wind": 13.5,
      "wind_dir_deg": 49.0
    }
  },
  "ride_temp_mean": 13.2,
  "ride_wind_mean": 17.675,
  "ride_wind_dir_deg": 43.170973810063856,
  "ride_rain_flag": 0.0,
  "tent_rain_flag": 0.0,
  "daily_precip_sum": 0.30000000000000004,
  "daily_temp_mean": 11.308333333333332,
  "daily_wind_mean": 14.091666666666667,
  "daily_wind_dir_deg": 27.999912555956996
}