{
  "samples_local": {
    "10": {
      "temp": 13.2,
      "precip": 0.0,
      "wind": 16.5,
      "wind_dir_deg": 37.0
    },
    "12": {
      "temp": 14.6,
      "precip": 0.1,
      "wind": 16.1,
      "wind_dir_deg": 55.0
    },
    "14": {
      "temp": 13.1,
      "precip": 0.3,
      "wind": 13.4,
      "wind_dir_deg": 58.0
    },
    "16": {
      "temp": 12.5,
      "precip": 0.0,
      "wind": 7.8,
      "wind_dir_deg": 37.0
    }
  },
  "ride_temp_mean": 13.35,
  "ride_wind_mean": 13.450000000000001,
  "ride_wind_dir_deg": 47.624361095312395,
  "ride_rain_flag": 1.0,
  "tent_rain_flag": 1.0,
  "daily_precip_sum": 1.0,
  "daily_temp_mean": 11.195833333333333,
  "daily_wind_mean": 11.191666666666668,
  "daily_wind_dir_deg": 21.49183823626879
}