{
  "samples_local": {
    "10": {
      "temp": 13.1,
      "precip": 0.0,
      "wind": 16.2,
      "wind_dir_deg": 60.0
    },
    "12": {
      "temp": 14.2,
      "precip": 0.2,
      "wind": 14.7,
      "wind_dir_deg": 62.0
    },
    "14": {
      "temp": 14.2,
      "precip": 0.0,
      "wind": 11.0,
      "wind_dir_deg": 49.0
    },
    "16": {
      "temp": 13.5,
      "precip": 0.1,
      "wind": 5.4,
      "wind_dir_deg": 40.0
    }
  },
  "ride_temp_mean": 13.75,
  "ride_wind_mean": 11.825,
  "ride_wind_dir_deg": 55.80157916093833,
  "ride_rain_flag": 1.0,
  "tent_rain_flag": 1.0,
  "daily_precip_sum": 0.7000000000000001,
  "daily_temp_mean": 11.470833333333333,
  "daily_wind_mean": 10.995833333333332,
  "daily_wind_dir_deg": 31.496071061598286
}