{
  "samples_local": {
    "10": {
      "temp": 13.1,
      "precip": 0.0,
      "wind": 15.2,
      "wind_dir_deg": 51.0
    },
    "12": {
      "temp": 14.8,
      "precip": 0.0,
      "wind": 16.0,
      "wind_dir_deg": 55.0
    },
    "14": {
      "temp": 13.9,
      "precip": 0.0,
      "wind": 12.3,
      "wind_dir_deg": 32.0
    },
    "16": {
      "temp": 13.1,
      "precip": 0.0,
      "wind": 10.5,
      "wind_dir_deg": 31.0
    }
  },
  "ride_temp_mean": 13.725,
  "ride_wind_mean": 13.5,
  "ride_wind_dir_deg": 43.9849436300255,
  "ride_rain_flag": 0.0,
  "tent_rain_flag": 0.0,
  "daily_precip_sum": 0.30000000000000004,
  "daily_temp_mean": 12.141666666666666,
  "daily_wind_mean": 12.408333333333333,
  "daily_wind_dir_deg": 28.778528134932117
}