{
  "ride_temp_mean": 13.357142857142858,
  "ride_wind_mean": 9.700000000000001,
  "ride_rain_flag": 1.0,
  "tent_rain_flag": 0.0
}