{
  "ride_temp_mean": 8.942857142857141,
  "ride_wind_mean": 6.6000000000000005,
  "ride_rain_flag": 1.0,
  "tent_rain_flag": 1.0
}