{
  "ride_temp_mean": 11.757142857142856,
  "ride_wind_mean": 6.1000000000000005,
  "ride_rain_flag": 1.0,
  "tent_rain_flag": 1.0
}