{
  "ride_temp_mean": 8.200000000000001,
  "ride_wind_mean": 9.285714285714286,
  "ride_rain_flag": 1.0,
  "tent_rain_flag": 1.0
}