{
  "ride_temp_mean": 14.942857142857141,
  "ride_wind_mean": 14.957142857142857,
  "ride_rain_flag": 1.0,
  "tent_rain_flag": 1.0
}