{
  "ride_temp_mean": 10.771428571428572,
  "ride_wind_mean": 6.171428571428572,
  "ride_rain_flag": 0.0,
  "tent_rain_flag": 1.0
}