{
  "ride_temp_mean": 13.457142857142857,
  "ride_wind_mean": 18.385714285714283,
  "ride_rain_flag": 0.0,
  "tent_rain_flag": 0.0
}