{
  "ride_temp_mean": 12.814285714285715,
  "ride_wind_mean": 4.628571428571428,
  "ride_rain_flag": 1.0,
  "tent_rain_flag": 1.0
}