{
  "ride_temp_mean": 8.114285714285714,
  "ride_wind_mean": 11.228571428571428,
  "ride_rain_flag": 1.0,
  "tent_rain_flag": 1.0
}