{
  "samples_local": {
    "10": {
      "temp": 18.3,
      "precip": 0.0,
      "wind": 12.3
    },
    "12": {
      "temp": 21.1,
      "precip": 0.0,
      "wind": 14.8
    },
    "14": {
      "temp": 23.1,
      "precip": 0.0,
      "wind": 16.0
    },
    "16": {
      "temp": 22.0,
      "precip": 0.0,
      "wind": 17.8
    }
  },
  "ride_temp_mean": 21.125,
  "ride_wind_mean": 15.225000000000001,
  "ride_rain_flag": 0.0,
  "tent_rain_flag": 0.0,
  "daily_precip_sum": 0.0,
  "daily_temp_mean": 15.745833333333332,
  "daily_wind_mean": 12.070833333333333
}