{
  "samples_local": {
    "10": {
      "temp": 17.3,
      "precip": 0.0,
      "wind": 12.6,
      "wind_dir_deg": 68.0
    },
    "12": {
      "temp": 18.7,
      "precip": 0.0,
      "wind": 7.5,
      "wind_dir_deg": 50.0
    },
    "14": {
      "temp": 19.0,
      "precip": 0.0,
      "wind": 7.9,
      "wind_dir_deg": 49.0
    },
    "16": {
      "temp": 19.2,
      "precip": 0.0,
      "wind": 2.3,
      "wind_dir_deg": 61.0
    }
  },
  "ride_temp_mean": 18.55,
  "ride_wind_mean": 7.575,
  "ride_wind_dir_deg": 58.05494926755409,
  "ride_rain_flag": 0.0,
  "tent_rain_flag": 1.0,
  "daily_precip_sum": 2.1999999999999997,
  "daily_temp_mean": 14.458333333333334,
  "daily_wind_mean": 9.454166666666667,
  "daily_wind_dir_deg": 342.7028935290542
}