{
  "ride_temp_mean": 24.67142857142857,
  "ride_wind_mean": 9.728571428571428,
  "ride_rain_flag": 1.0,
  "tent_rain_flag": 1.0
}