{
  "samples_local": {
    "10": {
      "temp": 18.0,
      "precip": 0.0,
      "wind": 8.3
    },
    "12": {
      "temp": 19.4,
      "precip": 0.1,
      "wind": 5.6
    },
    "14": {
      "temp": 20.4,
      "precip": 0.0,
      "wind": 5.2
    },
    "16": {
      "temp": 19.9,
      "precip": 0.0,
      "wind": 7.7
    }
  },
  "ride_temp_mean": 19.424999999999997,
  "ride_wind_mean": 6.7,
  "ride_rain_flag": 0.0,
  "tent_rain_flag": 0.0,
  "daily_precip_sum": 0.30000000000000004,
  "daily_temp_mean": 15.487499999999999,
  "daily_wind_mean": 10.341666666666667
}