{
  "ride_temp_mean": 1.0,
  "ride_precip_sum": 0.0,
  "ride_wind_speed": 21.78933874893843,
  "ride_wind_dir": 273.0249378647743,
  "tent_precip_sum": 1.6,
  "tent_temp_mean": 2.23
}