{
  "ride_temp_mean": 7.175000000000001,
  "ride_precip_sum": 0.4,
  "ride_wind_speed": 25.657098094721775,
  "ride_wind_dir": 224.79320109522214,
  "tent_precip_sum": 3.9000000000000004,
  "tent_temp_mean": 6.525
}