{
  "ride_temp_mean": 6.825,
  "ride_precip_sum": 3.9,
  "ride_wind_speed": 30.34273359835623,
  "ride_wind_dir": 236.95263800800876,
  "tent_precip_sum": 27.0,
  "tent_temp_mean": 6.275
}