{
  "ride_temp_mean": 1.4749999999999999,
  "ride_precip_sum": 0.0,
  "ride_wind_speed": 23.905229059240682,
  "ride_wind_dir": 225.79677565410236,
  "tent_precip_sum": 0.0,
  "tent_temp_mean": 0.75
}