{
  "ride_temp_mean": 0.75,
  "ride_precip_sum": 0.0,
  "ride_wind_speed": 3.5095942030963645,
  "ride_wind_dir": 48.090021906103175,
  "tent_precip_sum": 0.0,
  "tent_temp_mean": -1.625
}