{
  "ride_temp_mean": 2.625,
  "ride_precip_sum": 0.8,
  "ride_wind_speed": 11.133295389728172,
  "ride_wind_dir": 279.70912670921416,
  "tent_precip_sum": 9.8,
  "tent_temp_mean": 1.65
}