{
  "ride_temp_mean": -10.225,
  "ride_precip_sum": 0.1,
  "ride_wind_speed": 2.2749132429601215,
  "ride_wind_dir": 253.764369761574,
  "tent_precip_sum": 1.5,
  "tent_temp_mean": -11.065000000000001
}