{
  "ride_temp_mean": -8.2,
  "ride_precip_sum": 3.1,
  "ride_wind_speed": 8.962378523647683,
  "ride_wind_dir": 324.1571090539154,
  "tent_precip_sum": 19.7,
  "tent_temp_mean": -6.475
}