{
  "samples_local": {
    "10": {
      "temp": 18.5,
      "precip": 0.0,
      "wind": 8.9,
      "wind_dir_deg": 32.0
    },
    "12": {
      "temp": 21.4,
      "precip": 0.0,
      "wind": 14.3,
      "wind_dir_deg": 65.0
    },
    "14": {
      "temp": 22.5,
      "precip": 0.0,
      "wind": 14.3,
      "wind_dir_deg": 62.0
    },
    "16": {
      "temp": 21.7,
      "precip": 0.0,
      "wind": 11.9,
      "wind_dir_deg": 61.0
    }
  },
  "ride_temp_mean": 21.025,
  "ride_wind_mean": 12.350000000000001,
  "ride_wind_dir_deg": 57.3618326559091,
  "ride_rain_flag": 0.0,
  "tent_rain_flag": 0.0,
  "daily_precip_sum": 0.0,
  "daily_temp_mean": 16.029166666666665,
  "daily_wind_mean": 10.391666666666667,
  "daily_wind_dir_deg": 48.328956881866134
}