{
  "samples_local": {
    "10": {
      "temp": 19.2,
      "precip": 0.0,
      "wind": 12.4,
      "wind_dir_deg": 30.0
    },
    "12": {
      "temp": 23.0,
      "precip": 0.0,
      "wind": 16.1,
      "wind_dir_deg": 29.0
    },
    "14": {
      "temp": 25.0,
      "precip": 0.0,
      "wind": 16.6,
      "wind_dir_deg": 41.0
    },
    "16": {
      "temp": 25.1,
      "precip": 0.0,
      "wind": 12.8,
      "wind_dir_deg": 38.0
    }
  },
  "ride_temp_mean": 23.075,
  "ride_wind_mean": 14.475000000000001,
  "ride_wind_dir_deg": 34.643678946455225,
  "ride_rain_flag": 0.0,
  "tent_rain_flag": 0.0,
  "daily_precip_sum": 0.0,
  "daily_temp_mean": 18.558333333333334,
  "daily_wind_mean": 12.5875,
  "daily_wind_dir_deg": 44.04878134598397
}