{
  "samples_local": {
    "10": {
      "temp": 18.0,
      "precip": 0.0,
      "wind": 21.5,
      "wind_dir_deg": 55.0
    },
    "12": {
      "temp": 18.2,
      "precip": 0.1,
      "wind": 27.1,
      "wind_dir_deg": 73.0
    },
    "14": {
      "temp": 19.0,
      "precip": 0.1,
      "wind": 28.7,
      "wind_dir_deg": 65.0
    },
    "16": {
      "temp": 17.9,
      "precip": 0.2,
      "wind": 24.1,
      "wind_dir_deg": 63.0
    }
  },
  "ride_temp_mean": 18.275,
  "ride_wind_mean": 25.35,
  "ride_wind_dir_deg": 64.54359711269939,
  "ride_rain_flag": 1.0,
  "tent_rain_flag": 1.0,
  "daily_precip_sum": 17.400000000000002,
  "daily_temp_mean": 16.7375,
  "daily_wind_mean": 21.354166666666668,
  "daily_wind_dir_deg": 64.04388640066679
}