{
  "samples_local": {
    "10": {
      "temp": 17.7,
      "precip": 0.0,
      "wind": 22.2,
      "wind_dir_deg": 42.0
    },
    "12": {
      "temp": 19.5,
      "precip": 0.0,
      "wind": 23.4,
      "wind_dir_deg": 59.0
    },
    "14": {
      "temp": 20.5,
      "precip": 0.0,
      "wind": 28.2,
      "wind_dir_deg": 65.0
    },
    "16": {
      "temp": 20.4,
      "precip": 0.0,
      "wind": 23.4,
      "wind_dir_deg": 65.0
    }
  },
  "ride_temp_mean": 19.525,
  "ride_wind_mean": 24.299999999999997,
  "ride_wind_dir_deg": 58.34495531686525,
  "ride_rain_flag": 0.0,
  "tent_rain_flag": 0.0,
  "daily_precip_sum": 0.0,
  "daily_temp_mean": 17.845833333333335,
  "daily_wind_mean": 21.9375,
  "daily_wind_dir_deg": 54.08385251192988
}