{
  "samples_local": {
    "10": {
      "temp": 17.8,
      "precip": 0.0,
      "wind": 22.2,
      "wind_dir_deg": 54.0
    },
    "12": {
      "temp": 19.0,
      "precip": 0.0,
      "wind": 31.2,
      "wind_dir_deg": 71.0
    },
    "14": {
      "temp": 18.2,
      "precip": 0.0,
      "wind": 26.9,
      "wind_dir_deg": 58.0
    },
    "16": {
      "temp": 18.0,
      "precip": 0.0,
      "wind": 23.9,
      "wind_dir_deg": 56.0
    }
  },
  "ride_temp_mean": 18.25,
  "ride_wind_mean": 26.049999999999997,
  "ride_wind_dir_deg": 60.56874407757505,
  "ride_rain_flag": 0.0,
  "tent_rain_flag": 1.0,
  "daily_precip_sum": 16.5,
  "daily_temp_mean": 16.770833333333332,
  "daily_wind_mean": 22.445833333333336,
  "daily_wind_dir_deg": 59.481188650453646
}