{
  "samples_local": {
    "10": {
      "temp": 21.6,
      "precip": 0.0,
      "wind": 9.7,
      "wind_dir_deg": 51.0
    },
    "12": {
      "temp": 24.9,
      "precip": 0.0,
      "wind": 10.8,
      "wind_dir_deg": 69.0
    },
    "14": {
      "temp": 23.4,
      "precip": 0.0,
      "wind": 7.2,
      "wind_dir_deg": 117.0
    },
    "16": {
      "temp": 22.8,
      "precip": 0.5,
      "wind": 15.2,
      "wind_dir_deg": 144.0
    }
  },
  "ride_temp_mean": 23.175,
  "ride_wind_mean": 10.725,
  "ride_wind_dir_deg": 99.62441800691488,
  "ride_rain_flag": 1.0,
  "tent_rain_flag": 1.0,
  "daily_precip_sum": 5.0,
  "daily_temp_mean": 19.995833333333334,
  "daily_wind_mean": 10.341666666666667,
  "daily_wind_dir_deg": 111.81281267677116
}