{
  "samples_local": {
    "10": {
      "temp": 15.8,
      "precip": 0.0,
      "wind": 12.9,
      "wind_dir_deg": 113.0
    },
    "12": {
      "temp": 16.9,
      "precip": 0.1,
      "wind": 18.2,
      "wind_dir_deg": 115.0
    },
    "14": {
      "temp": 16.9,
      "precip": 0.0,
      "wind": 19.2,
      "wind_dir_deg": 113.0
    },
    "16": {
      "temp": 16.8,
      "precip": 0.0,
      "wind": 20.8,
      "wind_dir_deg": 116.0
    }
  },
  "ride_temp_mean": 16.6,
  "ride_wind_mean": 17.775,
  "ride_wind_dir_deg": 114.38958864099192,
  "ride_rain_flag": 0.0,
  "tent_rain_flag": 1.0,
  "daily_precip_sum": 0.5,
  "daily_temp_mean": 14.116666666666667,
  "daily_wind_mean": 13.512500000000001,
  "daily_wind_dir_deg": 123.97380716641896
}