{
  "samples_local": {
    "10": {
      "temp": 19.1,
      "precip": 0.0,
      "wind": 15.6,
      "wind_dir_deg": 172.0
    },
    "12": {
      "temp": 20.4,
      "precip": 0.0,
      "wind": 14.6,
      "wind_dir_deg": 164.0
    },
    "14": {
      "temp": 17.5,
      "precip": 0.4,
      "wind": 12.1,
      "wind_dir_deg": 153.0
    },
    "16": {
      "temp": 16.5,
      "precip": 0.6,
      "wind": 9.3,
      "wind_dir_deg": 144.0
    }
  },
  "ride_temp_mean": 18.375,
  "ride_wind_mean": 12.9,
  "ride_wind_dir_deg": 160.25257248354023,
  "ride_rain_flag": 1.0,
  "tent_rain_flag": 1.0,
  "daily_precip_sum": 2.7,
  "daily_temp_mean": 17.037499999999998,
  "daily_wind_mean": 11.829166666666666,
  "daily_wind_dir_deg": 129.48901259670902
}