{
  "samples_local": {
    "10": {
      "temp": 15.6,
      "precip": 0.1,
      "wind": 10.5,
      "wind_dir_deg": 153.0
    },
    "12": {
      "temp": 16.1,
      "precip": 0.1,
      "wind": 9.4,
      "wind_dir_deg": 148.0
    },
    "14": {
      "temp": 19.0,
      "precip": 0.0,
      "wind": 10.5,
      "wind_dir_deg": 131.0
    },
    "16": {
      "temp": 19.5,
      "precip": 0.0,
      "wind": 13.4,
      "wind_dir_deg": 126.0
    }
  },
  "ride_temp_mean": 17.55,
  "ride_wind_mean": 10.95,
  "ride_wind_dir_deg": 138.3793760132682,
  "ride_rain_flag": 0.0,
  "tent_rain_flag": 1.0,
  "daily_precip_sum": 2.8000000000000003,
  "daily_temp_mean": 16.162499999999998,
  "daily_wind_mean": 10.654166666666667,
  "daily_wind_dir_deg": 141.07460805702738
}