{
  "samples_local": {
    "10": {
      "temp": 13.6,
      "precip": 0.0,
      "wind": 13.0,
      "wind_dir_deg": 204.0
    },
    "12": {
      "temp": 16.2,
      "precip": 0.1,
      "wind": 12.6,
      "wind_dir_deg": 193.0
    },
    "14": {
      "temp": 17.0,
      "precip": 0.1,
      "wind": 11.4,
      "wind_dir_deg": 193.0
    },
    "16": {
      "temp": 17.4,
      "precip": 0.0,
      "wind": 10.2,
      "wind_dir_deg": 172.0
    }
  },
  "ride_temp_mean": 16.05,
  "ride_wind_mean": 11.8,
  "ride_wind_dir_deg": 191.54595160823752,
  "ride_rain_flag": 0.0,
  "tent_rain_flag": 1.0,
  "daily_precip_sum": 4.7,
  "daily_temp_mean": 14.554166666666667,
  "daily_wind_mean": 10.970833333333333,
  "daily_wind_dir_deg": 195.5547025945051
}