{
  "samples_local": {
    "10": {
      "temp": 14.8,
      "precip": 0.1,
      "wind": 16.6,
      "wind_dir_deg": 153.0
    },
    "12": {
      "temp": 15.2,
      "precip": 0.2,
      "wind": 18.7,
      "wind_dir_deg": 152.0
    },
    "14": {
      "temp": 15.4,
      "precip": 0.0,
      "wind": 16.4,
      "wind_dir_deg": 147.0
    },
    "16": {
      "temp": 14.8,
      "precip": 0.0,
      "wind": 18.9,
      "wind_dir_deg": 156.0
    }
  },
  "ride_temp_mean": 15.05,
  "ride_wind_mean": 17.65,
  "ride_wind_dir_deg": 152.1452960559792,
  "ride_rain_flag": 1.0,
  "tent_rain_flag": 1.0,
  "daily_precip_sum": 0.8,
  "daily_temp_mean": 13.616666666666667,
  "daily_wind_mean": 15.174999999999999,
  "daily_wind_dir_deg": 162.3796791987703
}