{
  "samples_local": {
    "10": {
      "temp": 16.1,
      "precip": 0.0,
      "wind": 12.3,
      "wind_dir_deg": 142.0
    },
    "12": {
      "temp": 17.8,
      "precip": 0.0,
      "wind": 14.2,
      "wind_dir_deg": 114.0
    },
    "14": {
      "temp": 18.5,
      "precip": 0.0,
      "wind": 18.3,
      "wind_dir_deg": 112.0
    },
    "16": {
      "temp": 18.1,
      "precip": 0.0,
      "wind": 18.7,
      "wind_dir_deg": 115.0
    }
  },
  "ride_temp_mean": 17.625,
  "ride_wind_mean": 15.875,
  "ride_wind_dir_deg": 119.03102410119772,
  "ride_rain_flag": 0.0,
  "tent_rain_flag": 1.0,
  "daily_precip_sum": 0.4,
  "daily_temp_mean": 15.341666666666667,
  "daily_wind_mean": 12.866666666666667,
  "daily_wind_dir_deg": 130.19652046024618
}