{
  "samples_local": {
    "10": {
      "temp": 15.6,
      "precip": 0.1,
      "wind": 18.5,
      "wind_dir_deg": 119.0
    },
    "12": {
      "temp": 16.1,
      "precip": 0.1,
      "wind": 21.4,
      "wind_dir_deg": 119.0
    },
    "14": {
      "temp": 16.0,
      "precip": 0.1,
      "wind": 21.9,
      "wind_dir_deg": 123.0
    },
    "16": {
      "temp": 15.6,
      "precip": 0.0,
      "wind": 21.5,
      "wind_dir_deg": 121.0
    }
  },
  "ride_temp_mean": 15.825,
  "ride_wind_mean": 20.825,
  "ride_wind_dir_deg": 120.56772772601408,
  "ride_rain_flag": 0.0,
  "tent_rain_flag": 1.0,
  "daily_precip_sum": 1.0,
  "daily_temp_mean": 13.283333333333333,
  "daily_wind_mean": 15.020833333333334,
  "daily_wind_dir_deg": 127.47652107620297
}