{
  "samples_local": {
    "10": {
      "temp": 21.6,
      "precip": 0.1,
      "wind": 11.8,
      "wind_dir_deg": 117.0
    },
    "12": {
      "temp": 21.5,
      "precip": 0.1,
      "wind": 13.8,
      "wind_dir_deg": 147.0
    },
    "14": {
      "temp": 18.6,
      "precip": 0.0,
      "wind": 13.9,
      "wind_dir_deg": 155.0
    },
    "16": {
      "temp": 18.5,
      "precip": 0.1,
      "wind": 14.7,
      "wind_dir_deg": 158.0
    }
  },
  "ride_temp_mean": 20.05,
  "ride_wind_mean": 13.55,
  "ride_wind_dir_deg": 145.72664510133842,
  "ride_rain_flag": 0.0,
  "tent_rain_flag": 1.0,
  "daily_precip_sum": 3.7,
  "daily_temp_mean": 18.291666666666668,
  "daily_wind_mean": 10.708333333333334,
  "daily_wind_dir_deg": 127.3672993069182
}