{
  "samples_local": {
    "10": {
      "temp": 15.9,
      "precip": 0.2,
      "wind": 16.7,
      "wind_dir_deg": 115.0
    },
    "12": {
      "temp": 17.0,
      "precip": 0.1,
      "wind": 19.4,
      "wind_dir_deg": 112.0
    },
    "14": {
      "temp": 17.3,
      "precip": 0.0,
      "wind": 20.8,
      "wind_dir_deg": 118.0
    },
    "16": {
      "temp": 17.0,
      "precip": 0.0,
      "wind": 23.0,
      "wind_dir_deg": 115.0
    }
  },
  "ride_temp_mean": 16.8,
  "ride_wind_mean": 19.975,
  "ride_wind_dir_deg": 115.05257793060343,
  "ride_rain_flag": 1.0,
  "tent_rain_flag": 0.0,
  "daily_precip_sum": 0.6000000000000001,
  "daily_temp_mean": 14.079166666666666,
  "daily_wind_mean": 16.1375,
  "daily_wind_dir_deg": 122.793076103153
}