{
  "ride_temp_mean": 10.0,
  "ride_precip_sum": 0.0,
  "ride_wind_speed": 29.701644198070657,
  "ride_wind_dir": 219.7729699784409,
  "tent_precip_sum": 2.7,
  "tent_temp_mean": 8.635
}