{
  "ride_temp_mean": 8.975,
  "ride_precip_sum": 0.0,
  "ride_wind_speed": 22.7022469894017,
  "ride_wind_dir": 219.08553815830624,
  "tent_precip_sum": 0.0,
  "tent_temp_mean": 4.5200000000000005
}