{
  "samples_local": {
    "10": {
      "temp": 10.7,
      "precip": 0.0,
      "wind": 24.1,
      "wind_dir_deg": 3.0
    },
    "12": {
      "temp": 9.2,
      "precip": 0.6,
      "wind": 23.8,
      "wind_dir_deg": 3.0
    },
    "14": {
      "temp": 9.1,
      "precip": 0.0,
      "wind": 18.2,
      "wind_dir_deg": 351.0
    },
    "16": {
      "temp": 10.2,
      "precip": 0.0,
      "wind": 19.4,
      "wind_dir_deg": 0.0
    }
  },
  "ride_temp_mean": 9.799999999999999,
  "ride_wind_mean": 21.375,
  "ride_wind_dir_deg": 359.77123913730446,
  "ride_rain_flag": 1.0,
  "tent_rain_flag": 1.0,
  "daily_precip_sum": 1.2,
  "daily_temp_mean": 7.104166666666667,
  "daily_wind_mean": 15.637500000000001,
  "daily_wind_dir_deg": 3.2039289377467526
}