{
  "samples_local": {
    "10": {
      "temp": 8.0,
      "precip": 0.8,
      "wind": 19.7,
      "wind_dir_deg": 342.0
    },
    "12": {
      "temp": 9.9,
      "precip": 0.6,
      "wind": 16.9,
      "wind_dir_deg": 359.0
    },
    "14": {
      "temp": 11.6,
      "precip": 0.2,
      "wind": 15.6,
      "wind_dir_deg": 64.0
    },
    "16": {
      "temp": 11.4,
      "precip": 0.0,
      "wind": 14.7,
      "wind_dir_deg": 68.0
    }
  },
  "ride_temp_mean": 10.225,
  "ride_wind_mean": 16.724999999999998,
  "ride_wind_dir_deg": 23.907030957217614,
  "ride_rain_flag": 1.0,
  "tent_rain_flag": 1.0,
  "daily_precip_sum": 5.7,
  "daily_temp_mean": 8.341666666666667,
  "daily_wind_mean": 15.020833333333334,
  "daily_wind_dir_deg": 7.3260183950638975
}