{
  "samples_local": {
    "10": {
      "temp": 10.9,
      "precip": 0.0,
      "wind": 13.2,
      "wind_dir_deg": 331.0
    },
    "12": {
      "temp": 13.1,
      "precip": 0.0,
      "wind": 16.1,
      "wind_dir_deg": 336.0
    },
    "14": {
      "temp": 14.6,
      "precip": 0.0,
      "wind": 18.6,
      "wind_dir_deg": 351.0
    },
    "16": {
      "temp": 13.5,
      "precip": 0.0,
      "wind": 16.4,
      "wind_dir_deg": 341.0
    }
  },
  "ride_temp_mean": 13.025,
  "ride_wind_mean": 16.075,
  "ride_wind_dir_deg": 340.5816662262428,
  "ride_rain_flag": 0.0,
  "tent_rain_flag": 0.0,
  "daily_precip_sum": 0.1,
  "daily_temp_mean": 8.154166666666667,
  "daily_wind_mean": 11.645833333333334,
  "daily_wind_dir_deg": 347.7716758275423
}