{
  "samples_local": {
    "10": {
      "temp": 10.6,
      "precip": 0.0,
      "wind": 16.6,
      "wind_dir_deg": 347.0
    },
    "12": {
      "temp": 11.3,
      "precip": 0.1,
      "wind": 26.0,
      "wind_dir_deg": 3.0
    },
    "14": {
      "temp": 9.3,
      "precip": 1.4,
      "wind": 16.9,
      "wind_dir_deg": 349.0
    },
    "16": {
      "temp": 9.3,
      "precip": 0.3,
      "wind": 18.0,
      "wind_dir_deg": 340.0
    }
  },
  "ride_temp_mean": 10.125,
  "ride_wind_mean": 19.375,
  "ride_wind_dir_deg": 351.16719537103074,
  "ride_rain_flag": 1.0,
  "tent_rain_flag": 1.0,
  "daily_precip_sum": 11.0,
  "daily_temp_mean": 7.033333333333334,
  "daily_wind_mean": 14.191666666666668,
  "daily_wind_dir_deg": 357.9492256369622
}