{
  "samples_local": {
    "10": {
      "temp": 10.6,
      "precip": 0.0,
      "wind": 20.0,
      "wind_dir_deg": 326.0
    },
    "12": {
      "temp": 11.0,
      "precip": 0.0,
      "wind": 26.0,
      "wind_dir_deg": 336.0
    },
    "14": {
      "temp": 8.8,
      "precip": 1.4,
      "wind": 19.0,
      "wind_dir_deg": 345.0
    },
    "16": {
      "temp": 8.7,
      "precip": 0.7,
      "wind": 18.7,
      "wind_dir_deg": 330.0
    }
  },
  "ride_temp_mean": 9.775,
  "ride_wind_mean": 20.925,
  "ride_wind_dir_deg": 334.30673090109167,
  "ride_rain_flag": 1.0,
  "tent_rain_flag": 1.0,
  "daily_precip_sum": 4.3,
  "daily_temp_mean": 6.808333333333334,
  "daily_wind_mean": 15.470833333333333,
  "daily_wind_dir_deg": 334.20483244851744
}