{
  "samples_local": {
    "10": {
      "temp": 11.0,
      "precip": 0.0,
      "wind": 18.2,
      "wind_dir_deg": 333.0
    },
    "12": {
      "temp": 13.4,
      "precip": 0.0,
      "wind": 22.3,
      "wind_dir_deg": 326.0
    },
    "14": {
      "temp": 14.6,
      "precip": 0.0,
      "wind": 23.1,
      "wind_dir_deg": 339.0
    },
    "16": {
      "temp": 12.7,
      "precip": 0.0,
      "wind": 16.6,
      "wind_dir_deg": 358.0
    }
  },
  "ride_temp_mean": 12.925,
  "ride_wind_mean": 20.05,
  "ride_wind_dir_deg": 337.8965541298931,
  "ride_rain_flag": 0.0,
  "tent_rain_flag": 1.0,
  "daily_precip_sum": 2.9,
  "daily_temp_mean": 7.8999999999999995,
  "daily_wind_mean": 14.362499999999999,
  "daily_wind_dir_deg": 340.5913044626064
}