{
  "samples_local": {
    "10": {
      "temp": 10.4,
      "precip": 0.0,
      "wind": 22.6,
      "wind_dir_deg": 326.0
    },
    "12": {
      "temp": 12.3,
      "precip": 0.0,
      "wind": 26.6,
      "wind_dir_deg": 327.0
    },
    "14": {
      "temp": 11.9,
      "precip": 0.0,
      "wind": 24.8,
      "wind_dir_deg": 347.0
    },
    "16": {
      "temp": 9.8,
      "precip": 0.8,
      "wind": 23.1,
      "wind_dir_deg": 349.0
    }
  },
  "ride_temp_mean": 11.100000000000001,
  "ride_wind_mean": 24.275000000000002,
  "ride_wind_dir_deg": 337.106850929372,
  "ride_rain_flag": 1.0,
  "tent_rain_flag": 1.0,
  "daily_precip_sum": 4.1,
  "daily_temp_mean": 7.316666666666666,
  "daily_wind_mean": 17.383333333333333,
  "daily_wind_dir_deg": 337.13028694009336
}