{
  "samples_local": {
    "10": {
      "temp": 10.3,
      "precip": 0.0,
      "wind": 15.9,
      "wind_dir_deg": 332.0
    },
    "12": {
      "temp": 12.4,
      "precip": 0.0,
      "wind": 20.1,
      "wind_dir_deg": 331.0
    },
    "14": {
      "temp": 13.4,
      "precip": 0.0,
      "wind": 22.9,
      "wind_dir_deg": 341.0
    },
    "16": {
      "temp": 12.4,
      "precip": 0.0,
      "wind": 15.6,
      "wind_dir_deg": 322.0
    }
  },
  "ride_temp_mean": 12.125,
  "ride_wind_mean": 18.625,
  "ride_wind_dir_deg": 332.4047799859603,
  "ride_rain_flag": 0.0,
  "tent_rain_flag": 1.0,
  "daily_precip_sum": 2.0,
  "daily_temp_mean": 7.445833333333333,
  "daily_wind_mean": 13.116666666666667,
  "daily_wind_dir_deg": 334.77441671934355
}