{
  "ride_temp_mean": 3.625,
  "ride_precip_sum": 0.0,
  "ride_wind_speed": 2.3841403413948368,
  "ride_wind_dir": 167.07538761221667,
  "tent_precip_sum": 0.6000000000000001,
  "tent_temp_mean": 1.765
}