{
  "ride_temp_mean": 8.0,
  "ride_precip_sum": 0.0,
  "ride_wind_speed": 4.8396585331904465,
  "ride_wind_dir": 3.471558447349139,
  "tent_precip_sum": 1.2,
  "tent_temp_mean": 5.665
}