{
  "ride_temp_mean": 9.025,
  "ride_precip_sum": 0.0,
  "ride_wind_speed": 2.953265049923065,
  "ride_wind_dir": 181.8272799758348,
  "tent_precip_sum": 0.0,
  "tent_temp_mean": 6.3549999999999995
}