{
  "ride_temp_mean": 4.1,
  "ride_precip_sum": 0.0,
  "ride_wind_speed": 10.04855171724776,
  "ride_wind_dir": 326.2713332813903,
  "tent_precip_sum": 0.0,
  "tent_temp_mean": 0.31500000000000006
}