{
  "ride_temp_mean": 1.1,
  "ride_precip_sum": 0.0,
  "ride_wind_speed": 2.6557930625667563,
  "ride_wind_dir": 137.251277052594,
  "tent_precip_sum": 0.0,
  "tent_temp_mean": -0.05500000000000001
}