{
  "ride_temp_mean": -1.0,
  "ride_precip_sum": 0.0,
  "ride_wind_speed": 12.197017861590206,
  "ride_wind_dir": 303.9296861913342,
  "tent_precip_sum": 11.4,
  "tent_temp_mean": -0.35
}