{
  "ride_temp_mean": 6.2,
  "ride_precip_sum": 0.0,
  "ride_wind_speed": 11.039322324202923,
  "ride_wind_dir": 222.02828195771235,
  "tent_precip_sum": 0.6,
  "tent_temp_mean": 4.66
}