{
  "ride_temp_mean": 6.725,
  "ride_precip_sum": 0.6,
  "ride_wind_speed": 21.25672453867078,
  "ride_wind_dir": 221.28306961405278,
  "tent_precip_sum": 5.4,
  "tent_temp_mean": 5.87
}