{
  "samples_local": {
    "10": {
      "temp": -2.2,
      "precip": 0.0,
      "wind": 18.8,
      "wind_dir_deg": 54.0
    },
    "12": {
      "temp": -0.6,
      "precip": 0.0,
      "wind": 15.3,
      "wind_dir_deg": 39.0
    },
    "14": {
      "temp": 0.1,
      "precip": 0.0,
      "wind": 21.1,
      "wind_dir_deg": 57.0
    },
    "16": {
      "temp": -0.2,
      "precip": 0.1,
      "wind": 16.2,
      "wind_dir_deg": 58.0
    }
  },
  "ride_temp_mean": -0.7250000000000001,
  "ride_wind_mean": 17.85,
  "ride_wind_dir_deg": 52.60402574732433,
  "ride_rain_flag": 0.0,
  "tent_rain_flag": 1.0,
  "daily_precip_sum": 0.30000000000000004,
  "daily_temp_mean": -2.7624999999999997,
  "daily_wind_mean": 13.245833333333332,
  "daily_wind_dir_deg": 61.61589839820334
}