{
  "samples_local": {
    "10": {
      "temp": 0.2,
      "precip": 0.0,
      "wind": 21.9,
      "wind_dir_deg": 45.0
    },
    "12": {
      "temp": 1.4,
      "precip": 0.0,
      "wind": 24.7,
      "wind_dir_deg": 53.0
    },
    "14": {
      "temp": 1.8,
      "precip": 0.0,
      "wind": 24.7,
      "wind_dir_deg": 56.0
    },
    "16": {
      "temp": 1.3,
      "precip": 0.0,
      "wind": 17.2,
      "wind_dir_deg": 53.0
    }
  },
  "ride_temp_mean": 1.175,
  "ride_wind_mean": 22.125,
  "ride_wind_dir_deg": 51.860640883174995,
  "ride_rain_flag": 0.0,
  "tent_rain_flag": 1.0,
  "daily_precip_sum": 0.30000000000000004,
  "daily_temp_mean": -0.7999999999999999,
  "daily_wind_mean": 15.145833333333334,
  "daily_wind_dir_deg": 50.23706148650314
}