{
  "samples_local": {
    "10": {
      "temp": 1.8,
      "precip": 0.0,
      "wind": 19.5,
      "wind_dir_deg": 38.0
    },
    "12": {
      "temp": 3.0,
      "precip": 0.0,
      "wind": 19.7,
      "wind_dir_deg": 40.0
    },
    "14": {
      "temp": 2.8,
      "precip": 0.2,
      "wind": 15.8,
      "wind_dir_deg": 35.0
    },
    "16": {
      "temp": 2.7,
      "precip": 0.1,
      "wind": 13.7,
      "wind_dir_deg": 35.0
    }
  },
  "ride_temp_mean": 2.575,
  "ride_wind_mean": 17.175,
  "ride_wind_dir_deg": 37.285262060312334,
  "ride_rain_flag": 1.0,
  "tent_rain_flag": 1.0,
  "daily_precip_sum": 0.7000000000000001,
  "daily_temp_mean": 1.1958333333333333,
  "daily_wind_mean": 13.612499999999999,
  "daily_wind_dir_deg": 43.19201309754135
}