{
  "samples_local": {
    "10": {
      "temp": -5.2,
      "precip": 0.0,
      "wind": 21.2,
      "wind_dir_deg": 40.0
    },
    "12": {
      "temp": -3.5,
      "precip": 0.0,
      "wind": 22.4,
      "wind_dir_deg": 30.0
    },
    "14": {
      "temp": -2.2,
      "precip": 0.2,
      "wind": 22.0,
      "wind_dir_deg": 38.0
    },
    "16": {
      "temp": -1.8,
      "precip": 0.2,
      "wind": 19.9,
      "wind_dir_deg": 45.0
    }
  },
  "ride_temp_mean": -3.1750000000000003,
  "ride_wind_mean": 21.375,
  "ride_wind_dir_deg": 38.03203459616543,
  "ride_rain_flag": 1.0,
  "tent_rain_flag": 1.0,
  "daily_precip_sum": 2.1,
  "daily_temp_mean": -4.483333333333333,
  "daily_wind_mean": 17.241666666666667,
  "daily_wind_dir_deg": 45.98489477919378
}