{
  "samples_local": {
    "10": {
      "temp": 0.1,
      "precip": 0.0,
      "wind": 25.7,
      "wind_dir_deg": 47.0
    },
    "12": {
      "temp": 0.8,
      "precip": 0.0,
      "wind": 22.8,
      "wind_dir_deg": 55.0
    },
    "14": {
      "temp": 0.6,
      "precip": 0.0,
      "wind": 22.7,
      "wind_dir_deg": 89.0
    },
    "16": {
      "temp": -0.9,
      "precip": 0.0,
      "wind": 12.5,
      "wind_dir_deg": 102.0
    }
  },
  "ride_temp_mean": 0.15,
  "ride_wind_mean": 20.925,
  "ride_wind_dir_deg": 68.57904196209665,
  "ride_rain_flag": 0.0,
  "tent_rain_flag": 1.0,
  "daily_precip_sum": 1.2000000000000002,
  "daily_temp_mean": -1.3416666666666668,
  "daily_wind_mean": 17.279166666666665,
  "daily_wind_dir_deg": 53.14620483489375
}