{
  "samples_local": {
    "10": {
      "temp": -0.8,
      "precip": 0.0,
      "wind": 20.9,
      "wind_dir_deg": 21.0
    },
    "12": {
      "temp": 0.2,
      "precip": 0.3,
      "wind": 16.9,
      "wind_dir_deg": 11.0
    },
    "14": {
      "temp": 0.7,
      "precip": 0.0,
      "wind": 16.4,
      "wind_dir_deg": 15.0
    },
    "16": {
      "temp": 1.5,
      "precip": 0.2,
      "wind": 17.5,
      "wind_dir_deg": 58.0
    }
  },
  "ride_temp_mean": 0.39999999999999997,
  "ride_wind_mean": 17.924999999999997,
  "ride_wind_dir_deg": 25.956847933053382,
  "ride_rain_flag": 1.0,
  "tent_rain_flag": 1.0,
  "daily_precip_sum": 2.1,
  "daily_temp_mean": -0.9249999999999999,
  "daily_wind_mean": 15.754166666666668,
  "daily_wind_dir_deg": 37.240849006339545
}