{
  "ride_temp_mean": 13.625,
  "ride_precip_sum": 0.30000000000000004,
  "ride_wind_speed": 40.35598603038727,
  "ride_wind_dir": 246.7528783575229,
  "tent_precip_sum": 1.1,
  "tent_temp_mean": 13.61
}