{
  "samples_local": {
    "10": {
      "temp": -3.8,
      "precip": 0.2,
      "wind": 8.0,
      "wind_dir_deg": 126.0
    },
    "12": {
      "temp": -3.5,
      "precip": 0.2,
      "wind": 5.9,
      "wind_dir_deg": 128.0
    },
    "14": {
      "temp": -4.0,
      "precip": 0.1,
      "wind": 10.0,
      "wind_dir_deg": 131.0
    },
    "16": {
      "temp": -4.1,
      "precip": 0.2,
      "wind": 11.4,
      "wind_dir_deg": 125.0
    }
  },
  "ride_temp_mean": -3.8499999999999996,
  "ride_wind_mean": 8.825,
  "ride_wind_dir_deg": 127.42737268126837,
  "ride_rain_flag": 1.0,
  "tent_rain_flag": 1.0,
  "daily_precip_sum": 5.7,
  "daily_temp_mean": -4.158333333333333,
  "daily_wind_mean": 9.454166666666667,
  "daily_wind_dir_deg": 96.26502842232497
}