{
  "samples_local": {
    "10": {
      "temp": -1.5,
      "precip": 0.0,
      "wind": 10.1,
      "wind_dir_deg": 6.0
    },
    "12": {
      "temp": 0.8,
      "precip": 0.0,
      "wind": 8.7,
      "wind_dir_deg": 45.0
    },
    "14": {
      "temp": 1.6,
      "precip": 0.0,
      "wind": 8.8,
      "wind_dir_deg": 19.0
    },
    "16": {
      "temp": 0.4,
      "precip": 0.0,
      "wind": 9.3,
      "wind_dir_deg": 16.0
    }
  },
  "ride_temp_mean": 0.32500000000000007,
  "ride_wind_mean": 9.225,
  "ride_wind_dir_deg": 20.690593575368723,
  "ride_rain_flag": 0.0,
  "tent_rain_flag": 0.0,
  "daily_precip_sum": 0.0,
  "daily_temp_mean": -0.9958333333333332,
  "daily_wind_mean": 12.133333333333333,
  "daily_wind_dir_deg": 16.954811386590734
}