{
  "samples_local": {
    "10": {
      "temp": -1.2,
      "precip": 0.0,
      "wind": 4.6,
      "wind_dir_deg": 108.0
    },
    "12": {
      "temp": 0.5,
      "precip": 0.0,
      "wind": 3.3,
      "wind_dir_deg": 131.0
    },
    "14": {
      "temp": 1.8,
      "precip": 0.0,
      "wind": 5.9,
      "wind_dir_deg": 104.0
    },
    "16": {
      "temp": -1.5,
      "precip": 0.0,
      "wind": 7.9,
      "wind_dir_deg": 90.0
    }
  },
  "ride_temp_mean": -0.09999999999999998,
  "ride_wind_mean": 5.425,
  "ride_wind_dir_deg": 103.74974998092745,
  "ride_rain_flag": 0.0,
  "tent_rain_flag": 0.0,
  "daily_precip_sum": 0.0,
  "daily_temp_mean": -2.0124999999999997,
  "daily_wind_mean": 6.570833333333333,
  "daily_wind_dir_deg": 48.358808145538944
}