{
  "ride_temp_mean": -1.0250000000000001,
  "ride_precip_sum": 0.5,
  "ride_wind_speed": 4.372779177271912,
  "ride_wind_dir": 306.69283222350276,
  "tent_precip_sum": 1.4000000000000001,
  "tent_temp_mean": -1.48
}