{
  "ride_temp_mean": -1.1,
  "ride_precip_sum": 0.0,
  "ride_wind_speed": 20.508354814176975,
  "ride_wind_dir": 280.9719848599947,
  "tent_precip_sum": 2.8000000000000003,
  "tent_temp_mean": 0.10999999999999999
}