{
  "ride_temp_mean": 6.025,
  "ride_precip_sum": 2.3,
  "ride_wind_speed": 25.52392819845429,
  "ride_wind_dir": 238.97500505955898,
  "tent_precip_sum": 14.3,
  "tent_temp_mean": 5.51
}