{
  "ride_temp_mean": 5.75,
  "ride_precip_sum": 0.0,
  "ride_wind_speed": 17.979831447654604,
  "ride_wind_dir": 246.25947875616492,
  "tent_precip_sum": 0.0,
  "tent_temp_mean": 2.8850000000000002
}