{
  "samples_local": {
    "10": {
      "temp": 6.4,
      "precip": 0.0,
      "wind": 8.9,
      "wind_dir_deg": 333.0
    },
    "12": {
      "temp": 7.6,
      "precip": 0.0,
      "wind": 11.4,
      "wind_dir_deg": 298.0
    },
    "14": {
      "temp": 9.1,
      "precip": 0.0,
      "wind": 18.4,
      "wind_dir_deg": 305.0
    },
    "16": {
      "temp": 8.7,
      "precip": 0.0,
      "wind": 17.8,
      "wind_dir_deg": 312.0
    }
  },
  "ride_temp_mean": 7.949999999999999,
  "ride_wind_mean": 14.125,
  "ride_wind_dir_deg": 310.12898603389425,
  "ride_rain_flag": 0.0,
  "tent_rain_flag": 0.0,
  "daily_precip_sum": 0.1,
  "daily_temp_mean": 6.379166666666666,
  "daily_wind_mean": 11.424999999999999,
  "daily_wind_dir_deg": 314.16457978730597
}