{
  "samples_local": {
    "10": {
      "temp": 9.4,
      "precip": 0.0,
      "wind": 4.3,
      "wind_dir_deg": 312.0
    },
    "12": {
      "temp": 13.1,
      "precip": 0.0,
      "wind": 4.2,
      "wind_dir_deg": 110.0
    },
    "14": {
      "temp": 14.4,
      "precip": 0.0,
      "wind": 10.7,
      "wind_dir_deg": 76.0
    },
    "16": {
      "temp": 12.2,
      "precip": 0.2,
      "wind": 10.8,
      "wind_dir_deg": 90.0
    }
  },
  "ride_temp_mean": 12.275,
  "ride_wind_mean": 7.5,
  "ride_wind_dir_deg": 79.59035123276635,
  "ride_rain_flag": 1.0,
  "tent_rain_flag": 1.0,
  "daily_precip_sum": 2.3000000000000003,
  "daily_temp_mean": 7.495833333333334,
  "daily_wind_mean": 7.458333333333333,
  "daily_wind_dir_deg": 56.61217229046639
}