{
  "samples_local": {
    "10": {
      "temp": 7.5,
      "precip": 0.0,
      "wind": 8.4,
      "wind_dir_deg": 353.0
    },
    "12": {
      "temp": 10.5,
      "precip": 0.0,
      "wind": 5.6,
      "wind_dir_deg": 333.0
    },
    "14": {
      "temp": 12.5,
      "precip": 0.0,
      "wind": 7.6,
      "wind_dir_deg": 329.0
    },
    "16": {
      "temp": 12.9,
      "precip": 0.0,
      "wind": 5.4,
      "wind_dir_deg": 0.0
    }
  },
  "ride_temp_mean": 10.85,
  "ride_wind_mean": 6.75,
  "ride_wind_dir_deg": 343.49276533531935,
  "ride_rain_flag": 0.0,
  "tent_rain_flag": 1.0,
  "daily_precip_sum": 0.30000000000000004,
  "daily_temp_mean": 8.512500000000001,
  "daily_wind_mean": 7.2124999999999995,
  "daily_wind_dir_deg": 352.63755414054447
}