{
  "samples_local": {
    "10": {
      "temp": 7.8,
      "precip": 0.0,
      "wind": 8.5,
      "wind_dir_deg": 306.0
    },
    "12": {
      "temp": 9.5,
      "precip": 0.0,
      "wind": 10.6,
      "wind_dir_deg": 298.0
    },
    "14": {
      "temp": 9.4,
      "precip": 0.0,
      "wind": 9.0,
      "wind_dir_deg": 307.0
    },
    "16": {
      "temp": 9.2,
      "precip": 0.0,
      "wind": 11.3,
      "wind_dir_deg": 292.0
    }
  },
  "ride_temp_mean": 8.975,
  "ride_wind_mean": 9.85,
  "ride_wind_dir_deg": 300.06249641241504,
  "ride_rain_flag": 0.0,
  "tent_rain_flag": 0.0,
  "daily_precip_sum": 0.30000000000000004,
  "daily_temp_mean": 7.516666666666667,
  "daily_wind_mean": 9.200000000000001,
  "daily_wind_dir_deg": 299.7406899836881
}