{
  "samples_local": {
    "10": {
      "temp": 7.8,
      "precip": 0.0,
      "wind": 7.3,
      "wind_dir_deg": 290.0
    },
    "12": {
      "temp": 10.1,
      "precip": 0.0,
      "wind": 7.4,
      "wind_dir_deg": 293.0
    },
    "14": {
      "temp": 9.7,
      "precip": 0.0,
      "wind": 6.9,
      "wind_dir_deg": 279.0
    },
    "16": {
      "temp": 9.9,
      "precip": 0.0,
      "wind": 8.3,
      "wind_dir_deg": 272.0
    }
  },
  "ride_temp_mean": 9.375,
  "ride_wind_mean": 7.4750000000000005,
  "ride_wind_dir_deg": 283.2124238527716,
  "ride_rain_flag": 0.0,
  "tent_rain_flag": 1.0,
  "daily_precip_sum": 0.6000000000000001,
  "daily_temp_mean": 7.8625,
  "daily_wind_mean": 7.908333333333334,
  "daily_wind_dir_deg": 283.84446335613995
}