{
  "samples_local": {
    "10": {
      "temp": 7.8,
      "precip": 0.0,
      "wind": 13.0,
      "wind_dir_deg": 318.0
    },
    "12": {
      "temp": 11.8,
      "precip": 0.0,
      "wind": 12.6,
      "wind_dir_deg": 329.0
    },
    "14": {
      "temp": 13.9,
      "precip": 0.0,
      "wind": 10.7,
      "wind_dir_deg": 348.0
    },
    "16": {
      "temp": 13.9,
      "precip": 0.0,
      "wind": 6.9,
      "wind_dir_deg": 332.0
    }
  },
  "ride_temp_mean": 11.85,
  "ride_wind_mean": 10.8,
  "ride_wind_dir_deg": 330.8441609502928,
  "ride_rain_flag": 0.0,
  "tent_rain_flag": 1.0,
  "daily_precip_sum": 0.30000000000000004,
  "daily_temp_mean": 8.170833333333333,
  "daily_wind_mean": 8.9375,
  "daily_wind_dir_deg": 315.63750281133383
}