{
  "samples_local": {
    "10": {
      "temp": 8.4,
      "precip": 0.0,
      "wind": 13.2,
      "wind_dir_deg": 338.0
    },
    "12": {
      "temp": 9.4,
      "precip": 0.0,
      "wind": 10.7,
      "wind_dir_deg": 340.0
    },
    "14": {
      "temp": 10.1,
      "precip": 0.0,
      "wind": 12.7,
      "wind_dir_deg": 345.0
    },
    "16": {
      "temp": 10.8,
      "precip": 0.0,
      "wind": 9.1,
      "wind_dir_deg": 351.0
    }
  },
  "ride_temp_mean": 9.675,
  "ride_wind_mean": 11.424999999999999,
  "ride_wind_dir_deg": 342.99905421845364,
  "ride_rain_flag": 0.0,
  "tent_rain_flag": 1.0,
  "daily_precip_sum": 1.2,
  "daily_temp_mean": 8.458333333333334,
  "daily_wind_mean": 8.716666666666667,
  "daily_wind_dir_deg": 356.0189214655316
}