{
  "ride_temp_mean": 1.425,
  "ride_precip_sum": 0.7000000000000001,
  "ride_wind_speed": 4.938547580887036,
  "ride_wind_dir": 332.7975413689427,
  "tent_precip_sum": 2.6,
  "tent_temp_mean": 1.27
}