{
  "ride_temp_mean": 10.6,
  "ride_precip_sum": 0.0,
  "ride_wind_speed": 26.836576316765772,
  "ride_wind_dir": 231.15643605382385,
  "tent_precip_sum": 11.3,
  "tent_temp_mean": 9.809999999999999
}