{
  "samples_local": {
    "10": {
      "temp": 10.6,
      "precip": 0.0,
      "wind": 5.2,
      "wind_dir_deg": 214.0
    },
    "12": {
      "temp": 14.6,
      "precip": 0.0,
      "wind": 4.7,
      "wind_dir_deg": 212.0
    },
    "14": {
      "temp": 17.1,
      "precip": 0.0,
      "wind": 1.0,
      "wind_dir_deg": 225.0
    },
    "16": {
      "temp": 17.6,
      "precip": 0.0,
      "wind": 2.1,
      "wind_dir_deg": 239.0
    }
  },
  "ride_temp_mean": 14.975000000000001,
  "ride_wind_mean": 3.25,
  "ride_wind_dir_deg": 218.0913206448046,
  "ride_rain_flag": 0.0,
  "tent_rain_flag": 0.0,
  "daily_precip_sum": 0.0,
  "daily_temp_mean": 11.450000000000001,
  "daily_wind_mean": 4.966666666666667,
  "daily_wind_dir_deg": 201.52005073786162
}