{
  "samples_local": {
    "10": {
      "temp": 6.6,
      "precip": 0.0,
      "wind": 8.1,
      "wind_dir_deg": 13.0
    },
    "12": {
      "temp": 7.8,
      "precip": 0.1,
      "wind": 6.8,
      "wind_dir_deg": 3.0
    },
    "14": {
      "temp": 11.5,
      "precip": 0.0,
      "wind": 6.6,
      "wind_dir_deg": 9.0
    },
    "16": {
      "temp": 12.3,
      "precip": 0.0,
      "wind": 5.6,
      "wind_dir_deg": 45.0
    }
  },
  "ride_temp_mean": 9.55,
  "ride_wind_mean": 6.7749999999999995,
  "ride_wind_dir_deg": 15.905850150911476,
  "ride_rain_flag": 0.0,
  "tent_rain_flag": 1.0,
  "daily_precip_sum": 0.6,
  "daily_temp_mean": 7.779166666666666,
  "daily_wind_mean": 8.204166666666667,
  "daily_wind_dir_deg": 5.900790417452868
}