{
  "ride_temp_mean": 2.8,
  "ride_precip_sum": 0.0,
  "ride_wind_speed": 12.116502136110466,
  "ride_wind_dir": 348.44534269276136,
  "tent_precip_sum": 2.1,
  "tent_temp_mean": 1.41
}