{
  "ride_temp_mean": 9.95,
  "ride_precip_sum": 6.1,
  "ride_wind_speed": 24.641967109534153,
  "ride_wind_dir": 219.07009390906103,
  "tent_precip_sum": 5.8999999999999995,
  "tent_temp_mean": 9.155
}