{
  "ride_temp_mean": 3.175,
  "ride_precip_sum": 0.0,
  "ride_wind_speed": 23.31676522712149,
  "ride_wind_dir": 211.8873000723688,
  "tent_precip_sum": 0.0,
  "tent_temp_mean": 3.3049999999999997
}