{
  "samples_local": {
    "10": {
      "temp": 10.6,
      "precip": 0.1,
      "wind": 15.5,
      "wind_dir_deg": 22.0
    },
    "12": {
      "temp": 10.1,
      "precip": 0.3,
      "wind": 21.8,
      "wind_dir_deg": 34.0
    },
    "14": {
      "temp": 9.9,
      "precip": 0.6,
      "wind": 19.2,
      "wind_dir_deg": 28.0
    },
    "16": {
      "temp": 11.2,
      "precip": 0.0,
      "wind": 18.1,
      "wind_dir_deg": 41.0
    }
  },
  "ride_temp_mean": 10.45,
  "ride_wind_mean": 18.65,
  "ride_wind_dir_deg": 31.660785909201877,
  "ride_rain_flag": 1.0,
  "tent_rain_flag": 1.0,
  "daily_precip_sum": 5.3999999999999995,
  "daily_temp_mean": 10.070833333333333,
  "daily_wind_mean": 16.416666666666668,
  "daily_wind_dir_deg": 36.82433552460412
}