{
  "samples_local": {
    "10": {
      "temp": 10.3,
      "precip": 0.0,
      "wind": 11.2,
      "wind_dir_deg": 2.0
    },
    "12": {
      "temp": 12.1,
      "precip": 0.1,
      "wind": 17.2,
      "wind_dir_deg": 33.0
    },
    "14": {
      "temp": 12.2,
      "precip": 0.1,
      "wind": 19.2,
      "wind_dir_deg": 30.0
    },
    "16": {
      "temp": 10.8,
      "precip": 0.8,
      "wind": 18.2,
      "wind_dir_deg": 39.0
    }
  },
  "ride_temp_mean": 11.35,
  "ride_wind_mean": 16.45,
  "ride_wind_dir_deg": 28.652795370604395,
  "ride_rain_flag": 1.0,
  "tent_rain_flag": 1.0,
  "daily_precip_sum": 3.8000000000000003,
  "daily_temp_mean": 9.2875,
  "daily_wind_mean": 13.983333333333334,
  "daily_wind_dir_deg": 33.561040085332024
}