{
  "samples_local": {
    "10": {
      "temp": 10.0,
      "precip": 0.5,
      "wind": 15.8,
      "wind_dir_deg": 0.0
    },
    "12": {
      "temp": 10.5,
      "precip": 0.5,
      "wind": 17.7,
      "wind_dir_deg": 4.0
    },
    "14": {
      "temp": 10.9,
      "precip": 0.0,
      "wind": 15.9,
      "wind_dir_deg": 347.0
    },
    "16": {
      "temp": 11.9,
      "precip": 0.0,
      "wind": 14.3,
      "wind_dir_deg": 18.0
    }
  },
  "ride_temp_mean": 10.825,
  "ride_wind_mean": 15.925,
  "ride_wind_dir_deg": 1.9017668807088057,
  "ride_rain_flag": 1.0,
  "tent_rain_flag": 1.0,
  "daily_precip_sum": 5.4,
  "daily_temp_mean": 10.316666666666666,
  "daily_wind_mean": 13.354166666666666,
  "daily_wind_dir_deg": 14.753816547095994
}