{
  "samples_local": {
    "10": {
      "temp": 9.6,
      "precip": 0.0,
      "wind": 9.5,
      "wind_dir_deg": 25.0
    },
    "12": {
      "temp": 12.9,
      "precip": 0.1,
      "wind": 17.6,
      "wind_dir_deg": 28.0
    },
    "14": {
      "temp": 11.7,
      "precip": 0.0,
      "wind": 18.7,
      "wind_dir_deg": 19.0
    },
    "16": {
      "temp": 11.2,
      "precip": 0.1,
      "wind": 16.6,
      "wind_dir_deg": 34.0
    }
  },
  "ride_temp_mean": 11.35,
  "ride_wind_mean": 15.600000000000001,
  "ride_wind_dir_deg": 26.44271992240573,
  "ride_rain_flag": 0.0,
  "tent_rain_flag": 1.0,
  "daily_precip_sum": 4.7,
  "daily_temp_mean": 9.245833333333334,
  "daily_wind_mean": 15.270833333333334,
  "daily_wind_dir_deg": 42.82472233181113
}