{
  "samples_local": {
    "10": {
      "temp": 9.1,
      "precip": 0.0,
      "wind": 15.0,
      "wind_dir_deg": 10.0
    },
    "12": {
      "temp": 10.4,
      "precip": 0.1,
      "wind": 19.4,
      "wind_dir_deg": 15.0
    },
    "14": {
      "temp": 10.1,
      "precip": 0.1,
      "wind": 17.3,
      "wind_dir_deg": 23.0
    },
    "16": {
      "temp": 9.6,
      "precip": 0.2,
      "wind": 15.3,
      "wind_dir_deg": 19.0
    }
  },
  "ride_temp_mean": 9.8,
  "ride_wind_mean": 16.75,
  "ride_wind_dir_deg": 16.860317587391137,
  "ride_rain_flag": 1.0,
  "tent_rain_flag": 1.0,
  "daily_precip_sum": 3.9000000000000004,
  "daily_temp_mean": 8.841666666666667,
  "daily_wind_mean": 15.595833333333333,
  "daily_wind_dir_deg": 30.671139338748674
}