{
  "samples_local": {
    "10": {
      "temp": 10.9,
      "precip": 0.1,
      "wind": 14.7,
      "wind_dir_deg": 62.0
    },
    "12": {
      "temp": 12.9,
      "precip": 0.0,
      "wind": 11.0,
      "wind_dir_deg": 49.0
    },
    "14": {
      "temp": 12.3,
      "precip": 0.2,
      "wind": 14.9,
      "wind_dir_deg": 32.0
    },
    "16": {
      "temp": 12.8,
      "precip": 0.0,
      "wind": 18.7,
      "wind_dir_deg": 40.0
    }
  },
  "ride_temp_mean": 12.225000000000001,
  "ride_wind_mean": 14.825,
  "ride_wind_dir_deg": 45.08233458559249,
  "ride_rain_flag": 1.0,
  "tent_rain_flag": 1.0,
  "daily_precip_sum": 1.3,
  "daily_temp_mean": 9.820833333333333,
  "daily_wind_mean": 15.004166666666668,
  "daily_wind_dir_deg": 53.285748130725324
}