{
  "samples_local": {
    "10": {
      "temp": 12.3,
      "precip": 0.0,
      "wind": 14.5,
      "wind_dir_deg": 224.0
    },
    "12": {
      "temp": 15.8,
      "precip": 0.0,
      "wind": 13.8,
      "wind_dir_deg": 242.0
    },
    "14": {
      "temp": 17.2,
      "precip": 0.0,
      "wind": 14.6,
      "wind_dir_deg": 230.0
    },
    "16": {
      "temp": 17.5,
      "precip": 0.0,
      "wind": 14.6,
      "wind_dir_deg": 232.0
    }
  },
  "ride_temp_mean": 15.7,
  "ride_wind_mean": 14.375,
  "ride_wind_dir_deg": 231.86844556859006,
  "ride_rain_flag": 0.0,
  "tent_rain_flag": 0.0,
  "daily_precip_sum": 0.0,
  "daily_temp_mean": 11.833333333333334,
  "daily_wind_mean": 13.070833333333333,
  "daily_wind_dir_deg": 218.5512128231248
}