{
  "samples_local": {
    "10": {
      "temp": 12.1,
      "precip": 0.0,
      "wind": 17.4,
      "wind_dir_deg": 248.0
    },
    "12": {
      "temp": 14.1,
      "precip": 0.0,
      "wind": 17.3,
      "wind_dir_deg": 247.0
    },
    "14": {
      "temp": 14.1,
      "precip": 0.0,
      "wind": 16.9,
      "wind_dir_deg": 250.0
    },
    "16": {
      "temp": 14.2,
      "precip": 0.0,
      "wind": 17.9,
      "wind_dir_deg": 242.0
    }
  },
  "ride_temp_mean": 13.625,
  "ride_wind_mean": 17.375,
  "ride_wind_dir_deg": 246.69296219435319,
  "ride_rain_flag": 0.0,
  "tent_rain_flag": 0.0,
  "daily_precip_sum": 0.0,
  "daily_temp_mean": 9.829166666666667,
  "daily_wind_mean": 14.479166666666666,
  "daily_wind_dir_deg": 231.86855168541604
}