{
  "samples_local": {
    "10": {
      "temp": 9.2,
      "precip": 0.0,
      "wind": 13.4,
      "wind_dir_deg": 110.0
    },
    "12": {
      "temp": 10.3,
      "precip": 0.0,
      "wind": 15.5,
      "wind_dir_deg": 108.0
    },
    "14": {
      "temp": 10.6,
      "precip": 0.0,
      "wind": 16.1,
      "wind_dir_deg": 114.0
    },
    "16": {
      "temp": 10.2,
      "precip": 0.0,
      "wind": 14.5,
      "wind_dir_deg": 113.0
    }
  },
  "ride_temp_mean": 10.075,
  "ride_wind_mean": 14.875,
  "ride_wind_dir_deg": 111.29259951331215,
  "ride_rain_flag": 0.0,
  "tent_rain_flag": 0.0,
  "daily_precip_sum": 0.0,
  "daily_temp_mean": 7.233333333333333,
  "daily_wind_mean": 11.862499999999999,
  "daily_wind_dir_deg": 109.07203832780112
}