{
  "samples_local": {
    "10": {
      "temp": 9.3,
      "precip": 0.0,
      "wind": 10.6,
      "wind_dir_deg": 242.0
    },
    "12": {
      "temp": 11.7,
      "precip": 0.0,
      "wind": 9.7,
      "wind_dir_deg": 239.0
    },
    "14": {
      "temp": 13.9,
      "precip": 0.0,
      "wind": 10.9,
      "wind_dir_deg": 236.0
    },
    "16": {
      "temp": 14.4,
      "precip": 0.0,
      "wind": 11.9,
      "wind_dir_deg": 241.0
    }
  },
  "ride_temp_mean": 12.325,
  "ride_wind_mean": 10.775,
  "ride_wind_dir_deg": 239.53165755079314,
  "ride_rain_flag": 0.0,
  "tent_rain_flag": 0.0,
  "daily_precip_sum": 0.0,
  "daily_temp_mean": 8.020833333333334,
  "daily_wind_mean": 9.924999999999999,
  "daily_wind_dir_deg": 234.93544280029502
}