{
  "samples_local": {
    "10": {
      "temp": 10.6,
      "precip": 0.0,
      "wind": 6.6,
      "wind_dir_deg": 135.0
    },
    "12": {
      "temp": 12.6,
      "precip": 0.0,
      "wind": 4.9,
      "wind_dir_deg": 144.0
    },
    "14": {
      "temp": 13.2,
      "precip": 0.0,
      "wind": 4.3,
      "wind_dir_deg": 132.0
    },
    "16": {
      "temp": 13.7,
      "precip": 0.0,
      "wind": 3.1,
      "wind_dir_deg": 135.0
    }
  },
  "ride_temp_mean": 12.524999999999999,
  "ride_wind_mean": 4.725,
  "ride_wind_dir_deg": 136.64683983965313,
  "ride_rain_flag": 0.0,
  "tent_rain_flag": 0.0,
  "daily_precip_sum": 0.0,
  "daily_temp_mean": 8.995833333333334,
  "daily_wind_mean": 5.758333333333333,
  "daily_wind_dir_deg": 151.09717040780458
}