{
  "ride_temp_mean": 3.75,
  "ride_precip_sum": 0.0,
  "ride_wind_speed": 2.3563061548443547,
  "ride_wind_dir": 197.9064786175887,
  "tent_precip_sum": 0.5,
  "tent_temp_mean": 1.27
}