{
  "ride_temp_mean": 6.9,
  "ride_precip_sum": 0.0,
  "ride_wind_speed": 3.0634412498108166,
  "ride_wind_dir": 271.78030691533775,
  "tent_precip_sum": 0.2,
  "tent_temp_mean": 3.835
}