{
  "ride_temp_mean": 8.2,
  "ride_precip_sum": 0.0,
  "ride_wind_speed": 0.9243803807693777,
  "ride_wind_dir": 241.87848277010926,
  "tent_precip_sum": 0.0,
  "tent_temp_mean": 5.62
}