{
  "ride_temp_mean": 0.8250000000000001,
  "ride_precip_sum": 0.6,
  "ride_wind_speed": 4.364410285456458,
  "ride_wind_dir": 335.36135773064785,
  "tent_precip_sum": 2.3000000000000003,
  "tent_temp_mean": 0.495
}