{
  "ride_temp_mean": 0.7000000000000001,
  "ride_precip_sum": 0.1,
  "ride_wind_speed": 16.373286426511246,
  "ride_wind_dir": 269.7129604330279,
  "tent_precip_sum": 12.6,
  "tent_temp_mean": 0.31500000000000006
}