{
  "ride_temp_mean": 5.625,
  "ride_precip_sum": 0.0,
  "ride_wind_speed": 13.49185992657694,
  "ride_wind_dir": 236.4879496498067,
  "tent_precip_sum": 0.6000000000000001,
  "tent_temp_mean": 4.3
}