{
  "ride_temp_mean": 5.0,
  "ride_precip_sum": 0.0,
  "ride_wind_speed": 11.645348299751046,
  "ride_wind_dir": 228.80279619222492,
  "tent_precip_sum": 0.0,
  "tent_temp_mean": 0.595
}