{
  "samples_local": {
    "10": {
      "temp": 15.1,
      "precip": 1.5,
      "wind": 7.1,
      "wind_dir_deg": 49.0
    },
    "12": {
      "temp": 15.7,
      "precip": 0.5,
      "wind": 8.7,
      "wind_dir_deg": 83.0
    },
    "14": {
      "temp": 14.2,
      "precip": 2.6,
      "wind": 8.8,
      "wind_dir_deg": 81.0
    },
    "16": {
      "temp": 13.6,
      "precip": 1.0,
      "wind": 6.6,
      "wind_dir_deg": 131.0
    }
  },
  "ride_temp_mean": 14.649999999999999,
  "ride_wind_mean": 7.8,
  "ride_wind_dir_deg": 84.29292735122431,
  "ride_rain_flag": 1.0,
  "tent_rain_flag": 1.0,
  "daily_precip_sum": 19.8,
  "daily_temp_mean": 13.866666666666667,
  "daily_wind_mean": 7.116666666666667,
  "daily_wind_dir_deg": 49.472830545321074
}