{
  "ride_temp_mean": -9.375,
  "ride_precip_sum": 0.2,
  "ride_wind_speed": 3.6061899631487786,
  "ride_wind_dir": 251.02167550622744,
  "tent_precip_sum": 1.1,
  "tent_temp_mean": -10.184999999999999
}