{
  "ride_temp_mean": -1.5,
  "ride_precip_sum": 0.0,
  "ride_wind_speed": 4.78633345905278,
  "ride_wind_dir": 312.6480914163105,
  "tent_precip_sum": 6.2,
  "tent_temp_mean": -2.335
}