{
  "ride_temp_mean": -5.025,
  "ride_precip_sum": 0.0,
  "ride_wind_speed": 1.4234229709408177,
  "ride_wind_dir": 1.6832386400626547,
  "tent_precip_sum": 0.0,
  "tent_temp_mean": -8.605
}