{
  "ride_temp_mean": 1.8250000000000002,
  "ride_precip_sum": 0.1,
  "ride_wind_speed": 7.12622704923514,
  "ride_wind_dir": 10.351537247385238,
  "tent_precip_sum": 1.1,
  "tent_temp_mean": 0.835
}