{
  "ride_temp_mean": 2.175,
  "ride_precip_sum": 0.0,
  "ride_wind_speed": 22.61194935434552,
  "ride_wind_dir": 262.3752150386447,
  "tent_precip_sum": 2.0,
  "tent_temp_mean": 2.73
}