{
  "ride_temp_mean": 8.5,
  "ride_precip_sum": 1.1,
  "ride_wind_speed": 26.70008074601548,
  "ride_wind_dir": 236.99816165458083,
  "tent_precip_sum": 11.5,
  "tent_temp_mean": 8.040000000000001
}