{
  "ride_temp_mean": 3.5,
  "ride_precip_sum": 0.0,
  "ride_wind_speed": 25.374497409528566,
  "ride_wind_dir": 223.01330843745598,
  "tent_precip_sum": 0.0,
  "tent_temp_mean": 2.465
}