{
  "ride_temp_mean": -6.675,
  "ride_precip_sum": 0.0,
  "ride_wind_speed": 3.2867667386799138,
  "ride_wind_dir": 297.8908723259123,
  "tent_precip_sum": 0.2,
  "tent_temp_mean": -8.11
}