{
  "ride_temp_mean": -1.8,
  "ride_precip_sum": 0.0,
  "ride_wind_speed": 7.034024868501517,
  "ride_wind_dir": 286.45576886064043,
  "tent_precip_sum": 0.5,
  "tent_temp_mean": -3.75
}