{
  "ride_temp_mean": 4.45,
  "ride_precip_sum": 0.0,
  "ride_wind_speed": 1.5185938413686562,
  "ride_wind_dir": 269.9130052945484,
  "tent_precip_sum": 0.0,
  "tent_temp_mean": -0.22499999999999995
}