{
  "ride_temp_mean": -0.875,
  "ride_precip_sum": 0.0,
  "ride_wind_speed": 8.258036271322904,
  "ride_wind_dir": 289.04751498814954,
  "tent_precip_sum": 3.4,
  "tent_temp_mean": -2.4050000000000002
}