{
  "samples_local": {
    "10": {
      "temp": 8.6,
      "precip": 0.0,
      "wind": 15.5,
      "wind_dir_deg": 115.0
    },
    "12": {
      "temp": 9.5,
      "precip": 0.0,
      "wind": 15.1,
      "wind_dir_deg": 102.0
    },
    "14": {
      "temp": 9.9,
      "precip": 0.0,
      "wind": 13.7,
      "wind_dir_deg": 108.0
    },
    "16": {
      "temp": 10.5,
      "precip": 0.0,
      "wind": 12.0,
      "wind_dir_deg": 111.0
    }
  },
  "ride_temp_mean": 9.625,
  "ride_wind_mean": 14.075,
  "ride_wind_dir_deg": 108.95879520470316,
  "ride_rain_flag": 0.0,
  "tent_rain_flag": 0.0,
  "daily_precip_sum": 0.1,
  "daily_temp_mean": 6.566666666666666,
  "daily_wind_mean": 10.545833333333333,
  "daily_wind_dir_deg": 113.24169438928095
}