{
  "samples_local": {
    "10": {
      "temp": 6.2,
      "precip": 0.2,
      "wind": 2.3,
      "wind_dir_deg": 72.0
    },
    "12": {
      "temp": 7.4,
      "precip": 0.0,
      "wind": 5.1,
      "wind_dir_deg": 94.0
    },
    "14": {
      "temp": 8.9,
      "precip": 0.0,
      "wind": 8.7,
      "wind_dir_deg": 83.0
    },
    "16": {
      "temp": 9.4,
      "precip": 0.0,
      "wind": 12.4,
      "wind_dir_deg": 120.0
    }
  },
  "ride_temp_mean": 7.9750000000000005,
  "ride_wind_mean": 7.125,
  "ride_wind_dir_deg": 100.17889464075074,
  "ride_rain_flag": 1.0,
  "tent_rain_flag": 0.0,
  "daily_precip_sum": 0.4,
  "daily_temp_mean": 5.504166666666666,
  "daily_wind_mean": 7.008333333333333,
  "daily_wind_dir_deg": 126.35780057164885
}