{
  "samples_local": {
    "10": {
      "temp": 6.8,
      "precip": 0.1,
      "wind": 13.0,
      "wind_dir_deg": 114.0
    },
    "12": {
      "temp": 8.1,
      "precip": 0.0,
      "wind": 13.1,
      "wind_dir_deg": 106.0
    },
    "14": {
      "temp": 7.8,
      "precip": 0.0,
      "wind": 11.0,
      "wind_dir_deg": 109.0
    },
    "16": {
      "temp": 8.1,
      "precip": 0.0,
      "wind": 11.3,
      "wind_dir_deg": 121.0
    }
  },
  "ride_temp_mean": 7.699999999999999,
  "ride_wind_mean": 12.1,
  "ride_wind_dir_deg": 112.32876828668168,
  "ride_rain_flag": 0.0,
  "tent_rain_flag": 0.0,
  "daily_precip_sum": 0.1,
  "daily_temp_mean": 4.829166666666667,
  "daily_wind_mean": 9.870833333333334,
  "daily_wind_dir_deg": 128.45685248662028
}