{
  "samples_local": {
    "10": {
      "temp": 7.6,
      "precip": 0.1,
      "wind": 19.6,
      "wind_dir_deg": 103.0
    },
    "12": {
      "temp": 9.2,
      "precip": 0.2,
      "wind": 20.3,
      "wind_dir_deg": 102.0
    },
    "14": {
      "temp": 9.4,
      "precip": 0.1,
      "wind": 20.0,
      "wind_dir_deg": 98.0
    },
    "16": {
      "temp": 9.3,
      "precip": 0.0,
      "wind": 18.2,
      "wind_dir_deg": 99.0
    }
  },
  "ride_temp_mean": 8.875,
  "ride_wind_mean": 19.525,
  "ride_wind_dir_deg": 100.52754620924617,
  "ride_rain_flag": 1.0,
  "tent_rain_flag": 0.0,
  "daily_precip_sum": 0.6000000000000001,
  "daily_temp_mean": 6.279166666666668,
  "daily_wind_mean": 15.966666666666667,
  "daily_wind_dir_deg": 96.33395001945081
}