{
  "samples_local": {
    "10": {
      "temp": 6.9,
      "precip": 0.0,
      "wind": 13.3,
      "wind_dir_deg": 109.0
    },
    "12": {
      "temp": 7.7,
      "precip": 0.0,
      "wind": 13.1,
      "wind_dir_deg": 106.0
    },
    "14": {
      "temp": 7.9,
      "precip": 0.1,
      "wind": 11.0,
      "wind_dir_deg": 109.0
    },
    "16": {
      "temp": 7.7,
      "precip": 0.0,
      "wind": 11.0,
      "wind_dir_deg": 128.0
    }
  },
  "ride_temp_mean": 7.550000000000001,
  "ride_wind_mean": 12.1,
  "ride_wind_dir_deg": 112.46789994529956,
  "ride_rain_flag": 0.0,
  "tent_rain_flag": 0.0,
  "daily_precip_sum": 0.30000000000000004,
  "daily_temp_mean": 4.6875,
  "daily_wind_mean": 9.95,
  "daily_wind_dir_deg": 109.95942360670682
}