{
  "samples_local": {
    "10": {
      "temp": 6.6,
      "precip": 0.1,
      "wind": 10.4,
      "wind_dir_deg": 104.0
    },
    "12": {
      "temp": 7.4,
      "precip": 0.1,
      "wind": 9.9,
      "wind_dir_deg": 109.0
    },
    "14": {
      "temp": 8.9,
      "precip": 0.1,
      "wind": 8.7,
      "wind_dir_deg": 107.0
    },
    "16": {
      "temp": 8.6,
      "precip": 0.0,
      "wind": 9.5,
      "wind_dir_deg": 119.0
    }
  },
  "ride_temp_mean": 7.875,
  "ride_wind_mean": 9.625,
  "ride_wind_dir_deg": 109.65743412370995,
  "ride_rain_flag": 0.0,
  "tent_rain_flag": 0.0,
  "daily_precip_sum": 0.6000000000000001,
  "daily_temp_mean": 4.920833333333333,
  "daily_wind_mean": 8.054166666666667,
  "daily_wind_dir_deg": 105.24057224793773
}