{
  "samples_local": {
    "10": {
      "temp": 6.6,
      "precip": 0.1,
      "wind": 21.1,
      "wind_dir_deg": 110.0
    },
    "12": {
      "temp": 7.9,
      "precip": 0.0,
      "wind": 20.3,
      "wind_dir_deg": 107.0
    },
    "14": {
      "temp": 8.1,
      "precip": 0.0,
      "wind": 19.4,
      "wind_dir_deg": 105.0
    },
    "16": {
      "temp": 8.4,
      "precip": 0.0,
      "wind": 18.7,
      "wind_dir_deg": 101.0
    }
  },
  "ride_temp_mean": 7.75,
  "ride_wind_mean": 19.875,
  "ride_wind_dir_deg": 105.89731879205596,
  "ride_rain_flag": 0.0,
  "tent_rain_flag": 1.0,
  "daily_precip_sum": 0.7000000000000001,
  "daily_temp_mean": 5.4375,
  "daily_wind_mean": 15.683333333333332,
  "daily_wind_dir_deg": 97.18360324659426
}