{
  "ride_temp_mean": 8.075,
  "ride_precip_sum": 2.6,
  "ride_wind_speed": 30.22901242129331,
  "ride_wind_dir": 234.69261695779798,
  "tent_precip_sum": 9.4,
  "tent_temp_mean": 7.57
}