{
  "ride_temp_mean": 8.75,
  "ride_precip_sum": 0.0,
  "ride_wind_speed": 4.3305026121456995,
  "ride_wind_dir": 168.14448661823735,
  "tent_precip_sum": 0.0,
  "tent_temp_mean": 5.07
}