{
  "ride_temp_mean": 8.175,
  "ride_precip_sum": 0.0,
  "ride_wind_speed": 21.107682266925597,
  "ride_wind_dir": 246.34299636499858,
  "tent_precip_sum": 2.0,
  "tent_temp_mean": 6.265
}