{
  "ride_temp_mean": 9.5,
  "ride_precip_sum": 1.0,
  "ride_wind_speed": 29.8096174667686,
  "ride_wind_dir": 234.30835587962497,
  "tent_precip_sum": 10.5,
  "tent_temp_mean": 8.765
}