{
  "ride_temp_mean": 6.275,
  "ride_precip_sum": 0.0,
  "ride_wind_speed": 15.133044289602795,
  "ride_wind_dir": 239.1403526912983,
  "tent_precip_sum": 0.0,
  "tent_temp_mean": 1.92
}