{
  "ride_temp_mean": 7.7250000000000005,
  "ride_precip_sum": 0.1,
  "ride_wind_speed": 3.9379280409547466,
  "ride_wind_dir": 285.98440475515457,
  "tent_precip_sum": 6.3,
  "tent_temp_mean": 7.185
}