{
  "samples_local": {
    "10": {
      "temp": 7.5,
      "precip": 1.1,
      "wind": 24.0,
      "wind_dir_deg": 49.0
    },
    "12": {
      "temp": 8.4,
      "precip": 0.2,
      "wind": 31.2,
      "wind_dir_deg": 63.0
    },
    "14": {
      "temp": 8.9,
      "precip": 0.7,
      "wind": 29.0,
      "wind_dir_deg": 58.0
    },
    "16": {
      "temp": 8.4,
      "precip": 0.7,
      "wind": 27.7,
      "wind_dir_deg": 58.0
    }
  },
  "ride_temp_mean": 8.3,
  "ride_wind_mean": 27.975,
  "ride_wind_dir_deg": 57.46801247205451,
  "ride_rain_flag": 1.0,
  "tent_rain_flag": 1.0,
  "daily_precip_sum": 13.200000000000001,
  "daily_temp_mean": 8.108333333333333,
  "daily_wind_mean": 28.037499999999998,
  "daily_wind_dir_deg": 57.215818032897516
}