{
  "samples_local": {
    "10": {
      "temp": 7.3,
      "precip": 0.2,
      "wind": 48.7,
      "wind_dir_deg": 54.0
    },
    "12": {
      "temp": 7.3,
      "precip": 0.1,
      "wind": 48.2,
      "wind_dir_deg": 62.0
    },
    "14": {
      "temp": 7.3,
      "precip": 0.2,
      "wind": 43.5,
      "wind_dir_deg": 66.0
    },
    "16": {
      "temp": 6.8,
      "precip": 0.1,
      "wind": 37.1,
      "wind_dir_deg": 72.0
    }
  },
  "ride_temp_mean": 7.175,
  "ride_wind_mean": 44.375,
  "ride_wind_dir_deg": 62.87680718994602,
  "ride_rain_flag": 1.0,
  "tent_rain_flag": 1.0,
  "daily_precip_sum": 12.200000000000001,
  "daily_temp_mean": 6.7749999999999995,
  "daily_wind_mean": 37.12083333333333,
  "daily_wind_dir_deg": 56.04648789113338
}