{
  "samples_local": {
    "10": {
      "temp": 6.8,
      "precip": 0.1,
      "wind": 31.2,
      "wind_dir_deg": 59.0
    },
    "12": {
      "temp": 7.8,
      "precip": 0.0,
      "wind": 34.6,
      "wind_dir_deg": 63.0
    },
    "14": {
      "temp": 7.5,
      "precip": 0.1,
      "wind": 28.5,
      "wind_dir_deg": 55.0
    },
    "16": {
      "temp": 7.3,
      "precip": 0.2,
      "wind": 31.1,
      "wind_dir_deg": 53.0
    }
  },
  "ride_temp_mean": 7.35,
  "ride_wind_mean": 31.35,
  "ride_wind_dir_deg": 57.705974540617206,
  "ride_rain_flag": 1.0,
  "tent_rain_flag": 1.0,
  "daily_precip_sum": 4.6000000000000005,
  "daily_temp_mean": 6.804166666666667,
  "daily_wind_mean": 30.045833333333334,
  "daily_wind_dir_deg": 57.47337758565618
}