{
  "ride_temp_mean": 1.05,
  "ride_precip_sum": 0.4,
  "ride_wind_speed": 5.830479967456439,
  "ride_wind_dir": 351.1946300405179,
  "tent_precip_sum": 2.6,
  "tent_temp_mean": 0.5650000000000001
}