{
  "ride_temp_mean": 1.725,
  "ride_precip_sum": 0.1,
  "ride_wind_speed": 21.352094281708187,
  "ride_wind_dir": 268.8380663691072,
  "tent_precip_sum": 1.2000000000000002,
  "tent_temp_mean": 2.6350000000000002
}