{
  "ride_temp_mean": 7.8999999999999995,
  "ride_precip_sum": 0.0,
  "ride_wind_speed": 31.60442548525536,
  "ride_wind_dir": 215.77960604766628,
  "tent_precip_sum": 3.4,
  "tent_temp_mean": 7.065
}