{
  "ride_temp_mean": 8.649999999999999,
  "ride_precip_sum": 1.1,
  "ride_wind_speed": 32.156278905515194,
  "ride_wind_dir": 222.44128337034985,
  "tent_precip_sum": 17.4,
  "tent_temp_mean": 7.975
}