{
  "ride_temp_mean": 6.0,
  "ride_precip_sum": 0.0,
  "ride_wind_speed": 24.737086975322228,
  "ride_wind_dir": 214.10996621295928,
  "tent_precip_sum": 0.0,
  "tent_temp_mean": 3.2299999999999995
}