{
  "ride_temp_mean": -2.1,
  "ride_precip_sum": 0.1,
  "ride_wind_speed": 2.198982613731478,
  "ride_wind_dir": 109.07450366626813,
  "tent_precip_sum": 1.1,
  "tent_temp_mean": -3.22
}