{
  "ride_temp_mean": 4.825,
  "ride_precip_sum": 0.0,
  "ride_wind_speed": 1.6404204745523143,
  "ride_wind_dir": 12.244319894177636,
  "tent_precip_sum": 0.5,
  "tent_temp_mean": 0.825
}