{
  "ride_temp_mean": 5.425,
  "ride_precip_sum": 0.0,
  "ride_wind_speed": 1.9235924731363945,
  "ride_wind_dir": 98.1976370962065,
  "tent_precip_sum": 0.0,
  "tent_temp_mean": 3.31
}