{
  "ride_temp_mean": 4.25,
  "ride_precip_sum": 0.0,
  "ride_wind_speed": 3.1914629333884443,
  "ride_wind_dir": 80.54683695936734,
  "tent_precip_sum": 0.0,
  "tent_temp_mean": -0.6799999999999999
}