{
  "samples_local": {
    "10": {
      "temp": 28.2,
      "precip": 0.0,
      "wind": 11.0,
      "wind_dir_deg": 288.0
    },
    "12": {
      "temp": 30.5,
      "precip": 0.0,
      "wind": 12.1,
      "wind_dir_deg": 290.0
    },
    "14": {
      "temp": 31.6,
      "precip": 0.1,
      "wind": 12.2,
      "wind_dir_deg": 287.0
    },
    "16": {
      "temp": 30.0,
      "precip": 0.2,
      "wind": 14.3,
      "wind_dir_deg": 295.0
    }
  },
  "ride_temp_mean": 30.075,
  "ride_wind_mean": 12.4,
  "ride_wind_dir_deg": 290.2590836953318,
  "ride_rain_flag": 1.0,
  "tent_rain_flag": 1.0,
  "daily_precip_sum": 0.8,
  "daily_temp_mean": 25.483333333333334,
  "daily_wind_mean": 8.799999999999999,
  "daily_wind_dir_deg": 281.07414600339484
}