{
  "ride_temp_mean": 26.442857142857143,
  "ride_wind_mean": 7.128571428571428,
  "ride_rain_flag": 0.0,
  "tent_rain_flag": 1.0
}