{
  "ride_temp_mean": 28.342857142857145,
  "ride_wind_mean": 6.914285714285714,
  "ride_rain_flag": 0.0,
  "tent_rain_flag": 0.0
}