{
  "ride_temp_mean": 24.914285714285715,
  "ride_wind_mean": 9.914285714285715,
  "ride_rain_flag": 0.0,
  "tent_rain_flag": 0.0
}