{
  "ride_temp_mean": 26.157142857142855,
  "ride_wind_mean": 11.885714285714286,
  "ride_rain_flag": 0.0,
  "tent_rain_flag": 0.0
}