{
  "samples_local": {
    "10": {
      "temp": 19.5,
      "precip": 0.0,
      "wind": 16.9,
      "wind_dir_deg": 255.0
    },
    "12": {
      "temp": 20.8,
      "precip": 0.0,
      "wind": 12.9,
      "wind_dir_deg": 243.0
    },
    "14": {
      "temp": 23.2,
      "precip": 0.0,
      "wind": 7.4,
      "wind_dir_deg": 219.0
    },
    "16": {
      "temp": 21.5,
      "precip": 0.0,
      "wind": 19.5,
      "wind_dir_deg": 176.0
    }
  },
  "ride_temp_mean": 21.25,
  "ride_wind_mean": 14.175,
  "ride_wind_dir_deg": 221.2866821016523,
  "ride_rain_flag": 0.0,
  "tent_rain_flag": 0.0,
  "daily_precip_sum": 0.0,
  "daily_temp_mean": 20.983333333333334,
  "daily_wind_mean": 17.916666666666668,
  "daily_wind_dir_deg": 211.649635445187
}