{
  "ride_temp_mean": 25.357142857142858,
  "ride_wind_mean": 8.314285714285715,
  "ride_rain_flag": 0.0,
  "tent_rain_flag": 0.0
}