{
  "ride_temp_mean": 23.428571428571427,
  "ride_wind_mean": 9.485714285714286,
  "ride_rain_flag": 0.0,
  "tent_rain_flag": 0.0
}