{
  "ride_temp_mean": 27.942857142857143,
  "ride_wind_mean": 11.842857142857143,
  "ride_rain_flag": 0.0,
  "tent_rain_flag": 0.0
}