{
  "ride_temp_mean": 27.37142857142857,
  "ride_wind_mean": 7.514285714285714,
  "ride_rain_flag": 0.0,
  "tent_rain_flag": 0.0
}