{
  "ride_temp_mean": 29.985714285714288,
  "ride_wind_mean": 13.085714285714285,
  "ride_rain_flag": 0.0,
  "tent_rain_flag": 0.0
}