{
  "ride_temp_mean": 23.257142857142856,
  "ride_wind_mean": 7.042857142857143,
  "ride_rain_flag": 0.0,
  "tent_rain_flag": 0.0
}