{
  "samples_local": {
    "10": {
      "temp": 17.8,
      "precip": 0.1,
      "wind": 19.1,
      "wind_dir_deg": 86.0
    },
    "12": {
      "temp": 18.8,
      "precip": 0.0,
      "wind": 21.8,
      "wind_dir_deg": 86.0
    },
    "14": {
      "temp": 17.6,
      "precip": 0.2,
      "wind": 21.3,
      "wind_dir_deg": 93.0
    },
    "16": {
      "temp": 17.6,
      "precip": 0.0,
      "wind": 22.6,
      "wind_dir_deg": 107.0
    }
  },
  "ride_temp_mean": 17.950000000000003,
  "ride_wind_mean": 21.200000000000003,
  "ride_wind_dir_deg": 93.3301249486509,
  "ride_rain_flag": 1.0,
  "tent_rain_flag": 1.0,
  "daily_precip_sum": 1.0,
  "daily_temp_mean": 15.666666666666666,
  "daily_wind_mean": 16.866666666666667,
  "daily_wind_dir_deg": 99.92617409733487
}