{
  "samples_local": {
    "10": {
      "temp": 20.9,
      "precip": 0.0,
      "wind": 6.8
    },
    "12": {
      "temp": 22.5,
      "precip": 0.1,
      "wind": 13.1
    },
    "14": {
      "temp": 22.1,
      "precip": 0.1,
      "wind": 15.0
    },
    "16": {
      "temp": 21.1,
      "precip": 0.0,
      "wind": 16.6
    }
  },
  "ride_temp_mean": 21.65,
  "ride_wind_mean": 12.875,
  "ride_rain_flag": 0.0,
  "tent_rain_flag": 1.0,
  "daily_precip_sum": 0.6000000000000001,
  "daily_temp_mean": 17.308333333333334,
  "daily_wind_mean": 9.616666666666667
}