{
  "ride_temp_mean": 4.225,
  "ride_precip_sum": 0.0,
  "ride_wind_speed": 4.746324172160215,
  "ride_wind_dir": 218.9644603260581,
  "tent_precip_sum": 0.9,
  "tent_temp_mean": 1.3599999999999999
}