{
  "ride_temp_mean": 6.0,
  "ride_precip_sum": 0.0,
  "ride_wind_speed": 0.718257720038064,
  "ride_wind_dir": 70.72479391696743,
  "tent_precip_sum": 0.0,
  "tent_temp_mean": 1.8850000000000002
}