{
  "samples_local": {
    "10": {
      "temp": 8.1,
      "precip": 0.0,
      "wind": 22.1,
      "wind_dir_deg": 118.0
    },
    "12": {
      "temp": 10.4,
      "precip": 0.0,
      "wind": 25.8,
      "wind_dir_deg": 121.0
    },
    "14": {
      "temp": 12.0,
      "precip": 0.0,
      "wind": 25.1,
      "wind_dir_deg": 125.0
    },
    "16": {
      "temp": 11.4,
      "precip": 0.0,
      "wind": 22.5,
      "wind_dir_deg": 128.0
    }
  },
  "ride_temp_mean": 10.475,
  "ride_wind_mean": 23.875,
  "ride_wind_dir_deg": 123.00627231180476,
  "ride_rain_flag": 0.0,
  "tent_rain_flag": 0.0,
  "daily_precip_sum": 0.0,
  "daily_temp_mean": 7.845833333333334,
  "daily_wind_mean": 22.96666666666667,
  "daily_wind_dir_deg": 122.31346427393964
}