{
  "samples_local": {
    "10": {
      "temp": 3.6,
      "precip": 0.0,
      "wind": 2.4,
      "wind_dir_deg": 228.0
    },
    "12": {
      "temp": 5.7,
      "precip": 0.0,
      "wind": 4.8,
      "wind_dir_deg": 259.0
    },
    "14": {
      "temp": 5.7,
      "precip": 0.0,
      "wind": 4.1,
      "wind_dir_deg": 255.0
    },
    "16": {
      "temp": 5.1,
      "precip": 0.0,
      "wind": 3.6,
      "wind_dir_deg": 237.0
    }
  },
  "ride_temp_mean": 5.025,
  "ride_wind_mean": 3.7249999999999996,
  "ride_wind_dir_deg": 247.63739019177257,
  "ride_rain_flag": 0.0,
  "tent_rain_flag": 0.0,
  "daily_precip_sum": 0.0,
  "daily_temp_mean": 1.7833333333333332,
  "daily_wind_mean": 3.858333333333333,
  "daily_wind_dir_deg": 178.14253802937424
}