{
  "samples_local": {
    "10": {
      "temp": 24.5,
      "precip": 0.1,
      "wind": 9.1,
      "wind_dir_deg": 262.0
    },
    "12": {
      "temp": 28.0,
      "precip": 0.2,
      "wind": 9.5,
      "wind_dir_deg": 268.0
    },
    "14": {
      "temp": 26.6,
      "precip": 0.7,
      "wind": 11.2,
      "wind_dir_deg": 267.0
    },
    "16": {
      "temp": 24.2,
      "precip": 3.8,
      "wind": 6.8,
      "wind_dir_deg": 258.0
    }
  },
  "ride_temp_mean": 25.825,
  "ride_wind_mean": 9.15,
  "ride_wind_dir_deg": 264.3459010241983,
  "ride_rain_flag": 1.0,
  "tent_rain_flag": 1.0,
  "daily_precip_sum": 25.799999999999997,
  "daily_temp_mean": 24.150000000000002,
  "daily_wind_mean": 6.908333333333334,
  "daily_wind_dir_deg": 247.7898008578723
}