{
  "samples_local": {
    "10": {
      "temp": 3.5,
      "precip": 0.0,
      "wind": 4.1,
      "wind_dir_deg": 268.0
    },
    "12": {
      "temp": 6.2,
      "precip": 0.0,
      "wind": 3.1,
      "wind_dir_deg": 0.0
    },
    "14": {
      "temp": 5.9,
      "precip": 0.0,
      "wind": 2.3,
      "wind_dir_deg": 18.0
    },
    "16": {
      "temp": 4.7,
      "precip": 0.0,
      "wind": 2.4,
      "wind_dir_deg": 297.0
    }
  },
  "ride_temp_mean": 5.075,
  "ride_wind_mean": 2.9749999999999996,
  "ride_wind_dir_deg": 318.44913885675885,
  "ride_rain_flag": 0.0,
  "tent_rain_flag": 0.0,
  "daily_precip_sum": 0.0,
  "daily_temp_mean": 0.8208333333333333,
  "daily_wind_mean": 2.595833333333333,
  "daily_wind_dir_deg": 271.16948864976047
}