{
  "samples_local": {
    "10": {
      "temp": 4.8,
      "precip": 0.0,
      "wind": 0.9,
      "wind_dir_deg": 90.0
    },
    "12": {
      "temp": 7.6,
      "precip": 0.0,
      "wind": 4.2,
      "wind_dir_deg": 83.0
    },
    "14": {
      "temp": 8.2,
      "precip": 0.0,
      "wind": 5.3,
      "wind_dir_deg": 80.0
    },
    "16": {
      "temp": 7.0,
      "precip": 0.0,
      "wind": 5.3,
      "wind_dir_deg": 78.0
    }
  },
  "ride_temp_mean": 6.8999999999999995,
  "ride_wind_mean": 3.925,
  "ride_wind_dir_deg": 80.69847491903738,
  "ride_rain_flag": 0.0,
  "tent_rain_flag": 0.0,
  "daily_precip_sum": 0.0,
  "daily_temp_mean": 1.6624999999999999,
  "daily_wind_mean": 2.1708333333333334,
  "daily_wind_dir_deg": 75.16704492637012
}