{
  "samples_local": {
    "10": {
      "temp": 1.5,
      "precip": 0.0,
      "wind": 2.5,
      "wind_dir_deg": 180.0
    },
    "12": {
      "temp": 4.8,
      "precip": 0.0,
      "wind": 5.8,
      "wind_dir_deg": 200.0
    },
    "14": {
      "temp": 4.8,
      "precip": 0.0,
      "wind": 9.4,
      "wind_dir_deg": 232.0
    },
    "16": {
      "temp": 4.3,
      "precip": 0.0,
      "wind": 13.0,
      "wind_dir_deg": 235.0
    }
  },
  "ride_temp_mean": 3.8499999999999996,
  "ride_wind_mean": 7.675,
  "ride_wind_dir_deg": 223.39699195422668,
  "ride_rain_flag": 0.0,
  "tent_rain_flag": 0.0,
  "daily_precip_sum": 0.0,
  "daily_temp_mean": 1.5041666666666667,
  "daily_wind_mean": 4.120833333333333,
  "daily_wind_dir_deg": 235.90343704960225
}