{
  "samples_local": {
    "10": {
      "temp": 3.7,
      "precip": 0.0,
      "wind": 4.1,
      "wind_dir_deg": 49.0
    },
    "12": {
      "temp": 6.7,
      "precip": 0.0,
      "wind": 4.3,
      "wind_dir_deg": 165.0
    },
    "14": {
      "temp": 6.5,
      "precip": 0.0,
      "wind": 6.8,
      "wind_dir_deg": 197.0
    },
    "16": {
      "temp": 6.9,
      "precip": 0.0,
      "wind": 8.8,
      "wind_dir_deg": 200.0
    }
  },
  "ride_temp_mean": 5.95,
  "ride_wind_mean": 6.0,
  "ride_wind_dir_deg": 182.78806614998598,
  "ride_rain_flag": 0.0,
  "tent_rain_flag": 1.0,
  "daily_precip_sum": 0.30000000000000004,
  "daily_temp_mean": 3.6791666666666667,
  "daily_wind_mean": 6.558333333333334,
  "daily_wind_dir_deg": 229.48064508588678
}