{
  "samples_local": {
    "10": {
      "temp": 3.1,
      "precip": 0.0,
      "wind": 5.7,
      "wind_dir_deg": 288.0
    },
    "12": {
      "temp": 5.2,
      "precip": 0.0,
      "wind": 4.7,
      "wind_dir_deg": 272.0
    },
    "14": {
      "temp": 11.1,
      "precip": 0.0,
      "wind": 6.4,
      "wind_dir_deg": 225.0
    },
    "16": {
      "temp": 11.7,
      "precip": 0.0,
      "wind": 9.8,
      "wind_dir_deg": 204.0
    }
  },
  "ride_temp_mean": 7.7749999999999995,
  "ride_wind_mean": 6.65,
  "ride_wind_dir_deg": 238.19572414905062,
  "ride_rain_flag": 0.0,
  "tent_rain_flag": 0.0,
  "daily_precip_sum": 0.0,
  "daily_temp_mean": 5.816666666666666,
  "daily_wind_mean": 7.516666666666667,
  "daily_wind_dir_deg": 246.78708432075726
}