{
  "samples_local": {
    "10": {
      "temp": -0.4,
      "precip": 0.0,
      "wind": 3.9,
      "wind_dir_deg": 74.0
    },
    "12": {
      "temp": 4.3,
      "precip": 0.0,
      "wind": 5.8,
      "wind_dir_deg": 92.0
    },
    "14": {
      "temp": 5.3,
      "precip": 0.0,
      "wind": 4.8,
      "wind_dir_deg": 149.0
    },
    "16": {
      "temp": 4.1,
      "precip": 0.0,
      "wind": 4.6,
      "wind_dir_deg": 191.0
    }
  },
  "ride_temp_mean": 3.3249999999999997,
  "ride_wind_mean": 4.7749999999999995,
  "ride_wind_dir_deg": 124.8517210564699,
  "ride_rain_flag": 0.0,
  "tent_rain_flag": 0.0,
  "daily_precip_sum": 0.0,
  "daily_temp_mean": -0.4833333333333334,
  "daily_wind_mean": 4.204166666666667,
  "daily_wind_dir_deg": 106.45979972311682
}