{
  "samples_local": {
    "10": {
      "temp": 4.2,
      "precip": 0.0,
      "wind": 9.8,
      "wind_dir_deg": 250.0
    },
    "12": {
      "temp": 10.9,
      "precip": 0.0,
      "wind": 3.0,
      "wind_dir_deg": 256.0
    },
    "14": {
      "temp": 13.1,
      "precip": 0.0,
      "wind": 4.4,
      "wind_dir_deg": 128.0
    },
    "16": {
      "temp": 12.6,
      "precip": 0.0,
      "wind": 7.7,
      "wind_dir_deg": 127.0
    }
  },
  "ride_temp_mean": 10.2,
  "ride_wind_mean": 6.2250000000000005,
  "ride_wind_dir_deg": 192.36259750184988,
  "ride_rain_flag": 0.0,
  "tent_rain_flag": 0.0,
  "daily_precip_sum": 0.0,
  "daily_temp_mean": 5.779166666666666,
  "daily_wind_mean": 6.404166666666666,
  "daily_wind_dir_deg": 244.48756471749653
}