{
  "samples_local": {
    "10": {
      "temp": 0.1,
      "precip": 0.0,
      "wind": 5.2,
      "wind_dir_deg": 290.0
    },
    "12": {
      "temp": 6.2,
      "precip": 0.0,
      "wind": 3.2,
      "wind_dir_deg": 218.0
    },
    "14": {
      "temp": 9.8,
      "precip": 0.0,
      "wind": 8.2,
      "wind_dir_deg": 237.0
    },
    "16": {
      "temp": 10.6,
      "precip": 0.0,
      "wind": 12.2,
      "wind_dir_deg": 225.0
    }
  },
  "ride_temp_mean": 6.675,
  "ride_wind_mean": 7.199999999999999,
  "ride_wind_dir_deg": 238.25206269043207,
  "ride_rain_flag": 0.0,
  "tent_rain_flag": 0.0,
  "daily_precip_sum": 0.0,
  "daily_temp_mean": 3.2291666666666665,
  "daily_wind_mean": 6.554166666666667,
  "daily_wind_dir_deg": 242.6629088780448
}