{
  "samples_local": {
    "10": {
      "temp": -1.0,
      "precip": 0.0,
      "wind": 3.9,
      "wind_dir_deg": 66.0
    },
    "12": {
      "temp": 2.7,
      "precip": 0.0,
      "wind": 3.2,
      "wind_dir_deg": 93.0
    },
    "14": {
      "temp": 2.2,
      "precip": 0.0,
      "wind": 5.4,
      "wind_dir_deg": 150.0
    },
    "16": {
      "temp": 1.3,
      "precip": 0.0,
      "wind": 5.9,
      "wind_dir_deg": 153.0
    }
  },
  "ride_temp_mean": 1.3,
  "ride_wind_mean": 4.6000000000000005,
  "ride_wind_dir_deg": 125.0515022126882,
  "ride_rain_flag": 0.0,
  "tent_rain_flag": 0.0,
  "daily_precip_sum": 0.0,
  "daily_temp_mean": -0.8250000000000001,
  "daily_wind_mean": 3.9458333333333333,
  "daily_wind_dir_deg": 89.62471220648365
}