{
  "samples_local": {
    "10": {
      "temp": -1.0,
      "precip": 0.0,
      "wind": 2.6,
      "wind_dir_deg": 102.0
    },
    "12": {
      "temp": 0.6,
      "precip": 0.0,
      "wind": 5.7,
      "wind_dir_deg": 103.0
    },
    "14": {
      "temp": 0.2,
      "precip": 0.0,
      "wind": 4.9,
      "wind_dir_deg": 88.0
    },
    "16": {
      "temp": 0.6,
      "precip": 0.0,
      "wind": 6.4,
      "wind_dir_deg": 112.0
    }
  },
  "ride_temp_mean": 0.09999999999999999,
  "ride_wind_mean": 4.9,
  "ride_wind_dir_deg": 102.07521415114223,
  "ride_rain_flag": 0.0,
  "tent_rain_flag": 0.0,
  "daily_precip_sum": 0.1,
  "daily_temp_mean": -2.3333333333333335,
  "daily_wind_mean": 4.983333333333333,
  "daily_wind_dir_deg": 121.19855974886696
}