{
  "samples_local": {
    "10": {
      "temp": 6.2,
      "precip": 0.0,
      "wind": 18.9,
      "wind_dir_deg": 77.0
    },
    "12": {
      "temp": 8.2,
      "precip": 0.0,
      "wind": 23.7,
      "wind_dir_deg": 101.0
    },
    "14": {
      "temp": 8.1,
      "precip": 0.0,
      "wind": 19.5,
      "wind_dir_deg": 99.0
    },
    "16": {
      "temp": 6.8,
      "precip": 0.0,
      "wind": 13.9,
      "wind_dir_deg": 89.0
    }
  },
  "ride_temp_mean": 7.324999999999999,
  "ride_wind_mean": 19.0,
  "ride_wind_dir_deg": 92.35555088921234,
  "ride_rain_flag": 0.0,
  "tent_rain_flag": 0.0,
  "daily_precip_sum": 0.0,
  "daily_temp_mean": 4.366666666666666,
  "daily_wind_mean": 16.383333333333333,
  "daily_wind_dir_deg": 68.75648265666172
}