{
  "samples_local": {
    "10": {
      "temp": 0.7,
      "precip": 0.0,
      "wind": 10.8,
      "wind_dir_deg": 43.0
    },
    "12": {
      "temp": 1.9,
      "precip": 0.0,
      "wind": 9.2,
      "wind_dir_deg": 42.0
    },
    "14": {
      "temp": 1.5,
      "precip": 0.0,
      "wind": 10.7,
      "wind_dir_deg": 59.0
    },
    "16": {
      "temp": 2.3,
      "precip": 0.0,
      "wind": 9.1,
      "wind_dir_deg": 83.0
    }
  },
  "ride_temp_mean": 1.5999999999999999,
  "ride_wind_mean": 9.95,
  "ride_wind_dir_deg": 56.054167609420915,
  "ride_rain_flag": 0.0,
  "tent_rain_flag": 0.0,
  "daily_precip_sum": 0.0,
  "daily_temp_mean": -0.05000000000000004,
  "daily_wind_mean": 9.799999999999999,
  "daily_wind_dir_deg": 59.840335174302254
}