{
  "samples_local": {
    "10": {
      "temp": 2.2,
      "precip": 0.0,
      "wind": 11.5,
      "wind_dir_deg": 110.0
    },
    "12": {
      "temp": 3.4,
      "precip": 0.0,
      "wind": 10.0,
      "wind_dir_deg": 129.0
    },
    "14": {
      "temp": 4.9,
      "precip": 0.0,
      "wind": 5.7,
      "wind_dir_deg": 122.0
    },
    "16": {
      "temp": 4.2,
      "precip": 0.0,
      "wind": 5.7,
      "wind_dir_deg": 131.0
    }
  },
  "ride_temp_mean": 3.6750000000000003,
  "ride_wind_mean": 8.225,
  "ride_wind_dir_deg": 121.50536428807726,
  "ride_rain_flag": 0.0,
  "tent_rain_flag": 0.0,
  "daily_precip_sum": 0.0,
  "daily_temp_mean": 0.7875000000000001,
  "daily_wind_mean": 7.195833333333333,
  "daily_wind_dir_deg": 107.3772551072376
}