{
  "samples_local": {
    "10": {
      "temp": 4.4,
      "precip": 0.0,
      "wind": 11.0,
      "wind_dir_deg": 91.0
    },
    "12": {
      "temp": 7.9,
      "precip": 0.0,
      "wind": 8.7,
      "wind_dir_deg": 98.0
    },
    "14": {
      "temp": 8.8,
      "precip": 0.0,
      "wind": 9.2,
      "wind_dir_deg": 118.0
    },
    "16": {
      "temp": 8.6,
      "precip": 0.0,
      "wind": 8.0,
      "wind_dir_deg": 132.0
    }
  },
  "ride_temp_mean": 7.425000000000001,
  "ride_wind_mean": 9.225,
  "ride_wind_dir_deg": 108.20139615159957,
  "ride_rain_flag": 0.0,
  "tent_rain_flag": 0.0,
  "daily_precip_sum": 0.0,
  "daily_temp_mean": 4.879166666666666,
  "daily_wind_mean": 8.466666666666667,
  "daily_wind_dir_deg": 75.71481953415821
}