{
  "samples_local": {
    "10": {
      "temp": 5.5,
      "precip": 0.0,
      "wind": 12.8,
      "wind_dir_deg": 32.0
    },
    "12": {
      "temp": 7.6,
      "precip": 0.0,
      "wind": 17.4,
      "wind_dir_deg": 38.0
    },
    "14": {
      "temp": 8.7,
      "precip": 0.0,
      "wind": 18.2,
      "wind_dir_deg": 52.0
    },
    "16": {
      "temp": 7.8,
      "precip": 0.0,
      "wind": 10.0,
      "wind_dir_deg": 49.0
    }
  },
  "ride_temp_mean": 7.3999999999999995,
  "ride_wind_mean": 14.6,
  "ride_wind_dir_deg": 42.9341292639283,
  "ride_rain_flag": 0.0,
  "tent_rain_flag": 0.0,
  "daily_precip_sum": 0.0,
  "daily_temp_mean": 4.504166666666666,
  "daily_wind_mean": 13.654166666666667,
  "daily_wind_dir_deg": 36.25583266183156
}