{
  "samples_local": {
    "10": {
      "temp": 7.6,
      "precip": 0.0,
      "wind": 26.4,
      "wind_dir_deg": 58.0
    },
    "12": {
      "temp": 8.8,
      "precip": 0.1,
      "wind": 26.7,
      "wind_dir_deg": 55.0
    },
    "14": {
      "temp": 10.1,
      "precip": 0.0,
      "wind": 21.9,
      "wind_dir_deg": 48.0
    },
    "16": {
      "temp": 9.6,
      "precip": 0.0,
      "wind": 18.7,
      "wind_dir_deg": 34.0
    }
  },
  "ride_temp_mean": 9.025,
  "ride_wind_mean": 23.424999999999997,
  "ride_wind_dir_deg": 50.05105098589911,
  "ride_rain_flag": 0.0,
  "tent_rain_flag": 1.0,
  "daily_precip_sum": 2.4,
  "daily_temp_mean": 8.154166666666667,
  "daily_wind_mean": 21.516666666666666,
  "daily_wind_dir_deg": 44.341308249667804
}