{
  "samples_local": {
    "10": {
      "temp": 7.5,
      "precip": 0.1,
      "wind": 25.7,
      "wind_dir_deg": 56.0
    },
    "12": {
      "temp": 8.4,
      "precip": 0.0,
      "wind": 25.5,
      "wind_dir_deg": 54.0
    },
    "14": {
      "temp": 8.2,
      "precip": 0.0,
      "wind": 22.9,
      "wind_dir_deg": 46.0
    },
    "16": {
      "temp": 7.9,
      "precip": 0.0,
      "wind": 19.3,
      "wind_dir_deg": 33.0
    }
  },
  "ride_temp_mean": 8.0,
  "ride_wind_mean": 23.35,
  "ride_wind_dir_deg": 48.27786756885757,
  "ride_rain_flag": 0.0,
  "tent_rain_flag": 0.0,
  "daily_precip_sum": 0.30000000000000004,
  "daily_temp_mean": 7.091666666666666,
  "daily_wind_mean": 20.829166666666666,
  "daily_wind_dir_deg": 41.40166389476104
}