{
  "samples_local": {
    "10": {
      "temp": 8.4,
      "precip": 0.0,
      "wind": 24.6,
      "wind_dir_deg": 63.0
    },
    "12": {
      "temp": 9.7,
      "precip": 0.1,
      "wind": 25.6,
      "wind_dir_deg": 61.0
    },
    "14": {
      "temp": 10.6,
      "precip": 0.0,
      "wind": 22.5,
      "wind_dir_deg": 55.0
    },
    "16": {
      "temp": 10.1,
      "precip": 0.0,
      "wind": 17.8,
      "wind_dir_deg": 36.0
    }
  },
  "ride_temp_mean": 9.7,
  "ride_wind_mean": 22.625,
  "ride_wind_dir_deg": 55.195680100240736,
  "ride_rain_flag": 0.0,
  "tent_rain_flag": 0.0,
  "daily_precip_sum": 0.6000000000000001,
  "daily_temp_mean": 8.408333333333333,
  "daily_wind_mean": 20.679166666666667,
  "daily_wind_dir_deg": 42.251546089266014
}