{
  "samples_local": {
    "10": {
      "temp": 9.4,
      "precip": 0.0,
      "wind": 22.7,
      "wind_dir_deg": 67.0
    },
    "12": {
      "temp": 10.4,
      "precip": 0.1,
      "wind": 25.2,
      "wind_dir_deg": 73.0
    },
    "14": {
      "temp": 9.8,
      "precip": 1.3,
      "wind": 17.7,
      "wind_dir_deg": 63.0
    },
    "16": {
      "temp": 9.4,
      "precip": 0.0,
      "wind": 15.6,
      "wind_dir_deg": 56.0
    }
  },
  "ride_temp_mean": 9.75,
  "ride_wind_mean": 20.3,
  "ride_wind_dir_deg": 65.88080634400069,
  "ride_rain_flag": 1.0,
  "tent_rain_flag": 0.0,
  "daily_precip_sum": 1.4000000000000001,
  "daily_temp_mean": 7.800000000000001,
  "daily_wind_mean": 18.170833333333334,
  "daily_wind_dir_deg": 50.12192506277404
}