{
  "samples_local": {
    "10": {
      "temp": 15.0,
      "precip": 0.3,
      "wind": 15.1,
      "wind_dir_deg": 89.0
    },
    "12": {
      "temp": 16.1,
      "precip": 2.7,
      "wind": 11.0,
      "wind_dir_deg": 109.0
    },
    "14": {
      "temp": 18.6,
      "precip": 0.2,
      "wind": 12.0,
      "wind_dir_deg": 129.0
    },
    "16": {
      "temp": 19.0,
      "precip": 0.0,
      "wind": 13.6,
      "wind_dir_deg": 130.0
    }
  },
  "ride_temp_mean": 17.175,
  "ride_wind_mean": 12.925,
  "ride_wind_dir_deg": 113.4355712727745,
  "ride_rain_flag": 1.0,
  "tent_rain_flag": 1.0,
  "daily_precip_sum": 11.4,
  "daily_temp_mean": 14.908333333333333,
  "daily_wind_mean": 12.575000000000001,
  "daily_wind_dir_deg": 96.0034636321804
}