{
  "samples_local": {
    "10": {
      "temp": 15.8,
      "precip": 0.4,
      "wind": 11.6,
      "wind_dir_deg": 97.0
    },
    "12": {
      "temp": 18.5,
      "precip": 0.1,
      "wind": 14.8,
      "wind_dir_deg": 116.0
    },
    "14": {
      "temp": 19.9,
      "precip": 0.2,
      "wind": 12.5,
      "wind_dir_deg": 123.0
    },
    "16": {
      "temp": 20.3,
      "precip": 0.0,
      "wind": 12.8,
      "wind_dir_deg": 122.0
    }
  },
  "ride_temp_mean": 18.625,
  "ride_wind_mean": 12.925,
  "ride_wind_dir_deg": 114.96994125042579,
  "ride_rain_flag": 1.0,
  "tent_rain_flag": 1.0,
  "daily_precip_sum": 8.5,
  "daily_temp_mean": 16.170833333333334,
  "daily_wind_mean": 12.558333333333332,
  "daily_wind_dir_deg": 89.32650716534215
}