{
  "samples_local": {
    "10": {
      "temp": 17.2,
      "precip": 0.1,
      "wind": 8.9,
      "wind_dir_deg": 130.0
    },
    "12": {
      "temp": 19.4,
      "precip": 0.0,
      "wind": 12.2,
      "wind_dir_deg": 137.0
    },
    "14": {
      "temp": 19.6,
      "precip": 0.0,
      "wind": 10.3,
      "wind_dir_deg": 144.0
    },
    "16": {
      "temp": 19.9,
      "precip": 0.0,
      "wind": 11.3,
      "wind_dir_deg": 143.0
    }
  },
  "ride_temp_mean": 19.025,
  "ride_wind_mean": 10.675,
  "ride_wind_dir_deg": 138.82199574752588,
  "ride_rain_flag": 0.0,
  "tent_rain_flag": 1.0,
  "daily_precip_sum": 4.8,
  "daily_temp_mean": 16.741666666666667,
  "daily_wind_mean": 9.741666666666667,
  "daily_wind_dir_deg": 95.99837637516038
}