{
  "samples_local": {
    "10": {
      "temp": 16.1,
      "precip": 0.1,
      "wind": 13.5,
      "wind_dir_deg": 119.0
    },
    "12": {
      "temp": 18.1,
      "precip": 0.0,
      "wind": 14.7,
      "wind_dir_deg": 121.0
    },
    "14": {
      "temp": 18.6,
      "precip": 0.1,
      "wind": 16.4,
      "wind_dir_deg": 116.0
    },
    "16": {
      "temp": 18.7,
      "precip": 0.0,
      "wind": 17.4,
      "wind_dir_deg": 114.0
    }
  },
  "ride_temp_mean": 17.875,
  "ride_wind_mean": 15.5,
  "ride_wind_dir_deg": 117.2772713707788,
  "ride_rain_flag": 0.0,
  "tent_rain_flag": 1.0,
  "daily_precip_sum": 4.1,
  "daily_temp_mean": 15.091666666666667,
  "daily_wind_mean": 14.733333333333334,
  "daily_wind_dir_deg": 106.59123599190076
}