{
  "samples_local": {
    "10": {
      "temp": 17.6,
      "precip": 0.1,
      "wind": 15.3,
      "wind_dir_deg": 105.0
    },
    "12": {
      "temp": 19.0,
      "precip": 0.1,
      "wind": 15.3,
      "wind_dir_deg": 98.0
    },
    "14": {
      "temp": 19.0,
      "precip": 0.0,
      "wind": 15.8,
      "wind_dir_deg": 90.0
    },
    "16": {
      "temp": 19.1,
      "precip": 0.0,
      "wind": 14.5,
      "wind_dir_deg": 117.0
    }
  },
  "ride_temp_mean": 18.675,
  "ride_wind_mean": 15.225000000000001,
  "ride_wind_dir_deg": 102.19225469966625,
  "ride_rain_flag": 0.0,
  "tent_rain_flag": 0.0,
  "daily_precip_sum": 0.30000000000000004,
  "daily_temp_mean": 15.766666666666666,
  "daily_wind_mean": 11.966666666666667,
  "daily_wind_dir_deg": 84.93959666845501
}