{
  "samples_local": {
    "10": {
      "temp": 15.9,
      "precip": 0.1,
      "wind": 9.0,
      "wind_dir_deg": 119.0
    },
    "12": {
      "temp": 17.7,
      "precip": 0.0,
      "wind": 11.8,
      "wind_dir_deg": 117.0
    },
    "14": {
      "temp": 16.8,
      "precip": 0.0,
      "wind": 10.8,
      "wind_dir_deg": 120.0
    },
    "16": {
      "temp": 17.8,
      "precip": 0.0,
      "wind": 13.5,
      "wind_dir_deg": 115.0
    }
  },
  "ride_temp_mean": 17.05,
  "ride_wind_mean": 11.275,
  "ride_wind_dir_deg": 117.51887311765108,
  "ride_rain_flag": 0.0,
  "tent_rain_flag": 1.0,
  "daily_precip_sum": 8.7,
  "daily_temp_mean": 14.745833333333332,
  "daily_wind_mean": 10.783333333333333,
  "daily_wind_dir_deg": 103.20607599669461
}