{
  "samples_local": {
    "10": {
      "temp": 15.6,
      "precip": 0.0,
      "wind": 10.7,
      "wind_dir_deg": 123.0
    },
    "12": {
      "temp": 17.4,
      "precip": 0.0,
      "wind": 14.8,
      "wind_dir_deg": 116.0
    },
    "14": {
      "temp": 17.2,
      "precip": 0.0,
      "wind": 14.5,
      "wind_dir_deg": 117.0
    },
    "16": {
      "temp": 17.6,
      "precip": 0.0,
      "wind": 14.2,
      "wind_dir_deg": 120.0
    }
  },
  "ride_temp_mean": 16.95,
  "ride_wind_mean": 13.55,
  "ride_wind_dir_deg": 118.69692745522178,
  "ride_rain_flag": 0.0,
  "tent_rain_flag": 1.0,
  "daily_precip_sum": 7.5,
  "daily_temp_mean": 14.641666666666666,
  "daily_wind_mean": 9.808333333333334,
  "daily_wind_dir_deg": 111.23997317941496
}