{
  "samples_local": {
    "10": {
      "temp": 17.3,
      "precip": 0.1,
      "wind": 19.8,
      "wind_dir_deg": 102.0
    },
    "12": {
      "temp": 18.2,
      "precip": 0.3,
      "wind": 19.1,
      "wind_dir_deg": 102.0
    },
    "14": {
      "temp": 19.1,
      "precip": 0.0,
      "wind": 21.2,
      "wind_dir_deg": 100.0
    },
    "16": {
      "temp": 19.4,
      "precip": 0.0,
      "wind": 19.8,
      "wind_dir_deg": 100.0
    }
  },
  "ride_temp_mean": 18.5,
  "ride_wind_mean": 19.975,
  "ride_wind_dir_deg": 100.97371447921358,
  "ride_rain_flag": 1.0,
  "tent_rain_flag": 0.0,
  "daily_precip_sum": 0.5,
  "daily_temp_mean": 15.291666666666666,
  "daily_wind_mean": 14.708333333333334,
  "daily_wind_dir_deg": 91.812683367705
}