{
  "samples_local": {
    "10": {
      "temp": 16.4,
      "precip": 0.0,
      "wind": 28.2,
      "wind_dir_deg": 101.0
    },
    "12": {
      "temp": 17.8,
      "precip": 0.0,
      "wind": 30.7,
      "wind_dir_deg": 99.0
    },
    "14": {
      "temp": 17.0,
      "precip": 0.1,
      "wind": 24.4,
      "wind_dir_deg": 104.0
    },
    "16": {
      "temp": 17.0,
      "precip": 0.0,
      "wind": 22.7,
      "wind_dir_deg": 108.0
    }
  },
  "ride_temp_mean": 17.05,
  "ride_wind_mean": 26.5,
  "ride_wind_dir_deg": 102.60939117578437,
  "ride_rain_flag": 0.0,
  "tent_rain_flag": 1.0,
  "daily_precip_sum": 0.7000000000000001,
  "daily_temp_mean": 14.612499999999999,
  "daily_wind_mean": 20.0625,
  "daily_wind_dir_deg": 92.41311097396527
}