{
  "samples_local": {
    "10": {
      "temp": 18.0,
      "precip": 0.0,
      "wind": 21.4,
      "wind_dir_deg": 97.0
    },
    "12": {
      "temp": 19.2,
      "precip": 0.0,
      "wind": 20.5,
      "wind_dir_deg": 101.0
    },
    "14": {
      "temp": 18.9,
      "precip": 0.2,
      "wind": 22.3,
      "wind_dir_deg": 99.0
    },
    "16": {
      "temp": 19.1,
      "precip": 0.0,
      "wind": 20.3,
      "wind_dir_deg": 120.0
    }
  },
  "ride_temp_mean": 18.8,
  "ride_wind_mean": 21.125,
  "ride_wind_dir_deg": 103.98006912215982,
  "ride_rain_flag": 1.0,
  "tent_rain_flag": 0.0,
  "daily_precip_sum": 0.4,
  "daily_temp_mean": 15.095833333333333,
  "daily_wind_mean": 15.270833333333334,
  "daily_wind_dir_deg": 96.14985112139163
}