{
  "samples_local": {
    "10": {
      "temp": 17.1,
      "precip": 0.0,
      "wind": 7.3,
      "wind_dir_deg": 123.0
    },
    "12": {
      "temp": 19.2,
      "precip": 0.0,
      "wind": 7.1,
      "wind_dir_deg": 114.0
    },
    "14": {
      "temp": 19.3,
      "precip": 0.0,
      "wind": 9.6,
      "wind_dir_deg": 124.0
    },
    "16": {
      "temp": 20.1,
      "precip": 0.0,
      "wind": 11.1,
      "wind_dir_deg": 103.0
    }
  },
  "ride_temp_mean": 18.925,
  "ride_wind_mean": 8.775,
  "ride_wind_dir_deg": 115.14213982429459,
  "ride_rain_flag": 0.0,
  "tent_rain_flag": 1.0,
  "daily_precip_sum": 7.3999999999999995,
  "daily_temp_mean": 16.558333333333334,
  "daily_wind_mean": 9.845833333333333,
  "daily_wind_dir_deg": 112.62822818037398
}