{
  "samples_local": {
    "10": {
      "temp": 17.9,
      "precip": 0.0,
      "wind": 13.7,
      "wind_dir_deg": 90.0
    },
    "12": {
      "temp": 19.2,
      "precip": 0.0,
      "wind": 16.0,
      "wind_dir_deg": 104.0
    },
    "14": {
      "temp": 19.7,
      "precip": 0.0,
      "wind": 17.7,
      "wind_dir_deg": 85.0
    },
    "16": {
      "temp": 19.9,
      "precip": 0.0,
      "wind": 15.9,
      "wind_dir_deg": 96.0
    }
  },
  "ride_temp_mean": 19.174999999999997,
  "ride_wind_mean": 15.825,
  "ride_wind_dir_deg": 93.64299523752004,
  "ride_rain_flag": 0.0,
  "tent_rain_flag": 0.0,
  "daily_precip_sum": 0.2,
  "daily_temp_mean": 15.6625,
  "daily_wind_mean": 12.645833333333334,
  "daily_wind_dir_deg": 88.42148931677798
}