{
  "samples_local": {
    "10": {
      "temp": 16.8,
      "precip": 0.0,
      "wind": 11.7,
      "wind_dir_deg": 133.0
    },
    "12": {
      "temp": 18.9,
      "precip": 0.0,
      "wind": 13.2,
      "wind_dir_deg": 125.0
    },
    "14": {
      "temp": 19.5,
      "precip": 0.0,
      "wind": 12.2,
      "wind_dir_deg": 133.0
    },
    "16": {
      "temp": 20.2,
      "precip": 0.0,
      "wind": 13.4,
      "wind_dir_deg": 95.0
    }
  },
  "ride_temp_mean": 18.85,
  "ride_wind_mean": 12.625,
  "ride_wind_dir_deg": 121.01851492777075,
  "ride_rain_flag": 0.0,
  "tent_rain_flag": 1.0,
  "daily_precip_sum": 7.6000000000000005,
  "daily_temp_mean": 15.966666666666667,
  "daily_wind_mean": 10.095833333333333,
  "daily_wind_dir_deg": 99.50845293250006
}