{
  "samples_local": {
    "10": {
      "temp": 16.5,
      "precip": 0.1,
      "wind": 22.0,
      "wind_dir_deg": 86.0
    },
    "12": {
      "temp": 17.8,
      "precip": 0.1,
      "wind": 24.8,
      "wind_dir_deg": 99.0
    },
    "14": {
      "temp": 18.5,
      "precip": 0.0,
      "wind": 26.1,
      "wind_dir_deg": 102.0
    },
    "16": {
      "temp": 17.5,
      "precip": 0.1,
      "wind": 22.9,
      "wind_dir_deg": 106.0
    }
  },
  "ride_temp_mean": 17.575,
  "ride_wind_mean": 23.95,
  "ride_wind_dir_deg": 98.52240588311759,
  "ride_rain_flag": 0.0,
  "tent_rain_flag": 0.0,
  "daily_precip_sum": 1.0,
  "daily_temp_mean": 14.429166666666667,
  "daily_wind_mean": 17.154166666666665,
  "daily_wind_dir_deg": 87.07437844709727
}