{
  "samples_local": {
    "10": {
      "temp": 16.6,
      "precip": 0.1,
      "wind": 23.4,
      "wind_dir_deg": 93.0
    },
    "12": {
      "temp": 17.0,
      "precip": 0.0,
      "wind": 20.1,
      "wind_dir_deg": 75.0
    },
    "14": {
      "temp": 18.0,
      "precip": 0.0,
      "wind": 22.7,
      "wind_dir_deg": 86.0
    },
    "16": {
      "temp": 18.1,
      "precip": 0.0,
      "wind": 20.2,
      "wind_dir_deg": 94.0
    }
  },
  "ride_temp_mean": 17.425,
  "ride_wind_mean": 21.6,
  "ride_wind_dir_deg": 87.22237296354598,
  "ride_rain_flag": 0.0,
  "tent_rain_flag": 0.0,
  "daily_precip_sum": 0.30000000000000004,
  "daily_temp_mean": 14.720833333333333,
  "daily_wind_mean": 17.4875,
  "daily_wind_dir_deg": 76.31960727277885
}