{
  "samples_local": {
    "10": {
      "temp": 16.8,
      "precip": 0.1,
      "wind": 23.4,
      "wind_dir_deg": 100.0
    },
    "12": {
      "temp": 18.5,
      "precip": 0.0,
      "wind": 18.8,
      "wind_dir_deg": 94.0
    },
    "14": {
      "temp": 18.1,
      "precip": 0.0,
      "wind": 19.3,
      "wind_dir_deg": 99.0
    },
    "16": {
      "temp": 18.4,
      "precip": 0.0,
      "wind": 19.6,
      "wind_dir_deg": 104.0
    }
  },
  "ride_temp_mean": 17.95,
  "ride_wind_mean": 20.275,
  "ride_wind_dir_deg": 99.33839793356822,
  "ride_rain_flag": 0.0,
  "tent_rain_flag": 1.0,
  "daily_precip_sum": 0.5,
  "daily_temp_mean": 14.741666666666667,
  "daily_wind_mean": 16.037499999999998,
  "daily_wind_dir_deg": 89.62997402498394
}