{
  "samples_local": {
    "10": {
      "temp": 17.4,
      "precip": 0.0,
      "wind": 10.2,
      "wind_dir_deg": 98.0
    },
    "12": {
      "temp": 19.6,
      "precip": 0.0,
      "wind": 14.4,
      "wind_dir_deg": 103.0
    },
    "14": {
      "temp": 19.0,
      "precip": 0.0,
      "wind": 12.0,
      "wind_dir_deg": 97.0
    },
    "16": {
      "temp": 19.5,
      "precip": 0.0,
      "wind": 11.2,
      "wind_dir_deg": 94.0
    }
  },
  "ride_temp_mean": 18.875,
  "ride_wind_mean": 11.95,
  "ride_wind_dir_deg": 98.31740835317117,
  "ride_rain_flag": 0.0,
  "tent_rain_flag": 1.0,
  "daily_precip_sum": 2.6999999999999997,
  "daily_temp_mean": 15.745833333333332,
  "daily_wind_mean": 9.533333333333333,
  "daily_wind_dir_deg": 90.54690583163426
}