{
  "samples_local": {
    "10": {
      "temp": 16.9,
      "precip": 0.0,
      "wind": 6.5,
      "wind_dir_deg": 90.0
    },
    "12": {
      "temp": 19.0,
      "precip": 0.0,
      "wind": 9.5,
      "wind_dir_deg": 101.0
    },
    "14": {
      "temp": 18.6,
      "precip": 0.0,
      "wind": 11.2,
      "wind_dir_deg": 86.0
    },
    "16": {
      "temp": 19.2,
      "precip": 0.0,
      "wind": 15.5,
      "wind_dir_deg": 78.0
    }
  },
  "ride_temp_mean": 18.425,
  "ride_wind_mean": 10.675,
  "ride_wind_dir_deg": 87.02475597428969,
  "ride_rain_flag": 0.0,
  "tent_rain_flag": 1.0,
  "daily_precip_sum": 3.1999999999999997,
  "daily_temp_mean": 15.841666666666667,
  "daily_wind_mean": 9.945833333333333,
  "daily_wind_dir_deg": 92.40186783706105
}