{
  "samples_local": {
    "10": {
      "temp": 17.1,
      "precip": 0.2,
      "wind": 19.5,
      "wind_dir_deg": 102.0
    },
    "12": {
      "temp": 18.6,
      "precip": 0.0,
      "wind": 20.1,
      "wind_dir_deg": 100.0
    },
    "14": {
      "temp": 19.4,
      "precip": 0.0,
      "wind": 22.4,
      "wind_dir_deg": 101.0
    },
    "16": {
      "temp": 18.8,
      "precip": 0.3,
      "wind": 18.4,
      "wind_dir_deg": 102.0
    }
  },
  "ride_temp_mean": 18.475,
  "ride_wind_mean": 20.1,
  "ride_wind_dir_deg": 101.2214050191817,
  "ride_rain_flag": 1.0,
  "tent_rain_flag": 1.0,
  "daily_precip_sum": 1.4000000000000001,
  "daily_temp_mean": 15.091666666666667,
  "daily_wind_mean": 14.6875,
  "daily_wind_dir_deg": 93.91632874059371
}