{
  "samples_local": {
    "10": {
      "temp": 17.1,
      "precip": 0.1,
      "wind": 21.7,
      "wind_dir_deg": 101.0
    },
    "12": {
      "temp": 18.2,
      "precip": 0.1,
      "wind": 23.7,
      "wind_dir_deg": 104.0
    },
    "14": {
      "temp": 18.0,
      "precip": 0.2,
      "wind": 26.1,
      "wind_dir_deg": 102.0
    },
    "16": {
      "temp": 17.0,
      "precip": 0.2,
      "wind": 20.8,
      "wind_dir_deg": 113.0
    }
  },
  "ride_temp_mean": 17.575,
  "ride_wind_mean": 23.075,
  "ride_wind_dir_deg": 104.75183462652296,
  "ride_rain_flag": 1.0,
  "tent_rain_flag": 1.0,
  "daily_precip_sum": 1.5,
  "daily_temp_mean": 14.629166666666668,
  "daily_wind_mean": 16.645833333333332,
  "daily_wind_dir_deg": 91.11009721440428
}