{
  "samples_local": {
    "10": {
      "temp": 16.5,
      "precip": 0.1,
      "wind": 9.7,
      "wind_dir_deg": 141.0
    },
    "12": {
      "temp": 19.0,
      "precip": 0.0,
      "wind": 11.2,
      "wind_dir_deg": 132.0
    },
    "14": {
      "temp": 19.5,
      "precip": 0.0,
      "wind": 11.8,
      "wind_dir_deg": 142.0
    },
    "16": {
      "temp": 19.8,
      "precip": 0.0,
      "wind": 11.6,
      "wind_dir_deg": 150.0
    }
  },
  "ride_temp_mean": 18.7,
  "ride_wind_mean": 11.075,
  "ride_wind_dir_deg": 141.34950701449753,
  "ride_rain_flag": 0.0,
  "tent_rain_flag": 1.0,
  "daily_precip_sum": 7.7,
  "daily_temp_mean": 15.566666666666668,
  "daily_wind_mean": 11.270833333333334,
  "daily_wind_dir_deg": 115.8239179940681
}