{
  "samples_local": {
    "10": {
      "temp": 17.2,
      "precip": 0.1,
      "wind": 19.5,
      "wind_dir_deg": 93.0
    },
    "12": {
      "temp": 18.9,
      "precip": 0.0,
      "wind": 17.0,
      "wind_dir_deg": 95.0
    },
    "14": {
      "temp": 16.3,
      "precip": 0.4,
      "wind": 18.4,
      "wind_dir_deg": 91.0
    },
    "16": {
      "temp": 19.0,
      "precip": 0.1,
      "wind": 18.4,
      "wind_dir_deg": 92.0
    }
  },
  "ride_temp_mean": 17.85,
  "ride_wind_mean": 18.325,
  "ride_wind_dir_deg": 92.71070441434898,
  "ride_rain_flag": 1.0,
  "tent_rain_flag": 0.0,
  "daily_precip_sum": 0.7000000000000001,
  "daily_temp_mean": 15.108333333333334,
  "daily_wind_mean": 14.245833333333332,
  "daily_wind_dir_deg": 82.58987550586659
}