{
  "samples_local": {
    "10": {
      "temp": 16.1,
      "precip": 0.0,
      "wind": 13.3,
      "wind_dir_deg": 103.0
    },
    "12": {
      "temp": 17.9,
      "precip": 0.0,
      "wind": 15.1,
      "wind_dir_deg": 102.0
    },
    "14": {
      "temp": 18.8,
      "precip": 0.0,
      "wind": 16.8,
      "wind_dir_deg": 100.0
    },
    "16": {
      "temp": 19.1,
      "precip": 0.0,
      "wind": 15.6,
      "wind_dir_deg": 113.0
    }
  },
  "ride_temp_mean": 17.975,
  "ride_wind_mean": 15.2,
  "ride_wind_dir_deg": 104.48193630534922,
  "ride_rain_flag": 0.0,
  "tent_rain_flag": 1.0,
  "daily_precip_sum": 2.6,
  "daily_temp_mean": 15.008333333333333,
  "daily_wind_mean": 12.020833333333334,
  "daily_wind_dir_deg": 90.02987816210026
}