{
  "ride_temp_mean": -3.525,
  "ride_precip_sum": 0.0,
  "ride_wind_speed": 3.590048971426715,
  "ride_wind_dir": 334.4169558974632,
  "tent_precip_sum": 0.0,
  "tent_temp_mean": -7.084999999999999
}