{
  "ride_temp_mean": -6.075,
  "ride_precip_sum": 0.0,
  "ride_wind_speed": 4.926987491922402,
  "ride_wind_dir": 280.4686939635251,
  "tent_precip_sum": 3.9,
  "tent_temp_mean": -6.665000000000001
}