{
  "samples_local": {
    "10": {
      "temp": 14.2,
      "precip": 0.0,
      "wind": 31.2,
      "wind_dir_deg": 353.0
    },
    "12": {
      "temp": 15.0,
      "precip": 0.0,
      "wind": 31.0,
      "wind_dir_deg": 349.0
    },
    "14": {
      "temp": 15.7,
      "precip": 0.0,
      "wind": 29.0,
      "wind_dir_deg": 353.0
    },
    "16": {
      "temp": 15.7,
      "precip": 0.0,
      "wind": 26.4,
      "wind_dir_deg": 349.0
    }
  },
  "ride_temp_mean": 15.149999999999999,
  "ride_wind_mean": 29.4,
  "ride_wind_dir_deg": 351.0476383868612,
  "ride_rain_flag": 0.0,
  "tent_rain_flag": 0.0,
  "daily_precip_sum": 0.1,
  "daily_temp_mean": 15.0625,
  "daily_wind_mean": 29.895833333333332,
  "daily_wind_dir_deg": 358.3478285032914
}