{
  "samples_local": {
    "10": {
      "temp": 14.6,
      "precip": 0.0,
      "wind": 18.8,
      "wind_dir_deg": 328.0
    },
    "12": {
      "temp": 16.9,
      "precip": 0.0,
      "wind": 23.3,
      "wind_dir_deg": 334.0
    },
    "14": {
      "temp": 17.5,
      "precip": 0.0,
      "wind": 23.2,
      "wind_dir_deg": 340.0
    },
    "16": {
      "temp": 16.7,
      "precip": 0.0,
      "wind": 21.4,
      "wind_dir_deg": 348.0
    }
  },
  "ride_temp_mean": 16.425,
  "ride_wind_mean": 21.675,
  "ride_wind_dir_deg": 337.757430817213,
  "ride_rain_flag": 0.0,
  "tent_rain_flag": 1.0,
  "daily_precip_sum": 1.1,
  "daily_temp_mean": 14.820833333333333,
  "daily_wind_mean": 20.658333333333335,
  "daily_wind_dir_deg": 354.97467126192316
}