{
  "samples_local": {
    "10": {
      "temp": 8.6,
      "precip": 0.0,
      "wind": 24.9,
      "wind_dir_deg": 350.0
    },
    "12": {
      "temp": 10.6,
      "precip": 0.0,
      "wind": 34.3,
      "wind_dir_deg": 349.0
    },
    "14": {
      "temp": 11.1,
      "precip": 0.0,
      "wind": 30.8,
      "wind_dir_deg": 348.0
    },
    "16": {
      "temp": 10.5,
      "precip": 0.0,
      "wind": 29.2,
      "wind_dir_deg": 347.0
    }
  },
  "ride_temp_mean": 10.2,
  "ride_wind_mean": 29.799999999999997,
  "ride_wind_dir_deg": 348.460569518181,
  "ride_rain_flag": 0.0,
  "tent_rain_flag": 0.0,
  "daily_precip_sum": 0.0,
  "daily_temp_mean": 8.308333333333334,
  "daily_wind_mean": 27.174999999999997,
  "daily_wind_dir_deg": 347.571469308082
}