{
  "samples_local": {
    "10": {
      "temp": 13.4,
      "precip": 0.0,
      "wind": 31.9,
      "wind_dir_deg": 351.0
    },
    "12": {
      "temp": 14.0,
      "precip": 0.0,
      "wind": 28.7,
      "wind_dir_deg": 348.0
    },
    "14": {
      "temp": 15.2,
      "precip": 0.0,
      "wind": 30.8,
      "wind_dir_deg": 358.0
    },
    "16": {
      "temp": 15.6,
      "precip": 0.0,
      "wind": 32.7,
      "wind_dir_deg": 356.0
    }
  },
  "ride_temp_mean": 14.55,
  "ride_wind_mean": 31.025,
  "ride_wind_dir_deg": 353.3614769482905,
  "ride_rain_flag": 0.0,
  "tent_rain_flag": 0.0,
  "daily_precip_sum": 0.0,
  "daily_temp_mean": 14.791666666666666,
  "daily_wind_mean": 33.53333333333333,
  "daily_wind_dir_deg": 354.82383154504896
}