{
  "samples_local": {
    "10": {
      "temp": 12.8,
      "precip": 0.0,
      "wind": 13.8,
      "wind_dir_deg": 252.0
    },
    "12": {
      "temp": 17.0,
      "precip": 0.0,
      "wind": 13.6,
      "wind_dir_deg": 292.0
    },
    "14": {
      "temp": 18.0,
      "precip": 0.1,
      "wind": 14.3,
      "wind_dir_deg": 325.0
    },
    "16": {
      "temp": 17.3,
      "precip": 0.0,
      "wind": 9.2,
      "wind_dir_deg": 325.0
    }
  },
  "ride_temp_mean": 16.275,
  "ride_wind_mean": 12.725,
  "ride_wind_dir_deg": 297.1159944994367,
  "ride_rain_flag": 0.0,
  "tent_rain_flag": 0.0,
  "daily_precip_sum": 0.2,
  "daily_temp_mean": 11.983333333333334,
  "daily_wind_mean": 11.754166666666668,
  "daily_wind_dir_deg": 275.9379720921672
}