{
  "samples_local": {
    "10": {
      "temp": 12.3,
      "precip": 0.0,
      "wind": 23.8,
      "wind_dir_deg": 345.0
    },
    "12": {
      "temp": 14.9,
      "precip": 0.0,
      "wind": 20.6,
      "wind_dir_deg": 342.0
    },
    "14": {
      "temp": 17.3,
      "precip": 0.0,
      "wind": 18.7,
      "wind_dir_deg": 335.0
    },
    "16": {
      "temp": 17.0,
      "precip": 0.0,
      "wind": 22.8,
      "wind_dir_deg": 343.0
    }
  },
  "ride_temp_mean": 15.375,
  "ride_wind_mean": 21.475,
  "ride_wind_dir_deg": 341.5752940797877,
  "ride_rain_flag": 0.0,
  "tent_rain_flag": 0.0,
  "daily_precip_sum": 0.0,
  "daily_temp_mean": 12.633333333333333,
  "daily_wind_mean": 21.96666666666667,
  "daily_wind_dir_deg": 343.21326585781435
}