{
  "samples_local": {
    "10": {
      "temp": 14.1,
      "precip": 0.0,
      "wind": 17.8,
      "wind_dir_deg": 290.0
    },
    "12": {
      "temp": 21.8,
      "precip": 0.0,
      "wind": 19.0,
      "wind_dir_deg": 293.0
    },
    "14": {
      "temp": 23.4,
      "precip": 0.0,
      "wind": 14.5,
      "wind_dir_deg": 276.0
    },
    "16": {
      "temp": 23.2,
      "precip": 0.0,
      "wind": 21.4,
      "wind_dir_deg": 319.0
    }
  },
  "ride_temp_mean": 20.625,
  "ride_wind_mean": 18.175,
  "ride_wind_dir_deg": 296.44800950284457,
  "ride_rain_flag": 0.0,
  "tent_rain_flag": 0.0,
  "daily_precip_sum": 0.0,
  "daily_temp_mean": 14.408333333333333,
  "daily_wind_mean": 16.229166666666668,
  "daily_wind_dir_deg": 294.96931342261456
}