{
  "samples_local": {
    "10": {
      "temp": 13.2,
      "precip": 0.0,
      "wind": 18.4,
      "wind_dir_deg": 342.0
    },
    "12": {
      "temp": 15.1,
      "precip": 0.0,
      "wind": 18.1,
      "wind_dir_deg": 337.0
    },
    "14": {
      "temp": 16.0,
      "precip": 0.0,
      "wind": 18.2,
      "wind_dir_deg": 334.0
    },
    "16": {
      "temp": 16.5,
      "precip": 0.0,
      "wind": 19.9,
      "wind_dir_deg": 345.0
    }
  },
  "ride_temp_mean": 15.2,
  "ride_wind_mean": 18.65,
  "ride_wind_dir_deg": 339.63557480734966,
  "ride_rain_flag": 0.0,
  "tent_rain_flag": 0.0,
  "daily_precip_sum": 0.2,
  "daily_temp_mean": 14.129166666666668,
  "daily_wind_mean": 18.491666666666667,
  "daily_wind_dir_deg": 347.33641630102704
}