{
  "samples_local": {
    "10": {
      "temp": 27.8,
      "precip": 0.0,
      "wind": 18.6,
      "wind_dir_deg": 266.0
    },
    "12": {
      "temp": 27.6,
      "precip": 0.0,
      "wind": 18.4,
      "wind_dir_deg": 273.0
    },
    "14": {
      "temp": 28.1,
      "precip": 0.0,
      "wind": 19.3,
      "wind_dir_deg": 262.0
    },
    "16": {
      "temp": 28.5,
      "precip": 0.0,
      "wind": 17.4,
      "wind_dir_deg": 264.0
    }
  },
  "ride_temp_mean": 28.0,
  "ride_wind_mean": 18.425,
  "ride_wind_dir_deg": 266.22514721257744,
  "ride_rain_flag": 0.0,
  "tent_rain_flag": 1.0,
  "daily_precip_sum": 0.7000000000000001,
  "daily_temp_mean": 27.78333333333333,
  "daily_wind_mean": 20.8125,
  "daily_wind_dir_deg": 259.32429369263326
}