{
  "ride_temp_mean": 3.275,
  "ride_precip_sum": 0.0,
  "ride_wind_speed": 26.337489991032523,
  "ride_wind_dir": 220.40010502853235,
  "tent_precip_sum": 0.0,
  "tent_temp_mean": 2.9349999999999996
}