{
  "ride_temp_mean": 7.675,
  "ride_precip_sum": 0.30000000000000004,
  "ride_wind_speed": 19.23961792303557,
  "ride_wind_dir": 254.63753497932333,
  "tent_precip_sum": 3.9,
  "tent_temp_mean": 7.389999999999999
}