{
  "ride_temp_mean": 1.6,
  "ride_precip_sum": 0.0,
  "ride_wind_speed": 1.701541877730792,
  "ride_wind_dir": 47.20339113372927,
  "tent_precip_sum": 0.0,
  "tent_temp_mean": -3.0349999999999997
}