{
  "ride_temp_mean": 3.3,
  "ride_precip_sum": 0.1,
  "ride_wind_speed": 14.488827333325261,
  "ride_wind_dir": 312.21454185763673,
  "tent_precip_sum": 2.5,
  "tent_temp_mean": 1.7600000000000002
}