{
  "ride_temp_mean": 8.55,
  "ride_precip_sum": 1.2,
  "ride_wind_speed": 13.274872039678472,
  "ride_wind_dir": 228.85734588390486,
  "tent_precip_sum": 3.2,
  "tent_temp_mean": 7.69
}