{
  "ride_temp_mean": 8.475,
  "ride_precip_sum": 0.1,
  "ride_wind_speed": 26.859362718731063,
  "ride_wind_dir": 334.83191988139527,
  "tent_precip_sum": 0.7,
  "tent_temp_mean": 8.455
}