{
  "ride_temp_mean": 12.6,
  "ride_precip_sum": 3.3,
  "ride_wind_speed": 46.79078469192374,
  "ride_wind_dir": 233.2231088389314,
  "tent_precip_sum": 12.1,
  "tent_temp_mean": 11.565000000000001
}