{
  "ride_temp_mean": -10.075,
  "ride_precip_sum": 0.0,
  "ride_wind_speed": 2.873269029353129,
  "ride_wind_dir": 339.99038696541413,
  "tent_precip_sum": 0.0,
  "tent_temp_mean": -11.735000000000001
}