{
  "ride_temp_mean": -6.125,
  "ride_precip_sum": 0.0,
  "ride_wind_speed": 7.0716909760404985,
  "ride_wind_dir": 314.59667525971133,
  "tent_precip_sum": 1.7,
  "tent_temp_mean": -6.734999999999999
}