{
  "ride_temp_mean": 1.625,
  "ride_precip_sum": 0.0,
  "ride_wind_speed": 3.7151993166605455,
  "ride_wind_dir": 332.9117339221822,
  "tent_precip_sum": 0.0,
  "tent_temp_mean": -3.005
}