{
  "ride_temp_mean": -4.375,
  "ride_precip_sum": 0.0,
  "ride_wind_speed": 4.755589417049891,
  "ride_wind_dir": 324.2841836007802,
  "tent_precip_sum": 6.800000000000001,
  "tent_temp_mean": -4.92
}