{
  "ride_temp_mean": 0.575,
  "ride_precip_sum": 0.2,
  "ride_wind_speed": 11.470158171597223,
  "ride_wind_dir": 5.062170103476035,
  "tent_precip_sum": 3.2,
  "tent_temp_mean": -0.5349999999999999
}