{
  "ride_temp_mean": 0.725,
  "ride_precip_sum": 0.0,
  "ride_wind_speed": 25.58140649649213,
  "ride_wind_dir": 262.47626043019636,
  "tent_precip_sum": 1.9,
  "tent_temp_mean": 1.295
}