{
  "ride_temp_mean": 7.85,
  "ride_precip_sum": 0.8,
  "ride_wind_speed": 29.431361655812392,
  "ride_wind_dir": 231.68248544632584,
  "tent_precip_sum": 4.1,
  "tent_temp_mean": 7.185
}