{
  "ride_temp_mean": 7.4,
  "ride_precip_sum": 2.7,
  "ride_wind_speed": 32.90921038726565,
  "ride_wind_dir": 242.14389360456875,
  "tent_precip_sum": 9.3,
  "tent_temp_mean": 6.755
}