{
  "ride_temp_mean": 2.225,
  "ride_precip_sum": 0.0,
  "ride_wind_speed": 26.770245523832823,
  "ride_wind_dir": 231.49663785186968,
  "tent_precip_sum": 0.0,
  "tent_temp_mean": 2.12
}