{
  "samples_local": {
    "10": {
      "temp": 13.1,
      "precip": 0.0,
      "wind": 6.3,
      "wind_dir_deg": 277.0
    },
    "12": {
      "temp": 16.1,
      "precip": 0.0,
      "wind": 4.3,
      "wind_dir_deg": 268.0
    },
    "14": {
      "temp": 16.8,
      "precip": 0.0,
      "wind": 3.7,
      "wind_dir_deg": 194.0
    },
    "16": {
      "temp": 16.7,
      "precip": 0.0,
      "wind": 4.7,
      "wind_dir_deg": 148.0
    }
  },
  "ride_temp_mean": 15.675,
  "ride_wind_mean": 4.75,
  "ride_wind_dir_deg": 232.1518167654205,
  "ride_rain_flag": 0.0,
  "tent_rain_flag": 1.0,
  "daily_precip_sum": 0.30000000000000004,
  "daily_temp_mean": 12.083333333333334,
  "daily_wind_mean": 5.858333333333333,
  "daily_wind_dir_deg": 235.03135341467
}