{
  "samples_local": {
    "10": {
      "temp": 14.2,
      "precip": 0.0,
      "wind": 3.1,
      "wind_dir_deg": 347.0
    },
    "12": {
      "temp": 16.1,
      "precip": 0.0,
      "wind": 1.5,
      "wind_dir_deg": 339.0
    },
    "14": {
      "temp": 16.1,
      "precip": 0.0,
      "wind": 1.4,
      "wind_dir_deg": 40.0
    },
    "16": {
      "temp": 16.0,
      "precip": 0.0,
      "wind": 1.8,
      "wind_dir_deg": 180.0
    }
  },
  "ride_temp_mean": 15.600000000000001,
  "ride_wind_mean": 1.95,
  "ride_wind_dir_deg": 354.8173305506786,
  "ride_rain_flag": 0.0,
  "tent_rain_flag": 0.0,
  "daily_precip_sum": 0.0,
  "daily_temp_mean": 13.191666666666668,
  "daily_wind_mean": 3.5500000000000003,
  "daily_wind_dir_deg": 77.37789655006299
}