{
  "samples_local": {
    "10": {
      "temp": 14.1,
      "precip": 0.1,
      "wind": 13.6,
      "wind_dir_deg": 82.0
    },
    "12": {
      "temp": 14.4,
      "precip": 0.2,
      "wind": 11.2,
      "wind_dir_deg": 96.0
    },
    "14": {
      "temp": 16.4,
      "precip": 0.1,
      "wind": 13.1,
      "wind_dir_deg": 92.0
    },
    "16": {
      "temp": 16.0,
      "precip": 0.0,
      "wind": 12.4,
      "wind_dir_deg": 111.0
    }
  },
  "ride_temp_mean": 15.225,
  "ride_wind_mean": 12.575,
  "ride_wind_dir_deg": 94.84756528425396,
  "ride_rain_flag": 1.0,
  "tent_rain_flag": 1.0,
  "daily_precip_sum": 2.1,
  "daily_temp_mean": 14.404166666666667,
  "daily_wind_mean": 10.879166666666668,
  "daily_wind_dir_deg": 84.34073449587027
}