{
  "samples_local": {
    "10": {
      "temp": 14.9,
      "precip": 0.1,
      "wind": 10.6,
      "wind_dir_deg": 100.0
    },
    "12": {
      "temp": 15.4,
      "precip": 0.1,
      "wind": 13.0,
      "wind_dir_deg": 108.0
    },
    "14": {
      "temp": 15.2,
      "precip": 0.0,
      "wind": 9.0,
      "wind_dir_deg": 92.0
    },
    "16": {
      "temp": 15.0,
      "precip": 0.1,
      "wind": 7.2,
      "wind_dir_deg": 84.0
    }
  },
  "ride_temp_mean": 15.125,
  "ride_wind_mean": 9.95,
  "ride_wind_dir_deg": 97.91954294900137,
  "ride_rain_flag": 0.0,
  "tent_rain_flag": 1.0,
  "daily_precip_sum": 2.3000000000000003,
  "daily_temp_mean": 14.079166666666666,
  "daily_wind_mean": 9.370833333333334,
  "daily_wind_dir_deg": 83.9405552154563
}