{
  "samples_local": {
    "10": {
      "temp": 15.4,
      "precip": 0.0,
      "wind": 10.0,
      "wind_dir_deg": 77.0
    },
    "12": {
      "temp": 16.0,
      "precip": 0.0,
      "wind": 11.5,
      "wind_dir_deg": 92.0
    },
    "14": {
      "temp": 16.2,
      "precip": 0.0,
      "wind": 13.2,
      "wind_dir_deg": 97.0
    },
    "16": {
      "temp": 15.9,
      "precip": 0.0,
      "wind": 10.0,
      "wind_dir_deg": 98.0
    }
  },
  "ride_temp_mean": 15.875,
  "ride_wind_mean": 11.175,
  "ride_wind_dir_deg": 91.49191000944609,
  "ride_rain_flag": 0.0,
  "tent_rain_flag": 1.0,
  "daily_precip_sum": 0.7000000000000001,
  "daily_temp_mean": 14.5,
  "daily_wind_mean": 10.174999999999999,
  "daily_wind_dir_deg": 83.46515351892435
}