{
  "samples_local": {
    "10": {
      "temp": 14.3,
      "precip": 0.1,
      "wind": 18.8,
      "wind_dir_deg": 64.0
    },
    "12": {
      "temp": 14.5,
      "precip": 0.1,
      "wind": 20.9,
      "wind_dir_deg": 65.0
    },
    "14": {
      "temp": 13.9,
      "precip": 0.3,
      "wind": 11.7,
      "wind_dir_deg": 117.0
    },
    "16": {
      "temp": 13.9,
      "precip": 0.0,
      "wind": 12.7,
      "wind_dir_deg": 123.0
    }
  },
  "ride_temp_mean": 14.15,
  "ride_wind_mean": 16.025,
  "ride_wind_dir_deg": 85.13382616966612,
  "ride_rain_flag": 1.0,
  "tent_rain_flag": 1.0,
  "daily_precip_sum": 1.7000000000000002,
  "daily_temp_mean": 13.229166666666666,
  "daily_wind_mean": 15.737499999999999,
  "daily_wind_dir_deg": 77.2969048074579
}