{
  "samples_local": {
    "10": {
      "temp": 12.9,
      "precip": 0.0,
      "wind": 4.8,
      "wind_dir_deg": 31.0
    },
    "12": {
      "temp": 15.4,
      "precip": 0.1,
      "wind": 5.9,
      "wind_dir_deg": 72.0
    },
    "14": {
      "temp": 14.6,
      "precip": 0.0,
      "wind": 4.3,
      "wind_dir_deg": 90.0
    },
    "16": {
      "temp": 14.7,
      "precip": 0.0,
      "wind": 5.4,
      "wind_dir_deg": 110.0
    }
  },
  "ride_temp_mean": 14.4,
  "ride_wind_mean": 5.1,
  "ride_wind_dir_deg": 76.8123980729763,
  "ride_rain_flag": 0.0,
  "tent_rain_flag": 0.0,
  "daily_precip_sum": 0.6000000000000001,
  "daily_temp_mean": 12.616666666666667,
  "daily_wind_mean": 3.9916666666666667,
  "daily_wind_dir_deg": 83.51013061798278
}