{
  "samples_local": {
    "10": {
      "temp": 12.9,
      "precip": 0.4,
      "wind": 11.9,
      "wind_dir_deg": 72.0
    },
    "12": {
      "temp": 13.4,
      "precip": 0.2,
      "wind": 13.9,
      "wind_dir_deg": 80.0
    },
    "14": {
      "temp": 13.6,
      "precip": 0.3,
      "wind": 12.6,
      "wind_dir_deg": 92.0
    },
    "16": {
      "temp": 14.4,
      "precip": 0.0,
      "wind": 11.2,
      "wind_dir_deg": 92.0
    }
  },
  "ride_temp_mean": 13.575,
  "ride_wind_mean": 12.4,
  "ride_wind_dir_deg": 83.84653558667776,
  "ride_rain_flag": 1.0,
  "tent_rain_flag": 1.0,
  "daily_precip_sum": 3.3000000000000003,
  "daily_temp_mean": 13.016666666666666,
  "daily_wind_mean": 9.908333333333333,
  "daily_wind_dir_deg": 71.50919835130179
}