{
  "ride_temp_mean": 2.125,
  "ride_precip_sum": 0.7,
  "ride_wind_speed": 1.3095637778073004,
  "ride_wind_dir": 74.3682219549076,
  "tent_precip_sum": 0.9,
  "tent_temp_mean": 1.69
}