{
  "ride_temp_mean": 5.525,
  "ride_precip_sum": 0.0,
  "ride_wind_speed": 24.886828866336565,
  "ride_wind_dir": 238.90015889939497,
  "tent_precip_sum": 0.0,
  "tent_temp_mean": 3.7649999999999997
}