{
  "ride_temp_mean": 3.65,
  "ride_precip_sum": 0.0,
  "ride_wind_speed": 2.0579148663631845,
  "ride_wind_dir": 182.13238470876354,
  "tent_precip_sum": 0.4,
  "tent_temp_mean": 1.1300000000000001
}