{
  "ride_temp_mean": -8.95,
  "ride_precip_sum": 4.4,
  "ride_wind_speed": 8.767330253200685,
  "ride_wind_dir": 350.11115756988943,
  "tent_precip_sum": 21.8,
  "tent_temp_mean": -6.93
}