{
  "ride_temp_mean": 0.7,
  "ride_precip_sum": 0.0,
  "ride_wind_speed": 2.19099091133706,
  "ride_wind_dir": 184.86323970504344,
  "tent_precip_sum": 0.0,
  "tent_temp_mean": -3.375
}