{
  "samples_local": {
    "10": {
      "temp": 24.6,
      "precip": 2.9,
      "wind": 7.3,
      "wind_dir_deg": 216.0
    },
    "12": {
      "temp": 23.4,
      "precip": 7.1,
      "wind": 8.5,
      "wind_dir_deg": 238.0
    },
    "14": {
      "temp": 24.3,
      "precip": 0.6,
      "wind": 5.9,
      "wind_dir_deg": 284.0
    },
    "16": {
      "temp": 23.8,
      "precip": 0.3,
      "wind": 5.6,
      "wind_dir_deg": 287.0
    }
  },
  "ride_temp_mean": 24.025,
  "ride_wind_mean": 6.825,
  "ride_wind_dir_deg": 251.97920729564294,
  "ride_rain_flag": 1.0,
  "tent_rain_flag": 1.0,
  "daily_precip_sum": 27.9,
  "daily_temp_mean": 23.116666666666664,
  "daily_wind_mean": 5.6499999999999995,
  "daily_wind_dir_deg": 260.3383664753524
}