{
  "samples_local": {
    "10": {
      "temp": 15.9,
      "precip": 0.0,
      "wind": 9.3,
      "wind_dir_deg": 230.0
    },
    "12": {
      "temp": 17.6,
      "precip": 0.0,
      "wind": 11.8,
      "wind_dir_deg": 218.0
    },
    "14": {
      "temp": 18.5,
      "precip": 0.0,
      "wind": 12.3,
      "wind_dir_deg": 202.0
    },
    "16": {
      "temp": 18.5,
      "precip": 0.0,
      "wind": 13.4,
      "wind_dir_deg": 207.0
    }
  },
  "ride_temp_mean": 17.625,
  "ride_wind_mean": 11.700000000000001,
  "ride_wind_dir_deg": 212.9998290028354,
  "ride_rain_flag": 0.0,
  "tent_rain_flag": 0.0,
  "daily_precip_sum": 0.0,
  "daily_temp_mean": 13.466666666666667,
  "daily_wind_mean": 13.854166666666666,
  "daily_wind_dir_deg": 223.64946618063462
}