{
  "samples_local": {
    "10": {
      "temp": 10.6,
      "precip": 0.0,
      "wind": 11.8,
      "wind_dir_deg": 231.0
    },
    "12": {
      "temp": 13.4,
      "precip": 0.0,
      "wind": 15.5,
      "wind_dir_deg": 237.0
    },
    "14": {
      "temp": 14.9,
      "precip": 0.0,
      "wind": 15.9,
      "wind_dir_deg": 222.0
    },
    "16": {
      "temp": 14.8,
      "precip": 0.0,
      "wind": 15.7,
      "wind_dir_deg": 214.0
    }
  },
  "ride_temp_mean": 13.425,
  "ride_wind_mean": 14.725,
  "ride_wind_dir_deg": 225.61858427129707,
  "ride_rain_flag": 0.0,
  "tent_rain_flag": 0.0,
  "daily_precip_sum": 0.0,
  "daily_temp_mean": 8.766666666666667,
  "daily_wind_mean": 12.291666666666666,
  "daily_wind_dir_deg": 224.6711712237504
}