{
  "samples_local": {
    "10": {
      "temp": 11.7,
      "precip": 0.0,
      "wind": 8.8,
      "wind_dir_deg": 200.0
    },
    "12": {
      "temp": 15.5,
      "precip": 0.0,
      "wind": 14.6,
      "wind_dir_deg": 219.0
    },
    "14": {
      "temp": 17.1,
      "precip": 0.0,
      "wind": 16.8,
      "wind_dir_deg": 219.0
    },
    "16": {
      "temp": 17.2,
      "precip": 0.0,
      "wind": 17.5,
      "wind_dir_deg": 217.0
    }
  },
  "ride_temp_mean": 15.375,
  "ride_wind_mean": 14.425,
  "ride_wind_dir_deg": 215.52331504852575,
  "ride_rain_flag": 0.0,
  "tent_rain_flag": 0.0,
  "daily_precip_sum": 0.0,
  "daily_temp_mean": 10.741666666666667,
  "daily_wind_mean": 11.487499999999999,
  "daily_wind_dir_deg": 209.1150656108555
}