{
  "samples_local": {
    "10": {
      "temp": 15.1,
      "precip": 0.0,
      "wind": 11.7,
      "wind_dir_deg": 337.0
    },
    "12": {
      "temp": 17.9,
      "precip": 0.0,
      "wind": 13.3,
      "wind_dir_deg": 339.0
    },
    "14": {
      "temp": 19.9,
      "precip": 0.0,
      "wind": 11.2,
      "wind_dir_deg": 341.0
    },
    "16": {
      "temp": 19.7,
      "precip": 0.0,
      "wind": 10.5,
      "wind_dir_deg": 341.0
    }
  },
  "ride_temp_mean": 18.15,
  "ride_wind_mean": 11.675,
  "ride_wind_dir_deg": 339.4283572086829,
  "ride_rain_flag": 0.0,
  "tent_rain_flag": 0.0,
  "daily_precip_sum": 0.0,
  "daily_temp_mean": 14.075000000000001,
  "daily_wind_mean": 12.200000000000001,
  "daily_wind_dir_deg": 336.3249308718403
}