{
  "samples_local": {
    "10": {
      "temp": 9.8,
      "precip": 0.0,
      "wind": 8.9,
      "wind_dir_deg": 7.0
    },
    "12": {
      "temp": 13.4,
      "precip": 0.1,
      "wind": 9.4,
      "wind_dir_deg": 324.0
    },
    "14": {
      "temp": 11.8,
      "precip": 0.0,
      "wind": 12.4,
      "wind_dir_deg": 347.0
    },
    "16": {
      "temp": 12.3,
      "precip": 0.2,
      "wind": 4.3,
      "wind_dir_deg": 0.0
    }
  },
  "ride_temp_mean": 11.825000000000001,
  "ride_wind_mean": 8.75,
  "ride_wind_dir_deg": 347.5769247619962,
  "ride_rain_flag": 1.0,
  "tent_rain_flag": 1.0,
  "daily_precip_sum": 1.2000000000000002,
  "daily_temp_mean": 8.383333333333335,
  "daily_wind_mean": 7.0125,
  "daily_wind_dir_deg": 4.560974986643146
}