{
  "samples_local": {
    "10": {
      "temp": 12.8,
      "precip": 0.0,
      "wind": 12.3,
      "wind_dir_deg": 210.0
    },
    "12": {
      "temp": 15.4,
      "precip": 0.0,
      "wind": 15.4,
      "wind_dir_deg": 210.0
    },
    "14": {
      "temp": 17.1,
      "precip": 0.0,
      "wind": 18.9,
      "wind_dir_deg": 217.0
    },
    "16": {
      "temp": 17.2,
      "precip": 0.0,
      "wind": 21.5,
      "wind_dir_deg": 224.0
    }
  },
  "ride_temp_mean": 15.625,
  "ride_wind_mean": 17.025,
  "ride_wind_dir_deg": 216.36087069321223,
  "ride_rain_flag": 0.0,
  "tent_rain_flag": 0.0,
  "daily_precip_sum": 0.0,
  "daily_temp_mean": 11.487499999999999,
  "daily_wind_mean": 14.366666666666667,
  "daily_wind_dir_deg": 226.95788861260314
}