{
  "samples_local": {
    "10": {
      "temp": 12.1,
      "precip": 0.0,
      "wind": 7.0,
      "wind_dir_deg": 179.0
    },
    "12": {
      "temp": 13.6,
      "precip": 0.0,
      "wind": 8.5,
      "wind_dir_deg": 204.0
    },
    "14": {
      "temp": 15.1,
      "precip": 0.0,
      "wind": 11.5,
      "wind_dir_deg": 214.0
    },
    "16": {
      "temp": 14.9,
      "precip": 0.0,
      "wind": 15.7,
      "wind_dir_deg": 224.0
    }
  },
  "ride_temp_mean": 13.925,
  "ride_wind_mean": 10.675,
  "ride_wind_dir_deg": 210.14841289234923,
  "ride_rain_flag": 0.0,
  "tent_rain_flag": 0.0,
  "daily_precip_sum": 0.0,
  "daily_temp_mean": 10.220833333333333,
  "daily_wind_mean": 7.604166666666667,
  "daily_wind_dir_deg": 220.97079536023892
}