{
  "samples_local": {
    "10": {
      "temp": 13.3,
      "precip": 0.0,
      "wind": 5.2,
      "wind_dir_deg": 176.0
    },
    "12": {
      "temp": 14.8,
      "precip": 0.0,
      "wind": 6.4,
      "wind_dir_deg": 220.0
    },
    "14": {
      "temp": 15.4,
      "precip": 0.0,
      "wind": 11.8,
      "wind_dir_deg": 220.0
    },
    "16": {
      "temp": 14.8,
      "precip": 0.0,
      "wind": 12.8,
      "wind_dir_deg": 202.0
    }
  },
  "ride_temp_mean": 14.575000000000001,
  "ride_wind_mean": 9.05,
  "ride_wind_dir_deg": 207.4924293032214,
  "ride_rain_flag": 0.0,
  "tent_rain_flag": 0.0,
  "daily_precip_sum": 0.0,
  "daily_temp_mean": 10.958333333333334,
  "daily_wind_mean": 7.1375,
  "daily_wind_dir_deg": 211.29552784995892
}