{
  "samples_local": {
    "10": {
      "temp": 12.9,
      "precip": 0.0,
      "wind": 14.1,
      "wind_dir_deg": 220.0
    },
    "12": {
      "temp": 15.9,
      "precip": 0.0,
      "wind": 18.0,
      "wind_dir_deg": 221.0
    },
    "14": {
      "temp": 17.8,
      "precip": 0.0,
      "wind": 18.6,
      "wind_dir_deg": 225.0
    },
    "16": {
      "temp": 17.8,
      "precip": 0.0,
      "wind": 19.4,
      "wind_dir_deg": 227.0
    }
  },
  "ride_temp_mean": 16.1,
  "ride_wind_mean": 17.525,
  "ride_wind_dir_deg": 223.52070379872973,
  "ride_rain_flag": 0.0,
  "tent_rain_flag": 0.0,
  "daily_precip_sum": 0.0,
  "daily_temp_mean": 12.229166666666666,
  "daily_wind_mean": 16.083333333333332,
  "daily_wind_dir_deg": 224.68401949718353
}