{
  "samples_local": {
    "10": {
      "temp": 10.9,
      "precip": 0.0,
      "wind": 14.0,
      "wind_dir_deg": 215.0
    },
    "12": {
      "temp": 15.1,
      "precip": 0.0,
      "wind": 13.9,
      "wind_dir_deg": 223.0
    },
    "14": {
      "temp": 17.5,
      "precip": 0.0,
      "wind": 16.8,
      "wind_dir_deg": 228.0
    },
    "16": {
      "temp": 17.0,
      "precip": 0.0,
      "wind": 19.3,
      "wind_dir_deg": 221.0
    }
  },
  "ride_temp_mean": 15.125,
  "ride_wind_mean": 16.0,
  "ride_wind_dir_deg": 221.96018337131127,
  "ride_rain_flag": 0.0,
  "tent_rain_flag": 0.0,
  "daily_precip_sum": 0.0,
  "daily_temp_mean": 11.070833333333333,
  "daily_wind_mean": 14.987499999999999,
  "daily_wind_dir_deg": 215.26955448192686
}