{
  "samples_local": {
    "10": {
      "temp": 11.6,
      "precip": 0.0,
      "wind": 12.9,
      "wind_dir_deg": 217.0
    },
    "12": {
      "temp": 15.1,
      "precip": 0.0,
      "wind": 13.6,
      "wind_dir_deg": 230.0
    },
    "14": {
      "temp": 17.4,
      "precip": 0.0,
      "wind": 15.9,
      "wind_dir_deg": 236.0
    },
    "16": {
      "temp": 17.0,
      "precip": 0.0,
      "wind": 18.1,
      "wind_dir_deg": 225.0
    }
  },
  "ride_temp_mean": 15.274999999999999,
  "ride_wind_mean": 15.125,
  "ride_wind_dir_deg": 227.31216949743452,
  "ride_rain_flag": 0.0,
  "tent_rain_flag": 0.0,
  "daily_precip_sum": 0.0,
  "daily_temp_mean": 10.825000000000001,
  "daily_wind_mean": 14.225000000000001,
  "daily_wind_dir_deg": 217.60065254512983
}