{
  "samples_local": {
    "10": {
      "temp": 27.1,
      "precip": 0.1,
      "wind": 15.7,
      "wind_dir_deg": 251.0
    },
    "12": {
      "temp": 29.0,
      "precip": 0.0,
      "wind": 15.2,
      "wind_dir_deg": 259.0
    },
    "14": {
      "temp": 29.4,
      "precip": 0.4,
      "wind": 19.1,
      "wind_dir_deg": 246.0
    },
    "16": {
      "temp": 29.0,
      "precip": 0.0,
      "wind": 18.7,
      "wind_dir_deg": 252.0
    }
  },
  "ride_temp_mean": 28.625,
  "ride_wind_mean": 17.175,
  "ride_wind_dir_deg": 251.65020192166884,
  "ride_rain_flag": 1.0,
  "tent_rain_flag": 1.0,
  "daily_precip_sum": 44.5,
  "daily_temp_mean": 25.40833333333333,
  "daily_wind_mean": 10.591666666666667,
  "daily_wind_dir_deg": 251.0973630257747
}