{
  "samples_local": {
    "10": {
      "temp": 11.7,
      "precip": 0.0,
      "wind": 14.1,
      "wind_dir_deg": 220.0
    },
    "12": {
      "temp": 15.0,
      "precip": 0.0,
      "wind": 17.0,
      "wind_dir_deg": 229.0
    },
    "14": {
      "temp": 16.8,
      "precip": 0.0,
      "wind": 19.4,
      "wind_dir_deg": 230.0
    },
    "16": {
      "temp": 16.5,
      "precip": 0.0,
      "wind": 21.0,
      "wind_dir_deg": 225.0
    }
  },
  "ride_temp_mean": 15.0,
  "ride_wind_mean": 17.875,
  "ride_wind_dir_deg": 226.32332672522492,
  "ride_rain_flag": 0.0,
  "tent_rain_flag": 0.0,
  "daily_precip_sum": 0.0,
  "daily_temp_mean": 10.433333333333334,
  "daily_wind_mean": 15.045833333333334,
  "daily_wind_dir_deg": 217.65488974563863
}