{
  "samples_local": {
    "10": {
      "temp": 11.2,
      "precip": 0.0,
      "wind": 9.8,
      "wind_dir_deg": 203.0
    },
    "12": {
      "temp": 15.6,
      "precip": 0.0,
      "wind": 13.2,
      "wind_dir_deg": 218.0
    },
    "14": {
      "temp": 17.5,
      "precip": 0.0,
      "wind": 17.4,
      "wind_dir_deg": 231.0
    },
    "16": {
      "temp": 17.2,
      "precip": 0.0,
      "wind": 18.1,
      "wind_dir_deg": 227.0
    }
  },
  "ride_temp_mean": 15.375,
  "ride_wind_mean": 14.625,
  "ride_wind_dir_deg": 222.18696601394782,
  "ride_rain_flag": 0.0,
  "tent_rain_flag": 0.0,
  "daily_precip_sum": 0.0,
  "daily_temp_mean": 10.720833333333333,
  "daily_wind_mean": 12.491666666666667,
  "daily_wind_dir_deg": 209.6264780700839
}