{
  "samples_local": {
    "10": {
      "temp": 11.6,
      "precip": 0.0,
      "wind": 9.3,
      "wind_dir_deg": 212.0
    },
    "12": {
      "temp": 14.9,
      "precip": 0.0,
      "wind": 11.3,
      "wind_dir_deg": 228.0
    },
    "14": {
      "temp": 16.5,
      "precip": 0.0,
      "wind": 13.5,
      "wind_dir_deg": 214.0
    },
    "16": {
      "temp": 16.3,
      "precip": 0.0,
      "wind": 16.3,
      "wind_dir_deg": 206.0
    }
  },
  "ride_temp_mean": 14.825,
  "ride_wind_mean": 12.600000000000001,
  "ride_wind_dir_deg": 214.1614731170751,
  "ride_rain_flag": 0.0,
  "tent_rain_flag": 0.0,
  "daily_precip_sum": 0.0,
  "daily_temp_mean": 10.4625,
  "daily_wind_mean": 11.549999999999999,
  "daily_wind_dir_deg": 208.0165668724918
}