{
  "samples_local": {
    "10": {
      "temp": 8.6,
      "precip": 0.0,
      "wind": 9.0,
      "wind_dir_deg": 136.0
    },
    "12": {
      "temp": 8.9,
      "precip": 0.0,
      "wind": 9.7,
      "wind_dir_deg": 135.0
    },
    "14": {
      "temp": 9.6,
      "precip": 0.1,
      "wind": 12.0,
      "wind_dir_deg": 112.0
    },
    "16": {
      "temp": 9.4,
      "precip": 0.0,
      "wind": 16.4,
      "wind_dir_deg": 129.0
    }
  },
  "ride_temp_mean": 9.125,
  "ride_wind_mean": 11.774999999999999,
  "ride_wind_dir_deg": 127.27665485425484,
  "ride_rain_flag": 0.0,
  "tent_rain_flag": 0.0,
  "daily_precip_sum": 0.2,
  "daily_temp_mean": 6.0375000000000005,
  "daily_wind_mean": 9.270833333333334,
  "daily_wind_dir_deg": 107.04209635801391
}