{
  "samples_local": {
    "10": {
      "temp": 8.3,
      "precip": 0.0,
      "wind": 6.7,
      "wind_dir_deg": 34.0
    },
    "12": {
      "temp": 11.9,
      "precip": 0.2,
      "wind": 6.4,
      "wind_dir_deg": 128.0
    },
    "14": {
      "temp": 13.5,
      "precip": 0.0,
      "wind": 14.0,
      "wind_dir_deg": 135.0
    },
    "16": {
      "temp": 13.2,
      "precip": 0.0,
      "wind": 15.1,
      "wind_dir_deg": 144.0
    }
  },
  "ride_temp_mean": 11.725,
  "ride_wind_mean": 10.55,
  "ride_wind_dir_deg": 126.63993089069265,
  "ride_rain_flag": 1.0,
  "tent_rain_flag": 0.0,
  "daily_precip_sum": 0.30000000000000004,
  "daily_temp_mean": 8.479166666666666,
  "daily_wind_mean": 8.433333333333334,
  "daily_wind_dir_deg": 120.00922350732685
}