{
  "samples_local": {
    "10": {
      "temp": 9.9,
      "precip": 0.0,
      "wind": 4.6,
      "wind_dir_deg": 191.0
    },
    "12": {
      "temp": 13.4,
      "precip": 0.0,
      "wind": 8.0,
      "wind_dir_deg": 196.0
    },
    "14": {
      "temp": 14.8,
      "precip": 0.0,
      "wind": 5.6,
      "wind_dir_deg": 225.0
    },
    "16": {
      "temp": 15.8,
      "precip": 0.0,
      "wind": 10.2,
      "wind_dir_deg": 166.0
    }
  },
  "ride_temp_mean": 13.475000000000001,
  "ride_wind_mean": 7.1,
  "ride_wind_dir_deg": 189.95631086865612,
  "ride_rain_flag": 0.0,
  "tent_rain_flag": 0.0,
  "daily_precip_sum": 0.0,
  "daily_temp_mean": 8.670833333333333,
  "daily_wind_mean": 4.983333333333333,
  "daily_wind_dir_deg": 167.49290524167327
}