{
  "samples_local": {
    "10": {
      "temp": 11.6,
      "precip": 0.0,
      "wind": 4.8,
      "wind_dir_deg": 151.0
    },
    "12": {
      "temp": 13.4,
      "precip": 0.0,
      "wind": 10.2,
      "wind_dir_deg": 136.0
    },
    "14": {
      "temp": 13.2,
      "precip": 0.0,
      "wind": 14.0,
      "wind_dir_deg": 113.0
    },
    "16": {
      "temp": 13.4,
      "precip": 0.0,
      "wind": 15.5,
      "wind_dir_deg": 119.0
    }
  },
  "ride_temp_mean": 12.9,
  "ride_wind_mean": 11.125,
  "ride_wind_dir_deg": 124.36617647169857,
  "ride_rain_flag": 0.0,
  "tent_rain_flag": 0.0,
  "daily_precip_sum": 0.0,
  "daily_temp_mean": 8.091666666666667,
  "daily_wind_mean": 8.904166666666667,
  "daily_wind_dir_deg": 124.02331491465935
}