{
  "samples_local": {
    "10": {
      "temp": 11.4,
      "precip": 0.0,
      "wind": 4.9,
      "wind_dir_deg": 172.0
    },
    "12": {
      "temp": 12.9,
      "precip": 0.0,
      "wind": 5.9,
      "wind_dir_deg": 162.0
    },
    "14": {
      "temp": 13.6,
      "precip": 0.0,
      "wind": 10.3,
      "wind_dir_deg": 145.0
    },
    "16": {
      "temp": 13.6,
      "precip": 0.0,
      "wind": 11.3,
      "wind_dir_deg": 143.0
    }
  },
  "ride_temp_mean": 12.875,
  "ride_wind_mean": 8.100000000000001,
  "ride_wind_dir_deg": 151.41886188653177,
  "ride_rain_flag": 0.0,
  "tent_rain_flag": 0.0,
  "daily_precip_sum": 0.0,
  "daily_temp_mean": 7.5249999999999995,
  "daily_wind_mean": 7.929166666666667,
  "daily_wind_dir_deg": 126.24146520388763
}