{
  "samples_local": {
    "10": {
      "temp": 10.4,
      "precip": 0.0,
      "wind": 16.1,
      "wind_dir_deg": 217.0
    },
    "12": {
      "temp": 13.2,
      "precip": 0.0,
      "wind": 15.0,
      "wind_dir_deg": 220.0
    },
    "14": {
      "temp": 14.2,
      "precip": 0.0,
      "wind": 15.7,
      "wind_dir_deg": 214.0
    },
    "16": {
      "temp": 13.5,
      "precip": 0.0,
      "wind": 18.9,
      "wind_dir_deg": 213.0
    }
  },
  "ride_temp_mean": 12.825,
  "ride_wind_mean": 16.425,
  "ride_wind_dir_deg": 215.81688192702737,
  "ride_rain_flag": 0.0,
  "tent_rain_flag": 0.0,
  "daily_precip_sum": 0.0,
  "daily_temp_mean": 8.945833333333333,
  "daily_wind_mean": 15.304166666666667,
  "daily_wind_dir_deg": 219.33556376710484
}