{
  "samples_local": {
    "10": {
      "temp": 25.0,
      "precip": 3.5,
      "wind": 12.2,
      "wind_dir_deg": 262.0
    },
    "12": {
      "temp": 25.5,
      "precip": 2.5,
      "wind": 9.2,
      "wind_dir_deg": 249.0
    },
    "14": {
      "temp": 27.6,
      "precip": 0.1,
      "wind": 13.1,
      "wind_dir_deg": 257.0
    },
    "16": {
      "temp": 28.3,
      "precip": 0.1,
      "wind": 15.3,
      "wind_dir_deg": 248.0
    }
  },
  "ride_temp_mean": 26.6,
  "ride_wind_mean": 12.45,
  "ride_wind_dir_deg": 253.97964014568493,
  "ride_rain_flag": 1.0,
  "tent_rain_flag": 1.0,
  "daily_precip_sum": 41.699999999999996,
  "daily_temp_mean": 24.7375,
  "daily_wind_mean": 10.629166666666666,
  "daily_wind_dir_deg": 250.2061237505868
}