<?xml version="1.0" encoding="UTF-8"?>
<gpx version="1.1" creator="OSRM realistic route generator" xmlns="http://www.topografix.com/GPX/1/1">
  <trk><name>Freiburg to Bern</name><trkseg>
    <trkpt lat="47.998928" lon="7.841736"></trkpt>
    <trkpt lat="47.999016" lon="7.841477"></trkpt>
    <trkpt lat="47.998827" lon="7.841333"></trkpt>
    <trkpt lat="47.998663" lon="7.841210"></trkpt>
    <trkpt lat="47.998579" lon="7.841135"></trkpt>
    <trkpt lat="47.998722" lon="7.840725"></trkpt>
    <trkpt lat="47.998984" lon="7.839954"></trkpt>
    <trkpt lat="47.999131" lon="7.839541"></trkpt>
    <trkpt lat="47.999297" lon="7.839055"></trkpt>
    <trkpt lat="47.999437" lon="7.838652"></trkpt>
    <trkpt lat="47.999611" lon="7.838147"></trkpt>
    <trkpt lat="47.999623" lon="7.838110"></trkpt>
    <trkpt lat="47.999634" lon="7.838078"></trkpt>
    <trkpt lat="47.999646" lon="7.838044"></trkpt>
    <trkpt lat="47.999674" lon="7.837959"></trkpt>
    <trkpt lat="47.999701" lon="7.837879"></trkpt>
    <trkpt lat="47.999896" lon="7.837327"></trkpt>
    <trkpt lat="47.999806" lon="7.837252"></trkpt>
    <trkpt lat="47.999781" lon="7.837233"></trkpt>
    <trkpt lat="47.999751" lon="7.837211"></trkpt>
    <trkpt lat="47.999631" lon="7.837104"></trkpt>
    <trkpt lat="47.999430" lon="7.836955"></trkpt>
    <trkpt lat="47.999153" lon="7.836753"></trkpt>
    <trkpt lat="47.999067" lon="7.836691"></trkpt>
    <trkpt lat="47.998790" lon="7.836484"></trkpt>
    <trkpt lat="47.998746" lon="7.836449"></trkpt>
    <trkpt lat="47.998553" lon="7.836301"></trkpt>
    <trkpt lat="47.998453" lon="7.836226"></trkpt>
    <trkpt lat="47.998415" lon="7.836197"></trkpt>
    <trkpt lat="47.998270" lon="7.836088"></trkpt>
    <trkpt lat="47.998232" lon="7.836060"></trkpt>
    <trkpt lat="47.998211" lon="7.836044"></trkpt>
    <trkpt lat="47.998171" lon="7.836014"></trkpt>
    <trkpt lat="47.998085" lon="7.835946"></trkpt>
    <trkpt lat="47.998035" lon="7.835909"></trkpt>
    <trkpt lat="47.997942" lon="7.835837"></trkpt>
    <trkpt lat="47.997854" lon="7.835770"></trkpt>
    <trkpt lat="47.997702" lon="7.835652"></trkpt>
    <trkpt lat="47.997662" lon="7.835621"></trkpt>
    <trkpt lat="47.997344" lon="7.835377"></trkpt>
    <trkpt lat="47.997331" lon="7.835366"></trkpt>
    <trkpt lat="47.997294" lon="7.835340"></trkpt>
    <trkpt lat="47.997168" lon="7.835239"></trkpt>
    <trkpt lat="47.997052" lon="7.835148"></trkpt>
    <trkpt lat="47.996966" lon="7.835080"></trkpt>
    <trkpt lat="47.996894" lon="7.835026"></trkpt>
    <trkpt lat="47.996864" lon="7.835004"></trkpt>
    <trkpt lat="47.996706" lon="7.834885"></trkpt>
    <trkpt lat="47.996603" lon="7.834807"></trkpt>
    <trkpt lat="47.996444" lon="7.834688"></trkpt>
    <trkpt lat="47.996414" lon="7.834665"></trkpt>
    <trkpt lat="47.996325" lon="7.834598"></trkpt>
    <trkpt lat="47.996302" lon="7.834580"></trkpt>
    <trkpt lat="47.996234" lon="7.834525"></trkpt>
    <trkpt lat="47.996221" lon="7.834514"></trkpt>
    <trkpt lat="47.996204" lon="7.834500"></trkpt>
    <trkpt lat="47.995976" lon="7.834326"></trkpt>
    <trkpt lat="47.995945" lon="7.834302"></trkpt>
    <trkpt lat="47.995929" lon="7.834291"></trkpt>
    <trkpt lat="47.995914" lon="7.834281"></trkpt>
    <trkpt lat="47.995887" lon="7.834263"></trkpt>
    <trkpt lat="47.995799" lon="7.834207"></trkpt>
    <trkpt lat="47.995715" lon="7.834151"></trkpt>
    <trkpt lat="47.995594" lon="7.834063"></trkpt>
    <trkpt lat="47.995537" lon="7.834021"></trkpt>
    <trkpt lat="47.995456" lon="7.833960"></trkpt>
    <trkpt lat="47.995384" lon="7.833912"></trkpt>
    <trkpt lat="47.995347" lon="7.833886"></trkpt>
    <trkpt lat="47.995305" lon="7.833857"></trkpt>
    <trkpt lat="47.995250" lon="7.833817"></trkpt>
    <trkpt lat="47.995197" lon="7.833779"></trkpt>
    <trkpt lat="47.995165" lon="7.833757"></trkpt>
    <trkpt lat="47.995121" lon="7.833725"></trkpt>
    <trkpt lat="47.995074" lon="7.833625"></trkpt>
    <trkpt lat="47.995012" lon="7.833577"></trkpt>
    <trkpt lat="47.994938" lon="7.833523"></trkpt>
    <trkpt lat="47.994847" lon="7.833462"></trkpt>
    <trkpt lat="47.994761" lon="7.833470"></trkpt>
    <trkpt lat="47.994667" lon="7.833401"></trkpt>
    <trkpt lat="47.994516" lon="7.833295"></trkpt>
    <trkpt lat="47.994452" lon="7.833249"></trkpt>
    <trkpt lat="47.994337" lon="7.833143"></trkpt>
    <trkpt lat="47.994289" lon="7.833104"></trkpt>
    <trkpt lat="47.994209" lon="7.832978"></trkpt>
    <trkpt lat="47.994160" lon="7.832852"></trkpt>
    <trkpt lat="47.994125" lon="7.832743"></trkpt>
    <trkpt lat="47.994113" lon="7.832628"></trkpt>
    <trkpt lat="47.994118" lon="7.832538"></trkpt>
    <trkpt lat="47.994130" lon="7.832409"></trkpt>
    <trkpt lat="47.994394" lon="7.831770"></trkpt>
    <trkpt lat="47.994635" lon="7.831120"></trkpt>
    <trkpt lat="47.995145" lon="7.829840"></trkpt>
    <trkpt lat="47.995456" lon="7.829023"></trkpt>
    <trkpt lat="47.995522" lon="7.828708"></trkpt>
    <trkpt lat="47.995768" lon="7.828153"></trkpt>
    <trkpt lat="47.995946" lon="7.827730"></trkpt>
    <trkpt lat="47.996270" lon="7.826926"></trkpt>
    <trkpt lat="47.996587" lon="7.826122"></trkpt>
    <trkpt lat="47.997298" lon="7.824290"></trkpt>
    <trkpt lat="47.998106" lon="7.822210"></trkpt>
    <trkpt lat="47.998256" lon="7.821843"></trkpt>
    <trkpt lat="47.998328" lon="7.821657"></trkpt>
    <trkpt lat="47.998448" lon="7.821349"></trkpt>
    <trkpt lat="47.999076" lon="7.819741"></trkpt>
    <trkpt lat="48.000881" lon="7.815139"></trkpt>
    <trkpt lat="48.001052" lon="7.814716"></trkpt>
    <trkpt lat="48.001348" lon="7.813960"></trkpt>
    <trkpt lat="48.001468" lon="7.813656"></trkpt>
    <trkpt lat="48.001587" lon="7.813341"></trkpt>
    <trkpt lat="48.002590" lon="7.810764"></trkpt>
    <trkpt lat="48.002726" lon="7.810417"></trkpt>
    <trkpt lat="48.003299" lon="7.808952"></trkpt>
    <trkpt lat="48.003549" lon="7.808309"></trkpt>
    <trkpt lat="48.003699" lon="7.807936"></trkpt>
    <trkpt lat="48.003868" lon="7.807518"></trkpt>
    <trkpt lat="48.004083" lon="7.807027"></trkpt>
    <trkpt lat="48.004309" lon="7.806529"></trkpt>
    <trkpt lat="48.004444" lon="7.806277"></trkpt>
    <trkpt lat="48.004716" lon="7.805785"></trkpt>
    <trkpt lat="48.005023" lon="7.805300"></trkpt>
    <trkpt lat="48.005194" lon="7.805046"></trkpt>
    <trkpt lat="48.005312" lon="7.804867"></trkpt>
    <trkpt lat="48.005526" lon="7.804538"></trkpt>
    <trkpt lat="48.005902" lon="7.804075"></trkpt>
    <trkpt lat="48.005962" lon="7.804011"></trkpt>
    <trkpt lat="48.006265" lon="7.803669"></trkpt>
    <trkpt lat="48.006589" lon="7.803334"></trkpt>
    <trkpt lat="48.007075" lon="7.802859"></trkpt>
    <trkpt lat="48.007306" lon="7.802635"></trkpt>
    <trkpt lat="48.007679" lon="7.802284"></trkpt>
    <trkpt lat="48.007978" lon="7.802015"></trkpt>
    <trkpt lat="48.008815" lon="7.801216"></trkpt>
    <trkpt lat="48.009064" lon="7.801003"></trkpt>
    <trkpt lat="48.010167" lon="7.799952"></trkpt>
    <trkpt lat="48.010452" lon="7.799679"></trkpt>
    <trkpt lat="48.011442" lon="7.798738"></trkpt>
    <trkpt lat="48.014134" lon="7.796147"></trkpt>
    <trkpt lat="48.015006" lon="7.795266"></trkpt>
    <trkpt lat="48.015741" lon="7.794505"></trkpt>
    <trkpt lat="48.015842" lon="7.794393"></trkpt>
    <trkpt lat="48.016193" lon="7.794002"></trkpt>
    <trkpt lat="48.016711" lon="7.793413"></trkpt>
    <trkpt lat="48.017023" lon="7.793063"></trkpt>
    <trkpt lat="48.017371" lon="7.792673"></trkpt>
    <trkpt lat="48.018209" lon="7.791704"></trkpt>
    <trkpt lat="48.018776" lon="7.791045"></trkpt>
    <trkpt lat="48.019328" lon="7.790382"></trkpt>
    <trkpt lat="48.019983" lon="7.789566"></trkpt>
    <trkpt lat="48.020737" lon="7.788604"></trkpt>
    <trkpt lat="48.021521" lon="7.787516"></trkpt>
    <trkpt lat="48.021834" lon="7.787077"></trkpt>
    <trkpt lat="48.021963" lon="7.786882"></trkpt>
    <trkpt lat="48.022429" lon="7.786167"></trkpt>
    <trkpt lat="48.022881" lon="7.785437"></trkpt>
    <trkpt lat="48.023164" lon="7.784969"></trkpt>
    <trkpt lat="48.023471" lon="7.784433"></trkpt>
    <trkpt lat="48.023671" lon="7.784103"></trkpt>
    <trkpt lat="48.023871" lon="7.783703"></trkpt>
    <trkpt lat="48.023955" lon="7.783543"></trkpt>
    <trkpt lat="48.024023" lon="7.783424"></trkpt>
    <trkpt lat="48.024182" lon="7.783311"></trkpt>
    <trkpt lat="48.024306" lon="7.783210"></trkpt>
    <trkpt lat="48.024452" lon="7.783151"></trkpt>
    <trkpt lat="48.024579" lon="7.783141"></trkpt>
    <trkpt lat="48.024715" lon="7.783189"></trkpt>
    <trkpt lat="48.024818" lon="7.783268"></trkpt>
    <trkpt lat="48.024911" lon="7.783381"></trkpt>
    <trkpt lat="48.024980" lon="7.783552"></trkpt>
    <trkpt lat="48.025021" lon="7.783726"></trkpt>
    <trkpt lat="48.025032" lon="7.783924"></trkpt>
    <trkpt lat="48.025007" lon="7.784133"></trkpt>
    <trkpt lat="48.024943" lon="7.784320"></trkpt>
    <trkpt lat="48.024854" lon="7.784457"></trkpt>
    <trkpt lat="48.024763" lon="7.784539"></trkpt>
    <trkpt lat="48.024688" lon="7.784582"></trkpt>
    <trkpt lat="48.024612" lon="7.784611"></trkpt>
    <trkpt lat="48.024529" lon="7.784623"></trkpt>
    <trkpt lat="48.024409" lon="7.784603"></trkpt>
    <trkpt lat="48.024283" lon="7.784531"></trkpt>
    <trkpt lat="48.024184" lon="7.784452"></trkpt>
    <trkpt lat="48.023940" lon="7.784135"></trkpt>
    <trkpt lat="48.023851" lon="7.783956"></trkpt>
    <trkpt lat="48.023674" lon="7.783619"></trkpt>
    <trkpt lat="48.023372" lon="7.783038"></trkpt>
    <trkpt lat="48.022976" lon="7.782273"></trkpt>
    <trkpt lat="48.022455" lon="7.781273"></trkpt>
    <trkpt lat="48.022169" lon="7.780783"></trkpt>
    <trkpt lat="48.021703" lon="7.780032"></trkpt>
    <trkpt lat="48.021443" lon="7.779662"></trkpt>
    <trkpt lat="48.021154" lon="7.779294"></trkpt>
    <trkpt lat="48.020440" lon="7.778122"></trkpt>
    <trkpt lat="48.019631" lon="7.776831"></trkpt>
    <trkpt lat="48.019273" lon="7.776287"></trkpt>
    <trkpt lat="48.018457" lon="7.775073"></trkpt>
    <trkpt lat="48.017522" lon="7.773728"></trkpt>
    <trkpt lat="48.016474" lon="7.772305"></trkpt>
    <trkpt lat="48.015574" lon="7.771134"></trkpt>
    <trkpt lat="48.015036" lon="7.770457"></trkpt>
    <trkpt lat="48.014485" lon="7.769796"></trkpt>
    <trkpt lat="48.013513" lon="7.768686"></trkpt>
    <trkpt lat="48.012510" lon="7.767601"></trkpt>
    <trkpt lat="48.011304" lon="7.766375"></trkpt>
    <trkpt lat="48.010256" lon="7.765375"></trkpt>
    <trkpt lat="48.010171" lon="7.765292"></trkpt>
    <trkpt lat="48.009334" lon="7.764527"></trkpt>
    <trkpt lat="48.008588" lon="7.763865"></trkpt>
    <trkpt lat="48.007128" lon="7.762638"></trkpt>
    <trkpt lat="48.004237" lon="7.760247"></trkpt>
    <trkpt lat="48.003507" lon="7.759639"></trkpt>
    <trkpt lat="48.002613" lon="7.758863"></trkpt>
    <trkpt lat="48.001110" lon="7.757529"></trkpt>
    <trkpt lat="47.999353" lon="7.755917"></trkpt>
    <trkpt lat="47.998084" lon="7.754739"></trkpt>
    <trkpt lat="47.997932" lon="7.754594"></trkpt>
    <trkpt lat="47.995943" lon="7.752654"></trkpt>
    <trkpt lat="47.994398" lon="7.751092"></trkpt>
    <trkpt lat="47.993320" lon="7.749953"></trkpt>
    <trkpt lat="47.992725" lon="7.749325"></trkpt>
    <trkpt lat="47.991216" lon="7.747697"></trkpt>
    <trkpt lat="47.990302" lon="7.746670"></trkpt>
    <trkpt lat="47.989374" lon="7.745627"></trkpt>
    <trkpt lat="47.988847" lon="7.745000"></trkpt>
    <trkpt lat="47.987255" lon="7.743158"></trkpt>
    <trkpt lat="47.986996" lon="7.742853"></trkpt>
    <trkpt lat="47.986892" lon="7.742730"></trkpt>
    <trkpt lat="47.986091" lon="7.741775"></trkpt>
    <trkpt lat="47.985678" lon="7.741282"></trkpt>
    <trkpt lat="47.984121" lon="7.739356"></trkpt>
    <trkpt lat="47.982573" lon="7.737352"></trkpt>
    <trkpt lat="47.981732" lon="7.736224"></trkpt>
    <trkpt lat="47.980904" lon="7.735096"></trkpt>
    <trkpt lat="47.980463" lon="7.734492"></trkpt>
    <trkpt lat="47.980347" lon="7.734329"></trkpt>
    <trkpt lat="47.980238" lon="7.734177"></trkpt>
    <trkpt lat="47.980163" lon="7.734071"></trkpt>
    <trkpt lat="47.979322" lon="7.732893"></trkpt>
    <trkpt lat="47.978332" lon="7.731468"></trkpt>
    <trkpt lat="47.977789" lon="7.730679"></trkpt>
    <trkpt lat="47.976954" lon="7.729448"></trkpt>
    <trkpt lat="47.976820" lon="7.729251"></trkpt>
    <trkpt lat="47.976694" lon="7.729062"></trkpt>
    <trkpt lat="47.976581" lon="7.728897"></trkpt>
    <trkpt lat="47.975947" lon="7.727933"></trkpt>
    <trkpt lat="47.974862" lon="7.726262"></trkpt>
    <trkpt lat="47.974422" lon="7.725592"></trkpt>
    <trkpt lat="47.974245" lon="7.725302"></trkpt>
    <trkpt lat="47.973866" lon="7.724676"></trkpt>
    <trkpt lat="47.973025" lon="7.723317"></trkpt>
    <trkpt lat="47.972160" lon="7.721883"></trkpt>
    <trkpt lat="47.971286" lon="7.720411"></trkpt>
    <trkpt lat="47.970605" lon="7.719243"></trkpt>
    <trkpt lat="47.970066" lon="7.718305"></trkpt>
    <trkpt lat="47.969493" lon="7.717299"></trkpt>
    <trkpt lat="47.969301" lon="7.716963"></trkpt>
    <trkpt lat="47.968317" lon="7.715165"></trkpt>
    <trkpt lat="47.967285" lon="7.713260"></trkpt>
    <trkpt lat="47.966237" lon="7.711250"></trkpt>
    <trkpt lat="47.965218" lon="7.709244"></trkpt>
    <trkpt lat="47.964336" lon="7.707474"></trkpt>
    <trkpt lat="47.963549" lon="7.705848"></trkpt>
    <trkpt lat="47.962854" lon="7.704375"></trkpt>
    <trkpt lat="47.962803" lon="7.704260"></trkpt>
    <trkpt lat="47.962096" lon="7.702742"></trkpt>
    <trkpt lat="47.961835" lon="7.702174"></trkpt>
    <trkpt lat="47.961180" lon="7.700722"></trkpt>
    <trkpt lat="47.960205" lon="7.698501"></trkpt>
    <trkpt lat="47.960009" lon="7.698057"></trkpt>
    <trkpt lat="47.958973" lon="7.695593"></trkpt>
    <trkpt lat="47.958932" lon="7.695493"></trkpt>
    <trkpt lat="47.958166" lon="7.693636"></trkpt>
    <trkpt lat="47.957769" lon="7.692647"></trkpt>
    <trkpt lat="47.957382" lon="7.691651"></trkpt>
    <trkpt lat="47.956448" lon="7.689147"></trkpt>
    <trkpt lat="47.956086" lon="7.688142"></trkpt>
    <trkpt lat="47.955605" lon="7.686741"></trkpt>
    <trkpt lat="47.955209" lon="7.685529"></trkpt>
    <trkpt lat="47.954719" lon="7.683946"></trkpt>
    <trkpt lat="47.954368" lon="7.682728"></trkpt>
    <trkpt lat="47.954143" lon="7.681931"></trkpt>
    <trkpt lat="47.953812" lon="7.680713"></trkpt>
    <trkpt lat="47.953360" lon="7.678949"></trkpt>
    <trkpt lat="47.952970" lon="7.677387"></trkpt>
    <trkpt lat="47.952644" lon="7.675905"></trkpt>
    <trkpt lat="47.952616" lon="7.675777"></trkpt>
    <trkpt lat="47.952403" lon="7.674768"></trkpt>
    <trkpt lat="47.952141" lon="7.673430"></trkpt>
    <trkpt lat="47.951641" lon="7.670677"></trkpt>
    <trkpt lat="47.951559" lon="7.670215"></trkpt>
    <trkpt lat="47.951462" lon="7.669675"></trkpt>
    <trkpt lat="47.951342" lon="7.668938"></trkpt>
    <trkpt lat="47.951271" lon="7.668504"></trkpt>
    <trkpt lat="47.951087" lon="7.667256"></trkpt>
    <trkpt lat="47.951039" lon="7.666932"></trkpt>
    <trkpt lat="47.950822" lon="7.665454"></trkpt>
    <trkpt lat="47.950773" lon="7.665126"></trkpt>
    <trkpt lat="47.950765" lon="7.665069"></trkpt>
    <trkpt lat="47.950719" lon="7.664758"></trkpt>
    <trkpt lat="47.950497" lon="7.663244"></trkpt>
    <trkpt lat="47.950382" lon="7.662463"></trkpt>
    <trkpt lat="47.950203" lon="7.661183"></trkpt>
    <trkpt lat="47.949766" lon="7.658500"></trkpt>
    <trkpt lat="47.949185" lon="7.655170"></trkpt>
    <trkpt lat="47.948851" lon="7.653425"></trkpt>
    <trkpt lat="47.948288" lon="7.650655"></trkpt>
    <trkpt lat="47.948034" lon="7.649457"></trkpt>
    <trkpt lat="47.947568" lon="7.647403"></trkpt>
    <trkpt lat="47.947540" lon="7.647293"></trkpt>
    <trkpt lat="47.947142" lon="7.645545"></trkpt>
    <trkpt lat="47.946256" lon="7.642034"></trkpt>
    <trkpt lat="47.945764" lon="7.640281"></trkpt>
    <trkpt lat="47.945537" lon="7.639487"></trkpt>
    <trkpt lat="47.945273" lon="7.638542"></trkpt>
    <trkpt lat="47.944789" lon="7.636827"></trkpt>
    <trkpt lat="47.944439" lon="7.635661"></trkpt>
    <trkpt lat="47.944355" lon="7.635393"></trkpt>
    <trkpt lat="47.944141" lon="7.634689"></trkpt>
    <trkpt lat="47.943948" lon="7.634084"></trkpt>
    <trkpt lat="47.943727" lon="7.633393"></trkpt>
    <trkpt lat="47.943015" lon="7.631197"></trkpt>
    <trkpt lat="47.942666" lon="7.630181"></trkpt>
    <trkpt lat="47.942499" lon="7.629681"></trkpt>
    <trkpt lat="47.942195" lon="7.628810"></trkpt>
    <trkpt lat="47.942087" lon="7.628513"></trkpt>
    <trkpt lat="47.941405" lon="7.626631"></trkpt>
    <trkpt lat="47.940645" lon="7.624635"></trkpt>
    <trkpt lat="47.940519" lon="7.624296"></trkpt>
    <trkpt lat="47.940147" lon="7.623302"></trkpt>
    <trkpt lat="47.939670" lon="7.622122"></trkpt>
    <trkpt lat="47.938945" lon="7.620373"></trkpt>
    <trkpt lat="47.938088" lon="7.618405"></trkpt>
    <trkpt lat="47.938013" lon="7.618255"></trkpt>
    <trkpt lat="47.937694" lon="7.617568"></trkpt>
    <trkpt lat="47.937112" lon="7.616362"></trkpt>
    <trkpt lat="47.936401" lon="7.614962"></trkpt>
    <trkpt lat="47.935594" lon="7.613477"></trkpt>
    <trkpt lat="47.934665" lon="7.611842"></trkpt>
    <trkpt lat="47.933789" lon="7.610413"></trkpt>
    <trkpt lat="47.932912" lon="7.609049"></trkpt>
    <trkpt lat="47.932104" lon="7.607855"></trkpt>
    <trkpt lat="47.931336" lon="7.606767"></trkpt>
    <trkpt lat="47.930621" lon="7.605816"></trkpt>
    <trkpt lat="47.929920" lon="7.604931"></trkpt>
    <trkpt lat="47.929235" lon="7.604091"></trkpt>
    <trkpt lat="47.928418" lon="7.603114"></trkpt>
    <trkpt lat="47.928041" lon="7.602691"></trkpt>
    <trkpt lat="47.927664" lon="7.602277"></trkpt>
    <trkpt lat="47.927050" lon="7.601609"></trkpt>
    <trkpt lat="47.926003" lon="7.600517"></trkpt>
    <trkpt lat="47.925108" lon="7.599635"></trkpt>
    <trkpt lat="47.924557" lon="7.599100"></trkpt>
    <trkpt lat="47.924216" lon="7.598787"></trkpt>
    <trkpt lat="47.923437" lon="7.598084"></trkpt>
    <trkpt lat="47.922807" lon="7.597561"></trkpt>
    <trkpt lat="47.922157" lon="7.597022"></trkpt>
    <trkpt lat="47.921209" lon="7.596276"></trkpt>
    <trkpt lat="47.920090" lon="7.595461"></trkpt>
    <trkpt lat="47.919783" lon="7.595223"></trkpt>
    <trkpt lat="47.919607" lon="7.595100"></trkpt>
    <trkpt lat="47.918273" lon="7.594190"></trkpt>
    <trkpt lat="47.917044" lon="7.593400"></trkpt>
    <trkpt lat="47.915769" lon="7.592636"></trkpt>
    <trkpt lat="47.914503" lon="7.591905"></trkpt>
    <trkpt lat="47.913530" lon="7.591389"></trkpt>
    <trkpt lat="47.912232" lon="7.590715"></trkpt>
    <trkpt lat="47.910908" lon="7.590078"></trkpt>
    <trkpt lat="47.910024" lon="7.589683"></trkpt>
    <trkpt lat="47.909573" lon="7.589499"></trkpt>
    <trkpt lat="47.907428" lon="7.588624"></trkpt>
    <trkpt lat="47.906897" lon="7.588432"></trkpt>
    <trkpt lat="47.905615" lon="7.587988"></trkpt>
    <trkpt lat="47.903549" lon="7.587329"></trkpt>
    <trkpt lat="47.901687" lon="7.586734"></trkpt>
    <trkpt lat="47.900377" lon="7.586314"></trkpt>
    <trkpt lat="47.899126" lon="7.585870"></trkpt>
    <trkpt lat="47.897822" lon="7.585360"></trkpt>
    <trkpt lat="47.896620" lon="7.584842"></trkpt>
    <trkpt lat="47.895141" lon="7.584139"></trkpt>
    <trkpt lat="47.893999" lon="7.583549"></trkpt>
    <trkpt lat="47.892869" lon="7.582934"></trkpt>
    <trkpt lat="47.891957" lon="7.582401"></trkpt>
    <trkpt lat="47.891011" lon="7.581820"></trkpt>
    <trkpt lat="47.889539" lon="7.580854"></trkpt>
    <trkpt lat="47.889383" lon="7.580755"></trkpt>
    <trkpt lat="47.888514" lon="7.580142"></trkpt>
    <trkpt lat="47.887497" lon="7.579381"></trkpt>
    <trkpt lat="47.886326" lon="7.578466"></trkpt>
    <trkpt lat="47.885324" lon="7.577649"></trkpt>
    <trkpt lat="47.883931" lon="7.576470"></trkpt>
    <trkpt lat="47.881548" lon="7.574446"></trkpt>
    <trkpt lat="47.880503" lon="7.573611"></trkpt>
    <trkpt lat="47.880163" lon="7.573351"></trkpt>
    <trkpt lat="47.879265" lon="7.572683"></trkpt>
    <trkpt lat="47.877830" lon="7.571729"></trkpt>
    <trkpt lat="47.876114" lon="7.570630"></trkpt>
    <trkpt lat="47.874401" lon="7.569680"></trkpt>
    <trkpt lat="47.874064" lon="7.569519"></trkpt>
    <trkpt lat="47.872689" lon="7.568858"></trkpt>
    <trkpt lat="47.871648" lon="7.568411"></trkpt>
    <trkpt lat="47.871451" lon="7.568327"></trkpt>
    <trkpt lat="47.870238" lon="7.567874"></trkpt>
    <trkpt lat="47.868752" lon="7.567378"></trkpt>
    <trkpt lat="47.867418" lon="7.566985"></trkpt>
    <trkpt lat="47.866634" lon="7.566792"></trkpt>
    <trkpt lat="47.865594" lon="7.566567"></trkpt>
    <trkpt lat="47.864577" lon="7.566387"></trkpt>
    <trkpt lat="47.863468" lon="7.566227"></trkpt>
    <trkpt lat="47.862602" lon="7.566121"></trkpt>
    <trkpt lat="47.862234" lon="7.566105"></trkpt>
    <trkpt lat="47.861009" lon="7.566008"></trkpt>
    <trkpt lat="47.860727" lon="7.566009"></trkpt>
    <trkpt lat="47.859362" lon="7.565988"></trkpt>
    <trkpt lat="47.858076" lon="7.566038"></trkpt>
    <trkpt lat="47.856568" lon="7.566144"></trkpt>
    <trkpt lat="47.855226" lon="7.566285"></trkpt>
    <trkpt lat="47.853373" lon="7.566523"></trkpt>
    <trkpt lat="47.851302" lon="7.566779"></trkpt>
    <trkpt lat="47.850101" lon="7.566884"></trkpt>
    <trkpt lat="47.848665" lon="7.566965"></trkpt>
    <trkpt lat="47.847178" lon="7.566985"></trkpt>
    <trkpt lat="47.845849" lon="7.566938"></trkpt>
    <trkpt lat="47.845299" lon="7.566918"></trkpt>
    <trkpt lat="47.843991" lon="7.566830"></trkpt>
    <trkpt lat="47.842348" lon="7.566625"></trkpt>
    <trkpt lat="47.840684" lon="7.566356"></trkpt>
    <trkpt lat="47.838904" lon="7.565980"></trkpt>
    <trkpt lat="47.837154" lon="7.565528"></trkpt>
    <trkpt lat="47.835564" lon="7.565065"></trkpt>
    <trkpt lat="47.834168" lon="7.564597"></trkpt>
    <trkpt lat="47.831720" lon="7.563671"></trkpt>
    <trkpt lat="47.831103" lon="7.563400"></trkpt>
    <trkpt lat="47.829695" lon="7.562807"></trkpt>
    <trkpt lat="47.827911" lon="7.561913"></trkpt>
    <trkpt lat="47.826653" lon="7.561307"></trkpt>
    <trkpt lat="47.825348" lon="7.560606"></trkpt>
    <trkpt lat="47.822345" lon="7.558796"></trkpt>
    <trkpt lat="47.821165" lon="7.558026"></trkpt>
    <trkpt lat="47.819361" lon="7.556735"></trkpt>
    <trkpt lat="47.819083" lon="7.556537"></trkpt>
    <trkpt lat="47.817436" lon="7.555338"></trkpt>
    <trkpt lat="47.816003" lon="7.554288"></trkpt>
    <trkpt lat="47.815444" lon="7.553891"></trkpt>
    <trkpt lat="47.814606" lon="7.553279"></trkpt>
    <trkpt lat="47.813049" lon="7.552140"></trkpt>
    <trkpt lat="47.811542" lon="7.551037"></trkpt>
    <trkpt lat="47.811363" lon="7.550906"></trkpt>
    <trkpt lat="47.810468" lon="7.550264"></trkpt>
    <trkpt lat="47.808790" lon="7.549048"></trkpt>
    <trkpt lat="47.807590" lon="7.548211"></trkpt>
    <trkpt lat="47.805194" lon="7.546600"></trkpt>
    <trkpt lat="47.803679" lon="7.545621"></trkpt>
    <trkpt lat="47.801906" lon="7.544502"></trkpt>
    <trkpt lat="47.800836" lon="7.543856"></trkpt>
    <trkpt lat="47.798916" lon="7.542732"></trkpt>
    <trkpt lat="47.797735" lon="7.542075"></trkpt>
    <trkpt lat="47.795752" lon="7.540993"></trkpt>
    <trkpt lat="47.794268" lon="7.540227"></trkpt>
    <trkpt lat="47.792855" lon="7.539528"></trkpt>
    <trkpt lat="47.792685" lon="7.539450"></trkpt>
    <trkpt lat="47.791551" lon="7.538922"></trkpt>
    <trkpt lat="47.790342" lon="7.538366"></trkpt>
    <trkpt lat="47.788971" lon="7.537806"></trkpt>
    <trkpt lat="47.787891" lon="7.537400"></trkpt>
    <trkpt lat="47.787287" lon="7.537182"></trkpt>
    <trkpt lat="47.786083" lon="7.536806"></trkpt>
    <trkpt lat="47.785676" lon="7.536711"></trkpt>
    <trkpt lat="47.784916" lon="7.536518"></trkpt>
    <trkpt lat="47.783646" lon="7.536239"></trkpt>
    <trkpt lat="47.782802" lon="7.536076"></trkpt>
    <trkpt lat="47.781633" lon="7.535915"></trkpt>
    <trkpt lat="47.780235" lon="7.535775"></trkpt>
    <trkpt lat="47.779868" lon="7.535748"></trkpt>
    <trkpt lat="47.779333" lon="7.535723"></trkpt>
    <trkpt lat="47.778653" lon="7.535706"></trkpt>
    <trkpt lat="47.778291" lon="7.535706"></trkpt>
    <trkpt lat="47.777281" lon="7.535728"></trkpt>
    <trkpt lat="47.776343" lon="7.535775"></trkpt>
    <trkpt lat="47.775989" lon="7.535807"></trkpt>
    <trkpt lat="47.775345" lon="7.535864"></trkpt>
    <trkpt lat="47.774682" lon="7.535940"></trkpt>
    <trkpt lat="47.774026" lon="7.536038"></trkpt>
    <trkpt lat="47.773237" lon="7.536165"></trkpt>
    <trkpt lat="47.771914" lon="7.536449"></trkpt>
    <trkpt lat="47.770899" lon="7.536704"></trkpt>
    <trkpt lat="47.769862" lon="7.537020"></trkpt>
    <trkpt lat="47.768641" lon="7.537415"></trkpt>
    <trkpt lat="47.767804" lon="7.537733"></trkpt>
    <trkpt lat="47.767130" lon="7.538000"></trkpt>
    <trkpt lat="47.765920" lon="7.538547"></trkpt>
    <trkpt lat="47.764890" lon="7.539013"></trkpt>
    <trkpt lat="47.764215" lon="7.539327"></trkpt>
    <trkpt lat="47.762552" lon="7.540178"></trkpt>
    <trkpt lat="47.761539" lon="7.540712"></trkpt>
    <trkpt lat="47.760860" lon="7.541083"></trkpt>
    <trkpt lat="47.760257" lon="7.541415"></trkpt>
    <trkpt lat="47.759516" lon="7.541852"></trkpt>
    <trkpt lat="47.758689" lon="7.542348"></trkpt>
    <trkpt lat="47.756175" lon="7.543945"></trkpt>
    <trkpt lat="47.755367" lon="7.544476"></trkpt>
    <trkpt lat="47.753527" lon="7.545729"></trkpt>
    <trkpt lat="47.751645" lon="7.547111"></trkpt>
    <trkpt lat="47.751039" lon="7.547546"></trkpt>
    <trkpt lat="47.749985" lon="7.548302"></trkpt>
    <trkpt lat="47.749645" lon="7.548535"></trkpt>
    <trkpt lat="47.749071" lon="7.548927"></trkpt>
    <trkpt lat="47.748640" lon="7.549196"></trkpt>
    <trkpt lat="47.748242" lon="7.549445"></trkpt>
    <trkpt lat="47.747233" lon="7.550072"></trkpt>
    <trkpt lat="47.746394" lon="7.550531"></trkpt>
    <trkpt lat="47.745612" lon="7.550903"></trkpt>
    <trkpt lat="47.744734" lon="7.551269"></trkpt>
    <trkpt lat="47.744319" lon="7.551417"></trkpt>
    <trkpt lat="47.743461" lon="7.551706"></trkpt>
    <trkpt lat="47.742420" lon="7.551975"></trkpt>
    <trkpt lat="47.741600" lon="7.552147"></trkpt>
    <trkpt lat="47.740583" lon="7.552298"></trkpt>
    <trkpt lat="47.739574" lon="7.552361"></trkpt>
    <trkpt lat="47.738856" lon="7.552376"></trkpt>
    <trkpt lat="47.738095" lon="7.552360"></trkpt>
    <trkpt lat="47.737666" lon="7.552332"></trkpt>
    <trkpt lat="47.737126" lon="7.552284"></trkpt>
    <trkpt lat="47.736077" lon="7.552142"></trkpt>
    <trkpt lat="47.735249" lon="7.551975"></trkpt>
    <trkpt lat="47.734529" lon="7.551801"></trkpt>
    <trkpt lat="47.733889" lon="7.551664"></trkpt>
    <trkpt lat="47.732670" lon="7.551316"></trkpt>
    <trkpt lat="47.731587" lon="7.550957"></trkpt>
    <trkpt lat="47.730559" lon="7.550605"></trkpt>
    <trkpt lat="47.729564" lon="7.550208"></trkpt>
    <trkpt lat="47.728721" lon="7.549847"></trkpt>
    <trkpt lat="47.727934" lon="7.549480"></trkpt>
    <trkpt lat="47.727070" lon="7.549054"></trkpt>
    <trkpt lat="47.726123" lon="7.548557"></trkpt>
    <trkpt lat="47.725286" lon="7.548086"></trkpt>
    <trkpt lat="47.724648" lon="7.547687"></trkpt>
    <trkpt lat="47.724036" lon="7.547291"></trkpt>
    <trkpt lat="47.723284" lon="7.546761"></trkpt>
    <trkpt lat="47.722580" lon="7.546228"></trkpt>
    <trkpt lat="47.721915" lon="7.545704"></trkpt>
    <trkpt lat="47.721043" lon="7.544970"></trkpt>
    <trkpt lat="47.720586" lon="7.544571"></trkpt>
    <trkpt lat="47.719541" lon="7.543581"></trkpt>
    <trkpt lat="47.718343" lon="7.542345"></trkpt>
    <trkpt lat="47.717774" lon="7.541702"></trkpt>
    <trkpt lat="47.716914" lon="7.540670"></trkpt>
    <trkpt lat="47.716606" lon="7.540269"></trkpt>
    <trkpt lat="47.715831" lon="7.539250"></trkpt>
    <trkpt lat="47.714871" lon="7.537903"></trkpt>
    <trkpt lat="47.714269" lon="7.536981"></trkpt>
    <trkpt lat="47.713611" lon="7.535923"></trkpt>
    <trkpt lat="47.713029" lon="7.534947"></trkpt>
    <trkpt lat="47.712419" lon="7.533838"></trkpt>
    <trkpt lat="47.711748" lon="7.532526"></trkpt>
    <trkpt lat="47.710558" lon="7.530265"></trkpt>
    <trkpt lat="47.709963" lon="7.529169"></trkpt>
    <trkpt lat="47.709405" lon="7.528305"></trkpt>
    <trkpt lat="47.708945" lon="7.527565"></trkpt>
    <trkpt lat="47.708764" lon="7.527317"></trkpt>
    <trkpt lat="47.708402" lon="7.526820"></trkpt>
    <trkpt lat="47.708070" lon="7.526414"></trkpt>
    <trkpt lat="47.707601" lon="7.525859"></trkpt>
    <trkpt lat="47.707084" lon="7.525316"></trkpt>
    <trkpt lat="47.706649" lon="7.524887"></trkpt>
    <trkpt lat="47.706288" lon="7.524522"></trkpt>
    <trkpt lat="47.705753" lon="7.524078"></trkpt>
    <trkpt lat="47.705204" lon="7.523667"></trkpt>
    <trkpt lat="47.704328" lon="7.523079"></trkpt>
    <trkpt lat="47.703955" lon="7.522865"></trkpt>
    <trkpt lat="47.703459" lon="7.522614"></trkpt>
    <trkpt lat="47.702844" lon="7.522322"></trkpt>
    <trkpt lat="47.701999" lon="7.521982"></trkpt>
    <trkpt lat="47.701304" lon="7.521734"></trkpt>
    <trkpt lat="47.700669" lon="7.521536"></trkpt>
    <trkpt lat="47.699874" lon="7.521312"></trkpt>
    <trkpt lat="47.698879" lon="7.521073"></trkpt>
    <trkpt lat="47.698104" lon="7.520911"></trkpt>
    <trkpt lat="47.696888" lon="7.520703"></trkpt>
    <trkpt lat="47.696130" lon="7.520588"></trkpt>
    <trkpt lat="47.695167" lon="7.520513"></trkpt>
    <trkpt lat="47.694211" lon="7.520472"></trkpt>
    <trkpt lat="47.693442" lon="7.520460"></trkpt>
    <trkpt lat="47.692492" lon="7.520497"></trkpt>
    <trkpt lat="47.691884" lon="7.520532"></trkpt>
    <trkpt lat="47.691674" lon="7.520544"></trkpt>
    <trkpt lat="47.690878" lon="7.520612"></trkpt>
    <trkpt lat="47.690147" lon="7.520711"></trkpt>
    <trkpt lat="47.689126" lon="7.520872"></trkpt>
    <trkpt lat="47.688914" lon="7.520909"></trkpt>
    <trkpt lat="47.687471" lon="7.521222"></trkpt>
    <trkpt lat="47.685414" lon="7.521748"></trkpt>
    <trkpt lat="47.683782" lon="7.522196"></trkpt>
    <trkpt lat="47.682239" lon="7.522608"></trkpt>
    <trkpt lat="47.681278" lon="7.522840"></trkpt>
    <trkpt lat="47.680522" lon="7.522981"></trkpt>
    <trkpt lat="47.679479" lon="7.523190"></trkpt>
    <trkpt lat="47.679022" lon="7.523261"></trkpt>
    <trkpt lat="47.678562" lon="7.523322"></trkpt>
    <trkpt lat="47.676390" lon="7.523498"></trkpt>
    <trkpt lat="47.675517" lon="7.523536"></trkpt>
    <trkpt lat="47.674827" lon="7.523557"></trkpt>
    <trkpt lat="47.674079" lon="7.523580"></trkpt>
    <trkpt lat="47.672166" lon="7.523638"></trkpt>
    <trkpt lat="47.671483" lon="7.523679"></trkpt>
    <trkpt lat="47.670229" lon="7.523788"></trkpt>
    <trkpt lat="47.669208" lon="7.523949"></trkpt>
    <trkpt lat="47.668242" lon="7.524147"></trkpt>
    <trkpt lat="47.667635" lon="7.524303"></trkpt>
    <trkpt lat="47.667382" lon="7.524374"></trkpt>
    <trkpt lat="47.666987" lon="7.524496"></trkpt>
    <trkpt lat="47.666393" lon="7.524697"></trkpt>
    <trkpt lat="47.665842" lon="7.524909"></trkpt>
    <trkpt lat="47.664965" lon="7.525298"></trkpt>
    <trkpt lat="47.664143" lon="7.525726"></trkpt>
    <trkpt lat="47.663604" lon="7.526036"></trkpt>
    <trkpt lat="47.663049" lon="7.526379"></trkpt>
    <trkpt lat="47.662268" lon="7.526881"></trkpt>
    <trkpt lat="47.661110" lon="7.527722"></trkpt>
    <trkpt lat="47.660719" lon="7.528038"></trkpt>
    <trkpt lat="47.660471" lon="7.528241"></trkpt>
    <trkpt lat="47.660115" lon="7.528530"></trkpt>
    <trkpt lat="47.659149" lon="7.529379"></trkpt>
    <trkpt lat="47.658981" lon="7.529527"></trkpt>
    <trkpt lat="47.658847" lon="7.529652"></trkpt>
    <trkpt lat="47.658457" lon="7.530015"></trkpt>
    <trkpt lat="47.657439" lon="7.531012"></trkpt>
    <trkpt lat="47.656677" lon="7.531811"></trkpt>
    <trkpt lat="47.656079" lon="7.532446"></trkpt>
    <trkpt lat="47.655535" lon="7.533053"></trkpt>
    <trkpt lat="47.654480" lon="7.534305"></trkpt>
    <trkpt lat="47.653730" lon="7.535226"></trkpt>
    <trkpt lat="47.652771" lon="7.536522"></trkpt>
    <trkpt lat="47.652113" lon="7.537442"></trkpt>
    <trkpt lat="47.651553" lon="7.538264"></trkpt>
    <trkpt lat="47.650805" lon="7.539433"></trkpt>
    <trkpt lat="47.650676" lon="7.539644"></trkpt>
    <trkpt lat="47.649845" lon="7.540995"></trkpt>
    <trkpt lat="47.649209" lon="7.542124"></trkpt>
    <trkpt lat="47.648480" lon="7.543457"></trkpt>
    <trkpt lat="47.647790" lon="7.544784"></trkpt>
    <trkpt lat="47.647062" lon="7.546298"></trkpt>
    <trkpt lat="47.646878" lon="7.546680"></trkpt>
    <trkpt lat="47.646282" lon="7.547995"></trkpt>
    <trkpt lat="47.644698" lon="7.551535"></trkpt>
    <trkpt lat="47.643864" lon="7.553411"></trkpt>
    <trkpt lat="47.642964" lon="7.555353"></trkpt>
    <trkpt lat="47.642355" lon="7.556573"></trkpt>
    <trkpt lat="47.641718" lon="7.557785"></trkpt>
    <trkpt lat="47.641138" lon="7.558832"></trkpt>
    <trkpt lat="47.640771" lon="7.559462"></trkpt>
    <trkpt lat="47.639689" lon="7.561219"></trkpt>
    <trkpt lat="47.639202" lon="7.561961"></trkpt>
    <trkpt lat="47.639064" lon="7.562164"></trkpt>
    <trkpt lat="47.638491" lon="7.563000"></trkpt>
    <trkpt lat="47.637656" lon="7.564156"></trkpt>
    <trkpt lat="47.636847" lon="7.565183"></trkpt>
    <trkpt lat="47.636144" lon="7.566059"></trkpt>
    <trkpt lat="47.635363" lon="7.566943"></trkpt>
    <trkpt lat="47.634513" lon="7.567861"></trkpt>
    <trkpt lat="47.633651" lon="7.568733"></trkpt>
    <trkpt lat="47.633057" lon="7.569311"></trkpt>
    <trkpt lat="47.632254" lon="7.570041"></trkpt>
    <trkpt lat="47.631362" lon="7.570809"></trkpt>
    <trkpt lat="47.630984" lon="7.571131"></trkpt>
    <trkpt lat="47.630130" lon="7.571820"></trkpt>
    <trkpt lat="47.629254" lon="7.572501"></trkpt>
    <trkpt lat="47.628349" lon="7.573185"></trkpt>
    <trkpt lat="47.627557" lon="7.573783"></trkpt>
    <trkpt lat="47.626342" lon="7.574703"></trkpt>
    <trkpt lat="47.626122" lon="7.574873"></trkpt>
    <trkpt lat="47.625602" lon="7.575271"></trkpt>
    <trkpt lat="47.624572" lon="7.576099"></trkpt>
    <trkpt lat="47.624489" lon="7.576170"></trkpt>
    <trkpt lat="47.623825" lon="7.576717"></trkpt>
    <trkpt lat="47.622884" lon="7.577548"></trkpt>
    <trkpt lat="47.621342" lon="7.579013"></trkpt>
    <trkpt lat="47.620878" lon="7.579512"></trkpt>
    <trkpt lat="47.620290" lon="7.580142"></trkpt>
    <trkpt lat="47.620110" lon="7.580345"></trkpt>
    <trkpt lat="47.619721" lon="7.580789"></trkpt>
    <trkpt lat="47.619377" lon="7.581181"></trkpt>
    <trkpt lat="47.617946" lon="7.582963"></trkpt>
    <trkpt lat="47.617378" lon="7.583729"></trkpt>
    <trkpt lat="47.616742" lon="7.584621"></trkpt>
    <trkpt lat="47.616209" lon="7.585409"></trkpt>
    <trkpt lat="47.615867" lon="7.585932"></trkpt>
    <trkpt lat="47.615696" lon="7.586195"></trkpt>
    <trkpt lat="47.615076" lon="7.587159"></trkpt>
    <trkpt lat="47.613886" lon="7.589116"></trkpt>
    <trkpt lat="47.613276" lon="7.590126"></trkpt>
    <trkpt lat="47.612840" lon="7.590845"></trkpt>
    <trkpt lat="47.611960" lon="7.592248"></trkpt>
    <trkpt lat="47.611337" lon="7.593202"></trkpt>
    <trkpt lat="47.610655" lon="7.594170"></trkpt>
    <trkpt lat="47.610027" lon="7.595002"></trkpt>
    <trkpt lat="47.609278" lon="7.595924"></trkpt>
    <trkpt lat="47.608616" lon="7.596682"></trkpt>
    <trkpt lat="47.608021" lon="7.597304"></trkpt>
    <trkpt lat="47.607403" lon="7.597909"></trkpt>
    <trkpt lat="47.607109" lon="7.598177"></trkpt>
    <trkpt lat="47.606679" lon="7.598560"></trkpt>
    <trkpt lat="47.606070" lon="7.599076"></trkpt>
    <trkpt lat="47.605552" lon="7.599467"></trkpt>
    <trkpt lat="47.605022" lon="7.599853"></trkpt>
    <trkpt lat="47.604294" lon="7.600348"></trkpt>
    <trkpt lat="47.604075" lon="7.600485"></trkpt>
    <trkpt lat="47.603150" lon="7.601036"></trkpt>
    <trkpt lat="47.602718" lon="7.601265"></trkpt>
    <trkpt lat="47.602247" lon="7.601498"></trkpt>
    <trkpt lat="47.601776" lon="7.601708"></trkpt>
    <trkpt lat="47.601624" lon="7.601784"></trkpt>
    <trkpt lat="47.601430" lon="7.601865"></trkpt>
    <trkpt lat="47.600619" lon="7.602180"></trkpt>
    <trkpt lat="47.599730" lon="7.602475"></trkpt>
    <trkpt lat="47.599158" lon="7.602656"></trkpt>
    <trkpt lat="47.598704" lon="7.602798"></trkpt>
    <trkpt lat="47.598352" lon="7.602911"></trkpt>
    <trkpt lat="47.597895" lon="7.603060"></trkpt>
    <trkpt lat="47.596700" lon="7.603441"></trkpt>
    <trkpt lat="47.596509" lon="7.603505"></trkpt>
    <trkpt lat="47.596432" lon="7.603529"></trkpt>
    <trkpt lat="47.596329" lon="7.603564"></trkpt>
    <trkpt lat="47.595884" lon="7.603700"></trkpt>
    <trkpt lat="47.595580" lon="7.603796"></trkpt>
    <trkpt lat="47.595398" lon="7.603836"></trkpt>
    <trkpt lat="47.594991" lon="7.603907"></trkpt>
    <trkpt lat="47.594874" lon="7.603922"></trkpt>
    <trkpt lat="47.594758" lon="7.603938"></trkpt>
    <trkpt lat="47.594176" lon="7.603966"></trkpt>
    <trkpt lat="47.593679" lon="7.603945"></trkpt>
    <trkpt lat="47.593345" lon="7.603909"></trkpt>
    <trkpt lat="47.593025" lon="7.603859"></trkpt>
    <trkpt lat="47.592041" lon="7.603616"></trkpt>
    <trkpt lat="47.590728" lon="7.603281"></trkpt>
    <trkpt lat="47.588289" lon="7.602609"></trkpt>
    <trkpt lat="47.586819" lon="7.602247"></trkpt>
    <trkpt lat="47.586274" lon="7.602111"></trkpt>
    <trkpt lat="47.586119" lon="7.602072"></trkpt>
    <trkpt lat="47.585875" lon="7.602019"></trkpt>
    <trkpt lat="47.584665" lon="7.601863"></trkpt>
    <trkpt lat="47.584357" lon="7.601811"></trkpt>
    <trkpt lat="47.584139" lon="7.601761"></trkpt>
    <trkpt lat="47.583882" lon="7.601693"></trkpt>
    <trkpt lat="47.583606" lon="7.601620"></trkpt>
    <trkpt lat="47.583351" lon="7.601538"></trkpt>
    <trkpt lat="47.581689" lon="7.600897"></trkpt>
    <trkpt lat="47.580884" lon="7.600510"></trkpt>
    <trkpt lat="47.580553" lon="7.600332"></trkpt>
    <trkpt lat="47.580405" lon="7.600244"></trkpt>
    <trkpt lat="47.580267" lon="7.600103"></trkpt>
    <trkpt lat="47.579849" lon="7.599822"></trkpt>
    <trkpt lat="47.579008" lon="7.599260"></trkpt>
    <trkpt lat="47.578916" lon="7.599203"></trkpt>
    <trkpt lat="47.578805" lon="7.599143"></trkpt>
    <trkpt lat="47.578610" lon="7.599054"></trkpt>
    <trkpt lat="47.578338" lon="7.598950"></trkpt>
    <trkpt lat="47.578188" lon="7.598896"></trkpt>
    <trkpt lat="47.577996" lon="7.598841"></trkpt>
    <trkpt lat="47.577867" lon="7.598813"></trkpt>
    <trkpt lat="47.577714" lon="7.598793"></trkpt>
    <trkpt lat="47.577530" lon="7.598791"></trkpt>
    <trkpt lat="47.577330" lon="7.598803"></trkpt>
    <trkpt lat="47.577089" lon="7.598839"></trkpt>
    <trkpt lat="47.576850" lon="7.598896"></trkpt>
    <trkpt lat="47.576429" lon="7.599001"></trkpt>
    <trkpt lat="47.576179" lon="7.599045"></trkpt>
    <trkpt lat="47.575985" lon="7.599035"></trkpt>
    <trkpt lat="47.575884" lon="7.599019"></trkpt>
    <trkpt lat="47.575815" lon="7.599007"></trkpt>
    <trkpt lat="47.575774" lon="7.598997"></trkpt>
    <trkpt lat="47.575621" lon="7.598956"></trkpt>
    <trkpt lat="47.575394" lon="7.598893"></trkpt>
    <trkpt lat="47.574968" lon="7.598768"></trkpt>
    <trkpt lat="47.574310" lon="7.598597"></trkpt>
    <trkpt lat="47.574212" lon="7.598575"></trkpt>
    <trkpt lat="47.574104" lon="7.598536"></trkpt>
    <trkpt lat="47.573963" lon="7.598464"></trkpt>
    <trkpt lat="47.573911" lon="7.598422"></trkpt>
    <trkpt lat="47.573853" lon="7.598375"></trkpt>
    <trkpt lat="47.573832" lon="7.598343"></trkpt>
    <trkpt lat="47.573807" lon="7.598317"></trkpt>
    <trkpt lat="47.573781" lon="7.598298"></trkpt>
    <trkpt lat="47.573754" lon="7.598287"></trkpt>
    <trkpt lat="47.573725" lon="7.598282"></trkpt>
    <trkpt lat="47.573697" lon="7.598284"></trkpt>
    <trkpt lat="47.573669" lon="7.598293"></trkpt>
    <trkpt lat="47.573645" lon="7.598307"></trkpt>
    <trkpt lat="47.573622" lon="7.598327"></trkpt>
    <trkpt lat="47.573589" lon="7.598372"></trkpt>
    <trkpt lat="47.573565" lon="7.598427"></trkpt>
    <trkpt lat="47.573551" lon="7.598491"></trkpt>
    <trkpt lat="47.573548" lon="7.598528"></trkpt>
    <trkpt lat="47.573549" lon="7.598565"></trkpt>
    <trkpt lat="47.573508" lon="7.598668"></trkpt>
    <trkpt lat="47.573439" lon="7.598791"></trkpt>
    <trkpt lat="47.573365" lon="7.598861"></trkpt>
    <trkpt lat="47.573291" lon="7.598896"></trkpt>
    <trkpt lat="47.573228" lon="7.598898"></trkpt>
    <trkpt lat="47.573156" lon="7.598867"></trkpt>
    <trkpt lat="47.573106" lon="7.598823"></trkpt>
    <trkpt lat="47.573059" lon="7.598762"></trkpt>
    <trkpt lat="47.572933" lon="7.598604"></trkpt>
    <trkpt lat="47.572796" lon="7.598482"></trkpt>
    <trkpt lat="47.572701" lon="7.598420"></trkpt>
    <trkpt lat="47.572585" lon="7.598363"></trkpt>
    <trkpt lat="47.572486" lon="7.598335"></trkpt>
    <trkpt lat="47.572387" lon="7.598324"></trkpt>
    <trkpt lat="47.572048" lon="7.598338"></trkpt>
    <trkpt lat="47.571917" lon="7.598327"></trkpt>
    <trkpt lat="47.571776" lon="7.598298"></trkpt>
    <trkpt lat="47.571505" lon="7.598160"></trkpt>
    <trkpt lat="47.571363" lon="7.598038"></trkpt>
    <trkpt lat="47.571148" lon="7.597839"></trkpt>
    <trkpt lat="47.571068" lon="7.597661"></trkpt>
    <trkpt lat="47.570971" lon="7.597369"></trkpt>
    <trkpt lat="47.570899" lon="7.597026"></trkpt>
    <trkpt lat="47.570859" lon="7.596673"></trkpt>
    <trkpt lat="47.570836" lon="7.596261"></trkpt>
    <trkpt lat="47.570803" lon="7.595047"></trkpt>
    <trkpt lat="47.570801" lon="7.592551"></trkpt>
    <trkpt lat="47.570795" lon="7.591168"></trkpt>
    <trkpt lat="47.570759" lon="7.587546"></trkpt>
    <trkpt lat="47.570757" lon="7.587281"></trkpt>
    <trkpt lat="47.570762" lon="7.586871"></trkpt>
    <trkpt lat="47.570810" lon="7.583285"></trkpt>
    <trkpt lat="47.570866" lon="7.582932"></trkpt>
    <trkpt lat="47.570877" lon="7.582721"></trkpt>
    <trkpt lat="47.570883" lon="7.582088"></trkpt>
    <trkpt lat="47.570887" lon="7.581598"></trkpt>
    <trkpt lat="47.570887" lon="7.581566"></trkpt>
    <trkpt lat="47.570853" lon="7.581314"></trkpt>
    <trkpt lat="47.570847" lon="7.581088"></trkpt>
    <trkpt lat="47.570845" lon="7.581031"></trkpt>
    <trkpt lat="47.570844" lon="7.580986"></trkpt>
    <trkpt lat="47.570839" lon="7.580809"></trkpt>
    <trkpt lat="47.570830" lon="7.580552"></trkpt>
    <trkpt lat="47.570829" lon="7.579708"></trkpt>
    <trkpt lat="47.570831" lon="7.579217"></trkpt>
    <trkpt lat="47.570833" lon="7.578864"></trkpt>
    <trkpt lat="47.570840" lon="7.578205"></trkpt>
    <trkpt lat="47.570841" lon="7.578139"></trkpt>
    <trkpt lat="47.570843" lon="7.577917"></trkpt>
    <trkpt lat="47.570843" lon="7.577886"></trkpt>
    <trkpt lat="47.570792" lon="7.577932"></trkpt>
    <trkpt lat="47.570758" lon="7.577960"></trkpt>
    <trkpt lat="47.570752" lon="7.577965"></trkpt>
    <trkpt lat="47.570742" lon="7.577975"></trkpt>
    <trkpt lat="47.570722" lon="7.577994"></trkpt>
    <trkpt lat="47.570664" lon="7.578045"></trkpt>
    <trkpt lat="47.570530" lon="7.578163"></trkpt>
    <trkpt lat="47.570401" lon="7.578279"></trkpt>
    <trkpt lat="47.570356" lon="7.578317"></trkpt>
    <trkpt lat="47.570217" lon="7.578441"></trkpt>
    <trkpt lat="47.570191" lon="7.578463"></trkpt>
    <trkpt lat="47.569999" lon="7.578634"></trkpt>
    <trkpt lat="47.569964" lon="7.578665"></trkpt>
    <trkpt lat="47.569710" lon="7.578902"></trkpt>
    <trkpt lat="47.569429" lon="7.579169"></trkpt>
    <trkpt lat="47.568982" lon="7.579599"></trkpt>
    <trkpt lat="47.568568" lon="7.579993"></trkpt>
    <trkpt lat="47.568499" lon="7.580063"></trkpt>
    <trkpt lat="47.568432" lon="7.580128"></trkpt>
    <trkpt lat="47.568013" lon="7.580529"></trkpt>
    <trkpt lat="47.567985" lon="7.580556"></trkpt>
    <trkpt lat="47.567664" lon="7.580858"></trkpt>
    <trkpt lat="47.567635" lon="7.580885"></trkpt>
    <trkpt lat="47.567280" lon="7.581202"></trkpt>
    <trkpt lat="47.567100" lon="7.581351"></trkpt>
    <trkpt lat="47.567005" lon="7.581415"></trkpt>
    <trkpt lat="47.566906" lon="7.581464"></trkpt>
    <trkpt lat="47.566736" lon="7.581547"></trkpt>
    <trkpt lat="47.566585" lon="7.581640"></trkpt>
    <trkpt lat="47.566507" lon="7.581694"></trkpt>
    <trkpt lat="47.566419" lon="7.581768"></trkpt>
    <trkpt lat="47.566335" lon="7.581851"></trkpt>
    <trkpt lat="47.566145" lon="7.582066"></trkpt>
    <trkpt lat="47.565902" lon="7.582332"></trkpt>
    <trkpt lat="47.565669" lon="7.582668"></trkpt>
    <trkpt lat="47.565521" lon="7.582870"></trkpt>
    <trkpt lat="47.565482" lon="7.582913"></trkpt>
    <trkpt lat="47.565441" lon="7.582954"></trkpt>
    <trkpt lat="47.565285" lon="7.583110"></trkpt>
    <trkpt lat="47.564936" lon="7.583379"></trkpt>
    <trkpt lat="47.564904" lon="7.583382"></trkpt>
    <trkpt lat="47.564788" lon="7.583393"></trkpt>
    <trkpt lat="47.564698" lon="7.583459"></trkpt>
    <trkpt lat="47.564495" lon="7.583609"></trkpt>
    <trkpt lat="47.564373" lon="7.583699"></trkpt>
    <trkpt lat="47.564352" lon="7.583717"></trkpt>
    <trkpt lat="47.564338" lon="7.583734"></trkpt>
    <trkpt lat="47.564329" lon="7.583759"></trkpt>
    <trkpt lat="47.564323" lon="7.583794"></trkpt>
    <trkpt lat="47.564319" lon="7.583835"></trkpt>
    <trkpt lat="47.564317" lon="7.583855"></trkpt>
    <trkpt lat="47.564311" lon="7.583841"></trkpt>
    <trkpt lat="47.564220" lon="7.583715"></trkpt>
    <trkpt lat="47.564202" lon="7.583690"></trkpt>
    <trkpt lat="47.564101" lon="7.583552"></trkpt>
    <trkpt lat="47.564021" lon="7.583442"></trkpt>
    <trkpt lat="47.563936" lon="7.583327"></trkpt>
    <trkpt lat="47.563562" lon="7.582813"></trkpt>
    <trkpt lat="47.563543" lon="7.582786"></trkpt>
    <trkpt lat="47.563477" lon="7.582696"></trkpt>
    <trkpt lat="47.563401" lon="7.582783"></trkpt>
    <trkpt lat="47.563378" lon="7.582809"></trkpt>
    <trkpt lat="47.563121" lon="7.583104"></trkpt>
    <trkpt lat="47.563030" lon="7.583209"></trkpt>
    <trkpt lat="47.562915" lon="7.583340"></trkpt>
    <trkpt lat="47.562590" lon="7.583704"></trkpt>
    <trkpt lat="47.562033" lon="7.584515"></trkpt>
    <trkpt lat="47.561950" lon="7.584677"></trkpt>
    <trkpt lat="47.561933" lon="7.584709"></trkpt>
    <trkpt lat="47.561910" lon="7.584787"></trkpt>
    <trkpt lat="47.561889" lon="7.584889"></trkpt>
    <trkpt lat="47.561862" lon="7.585020"></trkpt>
    <trkpt lat="47.561837" lon="7.585147"></trkpt>
    <trkpt lat="47.561786" lon="7.585275"></trkpt>
    <trkpt lat="47.561631" lon="7.585600"></trkpt>
    <trkpt lat="47.561596" lon="7.585686"></trkpt>
    <trkpt lat="47.561558" lon="7.585792"></trkpt>
    <trkpt lat="47.561529" lon="7.585899"></trkpt>
    <trkpt lat="47.561523" lon="7.585957"></trkpt>
    <trkpt lat="47.561528" lon="7.586042"></trkpt>
    <trkpt lat="47.561542" lon="7.586111"></trkpt>
    <trkpt lat="47.561547" lon="7.586131"></trkpt>
    <trkpt lat="47.561486" lon="7.586180"></trkpt>
    <trkpt lat="47.561473" lon="7.586191"></trkpt>
    <trkpt lat="47.561427" lon="7.586234"></trkpt>
    <trkpt lat="47.561403" lon="7.586255"></trkpt>
    <trkpt lat="47.561372" lon="7.586286"></trkpt>
    <trkpt lat="47.561283" lon="7.586387"></trkpt>
    <trkpt lat="47.561166" lon="7.586552"></trkpt>
    <trkpt lat="47.561012" lon="7.586791"></trkpt>
    <trkpt lat="47.560981" lon="7.586837"></trkpt>
    <trkpt lat="47.560855" lon="7.587017"></trkpt>
    <trkpt lat="47.560783" lon="7.587099"></trkpt>
    <trkpt lat="47.560664" lon="7.587210"></trkpt>
    <trkpt lat="47.560570" lon="7.587271"></trkpt>
    <trkpt lat="47.560343" lon="7.587433"></trkpt>
    <trkpt lat="47.560314" lon="7.587456"></trkpt>
    <trkpt lat="47.560179" lon="7.587563"></trkpt>
    <trkpt lat="47.560076" lon="7.587652"></trkpt>
    <trkpt lat="47.560022" lon="7.587709"></trkpt>
    <trkpt lat="47.559988" lon="7.587766"></trkpt>
    <trkpt lat="47.559956" lon="7.587828"></trkpt>
    <trkpt lat="47.559946" lon="7.587849"></trkpt>
    <trkpt lat="47.559911" lon="7.587947"></trkpt>
    <trkpt lat="47.559883" lon="7.588026"></trkpt>
    <trkpt lat="47.559859" lon="7.588083"></trkpt>
    <trkpt lat="47.559834" lon="7.588131"></trkpt>
    <trkpt lat="47.559694" lon="7.588340"></trkpt>
    <trkpt lat="47.559674" lon="7.588378"></trkpt>
    <trkpt lat="47.559658" lon="7.588412"></trkpt>
    <trkpt lat="47.559647" lon="7.588443"></trkpt>
    <trkpt lat="47.559631" lon="7.588516"></trkpt>
    <trkpt lat="47.559629" lon="7.588560"></trkpt>
    <trkpt lat="47.559629" lon="7.588560"></trkpt>
    <trkpt lat="47.559631" lon="7.588516"></trkpt>
    <trkpt lat="47.559647" lon="7.588443"></trkpt>
    <trkpt lat="47.559658" lon="7.588412"></trkpt>
    <trkpt lat="47.559674" lon="7.588378"></trkpt>
    <trkpt lat="47.559694" lon="7.588340"></trkpt>
    <trkpt lat="47.559834" lon="7.588131"></trkpt>
    <trkpt lat="47.559859" lon="7.588083"></trkpt>
    <trkpt lat="47.559883" lon="7.588026"></trkpt>
    <trkpt lat="47.559911" lon="7.587947"></trkpt>
    <trkpt lat="47.559946" lon="7.587849"></trkpt>
    <trkpt lat="47.559956" lon="7.587828"></trkpt>
    <trkpt lat="47.559988" lon="7.587766"></trkpt>
    <trkpt lat="47.560022" lon="7.587709"></trkpt>
    <trkpt lat="47.560076" lon="7.587652"></trkpt>
    <trkpt lat="47.560179" lon="7.587563"></trkpt>
    <trkpt lat="47.560314" lon="7.587456"></trkpt>
    <trkpt lat="47.560343" lon="7.587433"></trkpt>
    <trkpt lat="47.560570" lon="7.587271"></trkpt>
    <trkpt lat="47.560664" lon="7.587210"></trkpt>
    <trkpt lat="47.560783" lon="7.587099"></trkpt>
    <trkpt lat="47.560855" lon="7.587017"></trkpt>
    <trkpt lat="47.560981" lon="7.586837"></trkpt>
    <trkpt lat="47.561012" lon="7.586791"></trkpt>
    <trkpt lat="47.561166" lon="7.586552"></trkpt>
    <trkpt lat="47.561283" lon="7.586387"></trkpt>
    <trkpt lat="47.561372" lon="7.586286"></trkpt>
    <trkpt lat="47.561403" lon="7.586255"></trkpt>
    <trkpt lat="47.561427" lon="7.586234"></trkpt>
    <trkpt lat="47.561473" lon="7.586191"></trkpt>
    <trkpt lat="47.561486" lon="7.586180"></trkpt>
    <trkpt lat="47.561547" lon="7.586131"></trkpt>
    <trkpt lat="47.561535" lon="7.586117"></trkpt>
    <trkpt lat="47.561368" lon="7.585921"></trkpt>
    <trkpt lat="47.561271" lon="7.585774"></trkpt>
    <trkpt lat="47.561213" lon="7.585693"></trkpt>
    <trkpt lat="47.560874" lon="7.585370"></trkpt>
    <trkpt lat="47.560645" lon="7.585192"></trkpt>
    <trkpt lat="47.560564" lon="7.585131"></trkpt>
    <trkpt lat="47.560517" lon="7.585095"></trkpt>
    <trkpt lat="47.560205" lon="7.584897"></trkpt>
    <trkpt lat="47.560052" lon="7.584802"></trkpt>
    <trkpt lat="47.559985" lon="7.584760"></trkpt>
    <trkpt lat="47.559454" lon="7.584523"></trkpt>
    <trkpt lat="47.559206" lon="7.584444"></trkpt>
    <trkpt lat="47.559000" lon="7.584412"></trkpt>
    <trkpt lat="47.558664" lon="7.584360"></trkpt>
    <trkpt lat="47.558616" lon="7.584353"></trkpt>
    <trkpt lat="47.558099" lon="7.584325"></trkpt>
    <trkpt lat="47.557893" lon="7.584318"></trkpt>
    <trkpt lat="47.557741" lon="7.584313"></trkpt>
    <trkpt lat="47.557573" lon="7.584286"></trkpt>
    <trkpt lat="47.557381" lon="7.584250"></trkpt>
    <trkpt lat="47.557362" lon="7.584245"></trkpt>
    <trkpt lat="47.557324" lon="7.584237"></trkpt>
    <trkpt lat="47.557164" lon="7.584188"></trkpt>
    <trkpt lat="47.557062" lon="7.584128"></trkpt>
    <trkpt lat="47.557040" lon="7.584087"></trkpt>
    <trkpt lat="47.557016" lon="7.584048"></trkpt>
    <trkpt lat="47.556995" lon="7.584023"></trkpt>
    <trkpt lat="47.556956" lon="7.583995"></trkpt>
    <trkpt lat="47.556932" lon="7.583979"></trkpt>
    <trkpt lat="47.556912" lon="7.583965"></trkpt>
    <trkpt lat="47.556830" lon="7.583914"></trkpt>
    <trkpt lat="47.556800" lon="7.583905"></trkpt>
    <trkpt lat="47.556772" lon="7.583904"></trkpt>
    <trkpt lat="47.556748" lon="7.583908"></trkpt>
    <trkpt lat="47.556711" lon="7.583931"></trkpt>
    <trkpt lat="47.556679" lon="7.583978"></trkpt>
    <trkpt lat="47.556647" lon="7.584048"></trkpt>
    <trkpt lat="47.556612" lon="7.584134"></trkpt>
    <trkpt lat="47.556521" lon="7.584367"></trkpt>
    <trkpt lat="47.556440" lon="7.584560"></trkpt>
    <trkpt lat="47.556418" lon="7.584619"></trkpt>
    <trkpt lat="47.556378" lon="7.584720"></trkpt>
    <trkpt lat="47.556069" lon="7.585470"></trkpt>
    <trkpt lat="47.555770" lon="7.586345"></trkpt>
    <trkpt lat="47.555618" lon="7.586810"></trkpt>
    <trkpt lat="47.555572" lon="7.586933"></trkpt>
    <trkpt lat="47.555524" lon="7.587033"></trkpt>
    <trkpt lat="47.555463" lon="7.587129"></trkpt>
    <trkpt lat="47.555421" lon="7.587185"></trkpt>
    <trkpt lat="47.555353" lon="7.587261"></trkpt>
    <trkpt lat="47.555335" lon="7.587242"></trkpt>
    <trkpt lat="47.555255" lon="7.587176"></trkpt>
    <trkpt lat="47.555223" lon="7.587143"></trkpt>
    <trkpt lat="47.555166" lon="7.587068"></trkpt>
    <trkpt lat="47.554992" lon="7.586868"></trkpt>
    <trkpt lat="47.554748" lon="7.586585"></trkpt>
    <trkpt lat="47.554255" lon="7.586008"></trkpt>
    <trkpt lat="47.554207" lon="7.585945"></trkpt>
    <trkpt lat="47.554185" lon="7.585917"></trkpt>
    <trkpt lat="47.554111" lon="7.585818"></trkpt>
    <trkpt lat="47.554083" lon="7.585755"></trkpt>
    <trkpt lat="47.554060" lon="7.585680"></trkpt>
    <trkpt lat="47.554031" lon="7.585569"></trkpt>
    <trkpt lat="47.553931" lon="7.585626"></trkpt>
    <trkpt lat="47.553782" lon="7.585714"></trkpt>
    <trkpt lat="47.553441" lon="7.585918"></trkpt>
    <trkpt lat="47.553434" lon="7.585922"></trkpt>
    <trkpt lat="47.553353" lon="7.585972"></trkpt>
    <trkpt lat="47.553294" lon="7.586006"></trkpt>
    <trkpt lat="47.553049" lon="7.586156"></trkpt>
    <trkpt lat="47.553010" lon="7.586179"></trkpt>
    <trkpt lat="47.552982" lon="7.586196"></trkpt>
    <trkpt lat="47.552836" lon="7.586314"></trkpt>
    <trkpt lat="47.552790" lon="7.586370"></trkpt>
    <trkpt lat="47.552651" lon="7.586453"></trkpt>
    <trkpt lat="47.552581" lon="7.586492"></trkpt>
    <trkpt lat="47.552447" lon="7.586560"></trkpt>
    <trkpt lat="47.551996" lon="7.586814"></trkpt>
    <trkpt lat="47.550726" lon="7.587516"></trkpt>
    <trkpt lat="47.550138" lon="7.587839"></trkpt>
    <trkpt lat="47.550077" lon="7.587873"></trkpt>
    <trkpt lat="47.549991" lon="7.587920"></trkpt>
    <trkpt lat="47.549941" lon="7.587952"></trkpt>
    <trkpt lat="47.549896" lon="7.587983"></trkpt>
    <trkpt lat="47.549825" lon="7.588045"></trkpt>
    <trkpt lat="47.549776" lon="7.588095"></trkpt>
    <trkpt lat="47.549739" lon="7.588139"></trkpt>
    <trkpt lat="47.549700" lon="7.588189"></trkpt>
    <trkpt lat="47.549670" lon="7.588235"></trkpt>
    <trkpt lat="47.549641" lon="7.588280"></trkpt>
    <trkpt lat="47.549600" lon="7.588352"></trkpt>
    <trkpt lat="47.549551" lon="7.588457"></trkpt>
    <trkpt lat="47.549522" lon="7.588532"></trkpt>
    <trkpt lat="47.549495" lon="7.588617"></trkpt>
    <trkpt lat="47.549468" lon="7.588709"></trkpt>
    <trkpt lat="47.549435" lon="7.588834"></trkpt>
    <trkpt lat="47.549404" lon="7.588978"></trkpt>
    <trkpt lat="47.549370" lon="7.589198"></trkpt>
    <trkpt lat="47.549359" lon="7.589270"></trkpt>
    <trkpt lat="47.549302" lon="7.589516"></trkpt>
    <trkpt lat="47.549162" lon="7.589974"></trkpt>
    <trkpt lat="47.548543" lon="7.591500"></trkpt>
    <trkpt lat="47.548343" lon="7.591977"></trkpt>
    <trkpt lat="47.548261" lon="7.592151"></trkpt>
    <trkpt lat="47.548205" lon="7.592254"></trkpt>
    <trkpt lat="47.548151" lon="7.592343"></trkpt>
    <trkpt lat="47.548082" lon="7.592450"></trkpt>
    <trkpt lat="47.547999" lon="7.592573"></trkpt>
    <trkpt lat="47.547930" lon="7.592668"></trkpt>
    <trkpt lat="47.547833" lon="7.592791"></trkpt>
    <trkpt lat="47.547767" lon="7.592877"></trkpt>
    <trkpt lat="47.547745" lon="7.592906"></trkpt>
    <trkpt lat="47.547627" lon="7.593052"></trkpt>
    <trkpt lat="47.547444" lon="7.593283"></trkpt>
    <trkpt lat="47.547365" lon="7.593381"></trkpt>
    <trkpt lat="47.547182" lon="7.593610"></trkpt>
    <trkpt lat="47.547170" lon="7.593626"></trkpt>
    <trkpt lat="47.547130" lon="7.593680"></trkpt>
    <trkpt lat="47.547083" lon="7.593745"></trkpt>
    <trkpt lat="47.547062" lon="7.593777"></trkpt>
    <trkpt lat="47.547042" lon="7.593808"></trkpt>
    <trkpt lat="47.546979" lon="7.593904"></trkpt>
    <trkpt lat="47.546917" lon="7.594004"></trkpt>
    <trkpt lat="47.546888" lon="7.594061"></trkpt>
    <trkpt lat="47.546822" lon="7.594209"></trkpt>
    <trkpt lat="47.546756" lon="7.594371"></trkpt>
    <trkpt lat="47.546655" lon="7.594645"></trkpt>
    <trkpt lat="47.546583" lon="7.594840"></trkpt>
    <trkpt lat="47.546258" lon="7.595724"></trkpt>
    <trkpt lat="47.546083" lon="7.596232"></trkpt>
    <trkpt lat="47.546031" lon="7.596378"></trkpt>
    <trkpt lat="47.546016" lon="7.596419"></trkpt>
    <trkpt lat="47.545946" lon="7.596624"></trkpt>
    <trkpt lat="47.545593" lon="7.597690"></trkpt>
    <trkpt lat="47.545379" lon="7.598407"></trkpt>
    <trkpt lat="47.545329" lon="7.598589"></trkpt>
    <trkpt lat="47.545312" lon="7.598661"></trkpt>
    <trkpt lat="47.545289" lon="7.598767"></trkpt>
    <trkpt lat="47.545276" lon="7.598841"></trkpt>
    <trkpt lat="47.545270" lon="7.598881"></trkpt>
    <trkpt lat="47.545260" lon="7.598955"></trkpt>
    <trkpt lat="47.545251" lon="7.599065"></trkpt>
    <trkpt lat="47.545246" lon="7.599160"></trkpt>
    <trkpt lat="47.545241" lon="7.599314"></trkpt>
    <trkpt lat="47.545238" lon="7.599475"></trkpt>
    <trkpt lat="47.545238" lon="7.599564"></trkpt>
    <trkpt lat="47.545235" lon="7.599845"></trkpt>
    <trkpt lat="47.545222" lon="7.600526"></trkpt>
    <trkpt lat="47.545206" lon="7.601615"></trkpt>
    <trkpt lat="47.545209" lon="7.602054"></trkpt>
    <trkpt lat="47.545182" lon="7.602211"></trkpt>
    <trkpt lat="47.545162" lon="7.602583"></trkpt>
    <trkpt lat="47.545154" lon="7.602740"></trkpt>
    <trkpt lat="47.545152" lon="7.602789"></trkpt>
    <trkpt lat="47.545141" lon="7.602890"></trkpt>
    <trkpt lat="47.545048" lon="7.603177"></trkpt>
    <trkpt lat="47.545028" lon="7.603231"></trkpt>
    <trkpt lat="47.544892" lon="7.603568"></trkpt>
    <trkpt lat="47.544835" lon="7.603721"></trkpt>
    <trkpt lat="47.544815" lon="7.603782"></trkpt>
    <trkpt lat="47.544772" lon="7.603911"></trkpt>
    <trkpt lat="47.544727" lon="7.604062"></trkpt>
    <trkpt lat="47.544681" lon="7.604212"></trkpt>
    <trkpt lat="47.544641" lon="7.604363"></trkpt>
    <trkpt lat="47.544514" lon="7.604926"></trkpt>
    <trkpt lat="47.544345" lon="7.605782"></trkpt>
    <trkpt lat="47.544314" lon="7.605935"></trkpt>
    <trkpt lat="47.544300" lon="7.606012"></trkpt>
    <trkpt lat="47.544296" lon="7.606101"></trkpt>
    <trkpt lat="47.544301" lon="7.606215"></trkpt>
    <trkpt lat="47.544325" lon="7.606301"></trkpt>
    <trkpt lat="47.544359" lon="7.606383"></trkpt>
    <trkpt lat="47.544422" lon="7.606466"></trkpt>
    <trkpt lat="47.544479" lon="7.606516"></trkpt>
    <trkpt lat="47.545044" lon="7.606772"></trkpt>
    <trkpt lat="47.545336" lon="7.606904"></trkpt>
    <trkpt lat="47.545381" lon="7.606928"></trkpt>
    <trkpt lat="47.545438" lon="7.606966"></trkpt>
    <trkpt lat="47.545477" lon="7.607000"></trkpt>
    <trkpt lat="47.545517" lon="7.607049"></trkpt>
    <trkpt lat="47.545550" lon="7.607102"></trkpt>
    <trkpt lat="47.545580" lon="7.607173"></trkpt>
    <trkpt lat="47.545596" lon="7.607234"></trkpt>
    <trkpt lat="47.545634" lon="7.607429"></trkpt>
    <trkpt lat="47.545648" lon="7.607572"></trkpt>
    <trkpt lat="47.545661" lon="7.607746"></trkpt>
    <trkpt lat="47.545675" lon="7.608085"></trkpt>
    <trkpt lat="47.545720" lon="7.609559"></trkpt>
    <trkpt lat="47.545723" lon="7.609997"></trkpt>
    <trkpt lat="47.545761" lon="7.610913"></trkpt>
    <trkpt lat="47.545771" lon="7.611270"></trkpt>
    <trkpt lat="47.545774" lon="7.611510"></trkpt>
    <trkpt lat="47.545771" lon="7.611705"></trkpt>
    <trkpt lat="47.545759" lon="7.611931"></trkpt>
    <trkpt lat="47.545737" lon="7.612176"></trkpt>
    <trkpt lat="47.545716" lon="7.612345"></trkpt>
    <trkpt lat="47.545688" lon="7.612521"></trkpt>
    <trkpt lat="47.545655" lon="7.612697"></trkpt>
    <trkpt lat="47.545605" lon="7.612900"></trkpt>
    <trkpt lat="47.545560" lon="7.613069"></trkpt>
    <trkpt lat="47.545481" lon="7.613333"></trkpt>
    <trkpt lat="47.545388" lon="7.613607"></trkpt>
    <trkpt lat="47.545185" lon="7.614184"></trkpt>
    <trkpt lat="47.544947" lon="7.614836"></trkpt>
    <trkpt lat="47.544418" lon="7.616324"></trkpt>
    <trkpt lat="47.544201" lon="7.616956"></trkpt>
    <trkpt lat="47.544107" lon="7.617327"></trkpt>
    <trkpt lat="47.544049" lon="7.617489"></trkpt>
    <trkpt lat="47.543896" lon="7.617920"></trkpt>
    <trkpt lat="47.543698" lon="7.618482"></trkpt>
    <trkpt lat="47.542952" lon="7.620579"></trkpt>
    <trkpt lat="47.542770" lon="7.621117"></trkpt>
    <trkpt lat="47.542684" lon="7.621387"></trkpt>
    <trkpt lat="47.542598" lon="7.621662"></trkpt>
    <trkpt lat="47.542471" lon="7.622115"></trkpt>
    <trkpt lat="47.542413" lon="7.622332"></trkpt>
    <trkpt lat="47.542358" lon="7.622558"></trkpt>
    <trkpt lat="47.542250" lon="7.623057"></trkpt>
    <trkpt lat="47.542233" lon="7.623143"></trkpt>
    <trkpt lat="47.542081" lon="7.624065"></trkpt>
    <trkpt lat="47.541959" lon="7.624880"></trkpt>
    <trkpt lat="47.541869" lon="7.625483"></trkpt>
    <trkpt lat="47.541824" lon="7.625800"></trkpt>
    <trkpt lat="47.541695" lon="7.626722"></trkpt>
    <trkpt lat="47.541488" lon="7.628214"></trkpt>
    <trkpt lat="47.541419" lon="7.628723"></trkpt>
    <trkpt lat="47.541283" lon="7.629673"></trkpt>
    <trkpt lat="47.541189" lon="7.630326"></trkpt>
    <trkpt lat="47.541074" lon="7.631132"></trkpt>
    <trkpt lat="47.540890" lon="7.632395"></trkpt>
    <trkpt lat="47.540755" lon="7.633285"></trkpt>
    <trkpt lat="47.540614" lon="7.634193"></trkpt>
    <trkpt lat="47.540348" lon="7.635881"></trkpt>
    <trkpt lat="47.540212" lon="7.636722"></trkpt>
    <trkpt lat="47.539879" lon="7.638762"></trkpt>
    <trkpt lat="47.539724" lon="7.639700"></trkpt>
    <trkpt lat="47.539480" lon="7.641130"></trkpt>
    <trkpt lat="47.539432" lon="7.641387"></trkpt>
    <trkpt lat="47.539159" lon="7.642935"></trkpt>
    <trkpt lat="47.539016" lon="7.643697"></trkpt>
    <trkpt lat="47.538886" lon="7.644340"></trkpt>
    <trkpt lat="47.538754" lon="7.644971"></trkpt>
    <trkpt lat="47.538503" lon="7.646113"></trkpt>
    <trkpt lat="47.538253" lon="7.647160"></trkpt>
    <trkpt lat="47.538082" lon="7.647841"></trkpt>
    <trkpt lat="47.537904" lon="7.648518"></trkpt>
    <trkpt lat="47.537724" lon="7.649177"></trkpt>
    <trkpt lat="47.537455" lon="7.650120"></trkpt>
    <trkpt lat="47.537193" lon="7.650990"></trkpt>
    <trkpt lat="47.536988" lon="7.651659"></trkpt>
    <trkpt lat="47.536566" lon="7.652954"></trkpt>
    <trkpt lat="47.536373" lon="7.653554"></trkpt>
    <trkpt lat="47.536153" lon="7.654169"></trkpt>
    <trkpt lat="47.535820" lon="7.655099"></trkpt>
    <trkpt lat="47.535562" lon="7.655796"></trkpt>
    <trkpt lat="47.535334" lon="7.656353"></trkpt>
    <trkpt lat="47.535176" lon="7.656731"></trkpt>
    <trkpt lat="47.535000" lon="7.657121"></trkpt>
    <trkpt lat="47.534784" lon="7.657551"></trkpt>
    <trkpt lat="47.534603" lon="7.657894"></trkpt>
    <trkpt lat="47.534448" lon="7.658174"></trkpt>
    <trkpt lat="47.534244" lon="7.658507"></trkpt>
    <trkpt lat="47.534029" lon="7.658824"></trkpt>
    <trkpt lat="47.533615" lon="7.659431"></trkpt>
    <trkpt lat="47.533328" lon="7.659793"></trkpt>
    <trkpt lat="47.533012" lon="7.660151"></trkpt>
    <trkpt lat="47.532287" lon="7.660906"></trkpt>
    <trkpt lat="47.531727" lon="7.661505"></trkpt>
    <trkpt lat="47.531434" lon="7.661862"></trkpt>
    <trkpt lat="47.531275" lon="7.662075"></trkpt>
    <trkpt lat="47.531076" lon="7.662362"></trkpt>
    <trkpt lat="47.530806" lon="7.662798"></trkpt>
    <trkpt lat="47.530631" lon="7.663099"></trkpt>
    <trkpt lat="47.530489" lon="7.663369"></trkpt>
    <trkpt lat="47.530181" lon="7.663995"></trkpt>
    <trkpt lat="47.529916" lon="7.664646"></trkpt>
    <trkpt lat="47.529617" lon="7.665551"></trkpt>
    <trkpt lat="47.528844" lon="7.668112"></trkpt>
    <trkpt lat="47.528579" lon="7.669021"></trkpt>
    <trkpt lat="47.528214" lon="7.670252"></trkpt>
    <trkpt lat="47.527970" lon="7.671120"></trkpt>
    <trkpt lat="47.527850" lon="7.671622"></trkpt>
    <trkpt lat="47.527760" lon="7.672047"></trkpt>
    <trkpt lat="47.527683" lon="7.672411"></trkpt>
    <trkpt lat="47.527586" lon="7.672947"></trkpt>
    <trkpt lat="47.527495" lon="7.673546"></trkpt>
    <trkpt lat="47.527439" lon="7.674016"></trkpt>
    <trkpt lat="47.527401" lon="7.674415"></trkpt>
    <trkpt lat="47.527372" lon="7.674825"></trkpt>
    <trkpt lat="47.527343" lon="7.675289"></trkpt>
    <trkpt lat="47.527334" lon="7.675694"></trkpt>
    <trkpt lat="47.527330" lon="7.676482"></trkpt>
    <trkpt lat="47.527351" lon="7.677072"></trkpt>
    <trkpt lat="47.527375" lon="7.677523"></trkpt>
    <trkpt lat="47.527404" lon="7.677899"></trkpt>
    <trkpt lat="47.527460" lon="7.678466"></trkpt>
    <trkpt lat="47.527545" lon="7.679230"></trkpt>
    <trkpt lat="47.527590" lon="7.679576"></trkpt>
    <trkpt lat="47.527701" lon="7.680473"></trkpt>
    <trkpt lat="47.527988" lon="7.682655"></trkpt>
    <trkpt lat="47.528750" lon="7.688474"></trkpt>
    <trkpt lat="47.528789" lon="7.688797"></trkpt>
    <trkpt lat="47.528843" lon="7.689316"></trkpt>
    <trkpt lat="47.528877" lon="7.689776"></trkpt>
    <trkpt lat="47.528904" lon="7.690178"></trkpt>
    <trkpt lat="47.528921" lon="7.690736"></trkpt>
    <trkpt lat="47.528927" lon="7.691097"></trkpt>
    <trkpt lat="47.528926" lon="7.691459"></trkpt>
    <trkpt lat="47.528912" lon="7.691936"></trkpt>
    <trkpt lat="47.528891" lon="7.692336"></trkpt>
    <trkpt lat="47.528870" lon="7.692693"></trkpt>
    <trkpt lat="47.528831" lon="7.693190"></trkpt>
    <trkpt lat="47.528782" lon="7.693669"></trkpt>
    <trkpt lat="47.528724" lon="7.694129"></trkpt>
    <trkpt lat="47.528663" lon="7.694560"></trkpt>
    <trkpt lat="47.528593" lon="7.695007"></trkpt>
    <trkpt lat="47.528443" lon="7.695888"></trkpt>
    <trkpt lat="47.528290" lon="7.696674"></trkpt>
    <trkpt lat="47.528153" lon="7.697315"></trkpt>
    <trkpt lat="47.528058" lon="7.697726"></trkpt>
    <trkpt lat="47.527687" lon="7.699281"></trkpt>
    <trkpt lat="47.527365" lon="7.700579"></trkpt>
    <trkpt lat="47.527308" lon="7.700804"></trkpt>
    <trkpt lat="47.527109" lon="7.701616"></trkpt>
    <trkpt lat="47.526979" lon="7.702161"></trkpt>
    <trkpt lat="47.526873" lon="7.702628"></trkpt>
    <trkpt lat="47.526767" lon="7.703090"></trkpt>
    <trkpt lat="47.526659" lon="7.703584"></trkpt>
    <trkpt lat="47.526582" lon="7.703942"></trkpt>
    <trkpt lat="47.526480" lon="7.704454"></trkpt>
    <trkpt lat="47.526380" lon="7.705003"></trkpt>
    <trkpt lat="47.526220" lon="7.705966"></trkpt>
    <trkpt lat="47.526112" lon="7.706786"></trkpt>
    <trkpt lat="47.526051" lon="7.707343"></trkpt>
    <trkpt lat="47.526021" lon="7.707680"></trkpt>
    <trkpt lat="47.525974" lon="7.708368"></trkpt>
    <trkpt lat="47.525953" lon="7.708849"></trkpt>
    <trkpt lat="47.525942" lon="7.709390"></trkpt>
    <trkpt lat="47.525942" lon="7.709825"></trkpt>
    <trkpt lat="47.525956" lon="7.710302"></trkpt>
    <trkpt lat="47.525977" lon="7.710713"></trkpt>
    <trkpt lat="47.526009" lon="7.711174"></trkpt>
    <trkpt lat="47.526038" lon="7.711497"></trkpt>
    <trkpt lat="47.526074" lon="7.711856"></trkpt>
    <trkpt lat="47.526117" lon="7.712209"></trkpt>
    <trkpt lat="47.526174" lon="7.712677"></trkpt>
    <trkpt lat="47.526242" lon="7.713195"></trkpt>
    <trkpt lat="47.526345" lon="7.713903"></trkpt>
    <trkpt lat="47.526469" lon="7.714718"></trkpt>
    <trkpt lat="47.526720" lon="7.716210"></trkpt>
    <trkpt lat="47.526969" lon="7.717518"></trkpt>
    <trkpt lat="47.527229" lon="7.718786"></trkpt>
    <trkpt lat="47.527274" lon="7.718985"></trkpt>
    <trkpt lat="47.527446" lon="7.719786"></trkpt>
    <trkpt lat="47.527546" lon="7.720219"></trkpt>
    <trkpt lat="47.527657" lon="7.720668"></trkpt>
    <trkpt lat="47.527763" lon="7.721103"></trkpt>
    <trkpt lat="47.527950" lon="7.721835"></trkpt>
    <trkpt lat="47.528090" lon="7.722371"></trkpt>
    <trkpt lat="47.528230" lon="7.722898"></trkpt>
    <trkpt lat="47.528421" lon="7.723595"></trkpt>
    <trkpt lat="47.528903" lon="7.725305"></trkpt>
    <trkpt lat="47.529404" lon="7.727083"></trkpt>
    <trkpt lat="47.529424" lon="7.727163"></trkpt>
    <trkpt lat="47.529746" lon="7.728441"></trkpt>
    <trkpt lat="47.529795" lon="7.728651"></trkpt>
    <trkpt lat="47.529846" lon="7.728882"></trkpt>
    <trkpt lat="47.529890" lon="7.729103"></trkpt>
    <trkpt lat="47.529930" lon="7.729323"></trkpt>
    <trkpt lat="47.529965" lon="7.729539"></trkpt>
    <trkpt lat="47.530022" lon="7.729937"></trkpt>
    <trkpt lat="47.530057" lon="7.730226"></trkpt>
    <trkpt lat="47.530077" lon="7.730451"></trkpt>
    <trkpt lat="47.530087" lon="7.730597"></trkpt>
    <trkpt lat="47.530103" lon="7.730854"></trkpt>
    <trkpt lat="47.530118" lon="7.731157"></trkpt>
    <trkpt lat="47.530123" lon="7.731498"></trkpt>
    <trkpt lat="47.530122" lon="7.731835"></trkpt>
    <trkpt lat="47.530115" lon="7.732091"></trkpt>
    <trkpt lat="47.530106" lon="7.732305"></trkpt>
    <trkpt lat="47.530088" lon="7.732571"></trkpt>
    <trkpt lat="47.530067" lon="7.732831"></trkpt>
    <trkpt lat="47.530035" lon="7.733122"></trkpt>
    <trkpt lat="47.530014" lon="7.733289"></trkpt>
    <trkpt lat="47.529987" lon="7.733487"></trkpt>
    <trkpt lat="47.529956" lon="7.733692"></trkpt>
    <trkpt lat="47.529923" lon="7.733897"></trkpt>
    <trkpt lat="47.529887" lon="7.734106"></trkpt>
    <trkpt lat="47.529805" lon="7.734498"></trkpt>
    <trkpt lat="47.529724" lon="7.734830"></trkpt>
    <trkpt lat="47.529634" lon="7.735166"></trkpt>
    <trkpt lat="47.529473" lon="7.735688"></trkpt>
    <trkpt lat="47.529298" lon="7.736168"></trkpt>
    <trkpt lat="47.529115" lon="7.736607"></trkpt>
    <trkpt lat="47.528958" lon="7.736950"></trkpt>
    <trkpt lat="47.528744" lon="7.737393"></trkpt>
    <trkpt lat="47.528539" lon="7.737785"></trkpt>
    <trkpt lat="47.528087" lon="7.738612"></trkpt>
    <trkpt lat="47.527799" lon="7.739152"></trkpt>
    <trkpt lat="47.527710" lon="7.739317"></trkpt>
    <trkpt lat="47.527498" lon="7.739735"></trkpt>
    <trkpt lat="47.527332" lon="7.740082"></trkpt>
    <trkpt lat="47.527208" lon="7.740355"></trkpt>
    <trkpt lat="47.527104" lon="7.740605"></trkpt>
    <trkpt lat="47.527025" lon="7.740802"></trkpt>
    <trkpt lat="47.526943" lon="7.741021"></trkpt>
    <trkpt lat="47.526876" lon="7.741219"></trkpt>
    <trkpt lat="47.526814" lon="7.741407"></trkpt>
    <trkpt lat="47.526741" lon="7.741651"></trkpt>
    <trkpt lat="47.526677" lon="7.741872"></trkpt>
    <trkpt lat="47.526617" lon="7.742099"></trkpt>
    <trkpt lat="47.526561" lon="7.742317"></trkpt>
    <trkpt lat="47.526512" lon="7.742526"></trkpt>
    <trkpt lat="47.526461" lon="7.742753"></trkpt>
    <trkpt lat="47.526406" lon="7.743042"></trkpt>
    <trkpt lat="47.526367" lon="7.743252"></trkpt>
    <trkpt lat="47.526284" lon="7.743725"></trkpt>
    <trkpt lat="47.526146" lon="7.744593"></trkpt>
    <trkpt lat="47.526094" lon="7.744910"></trkpt>
    <trkpt lat="47.526018" lon="7.745332"></trkpt>
    <trkpt lat="47.525988" lon="7.745498"></trkpt>
    <trkpt lat="47.525918" lon="7.745845"></trkpt>
    <trkpt lat="47.525846" lon="7.746168"></trkpt>
    <trkpt lat="47.525788" lon="7.746399"></trkpt>
    <trkpt lat="47.525724" lon="7.746641"></trkpt>
    <trkpt lat="47.525661" lon="7.746859"></trkpt>
    <trkpt lat="47.525592" lon="7.747074"></trkpt>
    <trkpt lat="47.525512" lon="7.747318"></trkpt>
    <trkpt lat="47.525399" lon="7.747629"></trkpt>
    <trkpt lat="47.525270" lon="7.747954"></trkpt>
    <trkpt lat="47.525186" lon="7.748148"></trkpt>
    <trkpt lat="47.525094" lon="7.748347"></trkpt>
    <trkpt lat="47.524963" lon="7.748624"></trkpt>
    <trkpt lat="47.524844" lon="7.748846"></trkpt>
    <trkpt lat="47.524715" lon="7.749079"></trkpt>
    <trkpt lat="47.524612" lon="7.749254"></trkpt>
    <trkpt lat="47.524452" lon="7.749512"></trkpt>
    <trkpt lat="47.524328" lon="7.749697"></trkpt>
    <trkpt lat="47.524210" lon="7.749863"></trkpt>
    <trkpt lat="47.524004" lon="7.750134"></trkpt>
    <trkpt lat="47.523864" lon="7.750306"></trkpt>
    <trkpt lat="47.523643" lon="7.750562"></trkpt>
    <trkpt lat="47.523320" lon="7.750898"></trkpt>
    <trkpt lat="47.523067" lon="7.751142"></trkpt>
    <trkpt lat="47.522827" lon="7.751352"></trkpt>
    <trkpt lat="47.522634" lon="7.751515"></trkpt>
    <trkpt lat="47.522402" lon="7.751701"></trkpt>
    <trkpt lat="47.522161" lon="7.751882"></trkpt>
    <trkpt lat="47.521832" lon="7.752115"></trkpt>
    <trkpt lat="47.521478" lon="7.752354"></trkpt>
    <trkpt lat="47.521058" lon="7.752617"></trkpt>
    <trkpt lat="47.520622" lon="7.752880"></trkpt>
    <trkpt lat="47.520216" lon="7.753126"></trkpt>
    <trkpt lat="47.519562" lon="7.753513"></trkpt>
    <trkpt lat="47.519259" lon="7.753698"></trkpt>
    <trkpt lat="47.519004" lon="7.753859"></trkpt>
    <trkpt lat="47.518621" lon="7.754105"></trkpt>
    <trkpt lat="47.518415" lon="7.754246"></trkpt>
    <trkpt lat="47.518215" lon="7.754387"></trkpt>
    <trkpt lat="47.518000" lon="7.754544"></trkpt>
    <trkpt lat="47.517787" lon="7.754706"></trkpt>
    <trkpt lat="47.517568" lon="7.754872"></trkpt>
    <trkpt lat="47.517339" lon="7.755060"></trkpt>
    <trkpt lat="47.516988" lon="7.755352"></trkpt>
    <trkpt lat="47.516750" lon="7.755563"></trkpt>
    <trkpt lat="47.516502" lon="7.755787"></trkpt>
    <trkpt lat="47.516302" lon="7.755978"></trkpt>
    <trkpt lat="47.516099" lon="7.756172"></trkpt>
    <trkpt lat="47.515885" lon="7.756385"></trkpt>
    <trkpt lat="47.515681" lon="7.756600"></trkpt>
    <trkpt lat="47.515003" lon="7.757317"></trkpt>
    <trkpt lat="47.514250" lon="7.758141"></trkpt>
    <trkpt lat="47.513988" lon="7.758423"></trkpt>
    <trkpt lat="47.513345" lon="7.759075"></trkpt>
    <trkpt lat="47.513035" lon="7.759361"></trkpt>
    <trkpt lat="47.512604" lon="7.759734"></trkpt>
    <trkpt lat="47.512257" lon="7.760025"></trkpt>
    <trkpt lat="47.511839" lon="7.760339"></trkpt>
    <trkpt lat="47.511322" lon="7.760698"></trkpt>
    <trkpt lat="47.510881" lon="7.760970"></trkpt>
    <trkpt lat="47.510524" lon="7.761159"></trkpt>
    <trkpt lat="47.510139" lon="7.761358"></trkpt>
    <trkpt lat="47.509760" lon="7.761525"></trkpt>
    <trkpt lat="47.509331" lon="7.761712"></trkpt>
    <trkpt lat="47.509203" lon="7.761757"></trkpt>
    <trkpt lat="47.509002" lon="7.761830"></trkpt>
    <trkpt lat="47.508812" lon="7.761891"></trkpt>
    <trkpt lat="47.508561" lon="7.761958"></trkpt>
    <trkpt lat="47.508196" lon="7.762060"></trkpt>
    <trkpt lat="47.507690" lon="7.762170"></trkpt>
    <trkpt lat="47.507354" lon="7.762229"></trkpt>
    <trkpt lat="47.506984" lon="7.762281"></trkpt>
    <trkpt lat="47.506664" lon="7.762306"></trkpt>
    <trkpt lat="47.506447" lon="7.762322"></trkpt>
    <trkpt lat="47.506208" lon="7.762334"></trkpt>
    <trkpt lat="47.505844" lon="7.762347"></trkpt>
    <trkpt lat="47.505381" lon="7.762347"></trkpt>
    <trkpt lat="47.503994" lon="7.762329"></trkpt>
    <trkpt lat="47.503104" lon="7.762323"></trkpt>
    <trkpt lat="47.502256" lon="7.762384"></trkpt>
    <trkpt lat="47.501631" lon="7.762465"></trkpt>
    <trkpt lat="47.501166" lon="7.762557"></trkpt>
    <trkpt lat="47.500782" lon="7.762665"></trkpt>
    <trkpt lat="47.500495" lon="7.762769"></trkpt>
    <trkpt lat="47.500195" lon="7.762889"></trkpt>
    <trkpt lat="47.499797" lon="7.763077"></trkpt>
    <trkpt lat="47.499580" lon="7.763196"></trkpt>
    <trkpt lat="47.499228" lon="7.763421"></trkpt>
    <trkpt lat="47.498941" lon="7.763641"></trkpt>
    <trkpt lat="47.498790" lon="7.763767"></trkpt>
    <trkpt lat="47.498637" lon="7.763894"></trkpt>
    <trkpt lat="47.498279" lon="7.764242"></trkpt>
    <trkpt lat="47.498226" lon="7.764289"></trkpt>
    <trkpt lat="47.497797" lon="7.764791"></trkpt>
    <trkpt lat="47.497514" lon="7.765164"></trkpt>
    <trkpt lat="47.497236" lon="7.765580"></trkpt>
    <trkpt lat="47.497007" lon="7.765983"></trkpt>
    <trkpt lat="47.496724" lon="7.766508"></trkpt>
    <trkpt lat="47.496504" lon="7.766958"></trkpt>
    <trkpt lat="47.496038" lon="7.767865"></trkpt>
    <trkpt lat="47.496004" lon="7.767932"></trkpt>
    <trkpt lat="47.495726" lon="7.768428"></trkpt>
    <trkpt lat="47.495447" lon="7.768867"></trkpt>
    <trkpt lat="47.495153" lon="7.769277"></trkpt>
    <trkpt lat="47.494936" lon="7.769532"></trkpt>
    <trkpt lat="47.494857" lon="7.769621"></trkpt>
    <trkpt lat="47.494782" lon="7.769706"></trkpt>
    <trkpt lat="47.494511" lon="7.769988"></trkpt>
    <trkpt lat="47.494129" lon="7.770343"></trkpt>
    <trkpt lat="47.493809" lon="7.770587"></trkpt>
    <trkpt lat="47.493532" lon="7.770793"></trkpt>
    <trkpt lat="47.493202" lon="7.770982"></trkpt>
    <trkpt lat="47.492803" lon="7.771182"></trkpt>
    <trkpt lat="47.492157" lon="7.771449"></trkpt>
    <trkpt lat="47.491852" lon="7.771585"></trkpt>
    <trkpt lat="47.491561" lon="7.771726"></trkpt>
    <trkpt lat="47.491281" lon="7.771877"></trkpt>
    <trkpt lat="47.491023" lon="7.772038"></trkpt>
    <trkpt lat="47.490828" lon="7.772186"></trkpt>
    <trkpt lat="47.490527" lon="7.772406"></trkpt>
    <trkpt lat="47.490312" lon="7.772589"></trkpt>
    <trkpt lat="47.490129" lon="7.772756"></trkpt>
    <trkpt lat="47.489830" lon="7.773069"></trkpt>
    <trkpt lat="47.489635" lon="7.773272"></trkpt>
    <trkpt lat="47.489302" lon="7.773639"></trkpt>
    <trkpt lat="47.488838" lon="7.774235"></trkpt>
    <trkpt lat="47.488744" lon="7.774360"></trkpt>
    <trkpt lat="47.488580" lon="7.774574"></trkpt>
    <trkpt lat="47.488262" lon="7.774966"></trkpt>
    <trkpt lat="47.487842" lon="7.775436"></trkpt>
    <trkpt lat="47.487284" lon="7.776000"></trkpt>
    <trkpt lat="47.486797" lon="7.776409"></trkpt>
    <trkpt lat="47.486361" lon="7.776718"></trkpt>
    <trkpt lat="47.485995" lon="7.776948"></trkpt>
    <trkpt lat="47.485625" lon="7.777136"></trkpt>
    <trkpt lat="47.485193" lon="7.777331"></trkpt>
    <trkpt lat="47.484615" lon="7.777513"></trkpt>
    <trkpt lat="47.484012" lon="7.777641"></trkpt>
    <trkpt lat="47.483472" lon="7.777707"></trkpt>
    <trkpt lat="47.482916" lon="7.777735"></trkpt>
    <trkpt lat="47.480831" lon="7.777787"></trkpt>
    <trkpt lat="47.480402" lon="7.777817"></trkpt>
    <trkpt lat="47.480064" lon="7.777860"></trkpt>
    <trkpt lat="47.479789" lon="7.777897"></trkpt>
    <trkpt lat="47.479382" lon="7.777993"></trkpt>
    <trkpt lat="47.478958" lon="7.778123"></trkpt>
    <trkpt lat="47.478581" lon="7.778272"></trkpt>
    <trkpt lat="47.478216" lon="7.778460"></trkpt>
    <trkpt lat="47.477893" lon="7.778646"></trkpt>
    <trkpt lat="47.477577" lon="7.778835"></trkpt>
    <trkpt lat="47.477237" lon="7.779059"></trkpt>
    <trkpt lat="47.476959" lon="7.779271"></trkpt>
    <trkpt lat="47.476766" lon="7.779429"></trkpt>
    <trkpt lat="47.476646" lon="7.779541"></trkpt>
    <trkpt lat="47.476486" lon="7.779691"></trkpt>
    <trkpt lat="47.476361" lon="7.779814"></trkpt>
    <trkpt lat="47.476243" lon="7.779937"></trkpt>
    <trkpt lat="47.476118" lon="7.780071"></trkpt>
    <trkpt lat="47.475986" lon="7.780219"></trkpt>
    <trkpt lat="47.475858" lon="7.780371"></trkpt>
    <trkpt lat="47.475731" lon="7.780527"></trkpt>
    <trkpt lat="47.475613" lon="7.780681"></trkpt>
    <trkpt lat="47.475491" lon="7.780846"></trkpt>
    <trkpt lat="47.475416" lon="7.780949"></trkpt>
    <trkpt lat="47.475398" lon="7.780974"></trkpt>
    <trkpt lat="47.475266" lon="7.781164"></trkpt>
    <trkpt lat="47.475144" lon="7.781350"></trkpt>
    <trkpt lat="47.475050" lon="7.781500"></trkpt>
    <trkpt lat="47.474928" lon="7.781699"></trkpt>
    <trkpt lat="47.474816" lon="7.781894"></trkpt>
    <trkpt lat="47.474714" lon="7.782081"></trkpt>
    <trkpt lat="47.474609" lon="7.782283"></trkpt>
    <trkpt lat="47.474518" lon="7.782461"></trkpt>
    <trkpt lat="47.474421" lon="7.782662"></trkpt>
    <trkpt lat="47.474363" lon="7.782784"></trkpt>
    <trkpt lat="47.474241" lon="7.783063"></trkpt>
    <trkpt lat="47.474156" lon="7.783265"></trkpt>
    <trkpt lat="47.474076" lon="7.783463"></trkpt>
    <trkpt lat="47.473990" lon="7.783684"></trkpt>
    <trkpt lat="47.473907" lon="7.783907"></trkpt>
    <trkpt lat="47.473835" lon="7.784101"></trkpt>
    <trkpt lat="47.473757" lon="7.784318"></trkpt>
    <trkpt lat="47.472738" lon="7.787198"></trkpt>
    <trkpt lat="47.472409" lon="7.788098"></trkpt>
    <trkpt lat="47.471971" lon="7.789277"></trkpt>
    <trkpt lat="47.471434" lon="7.790609"></trkpt>
    <trkpt lat="47.471232" lon="7.791078"></trkpt>
    <trkpt lat="47.470996" lon="7.791592"></trkpt>
    <trkpt lat="47.470923" lon="7.791751"></trkpt>
    <trkpt lat="47.470746" lon="7.792114"></trkpt>
    <trkpt lat="47.470536" lon="7.792542"></trkpt>
    <trkpt lat="47.470235" lon="7.793123"></trkpt>
    <trkpt lat="47.469719" lon="7.794051"></trkpt>
    <trkpt lat="47.469189" lon="7.794923"></trkpt>
    <trkpt lat="47.468847" lon="7.795462"></trkpt>
    <trkpt lat="47.468533" lon="7.795932"></trkpt>
    <trkpt lat="47.468171" lon="7.796436"></trkpt>
    <trkpt lat="47.467831" lon="7.796880"></trkpt>
    <trkpt lat="47.467642" lon="7.797126"></trkpt>
    <trkpt lat="47.467532" lon="7.797261"></trkpt>
    <trkpt lat="47.467158" lon="7.797722"></trkpt>
    <trkpt lat="47.466539" lon="7.798437"></trkpt>
    <trkpt lat="47.466345" lon="7.798641"></trkpt>
    <trkpt lat="47.466216" lon="7.798778"></trkpt>
    <trkpt lat="47.465378" lon="7.799615"></trkpt>
    <trkpt lat="47.465067" lon="7.799899"></trkpt>
    <trkpt lat="47.464808" lon="7.800132"></trkpt>
    <trkpt lat="47.464625" lon="7.800289"></trkpt>
    <trkpt lat="47.464522" lon="7.800373"></trkpt>
    <trkpt lat="47.464116" lon="7.800701"></trkpt>
    <trkpt lat="47.464066" lon="7.800739"></trkpt>
    <trkpt lat="47.463915" lon="7.800853"></trkpt>
    <trkpt lat="47.463841" lon="7.800910"></trkpt>
    <trkpt lat="47.463242" lon="7.801387"></trkpt>
    <trkpt lat="47.462546" lon="7.801866"></trkpt>
    <trkpt lat="47.461948" lon="7.802195"></trkpt>
    <trkpt lat="47.461407" lon="7.802403"></trkpt>
    <trkpt lat="47.460932" lon="7.802525"></trkpt>
    <trkpt lat="47.460629" lon="7.802594"></trkpt>
    <trkpt lat="47.460470" lon="7.802629"></trkpt>
    <trkpt lat="47.459668" lon="7.802807"></trkpt>
    <trkpt lat="47.459125" lon="7.802874"></trkpt>
    <trkpt lat="47.458617" lon="7.802901"></trkpt>
    <trkpt lat="47.457879" lon="7.802866"></trkpt>
    <trkpt lat="47.457250" lon="7.802799"></trkpt>
    <trkpt lat="47.456665" lon="7.802710"></trkpt>
    <trkpt lat="47.455836" lon="7.802536"></trkpt>
    <trkpt lat="47.455385" lon="7.802436"></trkpt>
    <trkpt lat="47.454035" lon="7.802133"></trkpt>
    <trkpt lat="47.453602" lon="7.802059"></trkpt>
    <trkpt lat="47.452988" lon="7.801985"></trkpt>
    <trkpt lat="47.452402" lon="7.801975"></trkpt>
    <trkpt lat="47.451792" lon="7.802046"></trkpt>
    <trkpt lat="47.451256" lon="7.802169"></trkpt>
    <trkpt lat="47.450807" lon="7.802332"></trkpt>
    <trkpt lat="47.450412" lon="7.802520"></trkpt>
    <trkpt lat="47.450098" lon="7.802698"></trkpt>
    <trkpt lat="47.449847" lon="7.802844"></trkpt>
    <trkpt lat="47.449525" lon="7.803101"></trkpt>
    <trkpt lat="47.449324" lon="7.803274"></trkpt>
    <trkpt lat="47.448966" lon="7.803603"></trkpt>
    <trkpt lat="47.448656" lon="7.803930"></trkpt>
    <trkpt lat="47.448321" lon="7.804345"></trkpt>
    <trkpt lat="47.448011" lon="7.804756"></trkpt>
    <trkpt lat="47.447341" lon="7.805619"></trkpt>
    <trkpt lat="47.447140" lon="7.805845"></trkpt>
    <trkpt lat="47.446898" lon="7.806094"></trkpt>
    <trkpt lat="47.446415" lon="7.806539"></trkpt>
    <trkpt lat="47.445894" lon="7.806923"></trkpt>
    <trkpt lat="47.445355" lon="7.807224"></trkpt>
    <trkpt lat="47.445048" lon="7.807364"></trkpt>
    <trkpt lat="47.444740" lon="7.807484"></trkpt>
    <trkpt lat="47.444313" lon="7.807597"></trkpt>
    <trkpt lat="47.443835" lon="7.807689"></trkpt>
    <trkpt lat="47.443082" lon="7.807776"></trkpt>
    <trkpt lat="47.441770" lon="7.807885"></trkpt>
    <trkpt lat="47.440991" lon="7.807986"></trkpt>
    <trkpt lat="47.440330" lon="7.808069"></trkpt>
    <trkpt lat="47.438479" lon="7.808368"></trkpt>
    <trkpt lat="47.437450" lon="7.808508"></trkpt>
    <trkpt lat="47.436418" lon="7.808593"></trkpt>
    <trkpt lat="47.435629" lon="7.808615"></trkpt>
    <trkpt lat="47.434828" lon="7.808611"></trkpt>
    <trkpt lat="47.431442" lon="7.808443"></trkpt>
    <trkpt lat="47.431040" lon="7.808437"></trkpt>
    <trkpt lat="47.430545" lon="7.808447"></trkpt>
    <trkpt lat="47.430067" lon="7.808476"></trkpt>
    <trkpt lat="47.429738" lon="7.808514"></trkpt>
    <trkpt lat="47.429497" lon="7.808540"></trkpt>
    <trkpt lat="47.428845" lon="7.808642"></trkpt>
    <trkpt lat="47.428355" lon="7.808739"></trkpt>
    <trkpt lat="47.428010" lon="7.808833"></trkpt>
    <trkpt lat="47.427395" lon="7.808988"></trkpt>
    <trkpt lat="47.426564" lon="7.809233"></trkpt>
    <trkpt lat="47.425626" lon="7.809484"></trkpt>
    <trkpt lat="47.425314" lon="7.809543"></trkpt>
    <trkpt lat="47.424937" lon="7.809596"></trkpt>
    <trkpt lat="47.424732" lon="7.809613"></trkpt>
    <trkpt lat="47.424356" lon="7.809635"></trkpt>
    <trkpt lat="47.424015" lon="7.809636"></trkpt>
    <trkpt lat="47.423485" lon="7.809594"></trkpt>
    <trkpt lat="47.423100" lon="7.809544"></trkpt>
    <trkpt lat="47.422818" lon="7.809486"></trkpt>
    <trkpt lat="47.422433" lon="7.809397"></trkpt>
    <trkpt lat="47.421994" lon="7.809272"></trkpt>
    <trkpt lat="47.421179" lon="7.808995"></trkpt>
    <trkpt lat="47.420631" lon="7.808802"></trkpt>
    <trkpt lat="47.420561" lon="7.808777"></trkpt>
    <trkpt lat="47.420383" lon="7.808714"></trkpt>
    <trkpt lat="47.419561" lon="7.808460"></trkpt>
    <trkpt lat="47.418928" lon="7.808305"></trkpt>
    <trkpt lat="47.418278" lon="7.808202"></trkpt>
    <trkpt lat="47.417677" lon="7.808173"></trkpt>
    <trkpt lat="47.417334" lon="7.808187"></trkpt>
    <trkpt lat="47.417050" lon="7.808220"></trkpt>
    <trkpt lat="47.416444" lon="7.808344"></trkpt>
    <trkpt lat="47.415874" lon="7.808529"></trkpt>
    <trkpt lat="47.415286" lon="7.808755"></trkpt>
    <trkpt lat="47.414783" lon="7.808936"></trkpt>
    <trkpt lat="47.414340" lon="7.809065"></trkpt>
    <trkpt lat="47.413989" lon="7.809127"></trkpt>
    <trkpt lat="47.413677" lon="7.809154"></trkpt>
    <trkpt lat="47.413264" lon="7.809169"></trkpt>
    <trkpt lat="47.412890" lon="7.809144"></trkpt>
    <trkpt lat="47.412707" lon="7.809123"></trkpt>
    <trkpt lat="47.412388" lon="7.809057"></trkpt>
    <trkpt lat="47.412068" lon="7.808963"></trkpt>
    <trkpt lat="47.411758" lon="7.808847"></trkpt>
    <trkpt lat="47.411543" lon="7.808762"></trkpt>
    <trkpt lat="47.411317" lon="7.808650"></trkpt>
    <trkpt lat="47.410840" lon="7.808383"></trkpt>
    <trkpt lat="47.410296" lon="7.808038"></trkpt>
    <trkpt lat="47.409577" lon="7.807610"></trkpt>
    <trkpt lat="47.409150" lon="7.807397"></trkpt>
    <trkpt lat="47.408721" lon="7.807211"></trkpt>
    <trkpt lat="47.408267" lon="7.807051"></trkpt>
    <trkpt lat="47.407715" lon="7.806904"></trkpt>
    <trkpt lat="47.407472" lon="7.806855"></trkpt>
    <trkpt lat="47.407253" lon="7.806812"></trkpt>
    <trkpt lat="47.407014" lon="7.806767"></trkpt>
    <trkpt lat="47.406682" lon="7.806725"></trkpt>
    <trkpt lat="47.406291" lon="7.806690"></trkpt>
    <trkpt lat="47.405939" lon="7.806693"></trkpt>
    <trkpt lat="47.405464" lon="7.806702"></trkpt>
    <trkpt lat="47.404870" lon="7.806756"></trkpt>
    <trkpt lat="47.403973" lon="7.806951"></trkpt>
    <trkpt lat="47.403684" lon="7.807030"></trkpt>
    <trkpt lat="47.403479" lon="7.807100"></trkpt>
    <trkpt lat="47.403107" lon="7.807238"></trkpt>
    <trkpt lat="47.403015" lon="7.807277"></trkpt>
    <trkpt lat="47.402794" lon="7.807371"></trkpt>
    <trkpt lat="47.402598" lon="7.807455"></trkpt>
    <trkpt lat="47.401919" lon="7.807818"></trkpt>
    <trkpt lat="47.401352" lon="7.808190"></trkpt>
    <trkpt lat="47.401194" lon="7.808308"></trkpt>
    <trkpt lat="47.401068" lon="7.808402"></trkpt>
    <trkpt lat="47.400758" lon="7.808649"></trkpt>
    <trkpt lat="47.400434" lon="7.808932"></trkpt>
    <trkpt lat="47.400075" lon="7.809281"></trkpt>
    <trkpt lat="47.399760" lon="7.809599"></trkpt>
    <trkpt lat="47.399550" lon="7.809841"></trkpt>
    <trkpt lat="47.399419" lon="7.809987"></trkpt>
    <trkpt lat="47.399265" lon="7.810174"></trkpt>
    <trkpt lat="47.399246" lon="7.810195"></trkpt>
    <trkpt lat="47.399030" lon="7.810476"></trkpt>
    <trkpt lat="47.398841" lon="7.810732"></trkpt>
    <trkpt lat="47.398217" lon="7.811556"></trkpt>
    <trkpt lat="47.397708" lon="7.812206"></trkpt>
    <trkpt lat="47.397585" lon="7.812363"></trkpt>
    <trkpt lat="47.397200" lon="7.812799"></trkpt>
    <trkpt lat="47.396836" lon="7.813201"></trkpt>
    <trkpt lat="47.396800" lon="7.813241"></trkpt>
    <trkpt lat="47.396646" lon="7.813402"></trkpt>
    <trkpt lat="47.396493" lon="7.813562"></trkpt>
    <trkpt lat="47.396135" lon="7.813896"></trkpt>
    <trkpt lat="47.395833" lon="7.814184"></trkpt>
    <trkpt lat="47.395480" lon="7.814475"></trkpt>
    <trkpt lat="47.394990" lon="7.814864"></trkpt>
    <trkpt lat="47.394773" lon="7.815014"></trkpt>
    <trkpt lat="47.394435" lon="7.815239"></trkpt>
    <trkpt lat="47.393801" lon="7.815647"></trkpt>
    <trkpt lat="47.393363" lon="7.815899"></trkpt>
    <trkpt lat="47.392969" lon="7.816098"></trkpt>
    <trkpt lat="47.392661" lon="7.816260"></trkpt>
    <trkpt lat="47.392188" lon="7.816455"></trkpt>
    <trkpt lat="47.391549" lon="7.816719"></trkpt>
    <trkpt lat="47.391010" lon="7.816882"></trkpt>
    <trkpt lat="47.390339" lon="7.817057"></trkpt>
    <trkpt lat="47.390217" lon="7.817078"></trkpt>
    <trkpt lat="47.389645" lon="7.817174"></trkpt>
    <trkpt lat="47.389264" lon="7.817221"></trkpt>
    <trkpt lat="47.388945" lon="7.817258"></trkpt>
    <trkpt lat="47.388476" lon="7.817293"></trkpt>
    <trkpt lat="47.388334" lon="7.817294"></trkpt>
    <trkpt lat="47.388042" lon="7.817297"></trkpt>
    <trkpt lat="47.387860" lon="7.817296"></trkpt>
    <trkpt lat="47.387566" lon="7.817288"></trkpt>
    <trkpt lat="47.387061" lon="7.817276"></trkpt>
    <trkpt lat="47.386927" lon="7.817271"></trkpt>
    <trkpt lat="47.386595" lon="7.817247"></trkpt>
    <trkpt lat="47.386563" lon="7.817245"></trkpt>
    <trkpt lat="47.386145" lon="7.817224"></trkpt>
    <trkpt lat="47.385728" lon="7.817174"></trkpt>
    <trkpt lat="47.384866" lon="7.817054"></trkpt>
    <trkpt lat="47.384299" lon="7.816965"></trkpt>
    <trkpt lat="47.383876" lon="7.816898"></trkpt>
    <trkpt lat="47.383453" lon="7.816831"></trkpt>
    <trkpt lat="47.383035" lon="7.816765"></trkpt>
    <trkpt lat="47.382906" lon="7.816744"></trkpt>
    <trkpt lat="47.382650" lon="7.816704"></trkpt>
    <trkpt lat="47.382142" lon="7.816590"></trkpt>
    <trkpt lat="47.381907" lon="7.816553"></trkpt>
    <trkpt lat="47.380766" lon="7.816408"></trkpt>
    <trkpt lat="47.380131" lon="7.816302"></trkpt>
    <trkpt lat="47.380026" lon="7.816284"></trkpt>
    <trkpt lat="47.379538" lon="7.816194"></trkpt>
    <trkpt lat="47.378833" lon="7.816127"></trkpt>
    <trkpt lat="47.378590" lon="7.816111"></trkpt>
    <trkpt lat="47.378326" lon="7.816094"></trkpt>
    <trkpt lat="47.377913" lon="7.816080"></trkpt>
    <trkpt lat="47.377490" lon="7.816103"></trkpt>
    <trkpt lat="47.377111" lon="7.816142"></trkpt>
    <trkpt lat="47.376461" lon="7.816236"></trkpt>
    <trkpt lat="47.375794" lon="7.816401"></trkpt>
    <trkpt lat="47.374915" lon="7.816706"></trkpt>
    <trkpt lat="47.374111" lon="7.817102"></trkpt>
    <trkpt lat="47.373535" lon="7.817430"></trkpt>
    <trkpt lat="47.372934" lon="7.817846"></trkpt>
    <trkpt lat="47.372248" lon="7.818399"></trkpt>
    <trkpt lat="47.371441" lon="7.819163"></trkpt>
    <trkpt lat="47.370344" lon="7.820353"></trkpt>
    <trkpt lat="47.369725" lon="7.821015"></trkpt>
    <trkpt lat="47.368425" lon="7.822377"></trkpt>
    <trkpt lat="47.366675" lon="7.823969"></trkpt>
    <trkpt lat="47.364943" lon="7.825372"></trkpt>
    <trkpt lat="47.363261" lon="7.826708"></trkpt>
    <trkpt lat="47.362044" lon="7.827686"></trkpt>
    <trkpt lat="47.359802" lon="7.829478"></trkpt>
    <trkpt lat="47.358713" lon="7.830343"></trkpt>
    <trkpt lat="47.356435" lon="7.832110"></trkpt>
    <trkpt lat="47.355215" lon="7.833014"></trkpt>
    <trkpt lat="47.354204" lon="7.833705"></trkpt>
    <trkpt lat="47.353357" lon="7.834266"></trkpt>
    <trkpt lat="47.352920" lon="7.834546"></trkpt>
    <trkpt lat="47.352624" lon="7.834745"></trkpt>
    <trkpt lat="47.352172" lon="7.835023"></trkpt>
    <trkpt lat="47.351756" lon="7.835251"></trkpt>
    <trkpt lat="47.351393" lon="7.835450"></trkpt>
    <trkpt lat="47.351078" lon="7.835680"></trkpt>
    <trkpt lat="47.350743" lon="7.835785"></trkpt>
    <trkpt lat="47.349930" lon="7.835945"></trkpt>
    <trkpt lat="47.349860" lon="7.835958"></trkpt>
    <trkpt lat="47.349123" lon="7.836046"></trkpt>
    <trkpt lat="47.348820" lon="7.836061"></trkpt>
    <trkpt lat="47.348307" lon="7.836086"></trkpt>
    <trkpt lat="47.347898" lon="7.836075"></trkpt>
    <trkpt lat="47.347260" lon="7.836032"></trkpt>
    <trkpt lat="47.346633" lon="7.835941"></trkpt>
    <trkpt lat="47.345891" lon="7.835799"></trkpt>
    <trkpt lat="47.345883" lon="7.835797"></trkpt>
    <trkpt lat="47.345115" lon="7.835596"></trkpt>
    <trkpt lat="47.344382" lon="7.835345"></trkpt>
    <trkpt lat="47.344353" lon="7.835333"></trkpt>
    <trkpt lat="47.343319" lon="7.834914"></trkpt>
    <trkpt lat="47.342689" lon="7.834584"></trkpt>
    <trkpt lat="47.342336" lon="7.834376"></trkpt>
    <trkpt lat="47.341636" lon="7.833962"></trkpt>
    <trkpt lat="47.341208" lon="7.833667"></trkpt>
    <trkpt lat="47.340803" lon="7.833373"></trkpt>
    <trkpt lat="47.340280" lon="7.832964"></trkpt>
    <trkpt lat="47.340042" lon="7.832766"></trkpt>
    <trkpt lat="47.339640" lon="7.832412"></trkpt>
    <trkpt lat="47.339152" lon="7.831937"></trkpt>
    <trkpt lat="47.338812" lon="7.831605"></trkpt>
    <trkpt lat="47.338636" lon="7.831413"></trkpt>
    <trkpt lat="47.338536" lon="7.831304"></trkpt>
    <trkpt lat="47.338425" lon="7.831183"></trkpt>
    <trkpt lat="47.338170" lon="7.830905"></trkpt>
    <trkpt lat="47.337815" lon="7.830504"></trkpt>
    <trkpt lat="47.337773" lon="7.830451"></trkpt>
    <trkpt lat="47.337204" lon="7.829735"></trkpt>
    <trkpt lat="47.336789" lon="7.829156"></trkpt>
    <trkpt lat="47.336152" lon="7.828196"></trkpt>
    <trkpt lat="47.335421" lon="7.826979"></trkpt>
    <trkpt lat="47.334616" lon="7.825465"></trkpt>
    <trkpt lat="47.334268" lon="7.824740"></trkpt>
    <trkpt lat="47.333835" lon="7.823800"></trkpt>
    <trkpt lat="47.333797" lon="7.823712"></trkpt>
    <trkpt lat="47.333535" lon="7.823115"></trkpt>
    <trkpt lat="47.333013" lon="7.821899"></trkpt>
    <trkpt lat="47.332106" lon="7.819635"></trkpt>
    <trkpt lat="47.331995" lon="7.819341"></trkpt>
    <trkpt lat="47.331910" lon="7.819126"></trkpt>
    <trkpt lat="47.331570" lon="7.818264"></trkpt>
    <trkpt lat="47.329690" lon="7.813496"></trkpt>
    <trkpt lat="47.329085" lon="7.812082"></trkpt>
    <trkpt lat="47.328582" lon="7.811048"></trkpt>
    <trkpt lat="47.328124" lon="7.810188"></trkpt>
    <trkpt lat="47.327589" lon="7.809332"></trkpt>
    <trkpt lat="47.327015" lon="7.808554"></trkpt>
    <trkpt lat="47.326794" lon="7.808297"></trkpt>
    <trkpt lat="47.326572" lon="7.808034"></trkpt>
    <trkpt lat="47.326099" lon="7.807554"></trkpt>
    <trkpt lat="47.325658" lon="7.807160"></trkpt>
    <trkpt lat="47.325075" lon="7.806712"></trkpt>
    <trkpt lat="47.324715" lon="7.806473"></trkpt>
    <trkpt lat="47.324419" lon="7.806303"></trkpt>
    <trkpt lat="47.324148" lon="7.806146"></trkpt>
    <trkpt lat="47.323903" lon="7.806035"></trkpt>
    <trkpt lat="47.323454" lon="7.805841"></trkpt>
    <trkpt lat="47.323163" lon="7.805737"></trkpt>
    <trkpt lat="47.322774" lon="7.805622"></trkpt>
    <trkpt lat="47.322348" lon="7.805524"></trkpt>
    <trkpt lat="47.322007" lon="7.805471"></trkpt>
    <trkpt lat="47.321680" lon="7.805434"></trkpt>
    <trkpt lat="47.321186" lon="7.805414"></trkpt>
    <trkpt lat="47.320847" lon="7.805420"></trkpt>
    <trkpt lat="47.320574" lon="7.805435"></trkpt>
    <trkpt lat="47.320189" lon="7.805469"></trkpt>
    <trkpt lat="47.319346" lon="7.805575"></trkpt>
    <trkpt lat="47.318328" lon="7.805703"></trkpt>
    <trkpt lat="47.318162" lon="7.805726"></trkpt>
    <trkpt lat="47.317441" lon="7.805818"></trkpt>
    <trkpt lat="47.317095" lon="7.805854"></trkpt>
    <trkpt lat="47.316745" lon="7.805885"></trkpt>
    <trkpt lat="47.316397" lon="7.805904"></trkpt>
    <trkpt lat="47.316048" lon="7.805923"></trkpt>
    <trkpt lat="47.315700" lon="7.805937"></trkpt>
    <trkpt lat="47.315320" lon="7.805872"></trkpt>
    <trkpt lat="47.314927" lon="7.805851"></trkpt>
    <trkpt lat="47.314766" lon="7.805838"></trkpt>
    <trkpt lat="47.314606" lon="7.805822"></trkpt>
    <trkpt lat="47.314446" lon="7.805800"></trkpt>
    <trkpt lat="47.314310" lon="7.805777"></trkpt>
    <trkpt lat="47.314128" lon="7.805737"></trkpt>
    <trkpt lat="47.313971" lon="7.805694"></trkpt>
    <trkpt lat="47.313815" lon="7.805641"></trkpt>
    <trkpt lat="47.313662" lon="7.805579"></trkpt>
    <trkpt lat="47.313509" lon="7.805506"></trkpt>
    <trkpt lat="47.313358" lon="7.805420"></trkpt>
    <trkpt lat="47.313214" lon="7.805325"></trkpt>
    <trkpt lat="47.313072" lon="7.805215"></trkpt>
    <trkpt lat="47.312933" lon="7.805091"></trkpt>
    <trkpt lat="47.312802" lon="7.804958"></trkpt>
    <trkpt lat="47.312675" lon="7.804813"></trkpt>
    <trkpt lat="47.312578" lon="7.804689"></trkpt>
    <trkpt lat="47.312556" lon="7.804660"></trkpt>
    <trkpt lat="47.312440" lon="7.804491"></trkpt>
    <trkpt lat="47.312333" lon="7.804314"></trkpt>
    <trkpt lat="47.312217" lon="7.804097"></trkpt>
    <trkpt lat="47.312148" lon="7.803930"></trkpt>
    <trkpt lat="47.312086" lon="7.803761"></trkpt>
    <trkpt lat="47.312003" lon="7.803530"></trkpt>
    <trkpt lat="47.311931" lon="7.803306"></trkpt>
    <trkpt lat="47.311851" lon="7.803004"></trkpt>
    <trkpt lat="47.311794" lon="7.802749"></trkpt>
    <trkpt lat="47.311763" lon="7.802597"></trkpt>
    <trkpt lat="47.311735" lon="7.802444"></trkpt>
    <trkpt lat="47.311707" lon="7.802285"></trkpt>
    <trkpt lat="47.311681" lon="7.802126"></trkpt>
    <trkpt lat="47.311657" lon="7.801967"></trkpt>
    <trkpt lat="47.311634" lon="7.801808"></trkpt>
    <trkpt lat="47.311551" lon="7.801234"></trkpt>
    <trkpt lat="47.311465" lon="7.800661"></trkpt>
    <trkpt lat="47.311374" lon="7.800090"></trkpt>
    <trkpt lat="47.311280" lon="7.799520"></trkpt>
    <trkpt lat="47.311213" lon="7.799131"></trkpt>
    <trkpt lat="47.311144" lon="7.798743"></trkpt>
    <trkpt lat="47.311102" lon="7.798519"></trkpt>
    <trkpt lat="47.310941" lon="7.797947"></trkpt>
    <trkpt lat="47.310772" lon="7.797083"></trkpt>
    <trkpt lat="47.310681" lon="7.796632"></trkpt>
    <trkpt lat="47.310587" lon="7.796183"></trkpt>
    <trkpt lat="47.310496" lon="7.795759"></trkpt>
    <trkpt lat="47.310404" lon="7.795337"></trkpt>
    <trkpt lat="47.310302" lon="7.794879"></trkpt>
    <trkpt lat="47.310197" lon="7.794424"></trkpt>
    <trkpt lat="47.309980" lon="7.793500"></trkpt>
    <trkpt lat="47.309873" lon="7.793053"></trkpt>
    <trkpt lat="47.309762" lon="7.792606"></trkpt>
    <trkpt lat="47.309650" lon="7.792169"></trkpt>
    <trkpt lat="47.309536" lon="7.791730"></trkpt>
    <trkpt lat="47.309356" lon="7.791052"></trkpt>
    <trkpt lat="47.309180" lon="7.790407"></trkpt>
    <trkpt lat="47.308999" lon="7.789758"></trkpt>
    <trkpt lat="47.308797" lon="7.789051"></trkpt>
    <trkpt lat="47.308710" lon="7.788754"></trkpt>
    <trkpt lat="47.308619" lon="7.788442"></trkpt>
    <trkpt lat="47.308390" lon="7.787680"></trkpt>
    <trkpt lat="47.308251" lon="7.787225"></trkpt>
    <trkpt lat="47.308151" lon="7.786906"></trkpt>
    <trkpt lat="47.308014" lon="7.786466"></trkpt>
    <trkpt lat="47.307852" lon="7.785957"></trkpt>
    <trkpt lat="47.307689" lon="7.785444"></trkpt>
    <trkpt lat="47.307531" lon="7.784962"></trkpt>
    <trkpt lat="47.307319" lon="7.784316"></trkpt>
    <trkpt lat="47.307190" lon="7.783928"></trkpt>
    <trkpt lat="47.306957" lon="7.783242"></trkpt>
    <trkpt lat="47.306828" lon="7.782861"></trkpt>
    <trkpt lat="47.306530" lon="7.782003"></trkpt>
    <trkpt lat="47.306234" lon="7.781159"></trkpt>
    <trkpt lat="47.305953" lon="7.780373"></trkpt>
    <trkpt lat="47.305706" lon="7.779689"></trkpt>
    <trkpt lat="47.305392" lon="7.778830"></trkpt>
    <trkpt lat="47.304981" lon="7.777719"></trkpt>
    <trkpt lat="47.304593" lon="7.776682"></trkpt>
    <trkpt lat="47.304204" lon="7.775655"></trkpt>
    <trkpt lat="47.303824" lon="7.774660"></trkpt>
    <trkpt lat="47.303396" lon="7.773541"></trkpt>
    <trkpt lat="47.302918" lon="7.772300"></trkpt>
    <trkpt lat="47.299100" lon="7.762422"></trkpt>
    <trkpt lat="47.298470" lon="7.760795"></trkpt>
    <trkpt lat="47.298012" lon="7.759610"></trkpt>
    <trkpt lat="47.297276" lon="7.757702"></trkpt>
    <trkpt lat="47.297013" lon="7.757012"></trkpt>
    <trkpt lat="47.296753" lon="7.756320"></trkpt>
    <trkpt lat="47.296498" lon="7.755632"></trkpt>
    <trkpt lat="47.296246" lon="7.754943"></trkpt>
    <trkpt lat="47.295731" lon="7.753509"></trkpt>
    <trkpt lat="47.295218" lon="7.752073"></trkpt>
    <trkpt lat="47.294192" lon="7.749202"></trkpt>
    <trkpt lat="47.291834" lon="7.742605"></trkpt>
    <trkpt lat="47.291515" lon="7.741714"></trkpt>
    <trkpt lat="47.291057" lon="7.740434"></trkpt>
    <trkpt lat="47.290598" lon="7.739153"></trkpt>
    <trkpt lat="47.290371" lon="7.738523"></trkpt>
    <trkpt lat="47.290142" lon="7.737894"></trkpt>
    <trkpt lat="47.289997" lon="7.737501"></trkpt>
    <trkpt lat="47.289892" lon="7.737214"></trkpt>
    <trkpt lat="47.289646" lon="7.736552"></trkpt>
    <trkpt lat="47.289410" lon="7.735926"></trkpt>
    <trkpt lat="47.289172" lon="7.735303"></trkpt>
    <trkpt lat="47.288914" lon="7.734639"></trkpt>
    <trkpt lat="47.288770" lon="7.734275"></trkpt>
    <trkpt lat="47.288626" lon="7.733913"></trkpt>
    <trkpt lat="47.288490" lon="7.733578"></trkpt>
    <trkpt lat="47.288356" lon="7.733249"></trkpt>
    <trkpt lat="47.288221" lon="7.732923"></trkpt>
    <trkpt lat="47.288068" lon="7.732556"></trkpt>
    <trkpt lat="47.287913" lon="7.732192"></trkpt>
    <trkpt lat="47.287775" lon="7.731874"></trkpt>
    <trkpt lat="47.287637" lon="7.731558"></trkpt>
    <trkpt lat="47.287493" lon="7.731234"></trkpt>
    <trkpt lat="47.287348" lon="7.730911"></trkpt>
    <trkpt lat="47.287209" lon="7.730609"></trkpt>
    <trkpt lat="47.287069" lon="7.730308"></trkpt>
    <trkpt lat="47.286937" lon="7.730028"></trkpt>
    <trkpt lat="47.286804" lon="7.729748"></trkpt>
    <trkpt lat="47.286591" lon="7.729311"></trkpt>
    <trkpt lat="47.286413" lon="7.728953"></trkpt>
    <trkpt lat="47.286232" lon="7.728597"></trkpt>
    <trkpt lat="47.286061" lon="7.728265"></trkpt>
    <trkpt lat="47.285829" lon="7.727827"></trkpt>
    <trkpt lat="47.285624" lon="7.727450"></trkpt>
    <trkpt lat="47.285416" lon="7.727077"></trkpt>
    <trkpt lat="47.285225" lon="7.726742"></trkpt>
    <trkpt lat="47.285029" lon="7.726407"></trkpt>
    <trkpt lat="47.284906" lon="7.726201"></trkpt>
    <trkpt lat="47.284783" lon="7.725997"></trkpt>
    <trkpt lat="47.284685" lon="7.725836"></trkpt>
    <trkpt lat="47.284586" lon="7.725677"></trkpt>
    <trkpt lat="47.284486" lon="7.725518"></trkpt>
    <trkpt lat="47.284386" lon="7.725361"></trkpt>
    <trkpt lat="47.284232" lon="7.725123"></trkpt>
    <trkpt lat="47.284024" lon="7.724808"></trkpt>
    <trkpt lat="47.283919" lon="7.724653"></trkpt>
    <trkpt lat="47.283814" lon="7.724499"></trkpt>
    <trkpt lat="47.283682" lon="7.724308"></trkpt>
    <trkpt lat="47.283549" lon="7.724120"></trkpt>
    <trkpt lat="47.283440" lon="7.723969"></trkpt>
    <trkpt lat="47.283331" lon="7.723819"></trkpt>
    <trkpt lat="47.283198" lon="7.723638"></trkpt>
    <trkpt lat="47.283064" lon="7.723460"></trkpt>
    <trkpt lat="47.282950" lon="7.723311"></trkpt>
    <trkpt lat="47.282836" lon="7.723164"></trkpt>
    <trkpt lat="47.282725" lon="7.723023"></trkpt>
    <trkpt lat="47.282613" lon="7.722883"></trkpt>
    <trkpt lat="47.282474" lon="7.722711"></trkpt>
    <trkpt lat="47.282333" lon="7.722542"></trkpt>
    <trkpt lat="47.282209" lon="7.722396"></trkpt>
    <trkpt lat="47.282084" lon="7.722251"></trkpt>
    <trkpt lat="47.281942" lon="7.722089"></trkpt>
    <trkpt lat="47.281799" lon="7.721929"></trkpt>
    <trkpt lat="47.281579" lon="7.721690"></trkpt>
    <trkpt lat="47.281453" lon="7.721556"></trkpt>
    <trkpt lat="47.281305" lon="7.721401"></trkpt>
    <trkpt lat="47.281156" lon="7.721249"></trkpt>
    <trkpt lat="47.281036" lon="7.721129"></trkpt>
    <trkpt lat="47.280916" lon="7.721011"></trkpt>
    <trkpt lat="47.280784" lon="7.720883"></trkpt>
    <trkpt lat="47.280664" lon="7.720770"></trkpt>
    <trkpt lat="47.280544" lon="7.720659"></trkpt>
    <trkpt lat="47.280352" lon="7.720483"></trkpt>
    <trkpt lat="47.280221" lon="7.720368"></trkpt>
    <trkpt lat="47.280090" lon="7.720253"></trkpt>
    <trkpt lat="47.279937" lon="7.720122"></trkpt>
    <trkpt lat="47.279782" lon="7.719992"></trkpt>
    <trkpt lat="47.279650" lon="7.719884"></trkpt>
    <trkpt lat="47.279518" lon="7.719778"></trkpt>
    <trkpt lat="47.279380" lon="7.719671"></trkpt>
    <trkpt lat="47.279242" lon="7.719565"></trkpt>
    <trkpt lat="47.279100" lon="7.719457"></trkpt>
    <trkpt lat="47.278957" lon="7.719352"></trkpt>
    <trkpt lat="47.278810" lon="7.719245"></trkpt>
    <trkpt lat="47.278662" lon="7.719141"></trkpt>
    <trkpt lat="47.278522" lon="7.719045"></trkpt>
    <trkpt lat="47.278381" lon="7.718951"></trkpt>
    <trkpt lat="47.278250" lon="7.718864"></trkpt>
    <trkpt lat="47.278119" lon="7.718779"></trkpt>
    <trkpt lat="47.277856" lon="7.718613"></trkpt>
    <trkpt lat="47.277647" lon="7.718488"></trkpt>
    <trkpt lat="47.277360" lon="7.718319"></trkpt>
    <trkpt lat="47.277060" lon="7.718151"></trkpt>
    <trkpt lat="47.276768" lon="7.717993"></trkpt>
    <trkpt lat="47.276472" lon="7.717837"></trkpt>
    <trkpt lat="47.276173" lon="7.717686"></trkpt>
    <trkpt lat="47.275864" lon="7.717536"></trkpt>
    <trkpt lat="47.275565" lon="7.717394"></trkpt>
    <trkpt lat="47.275336" lon="7.717289"></trkpt>
    <trkpt lat="47.275000" lon="7.717140"></trkpt>
    <trkpt lat="47.274697" lon="7.717008"></trkpt>
    <trkpt lat="47.274382" lon="7.716872"></trkpt>
    <trkpt lat="47.274073" lon="7.716741"></trkpt>
    <trkpt lat="47.273758" lon="7.716610"></trkpt>
    <trkpt lat="47.273440" lon="7.716479"></trkpt>
    <trkpt lat="47.272824" lon="7.716227"></trkpt>
    <trkpt lat="47.272136" lon="7.715945"></trkpt>
    <trkpt lat="47.271449" lon="7.715659"></trkpt>
    <trkpt lat="47.271166" lon="7.715539"></trkpt>
    <trkpt lat="47.270854" lon="7.715404"></trkpt>
    <trkpt lat="47.270543" lon="7.715265"></trkpt>
    <trkpt lat="47.270231" lon="7.715124"></trkpt>
    <trkpt lat="47.269920" lon="7.714978"></trkpt>
    <trkpt lat="47.269599" lon="7.714823"></trkpt>
    <trkpt lat="47.269439" lon="7.714744"></trkpt>
    <trkpt lat="47.269280" lon="7.714664"></trkpt>
    <trkpt lat="47.269151" lon="7.714598"></trkpt>
    <trkpt lat="47.268997" lon="7.714518"></trkpt>
    <trkpt lat="47.268844" lon="7.714438"></trkpt>
    <trkpt lat="47.268689" lon="7.714354"></trkpt>
    <trkpt lat="47.268535" lon="7.714270"></trkpt>
    <trkpt lat="47.268384" lon="7.714184"></trkpt>
    <trkpt lat="47.268233" lon="7.714098"></trkpt>
    <trkpt lat="47.268086" lon="7.714012"></trkpt>
    <trkpt lat="47.267938" lon="7.713924"></trkpt>
    <trkpt lat="47.267790" lon="7.713834"></trkpt>
    <trkpt lat="47.267617" lon="7.713726"></trkpt>
    <trkpt lat="47.267444" lon="7.713616"></trkpt>
    <trkpt lat="47.267280" lon="7.713508"></trkpt>
    <trkpt lat="47.267116" lon="7.713397"></trkpt>
    <trkpt lat="47.266967" lon="7.713295"></trkpt>
    <trkpt lat="47.266819" lon="7.713191"></trkpt>
    <trkpt lat="47.266673" lon="7.713084"></trkpt>
    <trkpt lat="47.266527" lon="7.712977"></trkpt>
    <trkpt lat="47.266383" lon="7.712868"></trkpt>
    <trkpt lat="47.266240" lon="7.712758"></trkpt>
    <trkpt lat="47.266097" lon="7.712644"></trkpt>
    <trkpt lat="47.265954" lon="7.712529"></trkpt>
    <trkpt lat="47.265810" lon="7.712411"></trkpt>
    <trkpt lat="47.265668" lon="7.712291"></trkpt>
    <trkpt lat="47.265529" lon="7.712172"></trkpt>
    <trkpt lat="47.265391" lon="7.712051"></trkpt>
    <trkpt lat="47.265250" lon="7.711924"></trkpt>
    <trkpt lat="47.265110" lon="7.711795"></trkpt>
    <trkpt lat="47.264970" lon="7.711665"></trkpt>
    <trkpt lat="47.264819" lon="7.711521"></trkpt>
    <trkpt lat="47.264707" lon="7.711413"></trkpt>
    <trkpt lat="47.264562" lon="7.711267"></trkpt>
    <trkpt lat="47.264411" lon="7.711116"></trkpt>
    <trkpt lat="47.264269" lon="7.710970"></trkpt>
    <trkpt lat="47.264168" lon="7.710863"></trkpt>
    <trkpt lat="47.264037" lon="7.710722"></trkpt>
    <trkpt lat="47.263906" lon="7.710580"></trkpt>
    <trkpt lat="47.263836" lon="7.710503"></trkpt>
    <trkpt lat="47.263778" lon="7.710437"></trkpt>
    <trkpt lat="47.263650" lon="7.710293"></trkpt>
    <trkpt lat="47.263525" lon="7.710148"></trkpt>
    <trkpt lat="47.263400" lon="7.710002"></trkpt>
    <trkpt lat="47.263276" lon="7.709853"></trkpt>
    <trkpt lat="47.263152" lon="7.709702"></trkpt>
    <trkpt lat="47.262989" lon="7.709500"></trkpt>
    <trkpt lat="47.262854" lon="7.709328"></trkpt>
    <trkpt lat="47.262720" lon="7.709155"></trkpt>
    <trkpt lat="47.262602" lon="7.708997"></trkpt>
    <trkpt lat="47.262480" lon="7.708834"></trkpt>
    <trkpt lat="47.262360" lon="7.708669"></trkpt>
    <trkpt lat="47.262242" lon="7.708504"></trkpt>
    <trkpt lat="47.262126" lon="7.708338"></trkpt>
    <trkpt lat="47.262008" lon="7.708168"></trkpt>
    <trkpt lat="47.261892" lon="7.707996"></trkpt>
    <trkpt lat="47.261741" lon="7.707768"></trkpt>
    <trkpt lat="47.261671" lon="7.707662"></trkpt>
    <trkpt lat="47.261562" lon="7.707492"></trkpt>
    <trkpt lat="47.261444" lon="7.707306"></trkpt>
    <trkpt lat="47.261344" lon="7.707143"></trkpt>
    <trkpt lat="47.261257" lon="7.707000"></trkpt>
    <trkpt lat="47.261131" lon="7.706791"></trkpt>
    <trkpt lat="47.261020" lon="7.706601"></trkpt>
    <trkpt lat="47.260913" lon="7.706416"></trkpt>
    <trkpt lat="47.260724" lon="7.706078"></trkpt>
    <trkpt lat="47.260508" lon="7.705679"></trkpt>
    <trkpt lat="47.260410" lon="7.705492"></trkpt>
    <trkpt lat="47.260312" lon="7.705304"></trkpt>
    <trkpt lat="47.260212" lon="7.705106"></trkpt>
    <trkpt lat="47.260113" lon="7.704906"></trkpt>
    <trkpt lat="47.260019" lon="7.704711"></trkpt>
    <trkpt lat="47.259925" lon="7.704516"></trkpt>
    <trkpt lat="47.259833" lon="7.704319"></trkpt>
    <trkpt lat="47.259742" lon="7.704121"></trkpt>
    <trkpt lat="47.259647" lon="7.703910"></trkpt>
    <trkpt lat="47.259553" lon="7.703697"></trkpt>
    <trkpt lat="47.259459" lon="7.703480"></trkpt>
    <trkpt lat="47.259305" lon="7.703111"></trkpt>
    <trkpt lat="47.259228" lon="7.702922"></trkpt>
    <trkpt lat="47.259133" lon="7.702686"></trkpt>
    <trkpt lat="47.259041" lon="7.702448"></trkpt>
    <trkpt lat="47.258950" lon="7.702208"></trkpt>
    <trkpt lat="47.258861" lon="7.701967"></trkpt>
    <trkpt lat="47.258785" lon="7.701757"></trkpt>
    <trkpt lat="47.258710" lon="7.701546"></trkpt>
    <trkpt lat="47.258636" lon="7.701333"></trkpt>
    <trkpt lat="47.258564" lon="7.701120"></trkpt>
    <trkpt lat="47.258493" lon="7.700905"></trkpt>
    <trkpt lat="47.258420" lon="7.700680"></trkpt>
    <trkpt lat="47.258349" lon="7.700454"></trkpt>
    <trkpt lat="47.258284" lon="7.700242"></trkpt>
    <trkpt lat="47.258220" lon="7.700030"></trkpt>
    <trkpt lat="47.258147" lon="7.699782"></trkpt>
    <trkpt lat="47.258084" lon="7.699558"></trkpt>
    <trkpt lat="47.258026" lon="7.699348"></trkpt>
    <trkpt lat="47.257968" lon="7.699139"></trkpt>
    <trkpt lat="47.257909" lon="7.698913"></trkpt>
    <trkpt lat="47.257850" lon="7.698688"></trkpt>
    <trkpt lat="47.257794" lon="7.698461"></trkpt>
    <trkpt lat="47.257738" lon="7.698233"></trkpt>
    <trkpt lat="47.257684" lon="7.698002"></trkpt>
    <trkpt lat="47.257631" lon="7.697770"></trkpt>
    <trkpt lat="47.257579" lon="7.697536"></trkpt>
    <trkpt lat="47.257529" lon="7.697302"></trkpt>
    <trkpt lat="47.257484" lon="7.697085"></trkpt>
    <trkpt lat="47.257440" lon="7.696867"></trkpt>
    <trkpt lat="47.257397" lon="7.696650"></trkpt>
    <trkpt lat="47.257356" lon="7.696432"></trkpt>
    <trkpt lat="47.257308" lon="7.696169"></trkpt>
    <trkpt lat="47.257262" lon="7.695905"></trkpt>
    <trkpt lat="47.257223" lon="7.695672"></trkpt>
    <trkpt lat="47.257184" lon="7.695430"></trkpt>
    <trkpt lat="47.257147" lon="7.695188"></trkpt>
    <trkpt lat="47.257111" lon="7.694947"></trkpt>
    <trkpt lat="47.257077" lon="7.694707"></trkpt>
    <trkpt lat="47.257047" lon="7.694479"></trkpt>
    <trkpt lat="47.257017" lon="7.694250"></trkpt>
    <trkpt lat="47.256988" lon="7.694008"></trkpt>
    <trkpt lat="47.256960" lon="7.693765"></trkpt>
    <trkpt lat="47.256934" lon="7.693526"></trkpt>
    <trkpt lat="47.256909" lon="7.693288"></trkpt>
    <trkpt lat="47.256886" lon="7.693052"></trkpt>
    <trkpt lat="47.256864" lon="7.692817"></trkpt>
    <trkpt lat="47.256843" lon="7.692574"></trkpt>
    <trkpt lat="47.256822" lon="7.692324"></trkpt>
    <trkpt lat="47.256803" lon="7.692087"></trkpt>
    <trkpt lat="47.256784" lon="7.691849"></trkpt>
    <trkpt lat="47.256750" lon="7.691359"></trkpt>
    <trkpt lat="47.256718" lon="7.690860"></trkpt>
    <trkpt lat="47.256702" lon="7.690589"></trkpt>
    <trkpt lat="47.256663" lon="7.689910"></trkpt>
    <trkpt lat="47.256560" lon="7.687969"></trkpt>
    <trkpt lat="47.256532" lon="7.687482"></trkpt>
    <trkpt lat="47.256502" lon="7.686995"></trkpt>
    <trkpt lat="47.256487" lon="7.686753"></trkpt>
    <trkpt lat="47.256470" lon="7.686511"></trkpt>
    <trkpt lat="47.256454" lon="7.686271"></trkpt>
    <trkpt lat="47.256436" lon="7.686030"></trkpt>
    <trkpt lat="47.256418" lon="7.685790"></trkpt>
    <trkpt lat="47.256398" lon="7.685546"></trkpt>
    <trkpt lat="47.256377" lon="7.685303"></trkpt>
    <trkpt lat="47.256355" lon="7.685064"></trkpt>
    <trkpt lat="47.256333" lon="7.684825"></trkpt>
    <trkpt lat="47.256291" lon="7.684421"></trkpt>
    <trkpt lat="47.256285" lon="7.684356"></trkpt>
    <trkpt lat="47.256257" lon="7.684104"></trkpt>
    <trkpt lat="47.256227" lon="7.683853"></trkpt>
    <trkpt lat="47.256197" lon="7.683610"></trkpt>
    <trkpt lat="47.256165" lon="7.683366"></trkpt>
    <trkpt lat="47.256129" lon="7.683108"></trkpt>
    <trkpt lat="47.256087" lon="7.682822"></trkpt>
    <trkpt lat="47.256003" lon="7.682299"></trkpt>
    <trkpt lat="47.255977" lon="7.682153"></trkpt>
    <trkpt lat="47.255944" lon="7.681966"></trkpt>
    <trkpt lat="47.255892" lon="7.681694"></trkpt>
    <trkpt lat="47.255847" lon="7.681467"></trkpt>
    <trkpt lat="47.255801" lon="7.681241"></trkpt>
    <trkpt lat="47.255754" lon="7.681024"></trkpt>
    <trkpt lat="47.255700" lon="7.680787"></trkpt>
    <trkpt lat="47.255645" lon="7.680551"></trkpt>
    <trkpt lat="47.255588" lon="7.680318"></trkpt>
    <trkpt lat="47.255529" lon="7.680087"></trkpt>
    <trkpt lat="47.255470" lon="7.679863"></trkpt>
    <trkpt lat="47.255410" lon="7.679639"></trkpt>
    <trkpt lat="47.255347" lon="7.679414"></trkpt>
    <trkpt lat="47.255281" lon="7.679191"></trkpt>
    <trkpt lat="47.255213" lon="7.678965"></trkpt>
    <trkpt lat="47.255144" lon="7.678745"></trkpt>
    <trkpt lat="47.255074" lon="7.678527"></trkpt>
    <trkpt lat="47.255001" lon="7.678305"></trkpt>
    <trkpt lat="47.254926" lon="7.678086"></trkpt>
    <trkpt lat="47.254850" lon="7.677872"></trkpt>
    <trkpt lat="47.254771" lon="7.677654"></trkpt>
    <trkpt lat="47.254691" lon="7.677443"></trkpt>
    <trkpt lat="47.254611" lon="7.677233"></trkpt>
    <trkpt lat="47.254525" lon="7.677018"></trkpt>
    <trkpt lat="47.254443" lon="7.676817"></trkpt>
    <trkpt lat="47.254354" lon="7.676604"></trkpt>
    <trkpt lat="47.254263" lon="7.676393"></trkpt>
    <trkpt lat="47.254169" lon="7.676181"></trkpt>
    <trkpt lat="47.254072" lon="7.675972"></trkpt>
    <trkpt lat="47.253981" lon="7.675777"></trkpt>
    <trkpt lat="47.253889" lon="7.675583"></trkpt>
    <trkpt lat="47.253790" lon="7.675381"></trkpt>
    <trkpt lat="47.253690" lon="7.675183"></trkpt>
    <trkpt lat="47.253591" lon="7.674989"></trkpt>
    <trkpt lat="47.253491" lon="7.674798"></trkpt>
    <trkpt lat="47.253392" lon="7.674611"></trkpt>
    <trkpt lat="47.253293" lon="7.674426"></trkpt>
    <trkpt lat="47.253188" lon="7.674234"></trkpt>
    <trkpt lat="47.253082" lon="7.674044"></trkpt>
    <trkpt lat="47.252976" lon="7.673855"></trkpt>
    <trkpt lat="47.252871" lon="7.673668"></trkpt>
    <trkpt lat="47.252657" lon="7.673295"></trkpt>
    <trkpt lat="47.252443" lon="7.672924"></trkpt>
    <trkpt lat="47.251932" lon="7.672044"></trkpt>
    <trkpt lat="47.251864" lon="7.671931"></trkpt>
    <trkpt lat="47.251586" lon="7.671447"></trkpt>
    <trkpt lat="47.251376" lon="7.671076"></trkpt>
    <trkpt lat="47.251273" lon="7.670890"></trkpt>
    <trkpt lat="47.251170" lon="7.670703"></trkpt>
    <trkpt lat="47.251065" lon="7.670511"></trkpt>
    <trkpt lat="47.250961" lon="7.670317"></trkpt>
    <trkpt lat="47.250857" lon="7.670119"></trkpt>
    <trkpt lat="47.250754" lon="7.669918"></trkpt>
    <trkpt lat="47.250660" lon="7.669734"></trkpt>
    <trkpt lat="47.250568" lon="7.669548"></trkpt>
    <trkpt lat="47.250471" lon="7.669349"></trkpt>
    <trkpt lat="47.250377" lon="7.669148"></trkpt>
    <trkpt lat="47.250284" lon="7.668948"></trkpt>
    <trkpt lat="47.250202" lon="7.668765"></trkpt>
    <trkpt lat="47.250100" lon="7.668532"></trkpt>
    <trkpt lat="47.250009" lon="7.668318"></trkpt>
    <trkpt lat="47.249926" lon="7.668118"></trkpt>
    <trkpt lat="47.249842" lon="7.667910"></trkpt>
    <trkpt lat="47.249760" lon="7.667700"></trkpt>
    <trkpt lat="47.249680" lon="7.667488"></trkpt>
    <trkpt lat="47.249601" lon="7.667274"></trkpt>
    <trkpt lat="47.249526" lon="7.667068"></trkpt>
    <trkpt lat="47.249453" lon="7.666859"></trkpt>
    <trkpt lat="47.249382" lon="7.666649"></trkpt>
    <trkpt lat="47.249313" lon="7.666438"></trkpt>
    <trkpt lat="47.249242" lon="7.666213"></trkpt>
    <trkpt lat="47.249172" lon="7.665987"></trkpt>
    <trkpt lat="47.249106" lon="7.665766"></trkpt>
    <trkpt lat="47.249042" lon="7.665543"></trkpt>
    <trkpt lat="47.248939" lon="7.665176"></trkpt>
    <trkpt lat="47.248798" lon="7.664640"></trkpt>
    <trkpt lat="47.248683" lon="7.664188"></trkpt>
    <trkpt lat="47.248621" lon="7.663935"></trkpt>
    <trkpt lat="47.248572" lon="7.663735"></trkpt>
    <trkpt lat="47.248355" lon="7.662822"></trkpt>
    <trkpt lat="47.248133" lon="7.661894"></trkpt>
    <trkpt lat="47.247983" lon="7.661286"></trkpt>
    <trkpt lat="47.247906" lon="7.660983"></trkpt>
    <trkpt lat="47.247737" lon="7.660348"></trkpt>
    <trkpt lat="47.247668" lon="7.660105"></trkpt>
    <trkpt lat="47.247597" lon="7.659860"></trkpt>
    <trkpt lat="47.247532" lon="7.659638"></trkpt>
    <trkpt lat="47.247464" lon="7.659418"></trkpt>
    <trkpt lat="47.247394" lon="7.659200"></trkpt>
    <trkpt lat="47.247324" lon="7.658983"></trkpt>
    <trkpt lat="47.247248" lon="7.658760"></trkpt>
    <trkpt lat="47.247171" lon="7.658540"></trkpt>
    <trkpt lat="47.247094" lon="7.658328"></trkpt>
    <trkpt lat="47.247017" lon="7.658116"></trkpt>
    <trkpt lat="47.246853" lon="7.657693"></trkpt>
    <trkpt lat="47.246766" lon="7.657478"></trkpt>
    <trkpt lat="47.246678" lon="7.657266"></trkpt>
    <trkpt lat="47.246591" lon="7.657062"></trkpt>
    <trkpt lat="47.246503" lon="7.656861"></trkpt>
    <trkpt lat="47.246412" lon="7.656659"></trkpt>
    <trkpt lat="47.246320" lon="7.656459"></trkpt>
    <trkpt lat="47.246227" lon="7.656262"></trkpt>
    <trkpt lat="47.246132" lon="7.656067"></trkpt>
    <trkpt lat="47.246033" lon="7.655870"></trkpt>
    <trkpt lat="47.245934" lon="7.655675"></trkpt>
    <trkpt lat="47.245832" lon="7.655482"></trkpt>
    <trkpt lat="47.245730" lon="7.655293"></trkpt>
    <trkpt lat="47.245627" lon="7.655105"></trkpt>
    <trkpt lat="47.245522" lon="7.654920"></trkpt>
    <trkpt lat="47.245414" lon="7.654734"></trkpt>
    <trkpt lat="47.245304" lon="7.654550"></trkpt>
    <trkpt lat="47.245195" lon="7.654371"></trkpt>
    <trkpt lat="47.245085" lon="7.654194"></trkpt>
    <trkpt lat="47.244971" lon="7.654016"></trkpt>
    <trkpt lat="47.244857" lon="7.653842"></trkpt>
    <trkpt lat="47.244740" lon="7.653668"></trkpt>
    <trkpt lat="47.244622" lon="7.653497"></trkpt>
    <trkpt lat="47.244384" lon="7.653162"></trkpt>
    <trkpt lat="47.244141" lon="7.652832"></trkpt>
    <trkpt lat="47.243898" lon="7.652511"></trkpt>
    <trkpt lat="47.243645" lon="7.652188"></trkpt>
    <trkpt lat="47.243414" lon="7.651897"></trkpt>
    <trkpt lat="47.243251" lon="7.651693"></trkpt>
    <trkpt lat="47.242277" lon="7.650477"></trkpt>
    <trkpt lat="47.242091" lon="7.650241"></trkpt>
    <trkpt lat="47.241836" lon="7.649907"></trkpt>
    <trkpt lat="47.241663" lon="7.649675"></trkpt>
    <trkpt lat="47.241424" lon="7.649349"></trkpt>
    <trkpt lat="47.241188" lon="7.649020"></trkpt>
    <trkpt lat="47.240953" lon="7.648684"></trkpt>
    <trkpt lat="47.240826" lon="7.648499"></trkpt>
    <trkpt lat="47.240720" lon="7.648343"></trkpt>
    <trkpt lat="47.240496" lon="7.648007"></trkpt>
    <trkpt lat="47.240269" lon="7.647657"></trkpt>
    <trkpt lat="47.240019" lon="7.647263"></trkpt>
    <trkpt lat="47.239929" lon="7.647119"></trkpt>
    <trkpt lat="47.239792" lon="7.646895"></trkpt>
    <trkpt lat="47.239655" lon="7.646669"></trkpt>
    <trkpt lat="47.239546" lon="7.646486"></trkpt>
    <trkpt lat="47.239438" lon="7.646301"></trkpt>
    <trkpt lat="47.239333" lon="7.646114"></trkpt>
    <trkpt lat="47.239230" lon="7.645925"></trkpt>
    <trkpt lat="47.239128" lon="7.645734"></trkpt>
    <trkpt lat="47.239031" lon="7.645542"></trkpt>
    <trkpt lat="47.238933" lon="7.645339"></trkpt>
    <trkpt lat="47.238842" lon="7.645141"></trkpt>
    <trkpt lat="47.238756" lon="7.644942"></trkpt>
    <trkpt lat="47.238672" lon="7.644738"></trkpt>
    <trkpt lat="47.238590" lon="7.644520"></trkpt>
    <trkpt lat="47.238519" lon="7.644316"></trkpt>
    <trkpt lat="47.238449" lon="7.644097"></trkpt>
    <trkpt lat="47.238388" lon="7.643888"></trkpt>
    <trkpt lat="47.238328" lon="7.643661"></trkpt>
    <trkpt lat="47.238275" lon="7.643429"></trkpt>
    <trkpt lat="47.238226" lon="7.643193"></trkpt>
    <trkpt lat="47.238185" lon="7.642966"></trkpt>
    <trkpt lat="47.238149" lon="7.642738"></trkpt>
    <trkpt lat="47.238116" lon="7.642503"></trkpt>
    <trkpt lat="47.238086" lon="7.642262"></trkpt>
    <trkpt lat="47.238060" lon="7.642020"></trkpt>
    <trkpt lat="47.238032" lon="7.641743"></trkpt>
    <trkpt lat="47.238012" lon="7.641529"></trkpt>
    <trkpt lat="47.237951" lon="7.640819"></trkpt>
    <trkpt lat="47.237929" lon="7.640579"></trkpt>
    <trkpt lat="47.237906" lon="7.640340"></trkpt>
    <trkpt lat="47.237881" lon="7.640102"></trkpt>
    <trkpt lat="47.237853" lon="7.639853"></trkpt>
    <trkpt lat="47.237822" lon="7.639613"></trkpt>
    <trkpt lat="47.237787" lon="7.639379"></trkpt>
    <trkpt lat="47.237766" lon="7.639250"></trkpt>
    <trkpt lat="47.237748" lon="7.639146"></trkpt>
    <trkpt lat="47.237704" lon="7.638914"></trkpt>
    <trkpt lat="47.237653" lon="7.638675"></trkpt>
    <trkpt lat="47.237598" lon="7.638449"></trkpt>
    <trkpt lat="47.237535" lon="7.638216"></trkpt>
    <trkpt lat="47.237468" lon="7.637991"></trkpt>
    <trkpt lat="47.237399" lon="7.637777"></trkpt>
    <trkpt lat="47.237325" lon="7.637562"></trkpt>
    <trkpt lat="47.237242" lon="7.637337"></trkpt>
    <trkpt lat="47.237161" lon="7.637130"></trkpt>
    <trkpt lat="47.237074" lon="7.636918"></trkpt>
    <trkpt lat="47.236990" lon="7.636719"></trkpt>
    <trkpt lat="47.236899" lon="7.636515"></trkpt>
    <trkpt lat="47.236806" lon="7.636314"></trkpt>
    <trkpt lat="47.236708" lon="7.636108"></trkpt>
    <trkpt lat="47.236609" lon="7.635904"></trkpt>
    <trkpt lat="47.236514" lon="7.635713"></trkpt>
    <trkpt lat="47.236418" lon="7.635522"></trkpt>
    <trkpt lat="47.236321" lon="7.635335"></trkpt>
    <trkpt lat="47.236185" lon="7.635078"></trkpt>
    <trkpt lat="47.236121" lon="7.634959"></trkpt>
    <trkpt lat="47.235922" lon="7.634594"></trkpt>
    <trkpt lat="47.235819" lon="7.634409"></trkpt>
    <trkpt lat="47.235715" lon="7.634227"></trkpt>
    <trkpt lat="47.235611" lon="7.634048"></trkpt>
    <trkpt lat="47.235506" lon="7.633869"></trkpt>
    <trkpt lat="47.235397" lon="7.633689"></trkpt>
    <trkpt lat="47.235288" lon="7.633511"></trkpt>
    <trkpt lat="47.235175" lon="7.633330"></trkpt>
    <trkpt lat="47.235036" lon="7.633108"></trkpt>
    <trkpt lat="47.234911" lon="7.632916"></trkpt>
    <trkpt lat="47.234796" lon="7.632741"></trkpt>
    <trkpt lat="47.234680" lon="7.632567"></trkpt>
    <trkpt lat="47.234567" lon="7.632401"></trkpt>
    <trkpt lat="47.234455" lon="7.632236"></trkpt>
    <trkpt lat="47.234225" lon="7.631908"></trkpt>
    <trkpt lat="47.234075" lon="7.631699"></trkpt>
    <trkpt lat="47.233825" lon="7.631356"></trkpt>
    <trkpt lat="47.233574" lon="7.631016"></trkpt>
    <trkpt lat="47.233062" lon="7.630330"></trkpt>
    <trkpt lat="47.232851" lon="7.630047"></trkpt>
    <trkpt lat="47.232581" lon="7.629680"></trkpt>
    <trkpt lat="47.232376" lon="7.629399"></trkpt>
    <trkpt lat="47.232152" lon="7.629086"></trkpt>
    <trkpt lat="47.231916" lon="7.628748"></trkpt>
    <trkpt lat="47.231799" lon="7.628577"></trkpt>
    <trkpt lat="47.231683" lon="7.628405"></trkpt>
    <trkpt lat="47.231568" lon="7.628231"></trkpt>
    <trkpt lat="47.231454" lon="7.628056"></trkpt>
    <trkpt lat="47.231344" lon="7.627885"></trkpt>
    <trkpt lat="47.231236" lon="7.627711"></trkpt>
    <trkpt lat="47.231128" lon="7.627536"></trkpt>
    <trkpt lat="47.231021" lon="7.627359"></trkpt>
    <trkpt lat="47.230916" lon="7.627183"></trkpt>
    <trkpt lat="47.230813" lon="7.627006"></trkpt>
    <trkpt lat="47.230711" lon="7.626828"></trkpt>
    <trkpt lat="47.230611" lon="7.626649"></trkpt>
    <trkpt lat="47.230461" lon="7.626376"></trkpt>
    <trkpt lat="47.230357" lon="7.626184"></trkpt>
    <trkpt lat="47.230256" lon="7.625991"></trkpt>
    <trkpt lat="47.230156" lon="7.625798"></trkpt>
    <trkpt lat="47.230058" lon="7.625605"></trkpt>
    <trkpt lat="47.229963" lon="7.625414"></trkpt>
    <trkpt lat="47.229870" lon="7.625224"></trkpt>
    <trkpt lat="47.229777" lon="7.625030"></trkpt>
    <trkpt lat="47.229685" lon="7.624834"></trkpt>
    <trkpt lat="47.229596" lon="7.624639"></trkpt>
    <trkpt lat="47.229504" lon="7.624435"></trkpt>
    <trkpt lat="47.229413" lon="7.624231"></trkpt>
    <trkpt lat="47.229324" lon="7.624028"></trkpt>
    <trkpt lat="47.229244" lon="7.623843"></trkpt>
    <trkpt lat="47.229072" lon="7.623437"></trkpt>
    <trkpt lat="47.228906" lon="7.623037"></trkpt>
    <trkpt lat="47.228740" lon="7.622622"></trkpt>
    <trkpt lat="47.228582" lon="7.622224"></trkpt>
    <trkpt lat="47.228423" lon="7.621811"></trkpt>
    <trkpt lat="47.228266" lon="7.621396"></trkpt>
    <trkpt lat="47.228110" lon="7.620977"></trkpt>
    <trkpt lat="47.227956" lon="7.620556"></trkpt>
    <trkpt lat="47.227800" lon="7.620129"></trkpt>
    <trkpt lat="47.227647" lon="7.619700"></trkpt>
    <trkpt lat="47.227569" lon="7.619484"></trkpt>
    <trkpt lat="47.227491" lon="7.619265"></trkpt>
    <trkpt lat="47.227367" lon="7.618919"></trkpt>
    <trkpt lat="47.227129" lon="7.618255"></trkpt>
    <trkpt lat="47.226976" lon="7.617826"></trkpt>
    <trkpt lat="47.226822" lon="7.617397"></trkpt>
    <trkpt lat="47.226669" lon="7.616975"></trkpt>
    <trkpt lat="47.226515" lon="7.616555"></trkpt>
    <trkpt lat="47.226363" lon="7.616146"></trkpt>
    <trkpt lat="47.226209" lon="7.615738"></trkpt>
    <trkpt lat="47.226048" lon="7.615318"></trkpt>
    <trkpt lat="47.225884" lon="7.614899"></trkpt>
    <trkpt lat="47.225718" lon="7.614488"></trkpt>
    <trkpt lat="47.225635" lon="7.614285"></trkpt>
    <trkpt lat="47.225550" lon="7.614079"></trkpt>
    <trkpt lat="47.225464" lon="7.613875"></trkpt>
    <trkpt lat="47.225378" lon="7.613674"></trkpt>
    <trkpt lat="47.225291" lon="7.613474"></trkpt>
    <trkpt lat="47.225203" lon="7.613275"></trkpt>
    <trkpt lat="47.225115" lon="7.613076"></trkpt>
    <trkpt lat="47.225025" lon="7.612880"></trkpt>
    <trkpt lat="47.224934" lon="7.612684"></trkpt>
    <trkpt lat="47.224842" lon="7.612488"></trkpt>
    <trkpt lat="47.224748" lon="7.612293"></trkpt>
    <trkpt lat="47.224654" lon="7.612100"></trkpt>
    <trkpt lat="47.224558" lon="7.611909"></trkpt>
    <trkpt lat="47.224461" lon="7.611718"></trkpt>
    <trkpt lat="47.224364" lon="7.611528"></trkpt>
    <trkpt lat="47.224263" lon="7.611337"></trkpt>
    <trkpt lat="47.224162" lon="7.611147"></trkpt>
    <trkpt lat="47.224061" lon="7.610962"></trkpt>
    <trkpt lat="47.223959" lon="7.610778"></trkpt>
    <trkpt lat="47.223856" lon="7.610596"></trkpt>
    <trkpt lat="47.223752" lon="7.610415"></trkpt>
    <trkpt lat="47.223646" lon="7.610237"></trkpt>
    <trkpt lat="47.223540" lon="7.610059"></trkpt>
    <trkpt lat="47.223431" lon="7.609879"></trkpt>
    <trkpt lat="47.223320" lon="7.609701"></trkpt>
    <trkpt lat="47.223212" lon="7.609530"></trkpt>
    <trkpt lat="47.223103" lon="7.609360"></trkpt>
    <trkpt lat="47.222988" lon="7.609185"></trkpt>
    <trkpt lat="47.222873" lon="7.609012"></trkpt>
    <trkpt lat="47.222758" lon="7.608843"></trkpt>
    <trkpt lat="47.222643" lon="7.608676"></trkpt>
    <trkpt lat="47.222525" lon="7.608507"></trkpt>
    <trkpt lat="47.222406" lon="7.608341"></trkpt>
    <trkpt lat="47.222288" lon="7.608180"></trkpt>
    <trkpt lat="47.222170" lon="7.608020"></trkpt>
    <trkpt lat="47.222015" lon="7.607816"></trkpt>
    <trkpt lat="47.221860" lon="7.607615"></trkpt>
    <trkpt lat="47.221680" lon="7.607391"></trkpt>
    <trkpt lat="47.221557" lon="7.607239"></trkpt>
    <trkpt lat="47.221433" lon="7.607089"></trkpt>
    <trkpt lat="47.221303" lon="7.606935"></trkpt>
    <trkpt lat="47.221172" lon="7.606782"></trkpt>
    <trkpt lat="47.221046" lon="7.606638"></trkpt>
    <trkpt lat="47.220918" lon="7.606496"></trkpt>
    <trkpt lat="47.220790" lon="7.606354"></trkpt>
    <trkpt lat="47.220661" lon="7.606214"></trkpt>
    <trkpt lat="47.220527" lon="7.606072"></trkpt>
    <trkpt lat="47.220392" lon="7.605933"></trkpt>
    <trkpt lat="47.220262" lon="7.605799"></trkpt>
    <trkpt lat="47.220130" lon="7.605668"></trkpt>
    <trkpt lat="47.219996" lon="7.605536"></trkpt>
    <trkpt lat="47.219861" lon="7.605406"></trkpt>
    <trkpt lat="47.219725" lon="7.605278"></trkpt>
    <trkpt lat="47.219588" lon="7.605151"></trkpt>
    <trkpt lat="47.219448" lon="7.605024"></trkpt>
    <trkpt lat="47.219307" lon="7.604898"></trkpt>
    <trkpt lat="47.219166" lon="7.604775"></trkpt>
    <trkpt lat="47.219024" lon="7.604654"></trkpt>
    <trkpt lat="47.218882" lon="7.604536"></trkpt>
    <trkpt lat="47.218739" lon="7.604419"></trkpt>
    <trkpt lat="47.218598" lon="7.604306"></trkpt>
    <trkpt lat="47.218457" lon="7.604195"></trkpt>
    <trkpt lat="47.218302" lon="7.604076"></trkpt>
    <trkpt lat="47.218147" lon="7.603960"></trkpt>
    <trkpt lat="47.217975" lon="7.603834"></trkpt>
    <trkpt lat="47.217803" lon="7.603712"></trkpt>
    <trkpt lat="47.217638" lon="7.603596"></trkpt>
    <trkpt lat="47.217471" lon="7.603483"></trkpt>
    <trkpt lat="47.217327" lon="7.603386"></trkpt>
    <trkpt lat="47.217186" lon="7.603294"></trkpt>
    <trkpt lat="47.217019" lon="7.603188"></trkpt>
    <trkpt lat="47.216852" lon="7.603084"></trkpt>
    <trkpt lat="47.216551" lon="7.602902"></trkpt>
    <trkpt lat="47.216249" lon="7.602727"></trkpt>
    <trkpt lat="47.216062" lon="7.602623"></trkpt>
    <trkpt lat="47.215942" lon="7.602556"></trkpt>
    <trkpt lat="47.215709" lon="7.602431"></trkpt>
    <trkpt lat="47.215477" lon="7.602312"></trkpt>
    <trkpt lat="47.215175" lon="7.602162"></trkpt>
    <trkpt lat="47.214867" lon="7.602014"></trkpt>
    <trkpt lat="47.214556" lon="7.601872"></trkpt>
    <trkpt lat="47.214244" lon="7.601735"></trkpt>
    <trkpt lat="47.213914" lon="7.601597"></trkpt>
    <trkpt lat="47.213474" lon="7.601423"></trkpt>
    <trkpt lat="47.213141" lon="7.601298"></trkpt>
    <trkpt lat="47.212826" lon="7.601186"></trkpt>
    <trkpt lat="47.212511" lon="7.601079"></trkpt>
    <trkpt lat="47.212195" lon="7.600977"></trkpt>
    <trkpt lat="47.211870" lon="7.600878"></trkpt>
    <trkpt lat="47.211553" lon="7.600786"></trkpt>
    <trkpt lat="47.211234" lon="7.600700"></trkpt>
    <trkpt lat="47.210908" lon="7.600618"></trkpt>
    <trkpt lat="47.210597" lon="7.600545"></trkpt>
    <trkpt lat="47.210152" lon="7.600447"></trkpt>
    <trkpt lat="47.209913" lon="7.600406"></trkpt>
    <trkpt lat="47.209591" lon="7.600347"></trkpt>
    <trkpt lat="47.209264" lon="7.600292"></trkpt>
    <trkpt lat="47.208936" lon="7.600243"></trkpt>
    <trkpt lat="47.208607" lon="7.600199"></trkpt>
    <trkpt lat="47.208284" lon="7.600161"></trkpt>
    <trkpt lat="47.207959" lon="7.600128"></trkpt>
    <trkpt lat="47.207635" lon="7.600100"></trkpt>
    <trkpt lat="47.207311" lon="7.600076"></trkpt>
    <trkpt lat="47.206988" lon="7.600057"></trkpt>
    <trkpt lat="47.206736" lon="7.600044"></trkpt>
    <trkpt lat="47.206335" lon="7.600029"></trkpt>
    <trkpt lat="47.206009" lon="7.600021"></trkpt>
    <trkpt lat="47.205683" lon="7.600015"></trkpt>
    <trkpt lat="47.205195" lon="7.600012"></trkpt>
    <trkpt lat="47.205023" lon="7.600012"></trkpt>
    <trkpt lat="47.204546" lon="7.600017"></trkpt>
    <trkpt lat="47.203898" lon="7.600030"></trkpt>
    <trkpt lat="47.203250" lon="7.600049"></trkpt>
    <trkpt lat="47.202602" lon="7.600071"></trkpt>
    <trkpt lat="47.201764" lon="7.600103"></trkpt>
    <trkpt lat="47.201257" lon="7.600121"></trkpt>
    <trkpt lat="47.200579" lon="7.600144"></trkpt>
    <trkpt lat="47.200254" lon="7.600153"></trkpt>
    <trkpt lat="47.199604" lon="7.600167"></trkpt>
    <trkpt lat="47.199280" lon="7.600171"></trkpt>
    <trkpt lat="47.198956" lon="7.600173"></trkpt>
    <trkpt lat="47.198633" lon="7.600172"></trkpt>
    <trkpt lat="47.198310" lon="7.600169"></trkpt>
    <trkpt lat="47.197987" lon="7.600163"></trkpt>
    <trkpt lat="47.197617" lon="7.600152"></trkpt>
    <trkpt lat="47.197285" lon="7.600139"></trkpt>
    <trkpt lat="47.196964" lon="7.600122"></trkpt>
    <trkpt lat="47.196674" lon="7.600103"></trkpt>
    <trkpt lat="47.196384" lon="7.600082"></trkpt>
    <trkpt lat="47.195988" lon="7.600045"></trkpt>
    <trkpt lat="47.195738" lon="7.600019"></trkpt>
    <trkpt lat="47.195416" lon="7.599981"></trkpt>
    <trkpt lat="47.195095" lon="7.599937"></trkpt>
    <trkpt lat="47.194773" lon="7.599889"></trkpt>
    <trkpt lat="47.194433" lon="7.599833"></trkpt>
    <trkpt lat="47.194108" lon="7.599774"></trkpt>
    <trkpt lat="47.193783" lon="7.599710"></trkpt>
    <trkpt lat="47.193483" lon="7.599646"></trkpt>
    <trkpt lat="47.193183" lon="7.599580"></trkpt>
    <trkpt lat="47.192839" lon="7.599497"></trkpt>
    <trkpt lat="47.192497" lon="7.599408"></trkpt>
    <trkpt lat="47.192184" lon="7.599322"></trkpt>
    <trkpt lat="47.191870" lon="7.599231"></trkpt>
    <trkpt lat="47.191554" lon="7.599135"></trkpt>
    <trkpt lat="47.191239" lon="7.599033"></trkpt>
    <trkpt lat="47.190926" lon="7.598928"></trkpt>
    <trkpt lat="47.190613" lon="7.598818"></trkpt>
    <trkpt lat="47.190300" lon="7.598702"></trkpt>
    <trkpt lat="47.189985" lon="7.598581"></trkpt>
    <trkpt lat="47.189671" lon="7.598456"></trkpt>
    <trkpt lat="47.189355" lon="7.598323"></trkpt>
    <trkpt lat="47.189040" lon="7.598186"></trkpt>
    <trkpt lat="47.188732" lon="7.598047"></trkpt>
    <trkpt lat="47.188425" lon="7.597905"></trkpt>
    <trkpt lat="47.188116" lon="7.597757"></trkpt>
    <trkpt lat="47.187810" lon="7.597604"></trkpt>
    <trkpt lat="47.187504" lon="7.597450"></trkpt>
    <trkpt lat="47.187235" lon="7.597311"></trkpt>
    <trkpt lat="47.186748" lon="7.597050"></trkpt>
    <trkpt lat="47.186446" lon="7.596883"></trkpt>
    <trkpt lat="47.186154" lon="7.596720"></trkpt>
    <trkpt lat="47.185857" lon="7.596550"></trkpt>
    <trkpt lat="47.185561" lon="7.596379"></trkpt>
    <trkpt lat="47.185256" lon="7.596200"></trkpt>
    <trkpt lat="47.184952" lon="7.596020"></trkpt>
    <trkpt lat="47.184643" lon="7.595835"></trkpt>
    <trkpt lat="47.184047" lon="7.595473"></trkpt>
    <trkpt lat="47.183454" lon="7.595106"></trkpt>
    <trkpt lat="47.182862" lon="7.594738"></trkpt>
    <trkpt lat="47.182261" lon="7.594362"></trkpt>
    <trkpt lat="47.181665" lon="7.593991"></trkpt>
    <trkpt lat="47.181069" lon="7.593622"></trkpt>
    <trkpt lat="47.180474" lon="7.593257"></trkpt>
    <trkpt lat="47.180175" lon="7.593077"></trkpt>
    <trkpt lat="47.179877" lon="7.592899"></trkpt>
    <trkpt lat="47.179577" lon="7.592721"></trkpt>
    <trkpt lat="47.179277" lon="7.592545"></trkpt>
    <trkpt lat="47.178935" lon="7.592349"></trkpt>
    <trkpt lat="47.178523" lon="7.592117"></trkpt>
    <trkpt lat="47.178207" lon="7.591943"></trkpt>
    <trkpt lat="47.177861" lon="7.591755"></trkpt>
    <trkpt lat="47.177514" lon="7.591572"></trkpt>
    <trkpt lat="47.177214" lon="7.591419"></trkpt>
    <trkpt lat="47.177009" lon="7.591316"></trkpt>
    <trkpt lat="47.176600" lon="7.591116"></trkpt>
    <trkpt lat="47.176457" lon="7.591048"></trkpt>
    <trkpt lat="47.176284" lon="7.590967"></trkpt>
    <trkpt lat="47.175975" lon="7.590826"></trkpt>
    <trkpt lat="47.175664" lon="7.590688"></trkpt>
    <trkpt lat="47.175353" lon="7.590558"></trkpt>
    <trkpt lat="47.175043" lon="7.590428"></trkpt>
    <trkpt lat="47.174729" lon="7.590301"></trkpt>
    <trkpt lat="47.174415" lon="7.590181"></trkpt>
    <trkpt lat="47.174324" lon="7.590148"></trkpt>
    <trkpt lat="47.173942" lon="7.590013"></trkpt>
    <trkpt lat="47.173627" lon="7.589908"></trkpt>
    <trkpt lat="47.173311" lon="7.589810"></trkpt>
    <trkpt lat="47.172993" lon="7.589718"></trkpt>
    <trkpt lat="47.172675" lon="7.589626"></trkpt>
    <trkpt lat="47.172357" lon="7.589539"></trkpt>
    <trkpt lat="47.172040" lon="7.589458"></trkpt>
    <trkpt lat="47.171720" lon="7.589380"></trkpt>
    <trkpt lat="47.171401" lon="7.589309"></trkpt>
    <trkpt lat="47.171238" lon="7.589274"></trkpt>
    <trkpt lat="47.171078" lon="7.589240"></trkpt>
    <trkpt lat="47.170757" lon="7.589178"></trkpt>
    <trkpt lat="47.170486" lon="7.589128"></trkpt>
    <trkpt lat="47.170215" lon="7.589082"></trkpt>
    <trkpt lat="47.169847" lon="7.589027"></trkpt>
    <trkpt lat="47.169478" lon="7.588976"></trkpt>
    <trkpt lat="47.169157" lon="7.588938"></trkpt>
    <trkpt lat="47.168837" lon="7.588905"></trkpt>
    <trkpt lat="47.168516" lon="7.588876"></trkpt>
    <trkpt lat="47.168195" lon="7.588852"></trkpt>
    <trkpt lat="47.167873" lon="7.588833"></trkpt>
    <trkpt lat="47.167552" lon="7.588818"></trkpt>
    <trkpt lat="47.167228" lon="7.588809"></trkpt>
    <trkpt lat="47.166905" lon="7.588804"></trkpt>
    <trkpt lat="47.166582" lon="7.588801"></trkpt>
    <trkpt lat="47.166258" lon="7.588801"></trkpt>
    <trkpt lat="47.165934" lon="7.588811"></trkpt>
    <trkpt lat="47.165609" lon="7.588826"></trkpt>
    <trkpt lat="47.165284" lon="7.588845"></trkpt>
    <trkpt lat="47.164943" lon="7.588874"></trkpt>
    <trkpt lat="47.164587" lon="7.588911"></trkpt>
    <trkpt lat="47.164252" lon="7.588948"></trkpt>
    <trkpt lat="47.163918" lon="7.588989"></trkpt>
    <trkpt lat="47.163589" lon="7.589036"></trkpt>
    <trkpt lat="47.163267" lon="7.589086"></trkpt>
    <trkpt lat="47.162945" lon="7.589141"></trkpt>
    <trkpt lat="47.162623" lon="7.589200"></trkpt>
    <trkpt lat="47.162300" lon="7.589266"></trkpt>
    <trkpt lat="47.161979" lon="7.589335"></trkpt>
    <trkpt lat="47.161661" lon="7.589409"></trkpt>
    <trkpt lat="47.161251" lon="7.589511"></trkpt>
    <trkpt lat="47.161020" lon="7.589572"></trkpt>
    <trkpt lat="47.160708" lon="7.589658"></trkpt>
    <trkpt lat="47.160389" lon="7.589748"></trkpt>
    <trkpt lat="47.159757" lon="7.589939"></trkpt>
    <trkpt lat="47.159129" lon="7.590137"></trkpt>
    <trkpt lat="47.158497" lon="7.590340"></trkpt>
    <trkpt lat="47.157865" lon="7.590544"></trkpt>
    <trkpt lat="47.157234" lon="7.590745"></trkpt>
    <trkpt lat="47.156919" lon="7.590843"></trkpt>
    <trkpt lat="47.156603" lon="7.590940"></trkpt>
    <trkpt lat="47.156285" lon="7.591033"></trkpt>
    <trkpt lat="47.155969" lon="7.591124"></trkpt>
    <trkpt lat="47.155654" lon="7.591210"></trkpt>
    <trkpt lat="47.155336" lon="7.591293"></trkpt>
    <trkpt lat="47.155016" lon="7.591372"></trkpt>
    <trkpt lat="47.154697" lon="7.591445"></trkpt>
    <trkpt lat="47.154377" lon="7.591513"></trkpt>
    <trkpt lat="47.154072" lon="7.591572"></trkpt>
    <trkpt lat="47.153913" lon="7.591602"></trkpt>
    <trkpt lat="47.153753" lon="7.591630"></trkpt>
    <trkpt lat="47.153593" lon="7.591656"></trkpt>
    <trkpt lat="47.153433" lon="7.591680"></trkpt>
    <trkpt lat="47.153272" lon="7.591701"></trkpt>
    <trkpt lat="47.153111" lon="7.591721"></trkpt>
    <trkpt lat="47.152951" lon="7.591740"></trkpt>
    <trkpt lat="47.152790" lon="7.591756"></trkpt>
    <trkpt lat="47.152624" lon="7.591772"></trkpt>
    <trkpt lat="47.152410" lon="7.591789"></trkpt>
    <trkpt lat="47.152148" lon="7.591805"></trkpt>
    <trkpt lat="47.151819" lon="7.591821"></trkpt>
    <trkpt lat="47.151659" lon="7.591826"></trkpt>
    <trkpt lat="47.151496" lon="7.591829"></trkpt>
    <trkpt lat="47.151333" lon="7.591830"></trkpt>
    <trkpt lat="47.151173" lon="7.591830"></trkpt>
    <trkpt lat="47.151014" lon="7.591828"></trkpt>
    <trkpt lat="47.150850" lon="7.591825"></trkpt>
    <trkpt lat="47.150686" lon="7.591819"></trkpt>
    <trkpt lat="47.150528" lon="7.591812"></trkpt>
    <trkpt lat="47.150370" lon="7.591803"></trkpt>
    <trkpt lat="47.150209" lon="7.591793"></trkpt>
    <trkpt lat="47.150048" lon="7.591781"></trkpt>
    <trkpt lat="47.149888" lon="7.591767"></trkpt>
    <trkpt lat="47.149727" lon="7.591751"></trkpt>
    <trkpt lat="47.149564" lon="7.591734"></trkpt>
    <trkpt lat="47.149401" lon="7.591715"></trkpt>
    <trkpt lat="47.149241" lon="7.591694"></trkpt>
    <trkpt lat="47.149117" lon="7.591677"></trkpt>
    <trkpt lat="47.148922" lon="7.591648"></trkpt>
    <trkpt lat="47.148759" lon="7.591622"></trkpt>
    <trkpt lat="47.148598" lon="7.591594"></trkpt>
    <trkpt lat="47.148438" lon="7.591565"></trkpt>
    <trkpt lat="47.148120" lon="7.591502"></trkpt>
    <trkpt lat="47.147802" lon="7.591433"></trkpt>
    <trkpt lat="47.147486" lon="7.591356"></trkpt>
    <trkpt lat="47.147169" lon="7.591274"></trkpt>
    <trkpt lat="47.146855" lon="7.591186"></trkpt>
    <trkpt lat="47.146540" lon="7.591092"></trkpt>
    <trkpt lat="47.146185" lon="7.590979"></trkpt>
    <trkpt lat="47.145829" lon="7.590860"></trkpt>
    <trkpt lat="47.145513" lon="7.590748"></trkpt>
    <trkpt lat="47.145198" lon="7.590632"></trkpt>
    <trkpt lat="47.144881" lon="7.590511"></trkpt>
    <trkpt lat="47.144565" lon="7.590387"></trkpt>
    <trkpt lat="47.144255" lon="7.590260"></trkpt>
    <trkpt lat="47.143947" lon="7.590130"></trkpt>
    <trkpt lat="47.143572" lon="7.589968"></trkpt>
    <trkpt lat="47.143324" lon="7.589859"></trkpt>
    <trkpt lat="47.143014" lon="7.589720"></trkpt>
    <trkpt lat="47.142705" lon="7.589578"></trkpt>
    <trkpt lat="47.142396" lon="7.589434"></trkpt>
    <trkpt lat="47.142089" lon="7.589290"></trkpt>
    <trkpt lat="47.141782" lon="7.589143"></trkpt>
    <trkpt lat="47.141169" lon="7.588849"></trkpt>
    <trkpt lat="47.140557" lon="7.588552"></trkpt>
    <trkpt lat="47.139935" lon="7.588248"></trkpt>
    <trkpt lat="47.139321" lon="7.587951"></trkpt>
    <trkpt lat="47.138707" lon="7.587656"></trkpt>
    <trkpt lat="47.138093" lon="7.587364"></trkpt>
    <trkpt lat="47.137479" lon="7.587073"></trkpt>
    <trkpt lat="47.136861" lon="7.586784"></trkpt>
    <trkpt lat="47.136244" lon="7.586498"></trkpt>
    <trkpt lat="47.135625" lon="7.586212"></trkpt>
    <trkpt lat="47.135007" lon="7.585929"></trkpt>
    <trkpt lat="47.134461" lon="7.585682"></trkpt>
    <trkpt lat="47.133224" lon="7.585129"></trkpt>
    <trkpt lat="47.132602" lon="7.584855"></trkpt>
    <trkpt lat="47.131982" lon="7.584583"></trkpt>
    <trkpt lat="47.131360" lon="7.584315"></trkpt>
    <trkpt lat="47.130738" lon="7.584050"></trkpt>
    <trkpt lat="47.130116" lon="7.583786"></trkpt>
    <trkpt lat="47.129492" lon="7.583525"></trkpt>
    <trkpt lat="47.128866" lon="7.583266"></trkpt>
    <trkpt lat="47.128241" lon="7.583011"></trkpt>
    <trkpt lat="47.127620" lon="7.582762"></trkpt>
    <trkpt lat="47.126999" lon="7.582514"></trkpt>
    <trkpt lat="47.126247" lon="7.582219"></trkpt>
    <trkpt lat="47.125986" lon="7.582118"></trkpt>
    <trkpt lat="47.125352" lon="7.581876"></trkpt>
    <trkpt lat="47.124813" lon="7.581670"></trkpt>
    <trkpt lat="47.124281" lon="7.581474"></trkpt>
    <trkpt lat="47.123775" lon="7.581288"></trkpt>
    <trkpt lat="47.123144" lon="7.581059"></trkpt>
    <trkpt lat="47.122514" lon="7.580835"></trkpt>
    <trkpt lat="47.121882" lon="7.580612"></trkpt>
    <trkpt lat="47.121251" lon="7.580395"></trkpt>
    <trkpt lat="47.120619" lon="7.580180"></trkpt>
    <trkpt lat="47.119987" lon="7.579969"></trkpt>
    <trkpt lat="47.119355" lon="7.579761"></trkpt>
    <trkpt lat="47.118398" lon="7.579455"></trkpt>
    <trkpt lat="47.117766" lon="7.579257"></trkpt>
    <trkpt lat="47.117376" lon="7.579136"></trkpt>
    <trkpt lat="47.116816" lon="7.578966"></trkpt>
    <trkpt lat="47.116553" lon="7.578886"></trkpt>
    <trkpt lat="47.116113" lon="7.578755"></trkpt>
    <trkpt lat="47.115471" lon="7.578567"></trkpt>
    <trkpt lat="47.114834" lon="7.578383"></trkpt>
    <trkpt lat="47.114196" lon="7.578203"></trkpt>
    <trkpt lat="47.113870" lon="7.578113"></trkpt>
    <trkpt lat="47.113644" lon="7.578051"></trkpt>
    <trkpt lat="47.113230" lon="7.577937"></trkpt>
    <trkpt lat="47.112908" lon="7.577850"></trkpt>
    <trkpt lat="47.112268" lon="7.577680"></trkpt>
    <trkpt lat="47.111627" lon="7.577512"></trkpt>
    <trkpt lat="47.110990" lon="7.577346"></trkpt>
    <trkpt lat="47.110358" lon="7.577184"></trkpt>
    <trkpt lat="47.109720" lon="7.577023"></trkpt>
    <trkpt lat="47.109087" lon="7.576864"></trkpt>
    <trkpt lat="47.108771" lon="7.576785"></trkpt>
    <trkpt lat="47.108604" lon="7.576743"></trkpt>
    <trkpt lat="47.107326" lon="7.576427"></trkpt>
    <trkpt lat="47.106690" lon="7.576270"></trkpt>
    <trkpt lat="47.104697" lon="7.575785"></trkpt>
    <trkpt lat="47.104049" lon="7.575629"></trkpt>
    <trkpt lat="47.102133" lon="7.575171"></trkpt>
    <trkpt lat="47.100235" lon="7.574723"></trkpt>
    <trkpt lat="47.099891" lon="7.574642"></trkpt>
    <trkpt lat="47.098292" lon="7.574270"></trkpt>
    <trkpt lat="47.097015" lon="7.573978"></trkpt>
    <trkpt lat="47.096379" lon="7.573832"></trkpt>
    <trkpt lat="47.094732" lon="7.573459"></trkpt>
    <trkpt lat="47.094217" lon="7.573344"></trkpt>
    <trkpt lat="47.093702" lon="7.573230"></trkpt>
    <trkpt lat="47.093381" lon="7.573162"></trkpt>
    <trkpt lat="47.093060" lon="7.573097"></trkpt>
    <trkpt lat="47.092900" lon="7.573066"></trkpt>
    <trkpt lat="47.092738" lon="7.573037"></trkpt>
    <trkpt lat="47.092577" lon="7.573010"></trkpt>
    <trkpt lat="47.092421" lon="7.572986"></trkpt>
    <trkpt lat="47.092251" lon="7.572963"></trkpt>
    <trkpt lat="47.092088" lon="7.572945"></trkpt>
    <trkpt lat="47.091925" lon="7.572931"></trkpt>
    <trkpt lat="47.091762" lon="7.572921"></trkpt>
    <trkpt lat="47.091600" lon="7.572915"></trkpt>
    <trkpt lat="47.091439" lon="7.572913"></trkpt>
    <trkpt lat="47.091278" lon="7.572916"></trkpt>
    <trkpt lat="47.091115" lon="7.572922"></trkpt>
    <trkpt lat="47.091018" lon="7.572928"></trkpt>
    <trkpt lat="47.090967" lon="7.572931"></trkpt>
    <trkpt lat="47.090795" lon="7.572945"></trkpt>
    <trkpt lat="47.090634" lon="7.572961"></trkpt>
    <trkpt lat="47.090474" lon="7.572980"></trkpt>
    <trkpt lat="47.090315" lon="7.573003"></trkpt>
    <trkpt lat="47.090076" lon="7.573040"></trkpt>
    <trkpt lat="47.089749" lon="7.573099"></trkpt>
    <trkpt lat="47.089546" lon="7.573140"></trkpt>
    <trkpt lat="47.089423" lon="7.573166"></trkpt>
    <trkpt lat="47.089101" lon="7.573237"></trkpt>
    <trkpt lat="47.088783" lon="7.573311"></trkpt>
    <trkpt lat="47.088202" lon="7.573456"></trkpt>
    <trkpt lat="47.087816" lon="7.573554"></trkpt>
    <trkpt lat="47.087499" lon="7.573632"></trkpt>
    <trkpt lat="47.087183" lon="7.573705"></trkpt>
    <trkpt lat="47.086915" lon="7.573761"></trkpt>
    <trkpt lat="47.086713" lon="7.573801"></trkpt>
    <trkpt lat="47.086540" lon="7.573835"></trkpt>
    <trkpt lat="47.086364" lon="7.573867"></trkpt>
    <trkpt lat="47.086158" lon="7.573893"></trkpt>
    <trkpt lat="47.085768" lon="7.573939"></trkpt>
    <trkpt lat="47.085519" lon="7.573965"></trkpt>
    <trkpt lat="47.085116" lon="7.573979"></trkpt>
    <trkpt lat="47.084697" lon="7.573983"></trkpt>
    <trkpt lat="47.084439" lon="7.573975"></trkpt>
    <trkpt lat="47.084167" lon="7.573946"></trkpt>
    <trkpt lat="47.083796" lon="7.573893"></trkpt>
    <trkpt lat="47.083583" lon="7.573850"></trkpt>
    <trkpt lat="47.083323" lon="7.573787"></trkpt>
    <trkpt lat="47.083172" lon="7.573746"></trkpt>
    <trkpt lat="47.083020" lon="7.573703"></trkpt>
    <trkpt lat="47.082872" lon="7.573657"></trkpt>
    <trkpt lat="47.082775" lon="7.573626"></trkpt>
    <trkpt lat="47.082621" lon="7.573572"></trkpt>
    <trkpt lat="47.082468" lon="7.573515"></trkpt>
    <trkpt lat="47.082315" lon="7.573456"></trkpt>
    <trkpt lat="47.082200" lon="7.573410"></trkpt>
    <trkpt lat="47.082086" lon="7.573363"></trkpt>
    <trkpt lat="47.081892" lon="7.573278"></trkpt>
    <trkpt lat="47.081714" lon="7.573195"></trkpt>
    <trkpt lat="47.081440" lon="7.573063"></trkpt>
    <trkpt lat="47.081062" lon="7.572865"></trkpt>
    <trkpt lat="47.080732" lon="7.572682"></trkpt>
    <trkpt lat="47.080432" lon="7.572506"></trkpt>
    <trkpt lat="47.080137" lon="7.572326"></trkpt>
    <trkpt lat="47.079839" lon="7.572140"></trkpt>
    <trkpt lat="47.079545" lon="7.571949"></trkpt>
    <trkpt lat="47.079252" lon="7.571753"></trkpt>
    <trkpt lat="47.078959" lon="7.571554"></trkpt>
    <trkpt lat="47.078378" lon="7.571156"></trkpt>
    <trkpt lat="47.077794" lon="7.570752"></trkpt>
    <trkpt lat="47.077212" lon="7.570348"></trkpt>
    <trkpt lat="47.076630" lon="7.569944"></trkpt>
    <trkpt lat="47.075993" lon="7.569499"></trkpt>
    <trkpt lat="47.075414" lon="7.569100"></trkpt>
    <trkpt lat="47.073878" lon="7.568029"></trkpt>
    <trkpt lat="47.073371" lon="7.567672"></trkpt>
    <trkpt lat="47.072496" lon="7.567056"></trkpt>
    <trkpt lat="47.072057" lon="7.566747"></trkpt>
    <trkpt lat="47.071477" lon="7.566336"></trkpt>
    <trkpt lat="47.071187" lon="7.566129"></trkpt>
    <trkpt lat="47.070897" lon="7.565922"></trkpt>
    <trkpt lat="47.070608" lon="7.565716"></trkpt>
    <trkpt lat="47.070319" lon="7.565508"></trkpt>
    <trkpt lat="47.070034" lon="7.565299"></trkpt>
    <trkpt lat="47.069746" lon="7.565087"></trkpt>
    <trkpt lat="47.069458" lon="7.564873"></trkpt>
    <trkpt lat="47.069172" lon="7.564656"></trkpt>
    <trkpt lat="47.068883" lon="7.564435"></trkpt>
    <trkpt lat="47.068596" lon="7.564212"></trkpt>
    <trkpt lat="47.068317" lon="7.563992"></trkpt>
    <trkpt lat="47.067993" lon="7.563731"></trkpt>
    <trkpt lat="47.067753" lon="7.563535"></trkpt>
    <trkpt lat="47.067379" lon="7.563223"></trkpt>
    <trkpt lat="47.067054" lon="7.562946"></trkpt>
    <trkpt lat="47.066777" lon="7.562704"></trkpt>
    <trkpt lat="47.066502" lon="7.562462"></trkpt>
    <trkpt lat="47.066227" lon="7.562217"></trkpt>
    <trkpt lat="47.065924" lon="7.561941"></trkpt>
    <trkpt lat="47.065540" lon="7.561584"></trkpt>
    <trkpt lat="47.065274" lon="7.561332"></trkpt>
    <trkpt lat="47.065008" lon="7.561077"></trkpt>
    <trkpt lat="47.064738" lon="7.560814"></trkpt>
    <trkpt lat="47.064469" lon="7.560548"></trkpt>
    <trkpt lat="47.064205" lon="7.560281"></trkpt>
    <trkpt lat="47.063942" lon="7.560010"></trkpt>
    <trkpt lat="47.063811" lon="7.559874"></trkpt>
    <trkpt lat="47.063680" lon="7.559737"></trkpt>
    <trkpt lat="47.063547" lon="7.559597"></trkpt>
    <trkpt lat="47.063415" lon="7.559457"></trkpt>
    <trkpt lat="47.063283" lon="7.559317"></trkpt>
    <trkpt lat="47.063153" lon="7.559175"></trkpt>
    <trkpt lat="47.063024" lon="7.559032"></trkpt>
    <trkpt lat="47.062900" lon="7.558893"></trkpt>
    <trkpt lat="47.062777" lon="7.558753"></trkpt>
    <trkpt lat="47.062646" lon="7.558599"></trkpt>
    <trkpt lat="47.062516" lon="7.558443"></trkpt>
    <trkpt lat="47.062172" lon="7.558003"></trkpt>
    <trkpt lat="47.062049" lon="7.557835"></trkpt>
    <trkpt lat="47.061931" lon="7.557669"></trkpt>
    <trkpt lat="47.061816" lon="7.557500"></trkpt>
    <trkpt lat="47.061708" lon="7.557334"></trkpt>
    <trkpt lat="47.061601" lon="7.557166"></trkpt>
    <trkpt lat="47.061464" lon="7.556940"></trkpt>
    <trkpt lat="47.061340" lon="7.556728"></trkpt>
    <trkpt lat="47.061237" lon="7.556546"></trkpt>
    <trkpt lat="47.061135" lon="7.556360"></trkpt>
    <trkpt lat="47.061037" lon="7.556174"></trkpt>
    <trkpt lat="47.060940" lon="7.555985"></trkpt>
    <trkpt lat="47.060750" lon="7.555600"></trkpt>
    <trkpt lat="47.060567" lon="7.555210"></trkpt>
    <trkpt lat="47.060391" lon="7.554815"></trkpt>
    <trkpt lat="47.060219" lon="7.554410"></trkpt>
    <trkpt lat="47.060053" lon="7.554005"></trkpt>
    <trkpt lat="47.059889" lon="7.553588"></trkpt>
    <trkpt lat="47.059756" lon="7.553240"></trkpt>
    <trkpt lat="47.059624" lon="7.552891"></trkpt>
    <trkpt lat="47.059414" lon="7.552315"></trkpt>
    <trkpt lat="47.059066" lon="7.551338"></trkpt>
    <trkpt lat="47.058987" lon="7.551111"></trkpt>
    <trkpt lat="47.058842" lon="7.550700"></trkpt>
    <trkpt lat="47.058646" lon="7.550151"></trkpt>
    <trkpt lat="47.058537" lon="7.549848"></trkpt>
    <trkpt lat="47.058382" lon="7.549423"></trkpt>
    <trkpt lat="47.058225" lon="7.549000"></trkpt>
    <trkpt lat="47.058074" lon="7.548602"></trkpt>
    <trkpt lat="47.057921" lon="7.548206"></trkpt>
    <trkpt lat="47.057766" lon="7.547809"></trkpt>
    <trkpt lat="47.057608" lon="7.547413"></trkpt>
    <trkpt lat="47.057448" lon="7.547015"></trkpt>
    <trkpt lat="47.057292" lon="7.546633"></trkpt>
    <trkpt lat="47.057125" lon="7.546234"></trkpt>
    <trkpt lat="47.056952" lon="7.545826"></trkpt>
    <trkpt lat="47.056778" lon="7.545421"></trkpt>
    <trkpt lat="47.056603" lon="7.545021"></trkpt>
    <trkpt lat="47.056426" lon="7.544620"></trkpt>
    <trkpt lat="47.056247" lon="7.544222"></trkpt>
    <trkpt lat="47.056071" lon="7.543835"></trkpt>
    <trkpt lat="47.055889" lon="7.543444"></trkpt>
    <trkpt lat="47.055705" lon="7.543057"></trkpt>
    <trkpt lat="47.055516" lon="7.542663"></trkpt>
    <trkpt lat="47.055327" lon="7.542275"></trkpt>
    <trkpt lat="47.055136" lon="7.541890"></trkpt>
    <trkpt lat="47.054998" lon="7.541614"></trkpt>
    <trkpt lat="47.054852" lon="7.541325"></trkpt>
    <trkpt lat="47.054652" lon="7.540941"></trkpt>
    <trkpt lat="47.054451" lon="7.540566"></trkpt>
    <trkpt lat="47.054248" lon="7.540196"></trkpt>
    <trkpt lat="47.054041" lon="7.539830"></trkpt>
    <trkpt lat="47.053830" lon="7.539470"></trkpt>
    <trkpt lat="47.053617" lon="7.539115"></trkpt>
    <trkpt lat="47.053400" lon="7.538764"></trkpt>
    <trkpt lat="47.053180" lon="7.538418"></trkpt>
    <trkpt lat="47.052958" lon="7.538076"></trkpt>
    <trkpt lat="47.052730" lon="7.537735"></trkpt>
    <trkpt lat="47.052501" lon="7.537400"></trkpt>
    <trkpt lat="47.052269" lon="7.537069"></trkpt>
    <trkpt lat="47.052034" lon="7.536740"></trkpt>
    <trkpt lat="47.051797" lon="7.536419"></trkpt>
    <trkpt lat="47.051558" lon="7.536101"></trkpt>
    <trkpt lat="47.051315" lon="7.535786"></trkpt>
    <trkpt lat="47.051069" lon="7.535476"></trkpt>
    <trkpt lat="47.050822" lon="7.535170"></trkpt>
    <trkpt lat="47.050572" lon="7.534871"></trkpt>
    <trkpt lat="47.050318" lon="7.534571"></trkpt>
    <trkpt lat="47.050065" lon="7.534282"></trkpt>
    <trkpt lat="47.049808" lon="7.533995"></trkpt>
    <trkpt lat="47.049678" lon="7.533852"></trkpt>
    <trkpt lat="47.049551" lon="7.533715"></trkpt>
    <trkpt lat="47.049423" lon="7.533578"></trkpt>
    <trkpt lat="47.049291" lon="7.533439"></trkpt>
    <trkpt lat="47.049159" lon="7.533301"></trkpt>
    <trkpt lat="47.049026" lon="7.533164"></trkpt>
    <trkpt lat="47.048893" lon="7.533028"></trkpt>
    <trkpt lat="47.048758" lon="7.532893"></trkpt>
    <trkpt lat="47.048622" lon="7.532759"></trkpt>
    <trkpt lat="47.048468" lon="7.532609"></trkpt>
    <trkpt lat="47.048215" lon="7.532367"></trkpt>
    <trkpt lat="47.048080" lon="7.532240"></trkpt>
    <trkpt lat="47.047945" lon="7.532115"></trkpt>
    <trkpt lat="47.047809" lon="7.531991"></trkpt>
    <trkpt lat="47.047532" lon="7.531743"></trkpt>
    <trkpt lat="47.047391" lon="7.531619"></trkpt>
    <trkpt lat="47.047250" lon="7.531496"></trkpt>
    <trkpt lat="47.047113" lon="7.531379"></trkpt>
    <trkpt lat="47.046974" lon="7.531267"></trkpt>
    <trkpt lat="47.046832" lon="7.531147"></trkpt>
    <trkpt lat="47.046688" lon="7.531032"></trkpt>
    <trkpt lat="47.046546" lon="7.530920"></trkpt>
    <trkpt lat="47.046402" lon="7.530811"></trkpt>
    <trkpt lat="47.046166" lon="7.530638"></trkpt>
    <trkpt lat="47.046110" lon="7.530599"></trkpt>
    <trkpt lat="47.045965" lon="7.530497"></trkpt>
    <trkpt lat="47.045810" lon="7.530395"></trkpt>
    <trkpt lat="47.045660" lon="7.530298"></trkpt>
    <trkpt lat="47.045505" lon="7.530204"></trkpt>
    <trkpt lat="47.045360" lon="7.530117"></trkpt>
    <trkpt lat="47.045202" lon="7.530028"></trkpt>
    <trkpt lat="47.045052" lon="7.529947"></trkpt>
    <trkpt lat="47.044906" lon="7.529871"></trkpt>
    <trkpt lat="47.044753" lon="7.529795"></trkpt>
    <trkpt lat="47.044595" lon="7.529721"></trkpt>
    <trkpt lat="47.044440" lon="7.529652"></trkpt>
    <trkpt lat="47.044283" lon="7.529585"></trkpt>
    <trkpt lat="47.044131" lon="7.529524"></trkpt>
    <trkpt lat="47.043983" lon="7.529467"></trkpt>
    <trkpt lat="47.043860" lon="7.529422"></trkpt>
    <trkpt lat="47.043799" lon="7.529402"></trkpt>
    <trkpt lat="47.043662" lon="7.529356"></trkpt>
    <trkpt lat="47.043502" lon="7.529306"></trkpt>
    <trkpt lat="47.043334" lon="7.529257"></trkpt>
    <trkpt lat="47.043165" lon="7.529212"></trkpt>
    <trkpt lat="47.043009" lon="7.529173"></trkpt>
    <trkpt lat="47.042854" lon="7.529138"></trkpt>
    <trkpt lat="47.042692" lon="7.529103"></trkpt>
    <trkpt lat="47.042530" lon="7.529071"></trkpt>
    <trkpt lat="47.042365" lon="7.529041"></trkpt>
    <trkpt lat="47.042196" lon="7.529013"></trkpt>
    <trkpt lat="47.041901" lon="7.528968"></trkpt>
    <trkpt lat="47.041724" lon="7.528943"></trkpt>
    <trkpt lat="47.041401" lon="7.528904"></trkpt>
    <trkpt lat="47.041080" lon="7.528871"></trkpt>
    <trkpt lat="47.040756" lon="7.528843"></trkpt>
    <trkpt lat="47.040375" lon="7.528815"></trkpt>
    <trkpt lat="47.039993" lon="7.528787"></trkpt>
    <trkpt lat="47.039618" lon="7.528766"></trkpt>
    <trkpt lat="47.039302" lon="7.528750"></trkpt>
    <trkpt lat="47.038816" lon="7.528727"></trkpt>
    <trkpt lat="47.038496" lon="7.528712"></trkpt>
    <trkpt lat="47.038165" lon="7.528697"></trkpt>
    <trkpt lat="47.037842" lon="7.528681"></trkpt>
    <trkpt lat="47.037519" lon="7.528663"></trkpt>
    <trkpt lat="47.037202" lon="7.528642"></trkpt>
    <trkpt lat="47.036879" lon="7.528618"></trkpt>
    <trkpt lat="47.036557" lon="7.528592"></trkpt>
    <trkpt lat="47.036235" lon="7.528561"></trkpt>
    <trkpt lat="47.035914" lon="7.528526"></trkpt>
    <trkpt lat="47.035754" lon="7.528507"></trkpt>
    <trkpt lat="47.035594" lon="7.528487"></trkpt>
    <trkpt lat="47.035433" lon="7.528465"></trkpt>
    <trkpt lat="47.035271" lon="7.528441"></trkpt>
    <trkpt lat="47.035111" lon="7.528416"></trkpt>
    <trkpt lat="47.034950" lon="7.528389"></trkpt>
    <trkpt lat="47.034792" lon="7.528361"></trkpt>
    <trkpt lat="47.034632" lon="7.528330"></trkpt>
    <trkpt lat="47.034472" lon="7.528297"></trkpt>
    <trkpt lat="47.034311" lon="7.528263"></trkpt>
    <trkpt lat="47.034152" lon="7.528227"></trkpt>
    <trkpt lat="47.033993" lon="7.528188"></trkpt>
    <trkpt lat="47.033833" lon="7.528147"></trkpt>
    <trkpt lat="47.033676" lon="7.528103"></trkpt>
    <trkpt lat="47.033519" lon="7.528058"></trkpt>
    <trkpt lat="47.033359" lon="7.528009"></trkpt>
    <trkpt lat="47.033200" lon="7.527958"></trkpt>
    <trkpt lat="47.033042" lon="7.527905"></trkpt>
    <trkpt lat="47.032884" lon="7.527849"></trkpt>
    <trkpt lat="47.032730" lon="7.527792"></trkpt>
    <trkpt lat="47.032576" lon="7.527732"></trkpt>
    <trkpt lat="47.032420" lon="7.527668"></trkpt>
    <trkpt lat="47.032264" lon="7.527601"></trkpt>
    <trkpt lat="47.032111" lon="7.527531"></trkpt>
    <trkpt lat="47.031959" lon="7.527459"></trkpt>
    <trkpt lat="47.031810" lon="7.527386"></trkpt>
    <trkpt lat="47.031650" lon="7.527303"></trkpt>
    <trkpt lat="47.031502" lon="7.527222"></trkpt>
    <trkpt lat="47.031354" lon="7.527138"></trkpt>
    <trkpt lat="47.031151" lon="7.527018"></trkpt>
    <trkpt lat="47.031055" lon="7.526958"></trkpt>
    <trkpt lat="47.030909" lon="7.526864"></trkpt>
    <trkpt lat="47.030765" lon="7.526766"></trkpt>
    <trkpt lat="47.030617" lon="7.526663"></trkpt>
    <trkpt lat="47.030470" lon="7.526556"></trkpt>
    <trkpt lat="47.030326" lon="7.526446"></trkpt>
    <trkpt lat="47.030184" lon="7.526332"></trkpt>
    <trkpt lat="47.030047" lon="7.526220"></trkpt>
    <trkpt lat="47.029911" lon="7.526104"></trkpt>
    <trkpt lat="47.029775" lon="7.525983"></trkpt>
    <trkpt lat="47.029640" lon="7.525860"></trkpt>
    <trkpt lat="47.029503" lon="7.525728"></trkpt>
    <trkpt lat="47.029366" lon="7.525593"></trkpt>
    <trkpt lat="47.029235" lon="7.525460"></trkpt>
    <trkpt lat="47.029107" lon="7.525323"></trkpt>
    <trkpt lat="47.028977" lon="7.525180"></trkpt>
    <trkpt lat="47.028849" lon="7.525035"></trkpt>
    <trkpt lat="47.028724" lon="7.524888"></trkpt>
    <trkpt lat="47.028600" lon="7.524739"></trkpt>
    <trkpt lat="47.028476" lon="7.524583"></trkpt>
    <trkpt lat="47.028354" lon="7.524424"></trkpt>
    <trkpt lat="47.028236" lon="7.524266"></trkpt>
    <trkpt lat="47.028125" lon="7.524112"></trkpt>
    <trkpt lat="47.028015" lon="7.523955"></trkpt>
    <trkpt lat="47.027907" lon="7.523797"></trkpt>
    <trkpt lat="47.027791" lon="7.523621"></trkpt>
    <trkpt lat="47.027684" lon="7.523453"></trkpt>
    <trkpt lat="47.027579" lon="7.523282"></trkpt>
    <trkpt lat="47.027474" lon="7.523107"></trkpt>
    <trkpt lat="47.027372" lon="7.522930"></trkpt>
    <trkpt lat="47.027267" lon="7.522741"></trkpt>
    <trkpt lat="47.027164" lon="7.522551"></trkpt>
    <trkpt lat="47.027068" lon="7.522367"></trkpt>
    <trkpt lat="47.026974" lon="7.522180"></trkpt>
    <trkpt lat="47.026854" lon="7.521933"></trkpt>
    <trkpt lat="47.026748" lon="7.521704"></trkpt>
    <trkpt lat="47.026573" lon="7.521306"></trkpt>
    <trkpt lat="47.026489" lon="7.521105"></trkpt>
    <trkpt lat="47.026407" lon="7.520903"></trkpt>
    <trkpt lat="47.026326" lon="7.520699"></trkpt>
    <trkpt lat="47.026247" lon="7.520494"></trkpt>
    <trkpt lat="47.026170" lon="7.520287"></trkpt>
    <trkpt lat="47.026094" lon="7.520077"></trkpt>
    <trkpt lat="47.026019" lon="7.519866"></trkpt>
    <trkpt lat="47.025944" lon="7.519651"></trkpt>
    <trkpt lat="47.025871" lon="7.519435"></trkpt>
    <trkpt lat="47.025761" lon="7.519105"></trkpt>
    <trkpt lat="47.025655" lon="7.518776"></trkpt>
    <trkpt lat="47.025456" lon="7.518141"></trkpt>
    <trkpt lat="47.025290" lon="7.517604"></trkpt>
    <trkpt lat="47.024990" lon="7.516628"></trkpt>
    <trkpt lat="47.024782" lon="7.515964"></trkpt>
    <trkpt lat="47.024571" lon="7.515300"></trkpt>
    <trkpt lat="47.024487" lon="7.515039"></trkpt>
    <trkpt lat="47.024419" lon="7.514830"></trkpt>
    <trkpt lat="47.024282" lon="7.514407"></trkpt>
    <trkpt lat="47.024143" lon="7.513986"></trkpt>
    <trkpt lat="47.023494" lon="7.512036"></trkpt>
    <trkpt lat="47.022791" lon="7.509929"></trkpt>
    <trkpt lat="47.021456" lon="7.505935"></trkpt>
    <trkpt lat="47.021398" lon="7.505758"></trkpt>
    <trkpt lat="47.020379" lon="7.502705"></trkpt>
    <trkpt lat="47.020308" lon="7.502497"></trkpt>
    <trkpt lat="47.020237" lon="7.502289"></trkpt>
    <trkpt lat="47.020162" lon="7.502073"></trkpt>
    <trkpt lat="47.020086" lon="7.501858"></trkpt>
    <trkpt lat="47.020012" lon="7.501653"></trkpt>
    <trkpt lat="47.019934" lon="7.501444"></trkpt>
    <trkpt lat="47.019853" lon="7.501239"></trkpt>
    <trkpt lat="47.019771" lon="7.501042"></trkpt>
    <trkpt lat="47.019682" lon="7.500838"></trkpt>
    <trkpt lat="47.019590" lon="7.500638"></trkpt>
    <trkpt lat="47.019497" lon="7.500445"></trkpt>
    <trkpt lat="47.019401" lon="7.500256"></trkpt>
    <trkpt lat="47.019296" lon="7.500060"></trkpt>
    <trkpt lat="47.019198" lon="7.499887"></trkpt>
    <trkpt lat="47.019089" lon="7.499699"></trkpt>
    <trkpt lat="47.018983" lon="7.499528"></trkpt>
    <trkpt lat="47.018869" lon="7.499352"></trkpt>
    <trkpt lat="47.018758" lon="7.499190"></trkpt>
    <trkpt lat="47.018639" lon="7.499023"></trkpt>
    <trkpt lat="47.018520" lon="7.498862"></trkpt>
    <trkpt lat="47.018398" lon="7.498707"></trkpt>
    <trkpt lat="47.018271" lon="7.498553"></trkpt>
    <trkpt lat="47.018145" lon="7.498407"></trkpt>
    <trkpt lat="47.018014" lon="7.498262"></trkpt>
    <trkpt lat="47.017885" lon="7.498127"></trkpt>
    <trkpt lat="47.017749" lon="7.497992"></trkpt>
    <trkpt lat="47.017616" lon="7.497866"></trkpt>
    <trkpt lat="47.017474" lon="7.497740"></trkpt>
    <trkpt lat="47.017331" lon="7.497618"></trkpt>
    <trkpt lat="47.017188" lon="7.497504"></trkpt>
    <trkpt lat="47.017053" lon="7.497401"></trkpt>
    <trkpt lat="47.016890" lon="7.497284"></trkpt>
    <trkpt lat="47.016746" lon="7.497189"></trkpt>
    <trkpt lat="47.016613" lon="7.497106"></trkpt>
    <trkpt lat="47.016563" lon="7.497078"></trkpt>
    <trkpt lat="47.016465" lon="7.497021"></trkpt>
    <trkpt lat="47.016313" lon="7.496936"></trkpt>
    <trkpt lat="47.016164" lon="7.496859"></trkpt>
    <trkpt lat="47.016009" lon="7.496786"></trkpt>
    <trkpt lat="47.015851" lon="7.496717"></trkpt>
    <trkpt lat="47.015698" lon="7.496656"></trkpt>
    <trkpt lat="47.015540" lon="7.496600"></trkpt>
    <trkpt lat="47.015391" lon="7.496550"></trkpt>
    <trkpt lat="47.015249" lon="7.496506"></trkpt>
    <trkpt lat="47.015090" lon="7.496463"></trkpt>
    <trkpt lat="47.014956" lon="7.496432"></trkpt>
    <trkpt lat="47.014796" lon="7.496402"></trkpt>
    <trkpt lat="47.014635" lon="7.496377"></trkpt>
    <trkpt lat="47.014473" lon="7.496358"></trkpt>
    <trkpt lat="47.014310" lon="7.496344"></trkpt>
    <trkpt lat="47.014149" lon="7.496335"></trkpt>
    <trkpt lat="47.013988" lon="7.496333"></trkpt>
    <trkpt lat="47.013827" lon="7.496336"></trkpt>
    <trkpt lat="47.013663" lon="7.496344"></trkpt>
    <trkpt lat="47.013535" lon="7.496354"></trkpt>
    <trkpt lat="47.013214" lon="7.496396"></trkpt>
    <trkpt lat="47.013008" lon="7.496431"></trkpt>
    <trkpt lat="47.012851" lon="7.496461"></trkpt>
    <trkpt lat="47.012687" lon="7.496495"></trkpt>
    <trkpt lat="47.012522" lon="7.496530"></trkpt>
    <trkpt lat="47.012360" lon="7.496567"></trkpt>
    <trkpt lat="47.012198" lon="7.496603"></trkpt>
    <trkpt lat="47.012034" lon="7.496640"></trkpt>
    <trkpt lat="47.011874" lon="7.496676"></trkpt>
    <trkpt lat="47.011533" lon="7.496721"></trkpt>
    <trkpt lat="47.011209" lon="7.496772"></trkpt>
    <trkpt lat="47.011054" lon="7.496790"></trkpt>
    <trkpt lat="47.010899" lon="7.496803"></trkpt>
    <trkpt lat="47.010732" lon="7.496812"></trkpt>
    <trkpt lat="47.010578" lon="7.496815"></trkpt>
    <trkpt lat="47.010386" lon="7.496809"></trkpt>
    <trkpt lat="47.010225" lon="7.496798"></trkpt>
    <trkpt lat="47.010058" lon="7.496782"></trkpt>
    <trkpt lat="47.009903" lon="7.496758"></trkpt>
    <trkpt lat="47.009742" lon="7.496729"></trkpt>
    <trkpt lat="47.009580" lon="7.496696"></trkpt>
    <trkpt lat="47.009427" lon="7.496657"></trkpt>
    <trkpt lat="47.009267" lon="7.496612"></trkpt>
    <trkpt lat="47.009097" lon="7.496558"></trkpt>
    <trkpt lat="47.008933" lon="7.496499"></trkpt>
    <trkpt lat="47.008765" lon="7.496435"></trkpt>
    <trkpt lat="47.008616" lon="7.496373"></trkpt>
    <trkpt lat="47.008469" lon="7.496308"></trkpt>
    <trkpt lat="47.008174" lon="7.496166"></trkpt>
    <trkpt lat="47.007909" lon="7.496020"></trkpt>
    <trkpt lat="47.007694" lon="7.495894"></trkpt>
    <trkpt lat="47.007526" lon="7.495792"></trkpt>
    <trkpt lat="47.007377" lon="7.495696"></trkpt>
    <trkpt lat="47.007228" lon="7.495596"></trkpt>
    <trkpt lat="47.007074" lon="7.495489"></trkpt>
    <trkpt lat="47.006921" lon="7.495379"></trkpt>
    <trkpt lat="47.006803" lon="7.495292"></trkpt>
    <trkpt lat="47.006686" lon="7.495203"></trkpt>
    <trkpt lat="47.006369" lon="7.494958"></trkpt>
    <trkpt lat="47.006001" lon="7.494657"></trkpt>
    <trkpt lat="47.005632" lon="7.494341"></trkpt>
    <trkpt lat="47.005213" lon="7.493970"></trkpt>
    <trkpt lat="47.004774" lon="7.493572"></trkpt>
    <trkpt lat="47.003043" lon="7.491985"></trkpt>
    <trkpt lat="47.002094" lon="7.491117"></trkpt>
    <trkpt lat="47.001138" lon="7.490230"></trkpt>
    <trkpt lat="47.000653" lon="7.489765"></trkpt>
    <trkpt lat="47.000179" lon="7.489299"></trkpt>
    <trkpt lat="46.999910" lon="7.489028"></trkpt>
    <trkpt lat="46.999642" lon="7.488755"></trkpt>
    <trkpt lat="46.999375" lon="7.488479"></trkpt>
    <trkpt lat="46.999110" lon="7.488200"></trkpt>
    <trkpt lat="46.998910" lon="7.487987"></trkpt>
    <trkpt lat="46.998334" lon="7.487364"></trkpt>
    <trkpt lat="46.998125" lon="7.487138"></trkpt>
    <trkpt lat="46.998042" lon="7.487048"></trkpt>
    <trkpt lat="46.997613" lon="7.486583"></trkpt>
    <trkpt lat="46.997355" lon="7.486309"></trkpt>
    <trkpt lat="46.997085" lon="7.486025"></trkpt>
    <trkpt lat="46.996820" lon="7.485757"></trkpt>
    <trkpt lat="46.996550" lon="7.485491"></trkpt>
    <trkpt lat="46.996302" lon="7.485256"></trkpt>
    <trkpt lat="46.996066" lon="7.485043"></trkpt>
    <trkpt lat="46.995836" lon="7.484838"></trkpt>
    <trkpt lat="46.995561" lon="7.484601"></trkpt>
    <trkpt lat="46.995282" lon="7.484370"></trkpt>
    <trkpt lat="46.994991" lon="7.484133"></trkpt>
    <trkpt lat="46.994699" lon="7.483901"></trkpt>
    <trkpt lat="46.994145" lon="7.483462"></trkpt>
    <trkpt lat="46.993705" lon="7.483102"></trkpt>
    <trkpt lat="46.993511" lon="7.482937"></trkpt>
    <trkpt lat="46.993216" lon="7.482676"></trkpt>
    <trkpt lat="46.993073" lon="7.482545"></trkpt>
    <trkpt lat="46.992943" lon="7.482422"></trkpt>
    <trkpt lat="46.992806" lon="7.482286"></trkpt>
    <trkpt lat="46.992675" lon="7.482153"></trkpt>
    <trkpt lat="46.992546" lon="7.482016"></trkpt>
    <trkpt lat="46.992415" lon="7.481872"></trkpt>
    <trkpt lat="46.992297" lon="7.481733"></trkpt>
    <trkpt lat="46.992176" lon="7.481587"></trkpt>
    <trkpt lat="46.992038" lon="7.481410"></trkpt>
    <trkpt lat="46.991928" lon="7.481263"></trkpt>
    <trkpt lat="46.991815" lon="7.481106"></trkpt>
    <trkpt lat="46.991678" lon="7.480907"></trkpt>
    <trkpt lat="46.991593" lon="7.480775"></trkpt>
    <trkpt lat="46.991479" lon="7.480594"></trkpt>
    <trkpt lat="46.991372" lon="7.480417"></trkpt>
    <trkpt lat="46.991264" lon="7.480228"></trkpt>
    <trkpt lat="46.991159" lon="7.480039"></trkpt>
    <trkpt lat="46.991061" lon="7.479848"></trkpt>
    <trkpt lat="46.990964" lon="7.479651"></trkpt>
    <trkpt lat="46.990877" lon="7.479467"></trkpt>
    <trkpt lat="46.990792" lon="7.479281"></trkpt>
    <trkpt lat="46.990705" lon="7.479080"></trkpt>
    <trkpt lat="46.990688" lon="7.479035"></trkpt>
    <trkpt lat="46.990505" lon="7.478578"></trkpt>
    <trkpt lat="46.990424" lon="7.478363"></trkpt>
    <trkpt lat="46.990342" lon="7.478139"></trkpt>
    <trkpt lat="46.990198" lon="7.477717"></trkpt>
    <trkpt lat="46.990062" lon="7.477296"></trkpt>
    <trkpt lat="46.989927" lon="7.476855"></trkpt>
    <trkpt lat="46.989797" lon="7.476417"></trkpt>
    <trkpt lat="46.989668" lon="7.475970"></trkpt>
    <trkpt lat="46.989530" lon="7.475489"></trkpt>
    <trkpt lat="46.989398" lon="7.475027"></trkpt>
    <trkpt lat="46.989253" lon="7.474520"></trkpt>
    <trkpt lat="46.989181" lon="7.474278"></trkpt>
    <trkpt lat="46.989108" lon="7.474038"></trkpt>
    <trkpt lat="46.989011" lon="7.473727"></trkpt>
    <trkpt lat="46.988890" lon="7.473358"></trkpt>
    <trkpt lat="46.988817" lon="7.473142"></trkpt>
    <trkpt lat="46.988745" lon="7.472937"></trkpt>
    <trkpt lat="46.988672" lon="7.472737"></trkpt>
    <trkpt lat="46.988582" lon="7.472498"></trkpt>
    <trkpt lat="46.988487" lon="7.472258"></trkpt>
    <trkpt lat="46.988370" lon="7.471980"></trkpt>
    <trkpt lat="46.988252" lon="7.471710"></trkpt>
    <trkpt lat="46.988164" lon="7.471522"></trkpt>
    <trkpt lat="46.988025" lon="7.471237"></trkpt>
    <trkpt lat="46.987934" lon="7.471062"></trkpt>
    <trkpt lat="46.987841" lon="7.470886"></trkpt>
    <trkpt lat="46.987751" lon="7.470725"></trkpt>
    <trkpt lat="46.987663" lon="7.470575"></trkpt>
    <trkpt lat="46.987576" lon="7.470427"></trkpt>
    <trkpt lat="46.987487" lon="7.470283"></trkpt>
    <trkpt lat="46.987343" lon="7.470060"></trkpt>
    <trkpt lat="46.987193" lon="7.469838"></trkpt>
    <trkpt lat="46.987058" lon="7.469649"></trkpt>
    <trkpt lat="46.987037" lon="7.469621"></trkpt>
    <trkpt lat="46.986886" lon="7.469422"></trkpt>
    <trkpt lat="46.986771" lon="7.469276"></trkpt>
    <trkpt lat="46.986667" lon="7.469149"></trkpt>
    <trkpt lat="46.986532" lon="7.468991"></trkpt>
    <trkpt lat="46.986398" lon="7.468840"></trkpt>
    <trkpt lat="46.986280" lon="7.468712"></trkpt>
    <trkpt lat="46.986152" lon="7.468580"></trkpt>
    <trkpt lat="46.986007" lon="7.468437"></trkpt>
    <trkpt lat="46.985859" lon="7.468298"></trkpt>
    <trkpt lat="46.985721" lon="7.468174"></trkpt>
    <trkpt lat="46.985582" lon="7.468056"></trkpt>
    <trkpt lat="46.985507" lon="7.467995"></trkpt>
    <trkpt lat="46.985445" lon="7.467945"></trkpt>
    <trkpt lat="46.985304" lon="7.467834"></trkpt>
    <trkpt lat="46.985163" lon="7.467729"></trkpt>
    <trkpt lat="46.985007" lon="7.467620"></trkpt>
    <trkpt lat="46.984862" lon="7.467524"></trkpt>
    <trkpt lat="46.984709" lon="7.467428"></trkpt>
    <trkpt lat="46.984550" lon="7.467335"></trkpt>
    <trkpt lat="46.984391" lon="7.467246"></trkpt>
    <trkpt lat="46.984239" lon="7.467169"></trkpt>
    <trkpt lat="46.984082" lon="7.467094"></trkpt>
    <trkpt lat="46.983910" lon="7.467019"></trkpt>
    <trkpt lat="46.983743" lon="7.466951"></trkpt>
    <trkpt lat="46.983592" lon="7.466894"></trkpt>
    <trkpt lat="46.983440" lon="7.466841"></trkpt>
    <trkpt lat="46.983284" lon="7.466792"></trkpt>
    <trkpt lat="46.983128" lon="7.466748"></trkpt>
    <trkpt lat="46.982972" lon="7.466708"></trkpt>
    <trkpt lat="46.982813" lon="7.466675"></trkpt>
    <trkpt lat="46.982655" lon="7.466645"></trkpt>
    <trkpt lat="46.982492" lon="7.466619"></trkpt>
    <trkpt lat="46.982343" lon="7.466600"></trkpt>
    <trkpt lat="46.982194" lon="7.466586"></trkpt>
    <trkpt lat="46.981912" lon="7.466567"></trkpt>
    <trkpt lat="46.981735" lon="7.466566"></trkpt>
    <trkpt lat="46.981559" lon="7.466570"></trkpt>
    <trkpt lat="46.981402" lon="7.466579"></trkpt>
    <trkpt lat="46.981240" lon="7.466593"></trkpt>
    <trkpt lat="46.981068" lon="7.466611"></trkpt>
    <trkpt lat="46.980895" lon="7.466636"></trkpt>
    <trkpt lat="46.980726" lon="7.466666"></trkpt>
    <trkpt lat="46.980553" lon="7.466703"></trkpt>
    <trkpt lat="46.980386" lon="7.466744"></trkpt>
    <trkpt lat="46.980214" lon="7.466790"></trkpt>
    <trkpt lat="46.979907" lon="7.466884"></trkpt>
    <trkpt lat="46.979561" lon="7.467012"></trkpt>
    <trkpt lat="46.979197" lon="7.467173"></trkpt>
    <trkpt lat="46.978986" lon="7.467269"></trkpt>
    <trkpt lat="46.978758" lon="7.467377"></trkpt>
    <trkpt lat="46.978629" lon="7.467440"></trkpt>
    <trkpt lat="46.978346" lon="7.467582"></trkpt>
    <trkpt lat="46.978025" lon="7.467759"></trkpt>
    <trkpt lat="46.977708" lon="7.467942"></trkpt>
    <trkpt lat="46.977374" lon="7.468136"></trkpt>
    <trkpt lat="46.977045" lon="7.468345"></trkpt>
    <trkpt lat="46.976737" lon="7.468534"></trkpt>
    <trkpt lat="46.976342" lon="7.468777"></trkpt>
    <trkpt lat="46.976138" lon="7.468917"></trkpt>
    <trkpt lat="46.976054" lon="7.468976"></trkpt>
    <trkpt lat="46.974794" lon="7.469866"></trkpt>
    <trkpt lat="46.974762" lon="7.469888"></trkpt>
    <trkpt lat="46.974578" lon="7.470073"></trkpt>
    <trkpt lat="46.974428" lon="7.470178"></trkpt>
    <trkpt lat="46.974154" lon="7.470371"></trkpt>
    <trkpt lat="46.974019" lon="7.470462"></trkpt>
    <trkpt lat="46.973882" lon="7.470550"></trkpt>
    <trkpt lat="46.973728" lon="7.470644"></trkpt>
    <trkpt lat="46.973580" lon="7.470724"></trkpt>
    <trkpt lat="46.973429" lon="7.470795"></trkpt>
    <trkpt lat="46.973279" lon="7.470854"></trkpt>
    <trkpt lat="46.973135" lon="7.470901"></trkpt>
    <trkpt lat="46.972969" lon="7.470942"></trkpt>
    <trkpt lat="46.972803" lon="7.470969"></trkpt>
    <trkpt lat="46.972642" lon="7.470985"></trkpt>
    <trkpt lat="46.972485" lon="7.470988"></trkpt>
    <trkpt lat="46.972329" lon="7.470980"></trkpt>
    <trkpt lat="46.972178" lon="7.470964"></trkpt>
    <trkpt lat="46.972010" lon="7.470939"></trkpt>
    <trkpt lat="46.971869" lon="7.470911"></trkpt>
    <trkpt lat="46.971699" lon="7.470871"></trkpt>
    <trkpt lat="46.971536" lon="7.470828"></trkpt>
    <trkpt lat="46.971374" lon="7.470780"></trkpt>
    <trkpt lat="46.971088" lon="7.470691"></trkpt>
    <trkpt lat="46.970927" lon="7.470633"></trkpt>
    <trkpt lat="46.970765" lon="7.470570"></trkpt>
    <trkpt lat="46.970677" lon="7.470533"></trkpt>
    <trkpt lat="46.970447" lon="7.470436"></trkpt>
    <trkpt lat="46.970294" lon="7.470363"></trkpt>
    <trkpt lat="46.970143" lon="7.470285"></trkpt>
    <trkpt lat="46.969990" lon="7.470205"></trkpt>
    <trkpt lat="46.969871" lon="7.470140"></trkpt>
    <trkpt lat="46.969723" lon="7.470053"></trkpt>
    <trkpt lat="46.969582" lon="7.469966"></trkpt>
    <trkpt lat="46.969436" lon="7.469874"></trkpt>
    <trkpt lat="46.969291" lon="7.469778"></trkpt>
    <trkpt lat="46.969143" lon="7.469681"></trkpt>
    <trkpt lat="46.968874" lon="7.469391"></trkpt>
    <trkpt lat="46.968768" lon="7.469338"></trkpt>
    <trkpt lat="46.968661" lon="7.469291"></trkpt>
    <trkpt lat="46.968551" lon="7.469249"></trkpt>
    <trkpt lat="46.968352" lon="7.469163"></trkpt>
    <trkpt lat="46.968289" lon="7.469147"></trkpt>
    <trkpt lat="46.968125" lon="7.469119"></trkpt>
    <trkpt lat="46.968030" lon="7.469110"></trkpt>
    <trkpt lat="46.967956" lon="7.469110"></trkpt>
    <trkpt lat="46.967875" lon="7.469116"></trkpt>
    <trkpt lat="46.967808" lon="7.469125"></trkpt>
    <trkpt lat="46.967740" lon="7.469135"></trkpt>
    <trkpt lat="46.967612" lon="7.469164"></trkpt>
    <trkpt lat="46.967469" lon="7.469216"></trkpt>
    <trkpt lat="46.967330" lon="7.469284"></trkpt>
    <trkpt lat="46.967205" lon="7.469352"></trkpt>
    <trkpt lat="46.966984" lon="7.469486"></trkpt>
    <trkpt lat="46.966907" lon="7.469526"></trkpt>
    <trkpt lat="46.966847" lon="7.469544"></trkpt>
    <trkpt lat="46.966772" lon="7.469546"></trkpt>
    <trkpt lat="46.966739" lon="7.469523"></trkpt>
    <trkpt lat="46.966514" lon="7.469352"></trkpt>
    <trkpt lat="46.966360" lon="7.469236"></trkpt>
    <trkpt lat="46.966272" lon="7.469166"></trkpt>
    <trkpt lat="46.966162" lon="7.469095"></trkpt>
    <trkpt lat="46.966014" lon="7.468989"></trkpt>
    <trkpt lat="46.965070" lon="7.468253"></trkpt>
    <trkpt lat="46.964995" lon="7.468195"></trkpt>
    <trkpt lat="46.965006" lon="7.468144"></trkpt>
    <trkpt lat="46.965006" lon="7.468090"></trkpt>
    <trkpt lat="46.964995" lon="7.468038"></trkpt>
    <trkpt lat="46.964974" lon="7.467993"></trkpt>
    <trkpt lat="46.964945" lon="7.467961"></trkpt>
    <trkpt lat="46.964909" lon="7.467943"></trkpt>
    <trkpt lat="46.964872" lon="7.467941"></trkpt>
    <trkpt lat="46.964836" lon="7.467957"></trkpt>
    <trkpt lat="46.964806" lon="7.467988"></trkpt>
    <trkpt lat="46.964783" lon="7.468031"></trkpt>
    <trkpt lat="46.964709" lon="7.467975"></trkpt>
    <trkpt lat="46.964292" lon="7.467657"></trkpt>
    <trkpt lat="46.963325" lon="7.466912"></trkpt>
    <trkpt lat="46.963188" lon="7.466814"></trkpt>
    <trkpt lat="46.962314" lon="7.466149"></trkpt>
    <trkpt lat="46.962264" lon="7.466111"></trkpt>
    <trkpt lat="46.962219" lon="7.466077"></trkpt>
    <trkpt lat="46.961732" lon="7.465708"></trkpt>
    <trkpt lat="46.961683" lon="7.465671"></trkpt>
    <trkpt lat="46.961410" lon="7.465465"></trkpt>
    <trkpt lat="46.959631" lon="7.464109"></trkpt>
    <trkpt lat="46.959541" lon="7.464040"></trkpt>
    <trkpt lat="46.959521" lon="7.464026"></trkpt>
    <trkpt lat="46.959399" lon="7.463932"></trkpt>
    <trkpt lat="46.959348" lon="7.463894"></trkpt>
    <trkpt lat="46.959346" lon="7.463892"></trkpt>
    <trkpt lat="46.959340" lon="7.463888"></trkpt>
    <trkpt lat="46.959329" lon="7.463879"></trkpt>
    <trkpt lat="46.959295" lon="7.463854"></trkpt>
    <trkpt lat="46.959283" lon="7.463844"></trkpt>
    <trkpt lat="46.959273" lon="7.463837"></trkpt>
    <trkpt lat="46.959248" lon="7.463817"></trkpt>
    <trkpt lat="46.959220" lon="7.463796"></trkpt>
    <trkpt lat="46.959194" lon="7.463776"></trkpt>
    <trkpt lat="46.959141" lon="7.463735"></trkpt>
    <trkpt lat="46.959084" lon="7.463691"></trkpt>
    <trkpt lat="46.959014" lon="7.463637"></trkpt>
    <trkpt lat="46.958935" lon="7.463577"></trkpt>
    <trkpt lat="46.958594" lon="7.463316"></trkpt>
    <trkpt lat="46.958566" lon="7.463294"></trkpt>
    <trkpt lat="46.958319" lon="7.463104"></trkpt>
    <trkpt lat="46.958120" lon="7.462953"></trkpt>
    <trkpt lat="46.958002" lon="7.462861"></trkpt>
    <trkpt lat="46.957920" lon="7.462798"></trkpt>
    <trkpt lat="46.957878" lon="7.462766"></trkpt>
    <trkpt lat="46.957203" lon="7.462248"></trkpt>
    <trkpt lat="46.957070" lon="7.462146"></trkpt>
    <trkpt lat="46.956712" lon="7.461871"></trkpt>
    <trkpt lat="46.956054" lon="7.461367"></trkpt>
    <trkpt lat="46.955656" lon="7.461065"></trkpt>
    <trkpt lat="46.955034" lon="7.460584"></trkpt>
    <trkpt lat="46.954956" lon="7.460524"></trkpt>
    <trkpt lat="46.954890" lon="7.460476"></trkpt>
    <trkpt lat="46.954840" lon="7.460436"></trkpt>
    <trkpt lat="46.954782" lon="7.460391"></trkpt>
    <trkpt lat="46.954745" lon="7.460362"></trkpt>
    <trkpt lat="46.954391" lon="7.460097"></trkpt>
    <trkpt lat="46.953996" lon="7.459801"></trkpt>
    <trkpt lat="46.953484" lon="7.459406"></trkpt>
    <trkpt lat="46.953448" lon="7.459378"></trkpt>
    <trkpt lat="46.953329" lon="7.459289"></trkpt>
    <trkpt lat="46.953207" lon="7.459192"></trkpt>
    <trkpt lat="46.952949" lon="7.458990"></trkpt>
    <trkpt lat="46.952857" lon="7.458920"></trkpt>
    <trkpt lat="46.952809" lon="7.458884"></trkpt>
    <trkpt lat="46.952740" lon="7.458837"></trkpt>
    <trkpt lat="46.952650" lon="7.458787"></trkpt>
    <trkpt lat="46.952566" lon="7.458748"></trkpt>
    <trkpt lat="46.952482" lon="7.458721"></trkpt>
    <trkpt lat="46.952413" lon="7.458708"></trkpt>
    <trkpt lat="46.952333" lon="7.458699"></trkpt>
    <trkpt lat="46.952261" lon="7.458694"></trkpt>
    <trkpt lat="46.952180" lon="7.458699"></trkpt>
    <trkpt lat="46.952147" lon="7.458702"></trkpt>
    <trkpt lat="46.952125" lon="7.458705"></trkpt>
    <trkpt lat="46.952087" lon="7.458714"></trkpt>
    <trkpt lat="46.952039" lon="7.458729"></trkpt>
    <trkpt lat="46.951953" lon="7.458768"></trkpt>
    <trkpt lat="46.951875" lon="7.458817"></trkpt>
    <trkpt lat="46.951801" lon="7.458867"></trkpt>
    <trkpt lat="46.951667" lon="7.458978"></trkpt>
    <trkpt lat="46.951533" lon="7.459089"></trkpt>
    <trkpt lat="46.950976" lon="7.459549"></trkpt>
    <trkpt lat="46.950754" lon="7.459729"></trkpt>
    <trkpt lat="46.950559" lon="7.459866"></trkpt>
    <trkpt lat="46.950358" lon="7.459987"></trkpt>
    <trkpt lat="46.950171" lon="7.460063"></trkpt>
    <trkpt lat="46.948998" lon="7.460422"></trkpt>
    <trkpt lat="46.948872" lon="7.460457"></trkpt>
    <trkpt lat="46.948816" lon="7.460459"></trkpt>
    <trkpt lat="46.948758" lon="7.460447"></trkpt>
    <trkpt lat="46.948715" lon="7.460426"></trkpt>
    <trkpt lat="46.948674" lon="7.460393"></trkpt>
    <trkpt lat="46.948628" lon="7.460348"></trkpt>
    <trkpt lat="46.948526" lon="7.460215"></trkpt>
    <trkpt lat="46.948447" lon="7.460093"></trkpt>
    <trkpt lat="46.948410" lon="7.460037"></trkpt>
    <trkpt lat="46.948378" lon="7.459987"></trkpt>
    <trkpt lat="46.948379" lon="7.459980"></trkpt>
    <trkpt lat="46.948380" lon="7.459962"></trkpt>
    <trkpt lat="46.948378" lon="7.459944"></trkpt>
    <trkpt lat="46.948374" lon="7.459927"></trkpt>
    <trkpt lat="46.948368" lon="7.459912"></trkpt>
    <trkpt lat="46.948360" lon="7.459899"></trkpt>
    <trkpt lat="46.948350" lon="7.459889"></trkpt>
    <trkpt lat="46.948338" lon="7.459881"></trkpt>
    <trkpt lat="46.948351" lon="7.459826"></trkpt>
    <trkpt lat="46.948365" lon="7.459737"></trkpt>
    <trkpt lat="46.948377" lon="7.459637"></trkpt>
    <trkpt lat="46.948385" lon="7.459570"></trkpt>
    <trkpt lat="46.948388" lon="7.459538"></trkpt>
    <trkpt lat="46.948392" lon="7.459504"></trkpt>
    <trkpt lat="46.948394" lon="7.459473"></trkpt>
    <trkpt lat="46.948399" lon="7.459418"></trkpt>
    <trkpt lat="46.948408" lon="7.459294"></trkpt>
    <trkpt lat="46.948535" lon="7.457549"></trkpt>
    <trkpt lat="46.948613" lon="7.456451"></trkpt>
    <trkpt lat="46.948618" lon="7.456373"></trkpt>
    <trkpt lat="46.948639" lon="7.456086"></trkpt>
    <trkpt lat="46.948647" lon="7.455960"></trkpt>
    <trkpt lat="46.948649" lon="7.455944"></trkpt>
    <trkpt lat="46.948655" lon="7.455899"></trkpt>
    <trkpt lat="46.948665" lon="7.455802"></trkpt>
    <trkpt lat="46.948658" lon="7.455716"></trkpt>
    <trkpt lat="46.948574" lon="7.455238"></trkpt>
    <trkpt lat="46.948399" lon="7.454537"></trkpt>
    <trkpt lat="46.948335" lon="7.454234"></trkpt>
    <trkpt lat="46.948280" lon="7.453967"></trkpt>
    <trkpt lat="46.948274" lon="7.453943"></trkpt>
    <trkpt lat="46.948204" lon="7.453655"></trkpt>
    <trkpt lat="46.948147" lon="7.453379"></trkpt>
    <trkpt lat="46.948112" lon="7.453126"></trkpt>
    <trkpt lat="46.948060" lon="7.452640"></trkpt>
    <trkpt lat="46.948056" lon="7.452596"></trkpt>
    <trkpt lat="46.948028" lon="7.452334"></trkpt>
    <trkpt lat="46.948023" lon="7.452282"></trkpt>
    <trkpt lat="46.948009" lon="7.452120"></trkpt>
    <trkpt lat="46.947995" lon="7.451959"></trkpt>
    <trkpt lat="46.947980" lon="7.451770"></trkpt>
    <trkpt lat="46.947974" lon="7.451598"></trkpt>
    <trkpt lat="46.947964" lon="7.451222"></trkpt>
    <trkpt lat="46.947972" lon="7.450669"></trkpt>
    <trkpt lat="46.947974" lon="7.450502"></trkpt>
    <trkpt lat="46.947969" lon="7.449911"></trkpt>
    <trkpt lat="46.947960" lon="7.449120"></trkpt>
    <trkpt lat="46.947961" lon="7.449063"></trkpt>
    <trkpt lat="46.947964" lon="7.448971"></trkpt>
    <trkpt lat="46.947966" lon="7.448933"></trkpt>
    <trkpt lat="46.947972" lon="7.448757"></trkpt>
    <trkpt lat="46.947972" lon="7.448730"></trkpt>
    <trkpt lat="46.947986" lon="7.448222"></trkpt>
    <trkpt lat="46.947996" lon="7.448143"></trkpt>
  </trkseg></trk>
</gpx>
