{
  "ride_temp_mean": 7.2749999999999995,
  "ride_precip_sum": 0.30000000000000004,
  "ride_wind_speed": 18.4474027235955,
  "ride_wind_dir": 208.07691169123052,
  "tent_precip_sum": 1.4,
  "tent_temp_mean": 6.07
}