{
  "ride_temp_mean": 7.9,
  "ride_precip_sum": 3.0,
  "ride_wind_speed": 24.592854090903508,
  "ride_wind_dir": 227.96702077041806,
  "tent_precip_sum": 14.3,
  "tent_temp_mean": 7.265000000000001
}