{
  "ride_temp_mean": 8.175,
  "ride_precip_sum": 0.0,
  "ride_wind_speed": 15.54664339839143,
  "ride_wind_dir": 202.67020984395842,
  "tent_precip_sum": 0.0,
  "tent_temp_mean": 4.9399999999999995
}