{
  "samples_local": {
    "10": {
      "temp": 18.5,
      "precip": 0.7,
      "wind": 2.1,
      "wind_dir_deg": 239.0
    },
    "12": {
      "temp": 19.3,
      "precip": 0.1,
      "wind": 3.8,
      "wind_dir_deg": 121.0
    },
    "14": {
      "temp": 19.8,
      "precip": 0.7,
      "wind": 3.1,
      "wind_dir_deg": 190.0
    },
    "16": {
      "temp": 19.5,
      "precip": 0.9,
      "wind": 5.7,
      "wind_dir_deg": 171.0
    }
  },
  "ride_temp_mean": 19.275,
  "ride_wind_mean": 3.675,
  "ride_wind_dir_deg": 171.21921595130902,
  "ride_rain_flag": 1.0,
  "tent_rain_flag": 1.0,
  "daily_precip_sum": 12.200000000000001,
  "daily_temp_mean": 18.6125,
  "daily_wind_mean": 4.808333333333334,
  "daily_wind_dir_deg": 339.29219595238044
}