{
  "samples_local": {
    "10": {
      "temp": 22.7,
      "precip": 0.0,
      "wind": 7.0,
      "wind_dir_deg": 111.0
    },
    "12": {
      "temp": 24.9,
      "precip": 0.0,
      "wind": 6.4,
      "wind_dir_deg": 142.0
    },
    "14": {
      "temp": 27.0,
      "precip": 0.0,
      "wind": 10.1,
      "wind_dir_deg": 139.0
    },
    "16": {
      "temp": 26.4,
      "precip": 0.0,
      "wind": 14.8,
      "wind_dir_deg": 151.0
    }
  },
  "ride_temp_mean": 25.25,
  "ride_wind_mean": 9.575,
  "ride_wind_dir_deg": 139.19393731798903,
  "ride_rain_flag": 0.0,
  "tent_rain_flag": 0.0,
  "daily_precip_sum": 0.0,
  "daily_temp_mean": 20.379166666666666,
  "daily_wind_mean": 7.629166666666666,
  "daily_wind_dir_deg": 148.36225723902476
}