{
  "samples_local": {
    "10": {
      "temp": 23.5,
      "precip": 0.0,
      "wind": 1.1,
      "wind_dir_deg": 252.0
    },
    "12": {
      "temp": 25.9,
      "precip": 0.0,
      "wind": 3.0,
      "wind_dir_deg": 194.0
    },
    "14": {
      "temp": 26.5,
      "precip": 0.0,
      "wind": 8.1,
      "wind_dir_deg": 186.0
    },
    "16": {
      "temp": 25.8,
      "precip": 0.0,
      "wind": 10.7,
      "wind_dir_deg": 188.0
    }
  },
  "ride_temp_mean": 25.425,
  "ride_wind_mean": 5.725,
  "ride_wind_dir_deg": 190.62238213455427,
  "ride_rain_flag": 0.0,
  "tent_rain_flag": 0.0,
  "daily_precip_sum": 0.0,
  "daily_temp_mean": 19.724999999999998,
  "daily_wind_mean": 5.520833333333333,
  "daily_wind_dir_deg": 219.88940709439868
}