{
  "samples_local": {
    "10": {
      "temp": 19.4,
      "precip": 0.0,
      "wind": 9.8,
      "wind_dir_deg": 198.0
    },
    "12": {
      "temp": 21.7,
      "precip": 0.0,
      "wind": 11.2,
      "wind_dir_deg": 198.0
    },
    "14": {
      "temp": 23.1,
      "precip": 0.0,
      "wind": 11.8,
      "wind_dir_deg": 218.0
    },
    "16": {
      "temp": 23.6,
      "precip": 0.0,
      "wind": 11.7,
      "wind_dir_deg": 217.0
    }
  },
  "ride_temp_mean": 21.95,
  "ride_wind_mean": 11.125,
  "ride_wind_dir_deg": 208.30402335004158,
  "ride_rain_flag": 0.0,
  "tent_rain_flag": 0.0,
  "daily_precip_sum": 0.0,
  "daily_temp_mean": 18.358333333333334,
  "daily_wind_mean": 8.924999999999999,
  "daily_wind_dir_deg": 202.83942332822755
}