{
  "samples_local": {
    "10": {
      "temp": 19.1,
      "precip": 0.0,
      "wind": 15.2,
      "wind_dir_deg": 221.0
    },
    "12": {
      "temp": 20.9,
      "precip": 0.0,
      "wind": 14.1,
      "wind_dir_deg": 228.0
    },
    "14": {
      "temp": 21.0,
      "precip": 0.1,
      "wind": 14.9,
      "wind_dir_deg": 228.0
    },
    "16": {
      "temp": 20.8,
      "precip": 0.0,
      "wind": 16.0,
      "wind_dir_deg": 239.0
    }
  },
  "ride_temp_mean": 20.45,
  "ride_wind_mean": 15.05,
  "ride_wind_dir_deg": 229.15024098100122,
  "ride_rain_flag": 0.0,
  "tent_rain_flag": 0.0,
  "daily_precip_sum": 0.1,
  "daily_temp_mean": 17.087500000000002,
  "daily_wind_mean": 11.262500000000001,
  "daily_wind_dir_deg": 217.34673030830015
}