{
  "samples_local": {
    "10": {
      "temp": 18.0,
      "precip": 0.0,
      "wind": 11.8,
      "wind_dir_deg": 211.0
    },
    "12": {
      "temp": 20.0,
      "precip": 0.0,
      "wind": 13.9,
      "wind_dir_deg": 204.0
    },
    "14": {
      "temp": 22.1,
      "precip": 0.0,
      "wind": 13.7,
      "wind_dir_deg": 213.0
    },
    "16": {
      "temp": 23.2,
      "precip": 0.0,
      "wind": 12.4,
      "wind_dir_deg": 213.0
    }
  },
  "ride_temp_mean": 20.825,
  "ride_wind_mean": 12.95,
  "ride_wind_dir_deg": 210.131871793138,
  "ride_rain_flag": 0.0,
  "tent_rain_flag": 0.0,
  "daily_precip_sum": 0.0,
  "daily_temp_mean": 17.433333333333334,
  "daily_wind_mean": 11.470833333333333,
  "daily_wind_dir_deg": 199.67351285364944
}