{
  "samples_local": {
    "10": {
      "temp": 19.7,
      "precip": 0.0,
      "wind": 4.9,
      "wind_dir_deg": 163.0
    },
    "12": {
      "temp": 22.6,
      "precip": 0.0,
      "wind": 8.3,
      "wind_dir_deg": 176.0
    },
    "14": {
      "temp": 23.6,
      "precip": 0.0,
      "wind": 11.2,
      "wind_dir_deg": 176.0
    },
    "16": {
      "temp": 23.5,
      "precip": 0.0,
      "wind": 13.7,
      "wind_dir_deg": 179.0
    }
  },
  "ride_temp_mean": 22.35,
  "ride_wind_mean": 9.525,
  "ride_wind_dir_deg": 175.41845597312283,
  "ride_rain_flag": 0.0,
  "tent_rain_flag": 0.0,
  "daily_precip_sum": 0.0,
  "daily_temp_mean": 17.858333333333334,
  "daily_wind_mean": 7.579166666666667,
  "daily_wind_dir_deg": 167.69336539997107
}