{
  "samples_local": {
    "10": {
      "temp": 19.4,
      "precip": 0.3,
      "wind": 14.1,
      "wind_dir_deg": 220.0
    },
    "12": {
      "temp": 20.8,
      "precip": 0.0,
      "wind": 16.2,
      "wind_dir_deg": 233.0
    },
    "14": {
      "temp": 22.1,
      "precip": 0.0,
      "wind": 16.3,
      "wind_dir_deg": 233.0
    },
    "16": {
      "temp": 21.8,
      "precip": 0.0,
      "wind": 16.6,
      "wind_dir_deg": 217.0
    }
  },
  "ride_temp_mean": 21.025,
  "ride_wind_mean": 15.8,
  "ride_wind_dir_deg": 225.89952538251035,
  "ride_rain_flag": 1.0,
  "tent_rain_flag": 1.0,
  "daily_precip_sum": 1.0,
  "daily_temp_mean": 17.429166666666667,
  "daily_wind_mean": 12.170833333333334,
  "daily_wind_dir_deg": 203.40544405842044
}