{
  "samples_local": {
    "10": {
      "temp": 19.1,
      "precip": 0.1,
      "wind": 19.3,
      "wind_dir_deg": 211.0
    },
    "12": {
      "temp": 20.0,
      "precip": 0.0,
      "wind": 19.4,
      "wind_dir_deg": 215.0
    },
    "14": {
      "temp": 20.4,
      "precip": 0.2,
      "wind": 19.2,
      "wind_dir_deg": 223.0
    },
    "16": {
      "temp": 20.0,
      "precip": 0.0,
      "wind": 19.3,
      "wind_dir_deg": 216.0
    }
  },
  "ride_temp_mean": 19.875,
  "ride_wind_mean": 19.3,
  "ride_wind_dir_deg": 216.23758249173997,
  "ride_rain_flag": 1.0,
  "tent_rain_flag": 1.0,
  "daily_precip_sum": 0.8,
  "daily_temp_mean": 16.724999999999998,
  "daily_wind_mean": 13.820833333333333,
  "daily_wind_dir_deg": 201.15543652252208
}