{
  "samples_local": {
    "10": {
      "temp": 21.8,
      "precip": 0.0,
      "wind": 4.6,
      "wind_dir_deg": 171.0
    },
    "12": {
      "temp": 23.2,
      "precip": 0.0,
      "wind": 12.1,
      "wind_dir_deg": 163.0
    },
    "14": {
      "temp": 23.7,
      "precip": 0.0,
      "wind": 11.3,
      "wind_dir_deg": 162.0
    },
    "16": {
      "temp": 23.0,
      "precip": 0.0,
      "wind": 13.4,
      "wind_dir_deg": 175.0
    }
  },
  "ride_temp_mean": 22.925,
  "ride_wind_mean": 10.35,
  "ride_wind_dir_deg": 167.49646966636362,
  "ride_rain_flag": 0.0,
  "tent_rain_flag": 0.0,
  "daily_precip_sum": 0.0,
  "daily_temp_mean": 18.470833333333335,
  "daily_wind_mean": 9.366666666666667,
  "daily_wind_dir_deg": 192.81329764548104
}