{
  "samples_local": {
    "10": {
      "temp": 18.8,
      "precip": 0.2,
      "wind": 8.2,
      "wind_dir_deg": 195.0
    },
    "12": {
      "temp": 21.3,
      "precip": 0.1,
      "wind": 12.7,
      "wind_dir_deg": 219.0
    },
    "14": {
      "temp": 22.7,
      "precip": 0.0,
      "wind": 12.0,
      "wind_dir_deg": 212.0
    },
    "16": {
      "temp": 22.4,
      "precip": 0.0,
      "wind": 13.8,
      "wind_dir_deg": 197.0
    }
  },
  "ride_temp_mean": 21.3,
  "ride_wind_mean": 11.675,
  "ride_wind_dir_deg": 206.48312902377458,
  "ride_rain_flag": 1.0,
  "tent_rain_flag": 0.0,
  "daily_precip_sum": 0.4,
  "daily_temp_mean": 17.391666666666666,
  "daily_wind_mean": 9.329166666666667,
  "daily_wind_dir_deg": 188.73857433562227
}