{
  "samples_local": {
    "10": {
      "temp": 17.3,
      "precip": 0.0,
      "wind": 10.6,
      "wind_dir_deg": 183.0
    },
    "12": {
      "temp": 19.5,
      "precip": 0.0,
      "wind": 10.4,
      "wind_dir_deg": 190.0
    },
    "14": {
      "temp": 20.8,
      "precip": 0.0,
      "wind": 10.3,
      "wind_dir_deg": 211.0
    },
    "16": {
      "temp": 21.2,
      "precip": 0.0,
      "wind": 11.4,
      "wind_dir_deg": 217.0
    }
  },
  "ride_temp_mean": 19.7,
  "ride_wind_mean": 10.675,
  "ride_wind_dir_deg": 200.54439048692242,
  "ride_rain_flag": 0.0,
  "tent_rain_flag": 0.0,
  "daily_precip_sum": 0.0,
  "daily_temp_mean": 16.587500000000002,
  "daily_wind_mean": 8.395833333333334,
  "daily_wind_dir_deg": 196.69929521377838
}