{
  "samples_local": {
    "10": {
      "temp": 17.9,
      "precip": 0.0,
      "wind": 9.6,
      "wind_dir_deg": 175.0
    },
    "12": {
      "temp": 20.5,
      "precip": 0.0,
      "wind": 10.4,
      "wind_dir_deg": 169.0
    },
    "14": {
      "temp": 21.8,
      "precip": 0.0,
      "wind": 11.8,
      "wind_dir_deg": 174.0
    },
    "16": {
      "temp": 21.1,
      "precip": 0.0,
      "wind": 13.2,
      "wind_dir_deg": 197.0
    }
  },
  "ride_temp_mean": 20.325,
  "ride_wind_mean": 11.25,
  "ride_wind_dir_deg": 179.74652172075446,
  "ride_rain_flag": 0.0,
  "tent_rain_flag": 0.0,
  "daily_precip_sum": 0.0,
  "daily_temp_mean": 16.683333333333334,
  "daily_wind_mean": 8.704166666666667,
  "daily_wind_dir_deg": 173.96144677464588
}