{
  "samples_local": {
    "10": {
      "temp": 19.1,
      "precip": 0.1,
      "wind": 19.4,
      "wind_dir_deg": 241.0
    },
    "12": {
      "temp": 20.7,
      "precip": 0.0,
      "wind": 17.8,
      "wind_dir_deg": 231.0
    },
    "14": {
      "temp": 20.5,
      "precip": 0.0,
      "wind": 15.2,
      "wind_dir_deg": 226.0
    },
    "16": {
      "temp": 19.8,
      "precip": 0.0,
      "wind": 15.9,
      "wind_dir_deg": 207.0
    }
  },
  "ride_temp_mean": 20.025,
  "ride_wind_mean": 17.075,
  "ride_wind_dir_deg": 227.19884785789674,
  "ride_rain_flag": 0.0,
  "tent_rain_flag": 1.0,
  "daily_precip_sum": 0.6000000000000001,
  "daily_temp_mean": 16.837500000000002,
  "daily_wind_mean": 11.737499999999999,
  "daily_wind_dir_deg": 211.43745602827133
}