{
  "samples_local": {
    "10": {
      "temp": 19.0,
      "precip": 0.1,
      "wind": 20.2,
      "wind_dir_deg": 225.0
    },
    "12": {
      "temp": 20.0,
      "precip": 0.1,
      "wind": 20.3,
      "wind_dir_deg": 229.0
    },
    "14": {
      "temp": 20.4,
      "precip": 0.1,
      "wind": 16.9,
      "wind_dir_deg": 232.0
    },
    "16": {
      "temp": 20.2,
      "precip": 0.0,
      "wind": 17.8,
      "wind_dir_deg": 226.0
    }
  },
  "ride_temp_mean": 19.9,
  "ride_wind_mean": 18.8,
  "ride_wind_dir_deg": 227.88922640085036,
  "ride_rain_flag": 0.0,
  "tent_rain_flag": 0.0,
  "daily_precip_sum": 0.4,
  "daily_temp_mean": 16.808333333333334,
  "daily_wind_mean": 13.979166666666666,
  "daily_wind_dir_deg": 215.59942056549423
}