{
  "samples_local": {
    "10": {
      "temp": 20.5,
      "precip": 0.0,
      "wind": 9.0,
      "wind_dir_deg": 224.0
    },
    "12": {
      "temp": 23.2,
      "precip": 0.0,
      "wind": 11.9,
      "wind_dir_deg": 212.0
    },
    "14": {
      "temp": 23.9,
      "precip": 0.0,
      "wind": 11.2,
      "wind_dir_deg": 212.0
    },
    "16": {
      "temp": 24.0,
      "precip": 0.0,
      "wind": 12.0,
      "wind_dir_deg": 217.0
    }
  },
  "ride_temp_mean": 22.9,
  "ride_wind_mean": 11.025,
  "ride_wind_dir_deg": 215.8052692856617,
  "ride_rain_flag": 0.0,
  "tent_rain_flag": 0.0,
  "daily_precip_sum": 0.0,
  "daily_temp_mean": 18.629166666666666,
  "daily_wind_mean": 10.754166666666668,
  "daily_wind_dir_deg": 206.00773150734955
}