{
  "samples_local": {
    "10": {
      "temp": 21.5,
      "precip": 0.1,
      "wind": 6.5,
      "wind_dir_deg": 204.0
    },
    "12": {
      "temp": 21.4,
      "precip": 0.2,
      "wind": 13.1,
      "wind_dir_deg": 213.0
    },
    "14": {
      "temp": 22.5,
      "precip": 0.0,
      "wind": 14.8,
      "wind_dir_deg": 219.0
    },
    "16": {
      "temp": 22.4,
      "precip": 0.0,
      "wind": 16.2,
      "wind_dir_deg": 216.0
    }
  },
  "ride_temp_mean": 21.95,
  "ride_wind_mean": 12.65,
  "ride_wind_dir_deg": 214.5656758911611,
  "ride_rain_flag": 1.0,
  "tent_rain_flag": 0.0,
  "daily_precip_sum": 0.4,
  "daily_temp_mean": 18.004166666666666,
  "daily_wind_mean": 10.358333333333333,
  "daily_wind_dir_deg": 198.21396903911446
}