{
  "ride_temp_mean": 0.775,
  "ride_precip_sum": 0.0,
  "ride_wind_speed": 24.0086317375326,
  "ride_wind_dir": 269.63936824924474,
  "tent_precip_sum": 1.3,
  "tent_temp_mean": 1.8649999999999998
}