{
  "ride_temp_mean": 8.025,
  "ride_precip_sum": 1.5,
  "ride_wind_speed": 33.81684864930696,
  "ride_wind_dir": 229.31720447366465,
  "tent_precip_sum": 16.6,
  "tent_temp_mean": 7.4
}