{
  "samples_local": {
    "10": {
      "temp": 26.8,
      "precip": 0.0,
      "wind": 5.3,
      "wind_dir_deg": 252.0
    },
    "12": {
      "temp": 30.1,
      "precip": 0.0,
      "wind": 3.4,
      "wind_dir_deg": 252.0
    },
    "14": {
      "temp": 31.0,
      "precip": 0.0,
      "wind": 2.6,
      "wind_dir_deg": 348.0
    },
    "16": {
      "temp": 25.4,
      "precip": 0.6,
      "wind": 5.4,
      "wind_dir_deg": 174.0
    }
  },
  "ride_temp_mean": 28.325,
  "ride_wind_mean": 4.175,
  "ride_wind_dir_deg": 236.23558695227396,
  "ride_rain_flag": 1.0,
  "tent_rain_flag": 1.0,
  "daily_precip_sum": 18.3,
  "daily_temp_mean": 24.525000000000002,
  "daily_wind_mean": 5.641666666666667,
  "daily_wind_dir_deg": 247.16536227038296
}