{
  "ride_temp_mean": 24.214285714285715,
  "ride_wind_mean": 15.857142857142858,
  "ride_rain_flag": 0.0,
  "tent_rain_flag": 0.0
}