{
  "ride_temp_mean": 25.785714285714285,
  "ride_wind_mean": 7.228571428571429,
  "ride_rain_flag": 0.0,
  "tent_rain_flag": 0.0
}