{
  "ride_temp_mean": 29.62857142857143,
  "ride_wind_mean": 7.1000000000000005,
  "ride_rain_flag": 0.0,
  "tent_rain_flag": 0.0
}