{
  "samples_local": {
    "10": {
      "temp": 17.4,
      "precip": 0.0,
      "wind": 12.1,
      "wind_dir_deg": 143.0
    },
    "12": {
      "temp": 22.8,
      "precip": 0.0,
      "wind": 11.9,
      "wind_dir_deg": 141.0
    },
    "14": {
      "temp": 24.2,
      "precip": 0.0,
      "wind": 10.6,
      "wind_dir_deg": 159.0
    },
    "16": {
      "temp": 25.9,
      "precip": 0.0,
      "wind": 9.5,
      "wind_dir_deg": 166.0
    }
  },
  "ride_temp_mean": 22.575,
  "ride_wind_mean": 11.025,
  "ride_wind_dir_deg": 151.2425359604871,
  "ride_rain_flag": 0.0,
  "tent_rain_flag": 0.0,
  "daily_precip_sum": 0.0,
  "daily_temp_mean": 19.258333333333333,
  "daily_wind_mean": 10.845833333333333,
  "daily_wind_dir_deg": 163.76761839521396
}