{
  "samples_local": {
    "10": {
      "temp": 22.5,
      "precip": 0.0,
      "wind": 17.1,
      "wind_dir_deg": 202.0
    },
    "12": {
      "temp": 22.4,
      "precip": 0.0,
      "wind": 14.3,
      "wind_dir_deg": 234.0
    },
    "14": {
      "temp": 22.5,
      "precip": 0.0,
      "wind": 12.0,
      "wind_dir_deg": 291.0
    },
    "16": {
      "temp": 22.2,
      "precip": 0.0,
      "wind": 14.1,
      "wind_dir_deg": 328.0
    }
  },
  "ride_temp_mean": 22.4,
  "ride_wind_mean": 14.375,
  "ride_wind_dir_deg": 257.6830073127586,
  "ride_rain_flag": 0.0,
  "tent_rain_flag": 0.0,
  "daily_precip_sum": 0.0,
  "daily_temp_mean": 23.004166666666666,
  "daily_wind_mean": 20.974999999999998,
  "daily_wind_dir_deg": 179.52133284123067
}