{
  "ride_temp_mean": 27.87142857142857,
  "ride_wind_mean": 3.1142857142857143,
  "ride_rain_flag": 0.0,
  "tent_rain_flag": 1.0
}