{
  "samples_local": {
    "10": {
      "temp": 17.8,
      "precip": 0.1,
      "wind": 17.6
    },
    "12": {
      "temp": 19.6,
      "precip": 0.1,
      "wind": 16.2
    },
    "14": {
      "temp": 20.9,
      "precip": 0.0,
      "wind": 16.8
    },
    "16": {
      "temp": 20.5,
      "precip": 0.0,
      "wind": 14.4
    }
  },
  "ride_temp_mean": 19.7,
  "ride_wind_mean": 16.25,
  "ride_rain_flag": 0.0,
  "tent_rain_flag": 0.0,
  "daily_precip_sum": 0.30000000000000004,
  "daily_temp_mean": 15.904166666666667,
  "daily_wind_mean": 12.245833333333332
}