{
  "ride_temp_mean": 8.075,
  "ride_precip_sum": 1.2,
  "ride_wind_speed": 25.926738419126195,
  "ride_wind_dir": 228.7043292918995,
  "tent_precip_sum": 5.1000000000000005,
  "tent_temp_mean": 7.26
}