{
  "ride_temp_mean": 8.3,
  "ride_precip_sum": 2.4,
  "ride_wind_speed": 28.875352155197447,
  "ride_wind_dir": 235.45350181992276,
  "tent_precip_sum": 17.3,
  "tent_temp_mean": 7.51
}