{
  "ride_temp_mean": 3.15,
  "ride_precip_sum": 0.0,
  "ride_wind_speed": 19.645880344232616,
  "ride_wind_dir": 256.58303345584153,
  "tent_precip_sum": 1.5,
  "tent_temp_mean": 4.225
}