{
  "ride_temp_mean": 6.35,
  "ride_precip_sum": 0.0,
  "ride_wind_speed": 20.353673112389178,
  "ride_wind_dir": 225.2969817925233,
  "tent_precip_sum": 0.0,
  "tent_temp_mean": 2.1149999999999998
}