{
  "ride_temp_mean": 7.425,
  "ride_precip_sum": 0.0,
  "ride_wind_speed": 28.04771077000579,
  "ride_wind_dir": 236.98943322902875,
  "tent_precip_sum": 3.1999999999999997,
  "tent_temp_mean": 5.29
}