{
  "ride_temp_mean": 7.325,
  "ride_precip_sum": 0.5,
  "ride_wind_speed": 32.89027991506522,
  "ride_wind_dir": 235.2148177947305,
  "tent_precip_sum": 4.8,
  "tent_temp_mean": 6.904999999999999
}