{
  "ride_temp_mean": 7.975,
  "ride_precip_sum": 0.0,
  "ride_wind_speed": 22.562664755976762,
  "ride_wind_dir": 236.9127292594321,
  "tent_precip_sum": 0.0,
  "tent_temp_mean": 4.46
}