{
  "samples_local": {
    "10": {
      "temp": 23.3,
      "precip": 0.0,
      "wind": 3.3,
      "wind_dir_deg": 103.0
    },
    "12": {
      "temp": 25.1,
      "precip": 0.0,
      "wind": 4.5,
      "wind_dir_deg": 104.0
    },
    "14": {
      "temp": 26.3,
      "precip": 0.0,
      "wind": 5.2,
      "wind_dir_deg": 102.0
    },
    "16": {
      "temp": 26.0,
      "precip": 0.0,
      "wind": 12.3,
      "wind_dir_deg": 143.0
    }
  },
  "ride_temp_mean": 25.175,
  "ride_wind_mean": 6.325,
  "ride_wind_dir_deg": 122.39644517002802,
  "ride_rain_flag": 0.0,
  "tent_rain_flag": 0.0,
  "daily_precip_sum": 0.0,
  "daily_temp_mean": 20.033333333333335,
  "daily_wind_mean": 6.316666666666666,
  "daily_wind_dir_deg": 101.56782516064283
}