{
  "samples_local": {
    "10": {
      "temp": 22.7,
      "precip": 0.0,
      "wind": 6.9,
      "wind_dir_deg": 85.0
    },
    "12": {
      "temp": 25.4,
      "precip": 0.0,
      "wind": 12.8,
      "wind_dir_deg": 86.0
    },
    "14": {
      "temp": 26.5,
      "precip": 0.0,
      "wind": 15.5,
      "wind_dir_deg": 85.0
    },
    "16": {
      "temp": 26.0,
      "precip": 0.0,
      "wind": 19.1,
      "wind_dir_deg": 101.0
    }
  },
  "ride_temp_mean": 25.15,
  "ride_wind_mean": 13.575000000000001,
  "ride_wind_dir_deg": 90.85063646225848,
  "ride_rain_flag": 0.0,
  "tent_rain_flag": 0.0,
  "daily_precip_sum": 0.0,
  "daily_temp_mean": 19.787499999999998,
  "daily_wind_mean": 10.783333333333333,
  "daily_wind_dir_deg": 116.213555172199
}