{
  "samples_local": {
    "10": {
      "temp": 24.8,
      "precip": 0.0,
      "wind": 7.7,
      "wind_dir_deg": 108.0
    },
    "12": {
      "temp": 25.8,
      "precip": 0.0,
      "wind": 11.8,
      "wind_dir_deg": 117.0
    },
    "14": {
      "temp": 25.9,
      "precip": 0.0,
      "wind": 13.4,
      "wind_dir_deg": 110.0
    },
    "16": {
      "temp": 25.5,
      "precip": 0.0,
      "wind": 14.2,
      "wind_dir_deg": 123.0
    }
  },
  "ride_temp_mean": 25.5,
  "ride_wind_mean": 11.775,
  "ride_wind_dir_deg": 115.34464354312172,
  "ride_rain_flag": 0.0,
  "tent_rain_flag": 0.0,
  "daily_precip_sum": 0.0,
  "daily_temp_mean": 21.17083333333333,
  "daily_wind_mean": 8.616666666666667,
  "daily_wind_dir_deg": 109.08296648897533
}