{
  "samples_local": {
    "10": {
      "temp": 19.8,
      "precip": 0.0,
      "wind": 19.4,
      "wind_dir_deg": 103.0
    },
    "12": {
      "temp": 21.5,
      "precip": 0.0,
      "wind": 22.5,
      "wind_dir_deg": 100.0
    },
    "14": {
      "temp": 21.4,
      "precip": 0.0,
      "wind": 21.0,
      "wind_dir_deg": 102.0
    },
    "16": {
      "temp": 21.1,
      "precip": 0.0,
      "wind": 22.2,
      "wind_dir_deg": 107.0
    }
  },
  "ride_temp_mean": 20.95,
  "ride_wind_mean": 21.275,
  "ride_wind_dir_deg": 103.00305590909801,
  "ride_rain_flag": 0.0,
  "tent_rain_flag": 0.0,
  "daily_precip_sum": 0.0,
  "daily_temp_mean": 17.275000000000002,
  "daily_wind_mean": 17.191666666666666,
  "daily_wind_dir_deg": 102.38816924126706
}