{
  "samples_local": {
    "10": {
      "temp": 24.9,
      "precip": 0.0,
      "wind": 18.1,
      "wind_dir_deg": 103.0
    },
    "12": {
      "temp": 25.9,
      "precip": 0.0,
      "wind": 19.4,
      "wind_dir_deg": 96.0
    },
    "14": {
      "temp": 26.2,
      "precip": 0.0,
      "wind": 19.7,
      "wind_dir_deg": 111.0
    },
    "16": {
      "temp": 25.2,
      "precip": 0.0,
      "wind": 19.4,
      "wind_dir_deg": 137.0
    }
  },
  "ride_temp_mean": 25.549999999999997,
  "ride_wind_mean": 19.15,
  "ride_wind_dir_deg": 111.74859527834661,
  "ride_rain_flag": 0.0,
  "tent_rain_flag": 0.0,
  "daily_precip_sum": 0.0,
  "daily_temp_mean": 21.53333333333333,
  "daily_wind_mean": 12.133333333333333,
  "daily_wind_dir_deg": 106.47768059563083
}