{
  "samples_local": {
    "10": {
      "temp": 22.8,
      "precip": 0.0,
      "wind": 14.3,
      "wind_dir_deg": 115.0
    },
    "12": {
      "temp": 24.6,
      "precip": 0.0,
      "wind": 19.5,
      "wind_dir_deg": 112.0
    },
    "14": {
      "temp": 24.8,
      "precip": 0.0,
      "wind": 20.6,
      "wind_dir_deg": 114.0
    },
    "16": {
      "temp": 24.8,
      "precip": 0.0,
      "wind": 20.1,
      "wind_dir_deg": 120.0
    }
  },
  "ride_temp_mean": 24.25,
  "ride_wind_mean": 18.625,
  "ride_wind_dir_deg": 115.28631589565202,
  "ride_rain_flag": 0.0,
  "tent_rain_flag": 0.0,
  "daily_precip_sum": 0.0,
  "daily_temp_mean": 20.579166666666666,
  "daily_wind_mean": 13.279166666666667,
  "daily_wind_dir_deg": 114.94044456503985
}