{
  "samples_local": {
    "10": {
      "temp": 19.8,
      "precip": 0.0,
      "wind": 12.2,
      "wind_dir_deg": 114.0
    },
    "12": {
      "temp": 20.9,
      "precip": 0.0,
      "wind": 15.2,
      "wind_dir_deg": 107.0
    },
    "14": {
      "temp": 21.5,
      "precip": 0.0,
      "wind": 15.8,
      "wind_dir_deg": 120.0
    },
    "16": {
      "temp": 20.8,
      "precip": 0.0,
      "wind": 16.5,
      "wind_dir_deg": 131.0
    }
  },
  "ride_temp_mean": 20.75,
  "ride_wind_mean": 14.925,
  "ride_wind_dir_deg": 118.49733333196525,
  "ride_rain_flag": 0.0,
  "tent_rain_flag": 0.0,
  "daily_precip_sum": 0.0,
  "daily_temp_mean": 17.208333333333332,
  "daily_wind_mean": 12.737499999999999,
  "daily_wind_dir_deg": 113.16224292932998
}