{
  "samples_local": {
    "10": {
      "temp": 21.3,
      "precip": 0.0,
      "wind": 16.9,
      "wind_dir_deg": 112.0
    },
    "12": {
      "temp": 23.1,
      "precip": 0.0,
      "wind": 19.9,
      "wind_dir_deg": 108.0
    },
    "14": {
      "temp": 23.0,
      "precip": 0.0,
      "wind": 20.1,
      "wind_dir_deg": 112.0
    },
    "16": {
      "temp": 22.1,
      "precip": 0.0,
      "wind": 17.4,
      "wind_dir_deg": 116.0
    }
  },
  "ride_temp_mean": 22.375,
  "ride_wind_mean": 18.575,
  "ride_wind_dir_deg": 111.86535539180943,
  "ride_rain_flag": 0.0,
  "tent_rain_flag": 0.0,
  "daily_precip_sum": 0.0,
  "daily_temp_mean": 18.333333333333332,
  "daily_wind_mean": 14.029166666666667,
  "daily_wind_dir_deg": 108.87034540202808
}