{
  "samples_local": {
    "10": {
      "temp": 25.2,
      "precip": 0.0,
      "wind": 11.0,
      "wind_dir_deg": 115.0
    },
    "12": {
      "temp": 27.1,
      "precip": 0.0,
      "wind": 15.7,
      "wind_dir_deg": 128.0
    },
    "14": {
      "temp": 27.3,
      "precip": 0.0,
      "wind": 16.3,
      "wind_dir_deg": 118.0
    },
    "16": {
      "temp": 26.9,
      "precip": 0.0,
      "wind": 14.8,
      "wind_dir_deg": 116.0
    }
  },
  "ride_temp_mean": 26.625,
  "ride_wind_mean": 14.45,
  "ride_wind_dir_deg": 119.62676925898955,
  "ride_rain_flag": 0.0,
  "tent_rain_flag": 0.0,
  "daily_precip_sum": 0.0,
  "daily_temp_mean": 21.891666666666666,
  "daily_wind_mean": 10.070833333333333,
  "daily_wind_dir_deg": 108.60414252887693
}