{
  "samples_local": {
    "10": {
      "temp": 13.4,
      "precip": 0.0,
      "wind": 10.9,
      "wind_dir_deg": 17.0
    },
    "12": {
      "temp": 15.9,
      "precip": 0.0,
      "wind": 13.3,
      "wind_dir_deg": 13.0
    },
    "14": {
      "temp": 17.0,
      "precip": 0.0,
      "wind": 14.8,
      "wind_dir_deg": 41.0
    },
    "16": {
      "temp": 17.0,
      "precip": 0.0,
      "wind": 12.4,
      "wind_dir_deg": 36.0
    }
  },
  "ride_temp_mean": 15.825,
  "ride_wind_mean": 12.850000000000001,
  "ride_wind_dir_deg": 27.467396788620363,
  "ride_rain_flag": 0.0,
  "tent_rain_flag": 0.0,
  "daily_precip_sum": 0.1,
  "daily_temp_mean": 12.158333333333333,
  "daily_wind_mean": 10.791666666666666,
  "daily_wind_dir_deg": 0.11498956863590593
}