{
  "samples_local": {
    "10": {
      "temp": 12.6,
      "precip": 0.0,
      "wind": 9.8,
      "wind_dir_deg": 62.0
    },
    "12": {
      "temp": 15.7,
      "precip": 0.0,
      "wind": 11.8,
      "wind_dir_deg": 59.0
    },
    "14": {
      "temp": 16.9,
      "precip": 0.0,
      "wind": 15.6,
      "wind_dir_deg": 67.0
    },
    "16": {
      "temp": 17.0,
      "precip": 0.0,
      "wind": 15.5,
      "wind_dir_deg": 59.0
    }
  },
  "ride_temp_mean": 15.549999999999999,
  "ride_wind_mean": 13.175,
  "ride_wind_dir_deg": 61.924690098832,
  "ride_rain_flag": 0.0,
  "tent_rain_flag": 0.0,
  "daily_precip_sum": 0.0,
  "daily_temp_mean": 11.120833333333332,
  "daily_wind_mean": 10.370833333333334,
  "daily_wind_dir_deg": 54.27891472787502
}