{
  "samples_local": {
    "10": {
      "temp": 11.9,
      "precip": 0.0,
      "wind": 31.3,
      "wind_dir_deg": 38.0
    },
    "12": {
      "temp": 12.2,
      "precip": 0.1,
      "wind": 26.8,
      "wind_dir_deg": 42.0
    },
    "14": {
      "temp": 11.2,
      "precip": 0.4,
      "wind": 22.8,
      "wind_dir_deg": 35.0
    },
    "16": {
      "temp": 10.9,
      "precip": 0.1,
      "wind": 21.6,
      "wind_dir_deg": 37.0
    }
  },
  "ride_temp_mean": 11.55,
  "ride_wind_mean": 25.625,
  "ride_wind_dir_deg": 38.16743367531649,
  "ride_rain_flag": 1.0,
  "tent_rain_flag": 1.0,
  "daily_precip_sum": 1.2000000000000002,
  "daily_temp_mean": 10.633333333333333,
  "daily_wind_mean": 21.1125,
  "daily_wind_dir_deg": 30.84798624852914
}