{
  "samples_local": {
    "10": {
      "temp": 11.5,
      "precip": 0.0,
      "wind": 21.9,
      "wind_dir_deg": 20.0
    },
    "12": {
      "temp": 13.8,
      "precip": 0.0,
      "wind": 25.0,
      "wind_dir_deg": 43.0
    },
    "14": {
      "temp": 14.9,
      "precip": 0.0,
      "wind": 20.5,
      "wind_dir_deg": 51.0
    },
    "16": {
      "temp": 14.1,
      "precip": 0.0,
      "wind": 16.3,
      "wind_dir_deg": 45.0
    }
  },
  "ride_temp_mean": 13.575,
  "ride_wind_mean": 20.925,
  "ride_wind_dir_deg": 39.405688850229865,
  "ride_rain_flag": 0.0,
  "tent_rain_flag": 1.0,
  "daily_precip_sum": 0.30000000000000004,
  "daily_temp_mean": 10.5375,
  "daily_wind_mean": 17.474999999999998,
  "daily_wind_dir_deg": 29.858942611843872
}