{
  "samples_local": {
    "10": {
      "temp": 12.4,
      "precip": 0.0,
      "wind": 15.4,
      "wind_dir_deg": 21.0
    },
    "12": {
      "temp": 14.3,
      "precip": 0.0,
      "wind": 18.3,
      "wind_dir_deg": 22.0
    },
    "14": {
      "temp": 15.1,
      "precip": 0.0,
      "wind": 21.9,
      "wind_dir_deg": 46.0
    },
    "16": {
      "temp": 14.9,
      "precip": 0.0,
      "wind": 19.5,
      "wind_dir_deg": 52.0
    }
  },
  "ride_temp_mean": 14.175,
  "ride_wind_mean": 18.775,
  "ride_wind_dir_deg": 36.60074488623036,
  "ride_rain_flag": 0.0,
  "tent_rain_flag": 1.0,
  "daily_precip_sum": 0.4,
  "daily_temp_mean": 11.333333333333334,
  "daily_wind_mean": 15.466666666666667,
  "daily_wind_dir_deg": 36.222074290189994
}