{
  "samples_local": {
    "10": {
      "temp": 8.8,
      "precip": 0.0,
      "wind": 30.3,
      "wind_dir_deg": 35.0
    },
    "12": {
      "temp": 10.4,
      "precip": 0.0,
      "wind": 30.3,
      "wind_dir_deg": 44.0
    },
    "14": {
      "temp": 10.9,
      "precip": 0.0,
      "wind": 23.2,
      "wind_dir_deg": 33.0
    },
    "16": {
      "temp": 10.3,
      "precip": 0.2,
      "wind": 21.7,
      "wind_dir_deg": 43.0
    }
  },
  "ride_temp_mean": 10.100000000000001,
  "ride_wind_mean": 26.375,
  "ride_wind_dir_deg": 38.79064293300661,
  "ride_rain_flag": 1.0,
  "tent_rain_flag": 0.0,
  "daily_precip_sum": 0.5,
  "daily_temp_mean": 8.645833333333334,
  "daily_wind_mean": 22.508333333333336,
  "daily_wind_dir_deg": 39.47144726224872
}