{
  "samples_local": {
    "10": {
      "temp": 11.2,
      "precip": 0.0,
      "wind": 16.6,
      "wind_dir_deg": 18.0
    },
    "12": {
      "temp": 11.9,
      "precip": 0.0,
      "wind": 19.5,
      "wind_dir_deg": 23.0
    },
    "14": {
      "temp": 13.6,
      "precip": 0.0,
      "wind": 23.2,
      "wind_dir_deg": 46.0
    },
    "16": {
      "temp": 12.2,
      "precip": 0.2,
      "wind": 18.4,
      "wind_dir_deg": 50.0
    }
  },
  "ride_temp_mean": 12.225,
  "ride_wind_mean": 19.425,
  "ride_wind_dir_deg": 35.21355539629383,
  "ride_rain_flag": 1.0,
  "tent_rain_flag": 0.0,
  "daily_precip_sum": 0.30000000000000004,
  "daily_temp_mean": 10.433333333333334,
  "daily_wind_mean": 17.9875,
  "daily_wind_dir_deg": 35.659911339360406
}