{
  "samples_local": {
    "10": {
      "temp": 11.9,
      "precip": 0.0,
      "wind": 36.5,
      "wind_dir_deg": 41.0
    },
    "12": {
      "temp": 10.7,
      "precip": 0.4,
      "wind": 27.4,
      "wind_dir_deg": 33.0
    },
    "14": {
      "temp": 11.4,
      "precip": 0.1,
      "wind": 33.8,
      "wind_dir_deg": 39.0
    },
    "16": {
      "temp": 10.9,
      "precip": 0.1,
      "wind": 25.2,
      "wind_dir_deg": 31.0
    }
  },
  "ride_temp_mean": 11.225,
  "ride_wind_mean": 30.724999999999998,
  "ride_wind_dir_deg": 36.61686894119555,
  "ride_rain_flag": 1.0,
  "tent_rain_flag": 1.0,
  "daily_precip_sum": 2.5,
  "daily_temp_mean": 10.3375,
  "daily_wind_mean": 24.724999999999998,
  "daily_wind_dir_deg": 29.080217808460475
}