{
  "samples_local": {
    "10": {
      "temp": 8.9,
      "precip": 0.6,
      "wind": 27.7,
      "wind_dir_deg": 25.0
    },
    "12": {
      "temp": 9.1,
      "precip": 0.1,
      "wind": 29.6,
      "wind_dir_deg": 34.0
    },
    "14": {
      "temp": 9.1,
      "precip": 0.5,
      "wind": 32.7,
      "wind_dir_deg": 36.0
    },
    "16": {
      "temp": 9.1,
      "precip": 0.0,
      "wind": 31.8,
      "wind_dir_deg": 45.0
    }
  },
  "ride_temp_mean": 9.05,
  "ride_wind_mean": 30.450000000000003,
  "ride_wind_dir_deg": 35.363079336961164,
  "ride_rain_flag": 1.0,
  "tent_rain_flag": 1.0,
  "daily_precip_sum": 5.5,
  "daily_temp_mean": 8.454166666666667,
  "daily_wind_mean": 26.066666666666666,
  "daily_wind_dir_deg": 34.98107861037357
}