{
  "samples_local": {
    "10": {
      "temp": 11.9,
      "precip": 0.0,
      "wind": 29.0,
      "wind_dir_deg": 44.0
    },
    "12": {
      "temp": 11.3,
      "precip": 0.0,
      "wind": 22.5,
      "wind_dir_deg": 32.0
    },
    "14": {
      "temp": 11.3,
      "precip": 0.2,
      "wind": 19.8,
      "wind_dir_deg": 27.0
    },
    "16": {
      "temp": 12.3,
      "precip": 0.0,
      "wind": 21.0,
      "wind_dir_deg": 35.0
    }
  },
  "ride_temp_mean": 11.700000000000001,
  "ride_wind_mean": 23.075,
  "ride_wind_dir_deg": 35.37693781956705,
  "ride_rain_flag": 1.0,
  "tent_rain_flag": 1.0,
  "daily_precip_sum": 5.2,
  "daily_temp_mean": 10.791666666666666,
  "daily_wind_mean": 19.758333333333333,
  "daily_wind_dir_deg": 29.469022644679967
}