{
  "samples_local": {
    "10": {
      "temp": 12.2,
      "precip": 0.0,
      "wind": 16.2,
      "wind_dir_deg": 93.0
    },
    "12": {
      "temp": 13.8,
      "precip": 0.0,
      "wind": 16.4,
      "wind_dir_deg": 81.0
    },
    "14": {
      "temp": 14.1,
      "precip": 0.0,
      "wind": 15.2,
      "wind_dir_deg": 94.0
    },
    "16": {
      "temp": 13.6,
      "precip": 0.0,
      "wind": 14.4,
      "wind_dir_deg": 93.0
    }
  },
  "ride_temp_mean": 13.425,
  "ride_wind_mean": 15.549999999999999,
  "ride_wind_dir_deg": 90.08906635977331,
  "ride_rain_flag": 0.0,
  "tent_rain_flag": 0.0,
  "daily_precip_sum": 0.0,
  "daily_temp_mean": 10.541666666666666,
  "daily_wind_mean": 12.104166666666666,
  "daily_wind_dir_deg": 85.38909048835694
}