{
  "samples_local": {
    "10": {
      "temp": 11.8,
      "precip": 0.0,
      "wind": 14.8,
      "wind_dir_deg": 76.0
    },
    "12": {
      "temp": 14.1,
      "precip": 0.1,
      "wind": 14.7,
      "wind_dir_deg": 73.0
    },
    "14": {
      "temp": 15.2,
      "precip": 0.0,
      "wind": 13.6,
      "wind_dir_deg": 78.0
    },
    "16": {
      "temp": 15.2,
      "precip": 0.0,
      "wind": 13.3,
      "wind_dir_deg": 77.0
    }
  },
  "ride_temp_mean": 14.075,
  "ride_wind_mean": 14.1,
  "ride_wind_dir_deg": 75.93638320935537,
  "ride_rain_flag": 0.0,
  "tent_rain_flag": 1.0,
  "daily_precip_sum": 0.30000000000000004,
  "daily_temp_mean": 11.166666666666666,
  "daily_wind_mean": 12.262500000000001,
  "daily_wind_dir_deg": 73.63410768770336
}