{
  "samples_local": {
    "10": {
      "temp": 15.6,
      "precip": 0.1,
      "wind": 31.0,
      "wind_dir_deg": 90.0
    },
    "12": {
      "temp": 17.3,
      "precip": 0.1,
      "wind": 27.7,
      "wind_dir_deg": 91.0
    },
    "14": {
      "temp": 16.5,
      "precip": 0.0,
      "wind": 23.3,
      "wind_dir_deg": 82.0
    },
    "16": {
      "temp": 16.6,
      "precip": 0.0,
      "wind": 22.3,
      "wind_dir_deg": 81.0
    }
  },
  "ride_temp_mean": 16.5,
  "ride_wind_mean": 26.075,
  "ride_wind_dir_deg": 86.55530228333151,
  "ride_rain_flag": 0.0,
  "tent_rain_flag": 0.0,
  "daily_precip_sum": 0.30000000000000004,
  "daily_temp_mean": 14.366666666666667,
  "daily_wind_mean": 21.825,
  "daily_wind_dir_deg": 76.7709417105558
}