{
  "samples_local": {
    "10": {
      "temp": 14.4,
      "precip": 0.0,
      "wind": 17.8,
      "wind_dir_deg": 58.0
    },
    "12": {
      "temp": 16.5,
      "precip": 0.0,
      "wind": 23.3,
      "wind_dir_deg": 70.0
    },
    "14": {
      "temp": 15.8,
      "precip": 0.0,
      "wind": 22.4,
      "wind_dir_deg": 64.0
    },
    "16": {
      "temp": 15.8,
      "precip": 0.0,
      "wind": 18.8,
      "wind_dir_deg": 58.0
    }
  },
  "ride_temp_mean": 15.625,
  "ride_wind_mean": 20.575,
  "ride_wind_dir_deg": 63.028366663571944,
  "ride_rain_flag": 0.0,
  "tent_rain_flag": 0.0,
  "daily_precip_sum": 0.0,
  "daily_temp_mean": 13.616666666666667,
  "daily_wind_mean": 18.304166666666667,
  "daily_wind_dir_deg": 56.24502499700594
}