{
  "samples_local": {
    "10": {
      "temp": 14.6,
      "precip": 0.0,
      "wind": 19.7,
      "wind_dir_deg": 72.0
    },
    "12": {
      "temp": 15.8,
      "precip": 0.0,
      "wind": 20.9,
      "wind_dir_deg": 86.0
    },
    "14": {
      "temp": 15.8,
      "precip": 0.0,
      "wind": 19.4,
      "wind_dir_deg": 80.0
    },
    "16": {
      "temp": 15.4,
      "precip": 0.0,
      "wind": 18.2,
      "wind_dir_deg": 81.0
    }
  },
  "ride_temp_mean": 15.4,
  "ride_wind_mean": 19.549999999999997,
  "ride_wind_dir_deg": 79.82387742987498,
  "ride_rain_flag": 0.0,
  "tent_rain_flag": 0.0,
  "daily_precip_sum": 0.0,
  "daily_temp_mean": 12.841666666666667,
  "daily_wind_mean": 17.195833333333333,
  "daily_wind_dir_deg": 66.33443498531602
}