{
  "samples_local": {
    "10": {
      "temp": 15.9,
      "precip": 0.0,
      "wind": 27.7,
      "wind_dir_deg": 89.0
    },
    "12": {
      "temp": 16.5,
      "precip": 0.0,
      "wind": 31.5,
      "wind_dir_deg": 79.0
    },
    "14": {
      "temp": 16.0,
      "precip": 0.1,
      "wind": 29.7,
      "wind_dir_deg": 73.0
    },
    "16": {
      "temp": 15.7,
      "precip": 0.0,
      "wind": 27.7,
      "wind_dir_deg": 74.0
    }
  },
  "ride_temp_mean": 16.025,
  "ride_wind_mean": 29.15,
  "ride_wind_dir_deg": 78.64971050364096,
  "ride_rain_flag": 0.0,
  "tent_rain_flag": 0.0,
  "daily_precip_sum": 0.30000000000000004,
  "daily_temp_mean": 14.783333333333333,
  "daily_wind_mean": 26.09166666666667,
  "daily_wind_dir_deg": 81.97829085544004
}