{
  "samples_local": {
    "10": {
      "temp": 15.1,
      "precip": 0.1,
      "wind": 28.4,
      "wind_dir_deg": 91.0
    },
    "12": {
      "temp": 16.6,
      "precip": 0.1,
      "wind": 25.2,
      "wind_dir_deg": 91.0
    },
    "14": {
      "temp": 16.6,
      "precip": 0.0,
      "wind": 21.5,
      "wind_dir_deg": 80.0
    },
    "16": {
      "temp": 16.1,
      "precip": 0.0,
      "wind": 20.3,
      "wind_dir_deg": 70.0
    }
  },
  "ride_temp_mean": 16.1,
  "ride_wind_mean": 23.85,
  "ride_wind_dir_deg": 84.07373719311903,
  "ride_rain_flag": 0.0,
  "tent_rain_flag": 0.0,
  "daily_precip_sum": 0.30000000000000004,
  "daily_temp_mean": 14.104166666666666,
  "daily_wind_mean": 21.1875,
  "daily_wind_dir_deg": 73.62770823797376
}