{
  "samples_local": {
    "10": {
      "temp": 14.1,
      "precip": 0.0,
      "wind": 21.9,
      "wind_dir_deg": 81.0
    },
    "12": {
      "temp": 15.6,
      "precip": 0.0,
      "wind": 21.3,
      "wind_dir_deg": 85.0
    },
    "14": {
      "temp": 15.6,
      "precip": 0.2,
      "wind": 20.3,
      "wind_dir_deg": 84.0
    },
    "16": {
      "temp": 15.2,
      "precip": 0.0,
      "wind": 17.7,
      "wind_dir_deg": 77.0
    }
  },
  "ride_temp_mean": 15.125,
  "ride_wind_mean": 20.3,
  "ride_wind_dir_deg": 81.92817610550992,
  "ride_rain_flag": 1.0,
  "tent_rain_flag": 1.0,
  "daily_precip_sum": 0.6000000000000001,
  "daily_temp_mean": 12.620833333333332,
  "daily_wind_mean": 16.558333333333334,
  "daily_wind_dir_deg": 69.87581588680558
}