{
  "samples_local": {
    "10": {
      "temp": 14.8,
      "precip": 0.0,
      "wind": 23.0,
      "wind_dir_deg": 73.0
    },
    "12": {
      "temp": 17.0,
      "precip": 0.1,
      "wind": 25.2,
      "wind_dir_deg": 92.0
    },
    "14": {
      "temp": 16.7,
      "precip": 0.0,
      "wind": 21.0,
      "wind_dir_deg": 95.0
    },
    "16": {
      "temp": 16.7,
      "precip": 0.0,
      "wind": 16.2,
      "wind_dir_deg": 86.0
    }
  },
  "ride_temp_mean": 16.3,
  "ride_wind_mean": 21.35,
  "ride_wind_dir_deg": 86.50590308129199,
  "ride_rain_flag": 0.0,
  "tent_rain_flag": 0.0,
  "daily_precip_sum": 0.30000000000000004,
  "daily_temp_mean": 14.008333333333333,
  "daily_wind_mean": 19.183333333333334,
  "daily_wind_dir_deg": 76.9828087149474
}