{
  "ride_temp_mean": -0.825,
  "ride_precip_sum": 0.0,
  "ride_wind_speed": 6.14421154939424,
  "ride_wind_dir": 356.52939096961404,
  "tent_precip_sum": 0.0,
  "tent_temp_mean": -1.8649999999999998
}