{
  "ride_temp_mean": 1.375,
  "ride_precip_sum": 0.0,
  "ride_wind_speed": 12.821347944530714,
  "ride_wind_dir": 319.40072933423545,
  "tent_precip_sum": 0.0,
  "tent_temp_mean": -0.39
}