{
  "ride_temp_mean": 5.175,
  "ride_precip_sum": 0.0,
  "ride_wind_speed": 1.7594764162684253,
  "ride_wind_dir": 165.3119382138466,
  "tent_precip_sum": 0.30000000000000004,
  "tent_temp_mean": 4.4799999999999995
}