{
  "ride_temp_mean": 3.3,
  "ride_precip_sum": 0.2,
  "ride_wind_speed": 15.46201668889406,
  "ride_wind_dir": 332.8824915816956,
  "tent_precip_sum": 1.2000000000000002,
  "tent_temp_mean": 3.29
}