{
  "ride_temp_mean": 4.425,
  "ride_precip_sum": 0.0,
  "ride_wind_speed": 0.7321672921212798,
  "ride_wind_dir": 167.93768451443214,
  "tent_precip_sum": 0.0,
  "tent_temp_mean": -0.14500000000000002
}