{
  "ride_temp_mean": 1.175,
  "ride_precip_sum": 0.0,
  "ride_wind_speed": 6.836627068582283,
  "ride_wind_dir": 279.7454750312295,
  "tent_precip_sum": 3.1,
  "tent_temp_mean": -0.4050000000000001
}