{
  "ride_temp_mean": 1.325,
  "ride_precip_sum": 0.0,
  "ride_wind_speed": 2.102725215656571,
  "ride_wind_dir": 148.65896551985003,
  "tent_precip_sum": 0.8,
  "tent_temp_mean": 0.26999999999999996
}