{
  "ride_temp_mean": 9.5,
  "ride_precip_sum": 0.0,
  "ride_wind_speed": 1.5264145070803,
  "ride_wind_dir": 200.55794938517948,
  "tent_precip_sum": 0.0,
  "tent_temp_mean": 6.029999999999999
}