{
  "samples_local": {
    "10": {
      "temp": 22.2,
      "precip": 0.0,
      "wind": 4.7,
      "wind_dir_deg": 99.0
    },
    "12": {
      "temp": 25.0,
      "precip": 0.0,
      "wind": 4.7,
      "wind_dir_deg": 113.0
    },
    "14": {
      "temp": 26.6,
      "precip": 0.0,
      "wind": 5.4,
      "wind_dir_deg": 138.0
    },
    "16": {
      "temp": 25.9,
      "precip": 0.0,
      "wind": 3.6,
      "wind_dir_deg": 127.0
    }
  },
  "ride_temp_mean": 24.925,
  "ride_wind_mean": 4.6000000000000005,
  "ride_wind_dir_deg": 119.5171272872933,
  "ride_rain_flag": 0.0,
  "tent_rain_flag": 0.0,
  "daily_precip_sum": 0.0,
  "daily_temp_mean": 19.558333333333334,
  "daily_wind_mean": 5.420833333333333,
  "daily_wind_dir_deg": 16.43025442324989
}