{
  "samples_local": {
    "10": {
      "temp": 22.8,
      "precip": 0.0,
      "wind": 9.9,
      "wind_dir_deg": 289.0
    },
    "12": {
      "temp": 25.4,
      "precip": 0.0,
      "wind": 7.4,
      "wind_dir_deg": 313.0
    },
    "14": {
      "temp": 26.8,
      "precip": 0.0,
      "wind": 5.4,
      "wind_dir_deg": 323.0
    },
    "16": {
      "temp": 27.4,
      "precip": 0.0,
      "wind": 3.5,
      "wind_dir_deg": 336.0
    }
  },
  "ride_temp_mean": 25.6,
  "ride_wind_mean": 6.550000000000001,
  "ride_wind_dir_deg": 309.05844066912846,
  "ride_rain_flag": 0.0,
  "tent_rain_flag": 0.0,
  "daily_precip_sum": 0.0,
  "daily_temp_mean": 21.020833333333332,
  "daily_wind_mean": 8.404166666666667,
  "daily_wind_dir_deg": 277.3316796199505
}