{
  "samples_local": {
    "10": {
      "temp": 23.9,
      "precip": 0.0,
      "wind": 13.2,
      "wind_dir_deg": 331.0
    },
    "12": {
      "temp": 25.5,
      "precip": 0.0,
      "wind": 13.9,
      "wind_dir_deg": 335.0
    },
    "14": {
      "temp": 26.8,
      "precip": 0.0,
      "wind": 14.2,
      "wind_dir_deg": 353.0
    },
    "16": {
      "temp": 27.0,
      "precip": 0.0,
      "wind": 13.0,
      "wind_dir_deg": 357.0
    }
  },
  "ride_temp_mean": 25.8,
  "ride_wind_mean": 13.575,
  "ride_wind_dir_deg": 344.00208625915644,
  "ride_rain_flag": 0.0,
  "tent_rain_flag": 0.0,
  "daily_precip_sum": 0.0,
  "daily_temp_mean": 21.541666666666668,
  "daily_wind_mean": 13.466666666666667,
  "daily_wind_dir_deg": 340.16471388536075
}