{
  "samples_local": {
    "10": {
      "temp": 23.5,
      "precip": 0.0,
      "wind": 8.5,
      "wind_dir_deg": 298.0
    },
    "12": {
      "temp": 27.0,
      "precip": 0.0,
      "wind": 11.6,
      "wind_dir_deg": 300.0
    },
    "14": {
      "temp": 28.4,
      "precip": 0.0,
      "wind": 10.9,
      "wind_dir_deg": 314.0
    },
    "16": {
      "temp": 29.2,
      "precip": 0.0,
      "wind": 11.7,
      "wind_dir_deg": 326.0
    }
  },
  "ride_temp_mean": 27.025,
  "ride_wind_mean": 10.675,
  "ride_wind_dir_deg": 310.27887054649307,
  "ride_rain_flag": 0.0,
  "tent_rain_flag": 0.0,
  "daily_precip_sum": 0.0,
  "daily_temp_mean": 21.945833333333336,
  "daily_wind_mean": 9.979166666666666,
  "daily_wind_dir_deg": 309.3335749936762
}