{
  "samples_local": {
    "10": {
      "temp": 21.6,
      "precip": 0.0,
      "wind": 9.7,
      "wind_dir_deg": 285.0
    },
    "12": {
      "temp": 25.3,
      "precip": 0.0,
      "wind": 10.8,
      "wind_dir_deg": 296.0
    },
    "14": {
      "temp": 27.5,
      "precip": 0.0,
      "wind": 12.8,
      "wind_dir_deg": 310.0
    },
    "16": {
      "temp": 27.5,
      "precip": 0.0,
      "wind": 13.0,
      "wind_dir_deg": 304.0
    }
  },
  "ride_temp_mean": 25.475,
  "ride_wind_mean": 11.575,
  "ride_wind_dir_deg": 299.8315813335655,
  "ride_rain_flag": 0.0,
  "tent_rain_flag": 0.0,
  "daily_precip_sum": 0.0,
  "daily_temp_mean": 21.104166666666668,
  "daily_wind_mean": 10.487499999999999,
  "daily_wind_dir_deg": 298.6960872469376
}