{
  "samples_local": {
    "10": {
      "temp": 23.2,
      "precip": 0.0,
      "wind": 14.6,
      "wind_dir_deg": 290.0
    },
    "12": {
      "temp": 26.1,
      "precip": 0.0,
      "wind": 15.3,
      "wind_dir_deg": 297.0
    },
    "14": {
      "temp": 28.1,
      "precip": 0.0,
      "wind": 16.1,
      "wind_dir_deg": 310.0
    },
    "16": {
      "temp": 28.0,
      "precip": 0.0,
      "wind": 15.3,
      "wind_dir_deg": 297.0
    }
  },
  "ride_temp_mean": 26.35,
  "ride_wind_mean": 15.325000000000001,
  "ride_wind_dir_deg": 298.7363128889473,
  "ride_rain_flag": 0.0,
  "tent_rain_flag": 0.0,
  "daily_precip_sum": 0.0,
  "daily_temp_mean": 21.983333333333334,
  "daily_wind_mean": 12.737499999999999,
  "daily_wind_dir_deg": 290.0068041439924
}