{
  "samples_local": {
    "10": {
      "temp": 24.2,
      "precip": 0.0,
      "wind": 9.7,
      "wind_dir_deg": 301.0
    },
    "12": {
      "temp": 27.6,
      "precip": 0.0,
      "wind": 11.8,
      "wind_dir_deg": 297.0
    },
    "14": {
      "temp": 29.7,
      "precip": 0.0,
      "wind": 11.4,
      "wind_dir_deg": 294.0
    },
    "16": {
      "temp": 30.3,
      "precip": 0.0,
      "wind": 11.4,
      "wind_dir_deg": 305.0
    }
  },
  "ride_temp_mean": 27.95,
  "ride_wind_mean": 11.075,
  "ride_wind_dir_deg": 299.161793415069,
  "ride_rain_flag": 0.0,
  "tent_rain_flag": 0.0,
  "daily_precip_sum": 0.0,
  "daily_temp_mean": 22.849999999999998,
  "daily_wind_mean": 9.108333333333333,
  "daily_wind_dir_deg": 293.47890700589085
}