{
  "samples_local": {
    "10": {
      "temp": 22.9,
      "precip": 0.0,
      "wind": 14.8,
      "wind_dir_deg": 293.0
    },
    "12": {
      "temp": 25.7,
      "precip": 0.0,
      "wind": 16.7,
      "wind_dir_deg": 303.0
    },
    "14": {
      "temp": 27.2,
      "precip": 0.0,
      "wind": 15.6,
      "wind_dir_deg": 304.0
    },
    "16": {
      "temp": 27.6,
      "precip": 0.0,
      "wind": 15.6,
      "wind_dir_deg": 296.0
    }
  },
  "ride_temp_mean": 25.85,
  "ride_wind_mean": 15.675,
  "ride_wind_dir_deg": 299.1476916587175,
  "ride_rain_flag": 0.0,
  "tent_rain_flag": 0.0,
  "daily_precip_sum": 0.0,
  "daily_temp_mean": 21.620833333333334,
  "daily_wind_mean": 13.508333333333333,
  "daily_wind_dir_deg": 297.6336490977095
}