{
  "samples_local": {
    "10": {
      "temp": 24.7,
      "precip": 0.0,
      "wind": 6.2,
      "wind_dir_deg": 280.0
    },
    "12": {
      "temp": 27.5,
      "precip": 0.0,
      "wind": 8.7,
      "wind_dir_deg": 294.0
    },
    "14": {
      "temp": 29.2,
      "precip": 0.0,
      "wind": 7.8,
      "wind_dir_deg": 304.0
    },
    "16": {
      "temp": 29.6,
      "precip": 0.0,
      "wind": 5.1,
      "wind_dir_deg": 315.0
    }
  },
  "ride_temp_mean": 27.75,
  "ride_wind_mean": 6.949999999999999,
  "ride_wind_dir_deg": 297.544400329097,
  "ride_rain_flag": 0.0,
  "tent_rain_flag": 0.0,
  "daily_precip_sum": 0.1,
  "daily_temp_mean": 21.954166666666666,
  "daily_wind_mean": 5.895833333333333,
  "daily_wind_dir_deg": 308.93486720338257
}