{
  "samples_local": {
    "10": {
      "temp": 23.2,
      "precip": 0.0,
      "wind": 6.9,
      "wind_dir_deg": 332.0
    },
    "12": {
      "temp": 26.6,
      "precip": 0.0,
      "wind": 11.1,
      "wind_dir_deg": 335.0
    },
    "14": {
      "temp": 27.5,
      "precip": 0.0,
      "wind": 12.5,
      "wind_dir_deg": 342.0
    },
    "16": {
      "temp": 27.9,
      "precip": 0.0,
      "wind": 11.8,
      "wind_dir_deg": 333.0
    }
  },
  "ride_temp_mean": 26.3,
  "ride_wind_mean": 10.575,
  "ride_wind_dir_deg": 336.01900966745796,
  "ride_rain_flag": 0.0,
  "tent_rain_flag": 0.0,
  "daily_precip_sum": 0.0,
  "daily_temp_mean": 20.754166666666666,
  "daily_wind_mean": 9.041666666666666,
  "daily_wind_dir_deg": 333.4639165418186
}