{
  "samples_local": {
    "10": {
      "temp": 22.0,
      "precip": 0.0,
      "wind": 10.6,
      "wind_dir_deg": 305.0
    },
    "12": {
      "temp": 25.5,
      "precip": 0.0,
      "wind": 11.2,
      "wind_dir_deg": 312.0
    },
    "14": {
      "temp": 27.6,
      "precip": 0.0,
      "wind": 12.0,
      "wind_dir_deg": 309.0
    },
    "16": {
      "temp": 27.8,
      "precip": 0.0,
      "wind": 12.0,
      "wind_dir_deg": 309.0
    }
  },
  "ride_temp_mean": 25.725,
  "ride_wind_mean": 11.45,
  "ride_wind_dir_deg": 308.80810514274987,
  "ride_rain_flag": 0.0,
  "tent_rain_flag": 0.0,
  "daily_precip_sum": 0.0,
  "daily_temp_mean": 21.370833333333334,
  "daily_wind_mean": 11.966666666666667,
  "daily_wind_dir_deg": 303.7416495868956
}