{
  "samples_local": {
    "10": {
      "temp": 22.0,
      "precip": 0.0,
      "wind": 8.2,
      "wind_dir_deg": 319.0
    },
    "12": {
      "temp": 25.2,
      "precip": 0.0,
      "wind": 13.2,
      "wind_dir_deg": 325.0
    },
    "14": {
      "temp": 27.1,
      "precip": 0.0,
      "wind": 12.9,
      "wind_dir_deg": 324.0
    },
    "16": {
      "temp": 27.8,
      "precip": 0.0,
      "wind": 11.5,
      "wind_dir_deg": 346.0
    }
  },
  "ride_temp_mean": 25.525,
  "ride_wind_mean": 11.45,
  "ride_wind_dir_deg": 328.86437737160446,
  "ride_rain_flag": 0.0,
  "tent_rain_flag": 0.0,
  "daily_precip_sum": 0.0,
  "daily_temp_mean": 20.604166666666668,
  "daily_wind_mean": 8.404166666666667,
  "daily_wind_dir_deg": 351.2652240829982
}