{
  "samples_local": {
    "10": {
      "temp": 22.2,
      "precip": 0.0,
      "wind": 15.9,
      "wind_dir_deg": 298.0
    },
    "12": {
      "temp": 24.6,
      "precip": 0.0,
      "wind": 16.1,
      "wind_dir_deg": 318.0
    },
    "14": {
      "temp": 26.7,
      "precip": 0.0,
      "wind": 12.9,
      "wind_dir_deg": 342.0
    },
    "16": {
      "temp": 27.0,
      "precip": 0.0,
      "wind": 12.1,
      "wind_dir_deg": 350.0
    }
  },
  "ride_temp_mean": 25.125,
  "ride_wind_mean": 14.25,
  "ride_wind_dir_deg": 324.68348682244954,
  "ride_rain_flag": 0.0,
  "tent_rain_flag": 0.0,
  "daily_precip_sum": 0.0,
  "daily_temp_mean": 20.712500000000002,
  "daily_wind_mean": 11.733333333333334,
  "daily_wind_dir_deg": 307.5005452538693
}