{
  "samples_local": {
    "10": {
      "temp": 22.5,
      "precip": 0.0,
      "wind": 15.0,
      "wind_dir_deg": 305.0
    },
    "12": {
      "temp": 25.2,
      "precip": 0.0,
      "wind": 14.6,
      "wind_dir_deg": 310.0
    },
    "14": {
      "temp": 27.3,
      "precip": 0.0,
      "wind": 12.9,
      "wind_dir_deg": 306.0
    },
    "16": {
      "temp": 27.5,
      "precip": 0.0,
      "wind": 12.6,
      "wind_dir_deg": 301.0
    }
  },
  "ride_temp_mean": 25.625,
  "ride_wind_mean": 13.775,
  "ride_wind_dir_deg": 305.64433761271175,
  "ride_rain_flag": 0.0,
  "tent_rain_flag": 0.0,
  "daily_precip_sum": 0.0,
  "daily_temp_mean": 21.483333333333334,
  "daily_wind_mean": 13.116666666666667,
  "daily_wind_dir_deg": 302.7082814347005
}