{
  "samples_local": {
    "10": {
      "temp": 24.1,
      "precip": 0.0,
      "wind": 7.4,
      "wind_dir_deg": 299.0
    },
    "12": {
      "temp": 26.9,
      "precip": 0.0,
      "wind": 6.9,
      "wind_dir_deg": 321.0
    },
    "14": {
      "temp": 29.0,
      "precip": 0.0,
      "wind": 7.9,
      "wind_dir_deg": 357.0
    },
    "16": {
      "temp": 29.0,
      "precip": 0.0,
      "wind": 8.5,
      "wind_dir_deg": 28.0
    }
  },
  "ride_temp_mean": 27.25,
  "ride_wind_mean": 7.675000000000001,
  "ride_wind_dir_deg": 343.4429299628412,
  "ride_rain_flag": 0.0,
  "tent_rain_flag": 0.0,
  "daily_precip_sum": 0.0,
  "daily_temp_mean": 22.129166666666666,
  "daily_wind_mean": 8.362499999999999,
  "daily_wind_dir_deg": 310.3850708217103
}