{
  "samples_local": {
    "10": {
      "temp": 21.3,
      "precip": 0.0,
      "wind": 12.5,
      "wind_dir_deg": 309.0
    },
    "12": {
      "temp": 23.6,
      "precip": 0.0,
      "wind": 14.5,
      "wind_dir_deg": 305.0
    },
    "14": {
      "temp": 24.9,
      "precip": 0.0,
      "wind": 13.9,
      "wind_dir_deg": 307.0
    },
    "16": {
      "temp": 25.5,
      "precip": 0.0,
      "wind": 11.8,
      "wind_dir_deg": 308.0
    }
  },
  "ride_temp_mean": 23.825,
  "ride_wind_mean": 13.175,
  "ride_wind_dir_deg": 307.14806256566425,
  "ride_rain_flag": 0.0,
  "tent_rain_flag": 0.0,
  "daily_precip_sum": 0.0,
  "daily_temp_mean": 19.766666666666666,
  "daily_wind_mean": 13.058333333333332,
  "daily_wind_dir_deg": 304.2617758862782
}