{
  "samples_local": {
    "10": {
      "temp": 21.4,
      "precip": 0.0,
      "wind": 10.1,
      "wind_dir_deg": 297.0
    },
    "12": {
      "temp": 24.5,
      "precip": 0.0,
      "wind": 9.9,
      "wind_dir_deg": 303.0
    },
    "14": {
      "temp": 27.1,
      "precip": 0.0,
      "wind": 10.2,
      "wind_dir_deg": 312.0
    },
    "16": {
      "temp": 27.5,
      "precip": 0.0,
      "wind": 10.0,
      "wind_dir_deg": 308.0
    }
  },
  "ride_temp_mean": 25.125,
  "ride_wind_mean": 10.05,
  "ride_wind_dir_deg": 305.02187446653585,
  "ride_rain_flag": 0.0,
  "tent_rain_flag": 0.0,
  "daily_precip_sum": 0.0,
  "daily_temp_mean": 20.974999999999998,
  "daily_wind_mean": 10.516666666666667,
  "daily_wind_dir_deg": 304.0654327116281
}