{
  "samples_local": {
    "10": {
      "temp": 22.9,
      "precip": 0.0,
      "wind": 12.7,
      "wind_dir_deg": 299.0
    },
    "12": {
      "temp": 25.7,
      "precip": 0.0,
      "wind": 15.2,
      "wind_dir_deg": 306.0
    },
    "14": {
      "temp": 27.4,
      "precip": 0.0,
      "wind": 14.5,
      "wind_dir_deg": 318.0
    },
    "16": {
      "temp": 27.7,
      "precip": 0.0,
      "wind": 13.9,
      "wind_dir_deg": 301.0
    }
  },
  "ride_temp_mean": 25.924999999999997,
  "ride_wind_mean": 14.075,
  "ride_wind_dir_deg": 306.2621943341909,
  "ride_rain_flag": 0.0,
  "tent_rain_flag": 0.0,
  "daily_precip_sum": 0.0,
  "daily_temp_mean": 21.616666666666664,
  "daily_wind_mean": 12.120833333333332,
  "daily_wind_dir_deg": 300.6632053749677
}