{
  "samples_local": {
    "10": {
      "temp": 24.1,
      "precip": 0.0,
      "wind": 10.5,
      "wind_dir_deg": 292.0
    },
    "12": {
      "temp": 26.9,
      "precip": 0.0,
      "wind": 12.4,
      "wind_dir_deg": 296.0
    },
    "14": {
      "temp": 28.5,
      "precip": 0.0,
      "wind": 12.8,
      "wind_dir_deg": 286.0
    },
    "16": {
      "temp": 28.8,
      "precip": 0.0,
      "wind": 12.8,
      "wind_dir_deg": 292.0
    }
  },
  "ride_temp_mean": 27.075,
  "ride_wind_mean": 12.125,
  "ride_wind_dir_deg": 291.44009690566605,
  "ride_rain_flag": 0.0,
  "tent_rain_flag": 0.0,
  "daily_precip_sum": 0.0,
  "daily_temp_mean": 22.366666666666664,
  "daily_wind_mean": 10.645833333333334,
  "daily_wind_dir_deg": 283.8731686080889
}