{
  "samples_local": {
    "10": {
      "temp": 19.6,
      "precip": 0.0,
      "wind": 29.9,
      "wind_dir_deg": 22.0
    },
    "12": {
      "temp": 22.5,
      "precip": 0.0,
      "wind": 29.1,
      "wind_dir_deg": 22.0
    },
    "14": {
      "temp": 23.8,
      "precip": 0.0,
      "wind": 25.8,
      "wind_dir_deg": 22.0
    },
    "16": {
      "temp": 25.5,
      "precip": 0.1,
      "wind": 28.9,
      "wind_dir_deg": 21.0
    }
  },
  "ride_temp_mean": 22.85,
  "ride_wind_mean": 28.425,
  "ride_wind_dir_deg": 21.745827071395013,
  "ride_rain_flag": 0.0,
  "tent_rain_flag": 1.0,
  "daily_precip_sum": 1.7,
  "daily_temp_mean": 19.775000000000002,
  "daily_wind_mean": 22.837500000000002,
  "daily_wind_dir_deg": 30.944209817027115
}