{
  "samples_local": {
    "10": {
      "temp": 20.1,
      "precip": 0.1,
      "wind": 25.9,
      "wind_dir_deg": 12.0
    },
    "12": {
      "temp": 22.8,
      "precip": 0.1,
      "wind": 30.1,
      "wind_dir_deg": 9.0
    },
    "14": {
      "temp": 23.3,
      "precip": 0.1,
      "wind": 36.8,
      "wind_dir_deg": 34.0
    },
    "16": {
      "temp": 22.6,
      "precip": 0.1,
      "wind": 33.5,
      "wind_dir_deg": 51.0
    }
  },
  "ride_temp_mean": 22.200000000000003,
  "ride_wind_mean": 31.575,
  "ride_wind_dir_deg": 27.998829006346966,
  "ride_rain_flag": 0.0,
  "tent_rain_flag": 1.0,
  "daily_precip_sum": 1.0,
  "daily_temp_mean": 19.6875,
  "daily_wind_mean": 23.508333333333336,
  "daily_wind_dir_deg": 30.63358895374114
}