{
  "samples_local": {
    "10": {
      "temp": 17.2,
      "precip": 1.2,
      "wind": 31.0,
      "wind_dir_deg": 30.0
    },
    "12": {
      "temp": 16.6,
      "precip": 3.5,
      "wind": 32.5,
      "wind_dir_deg": 49.0
    },
    "14": {
      "temp": 19.0,
      "precip": 0.2,
      "wind": 25.6,
      "wind_dir_deg": 69.0
    },
    "16": {
      "temp": 18.5,
      "precip": 0.1,
      "wind": 27.1,
      "wind_dir_deg": 80.0
    }
  },
  "ride_temp_mean": 17.825,
  "ride_wind_mean": 29.05,
  "ride_wind_dir_deg": 55.59883178362975,
  "ride_rain_flag": 1.0,
  "tent_rain_flag": 1.0,
  "daily_precip_sum": 10.9,
  "daily_temp_mean": 17.108333333333334,
  "daily_wind_mean": 28.883333333333336,
  "daily_wind_dir_deg": 43.240757836554565
}