{
  "samples_local": {
    "10": {
      "temp": 22.0,
      "precip": 0.0,
      "wind": 7.7,
      "wind_dir_deg": 300.0
    },
    "12": {
      "temp": 26.5,
      "precip": 0.0,
      "wind": 8.3,
      "wind_dir_deg": 281.0
    },
    "14": {
      "temp": 29.8,
      "precip": 0.0,
      "wind": 5.1,
      "wind_dir_deg": 315.0
    },
    "16": {
      "temp": 29.4,
      "precip": 0.0,
      "wind": 13.0,
      "wind_dir_deg": 142.0
    }
  },
  "ride_temp_mean": 26.925,
  "ride_wind_mean": 8.525,
  "ride_wind_dir_deg": 263.4069812009021,
  "ride_rain_flag": 0.0,
  "tent_rain_flag": 0.0,
  "daily_precip_sum": 0.0,
  "daily_temp_mean": 21.041666666666668,
  "daily_wind_mean": 10.075000000000001,
  "daily_wind_dir_deg": 332.44035931703456
}