{
  "samples_local": {
    "10": {
      "temp": 23.6,
      "precip": 0.0,
      "wind": 13.2,
      "wind_dir_deg": 310.0
    },
    "12": {
      "temp": 28.8,
      "precip": 0.0,
      "wind": 14.6,
      "wind_dir_deg": 300.0
    },
    "14": {
      "temp": 31.5,
      "precip": 0.0,
      "wind": 19.2,
      "wind_dir_deg": 283.0
    },
    "16": {
      "temp": 33.2,
      "precip": 0.0,
      "wind": 20.3,
      "wind_dir_deg": 237.0
    }
  },
  "ride_temp_mean": 29.275000000000002,
  "ride_wind_mean": 16.825,
  "ride_wind_dir_deg": 278.79345521201344,
  "ride_rain_flag": 0.0,
  "tent_rain_flag": 1.0,
  "daily_precip_sum": 0.2,
  "daily_temp_mean": 23.458333333333332,
  "daily_wind_mean": 11.295833333333334,
  "daily_wind_dir_deg": 237.6146931951257
}