{
  "ride_temp_mean": 2.05,
  "ride_precip_sum": 0.0,
  "ride_wind_speed": 24.00355249422173,
  "ride_wind_dir": 259.4134357112778,
  "tent_precip_sum": 2.1,
  "tent_temp_mean": 2.805
}