{
  "samples_local": {
    "10": {
      "temp": 3.0,
      "precip": 0.0,
      "wind": 6.4,
      "wind_dir_deg": 58.0
    },
    "12": {
      "temp": 5.0,
      "precip": 0.0,
      "wind": 6.9,
      "wind_dir_deg": 49.0
    },
    "14": {
      "temp": 5.1,
      "precip": 0.0,
      "wind": 2.3,
      "wind_dir_deg": 4.0
    },
    "16": {
      "temp": 2.8,
      "precip": 0.0,
      "wind": 1.5,
      "wind_dir_deg": 315.0
    }
  },
  "ride_temp_mean": 3.9749999999999996,
  "ride_wind_mean": 4.275,
  "ride_wind_dir_deg": 40.811329195038866,
  "ride_rain_flag": 0.0,
  "tent_rain_flag": 0.0,
  "daily_precip_sum": 0.0,
  "daily_temp_mean": 1.4958333333333333,
  "daily_wind_mean": 3.3541666666666665,
  "daily_wind_dir_deg": 37.00113295164027
}