{
  "samples_local": {
    "10": {
      "temp": 5.6,
      "precip": 0.0,
      "wind": 7.0,
      "wind_dir_deg": 328.0
    },
    "12": {
      "temp": 8.7,
      "precip": 0.0,
      "wind": 6.7,
      "wind_dir_deg": 27.0
    },
    "14": {
      "temp": 8.7,
      "precip": 0.0,
      "wind": 5.3,
      "wind_dir_deg": 38.0
    },
    "16": {
      "temp": 4.6,
      "precip": 0.0,
      "wind": 5.2,
      "wind_dir_deg": 326.0
    }
  },
  "ride_temp_mean": 6.8999999999999995,
  "ride_wind_mean": 6.05,
  "ride_wind_dir_deg": 359.1221095248797,
  "ride_rain_flag": 0.0,
  "tent_rain_flag": 0.0,
  "daily_precip_sum": 0.0,
  "daily_temp_mean": 4.283333333333333,
  "daily_wind_mean": 5.691666666666666,
  "daily_wind_dir_deg": 332.2002461443386
}