{
  "samples_local": {
    "10": {
      "temp": 3.0,
      "precip": 0.0,
      "wind": 11.0,
      "wind_dir_deg": 21.0
    },
    "12": {
      "temp": 6.1,
      "precip": 0.0,
      "wind": 10.8,
      "wind_dir_deg": 21.0
    },
    "14": {
      "temp": 6.1,
      "precip": 0.0,
      "wind": 9.0,
      "wind_dir_deg": 44.0
    },
    "16": {
      "temp": 4.1,
      "precip": 0.0,
      "wind": 7.6,
      "wind_dir_deg": 25.0
    }
  },
  "ride_temp_mean": 4.824999999999999,
  "ride_wind_mean": 9.6,
  "ride_wind_dir_deg": 27.132170997815706,
  "ride_rain_flag": 0.0,
  "tent_rain_flag": 0.0,
  "daily_precip_sum": 0.0,
  "daily_temp_mean": 2.1958333333333333,
  "daily_wind_mean": 9.591666666666667,
  "daily_wind_dir_deg": 24.33361351255212
}