{
  "samples_local": {
    "10": {
      "temp": -0.8,
      "precip": 0.0,
      "wind": 5.1,
      "wind_dir_deg": 328.0
    },
    "12": {
      "temp": 1.2,
      "precip": 0.0,
      "wind": 6.7,
      "wind_dir_deg": 38.0
    },
    "14": {
      "temp": 1.9,
      "precip": 0.0,
      "wind": 7.2,
      "wind_dir_deg": 25.0
    },
    "16": {
      "temp": -0.5,
      "precip": 0.0,
      "wind": 7.5,
      "wind_dir_deg": 33.0
    }
  },
  "ride_temp_mean": 0.44999999999999996,
  "ride_wind_mean": 6.625,
  "ride_wind_dir_deg": 20.87448139343877,
  "ride_rain_flag": 0.0,
  "tent_rain_flag": 0.0,
  "daily_precip_sum": 0.0,
  "daily_temp_mean": 0.0041666666666666415,
  "daily_wind_mean": 8.008333333333333,
  "daily_wind_dir_deg": 12.210860215003208
}