{
  "samples_local": {
    "10": {
      "temp": -1.0,
      "precip": 0.0,
      "wind": 12.3,
      "wind_dir_deg": 53.0
    },
    "12": {
      "temp": 1.9,
      "precip": 0.0,
      "wind": 13.1,
      "wind_dir_deg": 52.0
    },
    "14": {
      "temp": 1.2,
      "precip": 0.0,
      "wind": 13.9,
      "wind_dir_deg": 51.0
    },
    "16": {
      "temp": -0.1,
      "precip": 0.0,
      "wind": 13.9,
      "wind_dir_deg": 54.0
    }
  },
  "ride_temp_mean": 0.49999999999999994,
  "ride_wind_mean": 13.3,
  "ride_wind_dir_deg": 52.49247981515083,
  "ride_rain_flag": 0.0,
  "tent_rain_flag": 0.0,
  "daily_precip_sum": 0.0,
  "daily_temp_mean": -0.5666666666666668,
  "daily_wind_mean": 13.991666666666667,
  "daily_wind_dir_deg": 48.39888816163773
}