{
  "samples_local": {
    "10": {
      "temp": 5.3,
      "precip": 0.1,
      "wind": 12.3,
      "wind_dir_deg": 38.0
    },
    "12": {
      "temp": 7.2,
      "precip": 0.0,
      "wind": 12.3,
      "wind_dir_deg": 56.0
    },
    "14": {
      "temp": 7.9,
      "precip": 0.0,
      "wind": 12.3,
      "wind_dir_deg": 58.0
    },
    "16": {
      "temp": 7.8,
      "precip": 0.0,
      "wind": 12.4,
      "wind_dir_deg": 42.0
    }
  },
  "ride_temp_mean": 7.05,
  "ride_wind_mean": 12.325000000000001,
  "ride_wind_dir_deg": 48.48864544793105,
  "ride_rain_flag": 0.0,
  "tent_rain_flag": 1.0,
  "daily_precip_sum": 4.6000000000000005,
  "daily_temp_mean": 6.675,
  "daily_wind_mean": 11.895833333333334,
  "daily_wind_dir_deg": 38.69420552199824
}