{
  "ride_temp_mean": 4.075,
  "ride_precip_sum": 0.30000000000000004,
  "ride_wind_speed": 2.72698645523573,
  "ride_wind_dir": 197.34872602978885,
  "tent_precip_sum": 2.1,
  "tent_temp_mean": 1.825
}