{
  "ride_temp_mean": 7.2,
  "ride_precip_sum": 0.0,
  "ride_wind_speed": 4.584879224759519,
  "ride_wind_dir": 290.33447618796276,
  "tent_precip_sum": 0.7,
  "tent_temp_mean": 5.5649999999999995
}