{
  "ride_temp_mean": 9.575,
  "ride_precip_sum": 0.0,
  "ride_wind_speed": 1.1100978604621654,
  "ride_wind_dir": 260.75029598627896,
  "tent_precip_sum": 0.0,
  "tent_temp_mean": 7.35
}