{
  "ride_temp_mean": 1.25,
  "ride_precip_sum": 0.0,
  "ride_wind_speed": 26.070763681086866,
  "ride_wind_dir": 262.11795964222534,
  "tent_precip_sum": 1.5,
  "tent_temp_mean": 2.6
}