{
  "samples_local": {
    "10": {
      "temp": 21.0,
      "precip": 0.0,
      "wind": 4.5,
      "wind_dir_deg": 76.0
    },
    "12": {
      "temp": 22.7,
      "precip": 0.0,
      "wind": 4.4,
      "wind_dir_deg": 55.0
    },
    "14": {
      "temp": 21.9,
      "precip": 0.1,
      "wind": 12.4,
      "wind_dir_deg": 190.0
    },
    "16": {
      "temp": 23.2,
      "precip": 0.0,
      "wind": 4.9,
      "wind_dir_deg": 234.0
    }
  },
  "ride_temp_mean": 22.2,
  "ride_wind_mean": 6.550000000000001,
  "ride_wind_dir_deg": 170.82954698583512,
  "ride_rain_flag": 0.0,
  "tent_rain_flag": 0.0,
  "daily_precip_sum": 0.2,
  "daily_temp_mean": 18.354166666666668,
  "daily_wind_mean": 5.520833333333333,
  "daily_wind_dir_deg": 131.58622832397816
}