{
  "samples_local": {
    "10": {
      "temp": 19.3,
      "precip": 0.1,
      "wind": 19.9,
      "wind_dir_deg": 84.0
    },
    "12": {
      "temp": 21.2,
      "precip": 0.1,
      "wind": 18.1,
      "wind_dir_deg": 83.0
    },
    "14": {
      "temp": 20.8,
      "precip": 0.0,
      "wind": 16.9,
      "wind_dir_deg": 102.0
    },
    "16": {
      "temp": 22.0,
      "precip": 0.0,
      "wind": 13.4,
      "wind_dir_deg": 104.0
    }
  },
  "ride_temp_mean": 20.825,
  "ride_wind_mean": 17.075,
  "ride_wind_dir_deg": 92.10182296227157,
  "ride_rain_flag": 0.0,
  "tent_rain_flag": 1.0,
  "daily_precip_sum": 1.5,
  "daily_temp_mean": 18.404166666666665,
  "daily_wind_mean": 14.754166666666668,
  "daily_wind_dir_deg": 80.63277941826908
}