{
  "samples_local": {
    "10": {
      "temp": 20.1,
      "precip": 0.0,
      "wind": 21.4,
      "wind_dir_deg": 82.0
    },
    "12": {
      "temp": 21.9,
      "precip": 0.0,
      "wind": 21.6,
      "wind_dir_deg": 90.0
    },
    "14": {
      "temp": 20.4,
      "precip": 0.4,
      "wind": 20.5,
      "wind_dir_deg": 101.0
    },
    "16": {
      "temp": 21.4,
      "precip": 0.0,
      "wind": 18.4,
      "wind_dir_deg": 94.0
    }
  },
  "ride_temp_mean": 20.95,
  "ride_wind_mean": 20.475,
  "ride_wind_dir_deg": 91.56246245688033,
  "ride_rain_flag": 1.0,
  "tent_rain_flag": 0.0,
  "daily_precip_sum": 0.6000000000000001,
  "daily_temp_mean": 18.675,
  "daily_wind_mean": 15.291666666666666,
  "daily_wind_dir_deg": 83.0670929274956
}