{
  "samples_local": {
    "10": {
      "temp": 0.2,
      "precip": 0.0,
      "wind": 11.5,
      "wind_dir_deg": 219.0
    },
    "12": {
      "temp": 3.6,
      "precip": 0.0,
      "wind": 13.0,
      "wind_dir_deg": 228.0
    },
    "14": {
      "temp": 5.2,
      "precip": 0.0,
      "wind": 15.9,
      "wind_dir_deg": 219.0
    },
    "16": {
      "temp": 5.2,
      "precip": 0.0,
      "wind": 18.9,
      "wind_dir_deg": 219.0
    }
  },
  "ride_temp_mean": 3.5500000000000003,
  "ride_wind_mean": 14.825,
  "ride_wind_dir_deg": 220.96945649774608,
  "ride_rain_flag": 0.0,
  "tent_rain_flag": 0.0,
  "daily_precip_sum": 0.0,
  "daily_temp_mean": 0.14166666666666664,
  "daily_wind_mean": 11.424999999999999,
  "daily_wind_dir_deg": 225.300881135968
}