{
  "samples_local": {
    "10": {
      "temp": 0.2,
      "precip": 0.0,
      "wind": 10.8,
      "wind_dir_deg": 240.0
    },
    "12": {
      "temp": 3.2,
      "precip": 0.0,
      "wind": 15.0,
      "wind_dir_deg": 235.0
    },
    "14": {
      "temp": 4.8,
      "precip": 0.0,
      "wind": 17.7,
      "wind_dir_deg": 231.0
    },
    "16": {
      "temp": 5.1,
      "precip": 0.0,
      "wind": 18.6,
      "wind_dir_deg": 238.0
    }
  },
  "ride_temp_mean": 3.3249999999999997,
  "ride_wind_mean": 15.525,
  "ride_wind_dir_deg": 235.6285165858367,
  "ride_rain_flag": 0.0,
  "tent_rain_flag": 0.0,
  "daily_precip_sum": 0.0,
  "daily_temp_mean": -0.32500000000000007,
  "daily_wind_mean": 12.133333333333333,
  "daily_wind_dir_deg": 243.84679571266923
}