{
  "samples_local": {
    "10": {
      "temp": 1.5,
      "precip": 0.0,
      "wind": 10.4,
      "wind_dir_deg": 236.0
    },
    "12": {
      "temp": 3.9,
      "precip": 0.0,
      "wind": 14.5,
      "wind_dir_deg": 235.0
    },
    "14": {
      "temp": 4.9,
      "precip": 0.0,
      "wind": 14.5,
      "wind_dir_deg": 240.0
    },
    "16": {
      "temp": 4.9,
      "precip": 0.0,
      "wind": 15.3,
      "wind_dir_deg": 236.0
    }
  },
  "ride_temp_mean": 3.8000000000000003,
  "ride_wind_mean": 13.675,
  "ride_wind_dir_deg": 236.7948935582954,
  "ride_rain_flag": 0.0,
  "tent_rain_flag": 0.0,
  "daily_precip_sum": 0.0,
  "daily_temp_mean": -0.7208333333333333,
  "daily_wind_mean": 9.691666666666666,
  "daily_wind_dir_deg": 243.8823046494117
}