{
  "samples_local": {
    "10": {
      "temp": -0.3,
      "precip": 0.0,
      "wind": 10.6,
      "wind_dir_deg": 246.0
    },
    "12": {
      "temp": 2.0,
      "precip": 0.0,
      "wind": 13.4,
      "wind_dir_deg": 239.0
    },
    "14": {
      "temp": 3.7,
      "precip": 0.0,
      "wind": 17.3,
      "wind_dir_deg": 234.0
    },
    "16": {
      "temp": 3.5,
      "precip": 0.0,
      "wind": 17.6,
      "wind_dir_deg": 242.0
    }
  },
  "ride_temp_mean": 2.225,
  "ride_wind_mean": 14.725000000000001,
  "ride_wind_dir_deg": 239.68786855295002,
  "ride_rain_flag": 0.0,
  "tent_rain_flag": 0.0,
  "daily_precip_sum": 0.0,
  "daily_temp_mean": -1.5708333333333335,
  "daily_wind_mean": 9.845833333333333,
  "daily_wind_dir_deg": 251.0174246777001
}