{
  "samples_local": {
    "10": {
      "temp": 1.2,
      "precip": 0.0,
      "wind": 8.9,
      "wind_dir_deg": 238.0
    },
    "12": {
      "temp": 3.8,
      "precip": 0.0,
      "wind": 10.7,
      "wind_dir_deg": 228.0
    },
    "14": {
      "temp": 5.1,
      "precip": 0.0,
      "wind": 14.3,
      "wind_dir_deg": 229.0
    },
    "16": {
      "temp": 4.7,
      "precip": 0.0,
      "wind": 15.2,
      "wind_dir_deg": 239.0
    }
  },
  "ride_temp_mean": 3.6999999999999997,
  "ride_wind_mean": 12.275,
  "ride_wind_dir_deg": 233.50893454206454,
  "ride_rain_flag": 0.0,
  "tent_rain_flag": 0.0,
  "daily_precip_sum": 0.0,
  "daily_temp_mean": -1.0041666666666667,
  "daily_wind_mean": 8.729166666666666,
  "daily_wind_dir_deg": 241.96644689197356
}