{
  "samples_local": {
    "10": {
      "temp": 27.0,
      "precip": 0.0,
      "wind": 11.4,
      "wind_dir_deg": 282.0
    },
    "12": {
      "temp": 25.0,
      "precip": 2.6,
      "wind": 14.7,
      "wind_dir_deg": 303.0
    },
    "14": {
      "temp": 27.4,
      "precip": 0.1,
      "wind": 8.3,
      "wind_dir_deg": 283.0
    },
    "16": {
      "temp": 27.2,
      "precip": 0.1,
      "wind": 10.9,
      "wind_dir_deg": 297.0
    }
  },
  "ride_temp_mean": 26.65,
  "ride_wind_mean": 11.325,
  "ride_wind_dir_deg": 292.6110744033136,
  "ride_rain_flag": 1.0,
  "tent_rain_flag": 1.0,
  "daily_precip_sum": 5.1,
  "daily_temp_mean": 24.004166666666666,
  "daily_wind_mean": 9.129166666666666,
  "daily_wind_dir_deg": 280.73412767739654
}