{
  "ride_temp_mean": 26.014285714285712,
  "ride_wind_mean": 8.428571428571429,
  "ride_rain_flag": 1.0,
  "tent_rain_flag": 1.0
}