{
  "samples_local": {
    "10": {
      "temp": 22.0,
      "precip": 0.1,
      "wind": 21.3,
      "wind_dir_deg": 136.0
    },
    "12": {
      "temp": 22.0,
      "precip": 0.0,
      "wind": 20.0,
      "wind_dir_deg": 132.0
    },
    "14": {
      "temp": 22.5,
      "precip": 0.0,
      "wind": 21.8,
      "wind_dir_deg": 132.0
    },
    "16": {
      "temp": 22.2,
      "precip": 0.0,
      "wind": 21.9,
      "wind_dir_deg": 133.0
    }
  },
  "ride_temp_mean": 22.175,
  "ride_wind_mean": 21.25,
  "ride_wind_dir_deg": 133.2597884077262,
  "ride_rain_flag": 0.0,
  "tent_rain_flag": 0.0,
  "daily_precip_sum": 0.2,
  "daily_temp_mean": 22.15416666666667,
  "daily_wind_mean": 19.220833333333335,
  "daily_wind_dir_deg": 135.23445068885144
}