{
  "samples_local": {
    "10": {
      "temp": 29.4,
      "precip": 0.0,
      "wind": 4.5,
      "wind_dir_deg": 182.0
    },
    "12": {
      "temp": 33.4,
      "precip": 0.0,
      "wind": 12.2,
      "wind_dir_deg": 151.0
    },
    "14": {
      "temp": 33.3,
      "precip": 0.0,
      "wind": 18.6,
      "wind_dir_deg": 184.0
    },
    "16": {
      "temp": 31.0,
      "precip": 0.0,
      "wind": 23.8,
      "wind_dir_deg": 180.0
    }
  },
  "ride_temp_mean": 31.775,
  "ride_wind_mean": 14.775,
  "ride_wind_dir_deg": 175.56627668303815,
  "ride_rain_flag": 0.0,
  "tent_rain_flag": 0.0,
  "daily_precip_sum": 0.0,
  "daily_temp_mean": 27.141666666666666,
  "daily_wind_mean": 12.979166666666666,
  "daily_wind_dir_deg": 166.81813983691666
}