{
  "samples_local": {
    "10": {
      "temp": 27.1,
      "precip": 0.0,
      "wind": 3.7,
      "wind_dir_deg": 317.0
    },
    "12": {
      "temp": 29.1,
      "precip": 0.0,
      "wind": 5.3,
      "wind_dir_deg": 336.0
    },
    "14": {
      "temp": 28.6,
      "precip": 0.0,
      "wind": 9.7,
      "wind_dir_deg": 15.0
    },
    "16": {
      "temp": 26.3,
      "precip": 0.0,
      "wind": 9.1,
      "wind_dir_deg": 302.0
    }
  },
  "ride_temp_mean": 27.775000000000002,
  "ride_wind_mean": 6.949999999999999,
  "ride_wind_dir_deg": 335.5469167281559,
  "ride_rain_flag": 0.0,
  "tent_rain_flag": 1.0,
  "daily_precip_sum": 0.3,
  "daily_temp_mean": 22.587500000000002,
  "daily_wind_mean": 4.85,
  "daily_wind_dir_deg": 68.98445334749147
}