{
  "ride_temp_mean": 22.385714285714283,
  "ride_wind_mean": 17.928571428571427,
  "ride_rain_flag": 1.0,
  "tent_rain_flag": 0.0
}