{
  "ride_temp_mean": 21.728571428571428,
  "ride_wind_mean": 19.714285714285715,
  "ride_rain_flag": 1.0,
  "tent_rain_flag": 0.0
}