{
  "ride_temp_mean": 28.328571428571426,
  "ride_wind_mean": 18.657142857142855,
  "ride_rain_flag": 0.0,
  "tent_rain_flag": 0.0
}