{
  "samples_local": {
    "10": {
      "temp": 29.5,
      "precip": 0.0,
      "wind": 6.9,
      "wind_dir_deg": 157.0
    },
    "12": {
      "temp": 30.4,
      "precip": 0.2,
      "wind": 11.8,
      "wind_dir_deg": 160.0
    },
    "14": {
      "temp": 28.7,
      "precip": 1.2,
      "wind": 13.3,
      "wind_dir_deg": 128.0
    },
    "16": {
      "temp": 27.4,
      "precip": 0.0,
      "wind": 16.2,
      "wind_dir_deg": 141.0
    }
  },
  "ride_temp_mean": 29.0,
  "ride_wind_mean": 12.05,
  "ride_wind_dir_deg": 144.35435980551142,
  "ride_rain_flag": 1.0,
  "tent_rain_flag": 0.0,
  "daily_precip_sum": 1.4,
  "daily_temp_mean": 24.558333333333334,
  "daily_wind_mean": 6.233333333333333,
  "daily_wind_dir_deg": 154.26591009557603
}