{
  "samples_local": {
    "10": {
      "temp": 20.4,
      "precip": 0.0,
      "wind": 22.9,
      "wind_dir_deg": 167.0
    },
    "12": {
      "temp": 21.1,
      "precip": 0.0,
      "wind": 27.1,
      "wind_dir_deg": 144.0
    },
    "14": {
      "temp": 21.0,
      "precip": 0.0,
      "wind": 38.8,
      "wind_dir_deg": 143.0
    },
    "16": {
      "temp": 21.8,
      "precip": 0.0,
      "wind": 38.6,
      "wind_dir_deg": 140.0
    }
  },
  "ride_temp_mean": 21.075,
  "ride_wind_mean": 31.85,
  "ride_wind_dir_deg": 146.54531359713633,
  "ride_rain_flag": 0.0,
  "tent_rain_flag": 0.0,
  "daily_precip_sum": 0.0,
  "daily_temp_mean": 21.316666666666666,
  "daily_wind_mean": 27.333333333333332,
  "daily_wind_dir_deg": 146.14072098905
}