{
  "samples_local": {
    "10": {
      "temp": 22.5,
      "precip": 0.1,
      "wind": 20.1,
      "wind_dir_deg": 96.0
    },
    "12": {
      "temp": 22.3,
      "precip": 0.0,
      "wind": 26.2,
      "wind_dir_deg": 141.0
    },
    "14": {
      "temp": 21.6,
      "precip": 0.0,
      "wind": 30.3,
      "wind_dir_deg": 153.0
    },
    "16": {
      "temp": 21.8,
      "precip": 0.0,
      "wind": 28.7,
      "wind_dir_deg": 154.0
    }
  },
  "ride_temp_mean": 22.05,
  "ride_wind_mean": 26.325,
  "ride_wind_dir_deg": 140.14834239935914,
  "ride_rain_flag": 0.0,
  "tent_rain_flag": 1.0,
  "daily_precip_sum": 0.4,
  "daily_temp_mean": 21.958333333333332,
  "daily_wind_mean": 24.416666666666668,
  "daily_wind_dir_deg": 129.8840134437604
}