{
  "ride_temp_mean": 35.58571428571428,
  "ride_wind_mean": 12.200000000000001,
  "ride_rain_flag": 0.0,
  "tent_rain_flag": 0.0
}