{
  "ride_temp_mean": 32.628571428571426,
  "ride_wind_mean": 16.414285714285715,
  "ride_rain_flag": 0.0,
  "tent_rain_flag": 0.0
}