{
  "ride_temp_mean": 28.599999999999998,
  "ride_wind_mean": 6.614285714285714,
  "ride_rain_flag": 0.0,
  "tent_rain_flag": 0.0
}