{
  "samples_local": {
    "10": {
      "temp": 17.1,
      "precip": 0.0,
      "wind": 13.9,
      "wind_dir_deg": 41.0
    },
    "12": {
      "temp": 17.2,
      "precip": 0.0,
      "wind": 9.9,
      "wind_dir_deg": 80.0
    },
    "14": {
      "temp": 18.6,
      "precip": 0.0,
      "wind": 10.5,
      "wind_dir_deg": 87.0
    },
    "16": {
      "temp": 19.0,
      "precip": 0.0,
      "wind": 16.6,
      "wind_dir_deg": 48.0
    }
  },
  "ride_temp_mean": 17.975,
  "ride_wind_mean": 12.725000000000001,
  "ride_wind_dir_deg": 60.21011595814025,
  "ride_rain_flag": 0.0,
  "tent_rain_flag": 1.0,
  "daily_precip_sum": 2.7,
  "daily_temp_mean": 18.316666666666666,
  "daily_wind_mean": 22.291666666666668,
  "daily_wind_dir_deg": 47.694024392755125
}