{
  "ride_temp_mean": 20.685714285714287,
  "ride_wind_mean": 13.614285714285714,
  "ride_rain_flag": 1.0,
  "tent_rain_flag": 0.0
}