{
  "ride_temp_mean": 25.914285714285715,
  "ride_wind_mean": 8.442857142857143,
  "ride_rain_flag": 1.0,
  "tent_rain_flag": 1.0
}