{
  "ride_temp_mean": -18.35,
  "ride_precip_sum": 0.1,
  "ride_wind_speed": 5.153611887300239,
  "ride_wind_dir": 323.37255265564255,
  "tent_precip_sum": 1.0,
  "tent_temp_mean": -19.835
}