{
  "ride_temp_mean": -4.425,
  "ride_precip_sum": 0.0,
  "ride_wind_speed": 4.833285743985416,
  "ride_wind_dir": 296.90165031834863,
  "tent_precip_sum": 0.0,
  "tent_temp_mean": -9.58
}