{
  "ride_temp_mean": -11.325,
  "ride_precip_sum": 0.0,
  "ride_wind_speed": 1.4832913629753401,
  "ride_wind_dir": 248.67978081085278,
  "tent_precip_sum": 0.0,
  "tent_temp_mean": -14.265
}