{
  "ride_temp_mean": 5.35,
  "ride_precip_sum": 0.0,
  "ride_wind_speed": 2.422720138597622,
  "ride_wind_dir": 126.76655490233895,
  "tent_precip_sum": 0.0,
  "tent_temp_mean": 0.049999999999999975
}