{
  "ride_temp_mean": 2.4250000000000003,
  "ride_precip_sum": 0.0,
  "ride_wind_speed": 11.8854783857433,
  "ride_wind_dir": 350.05673173076195,
  "tent_precip_sum": 2.5,
  "tent_temp_mean": 1.17
}