{
  "ride_temp_mean": 3.175,
  "ride_precip_sum": 0.1,
  "ride_wind_speed": 24.376877223923344,
  "ride_wind_dir": 250.23480824585636,
  "tent_precip_sum": 4.0,
  "tent_temp_mean": 3.17
}