{
  "ride_temp_mean": 9.775,
  "ride_precip_sum": 0.2,
  "ride_wind_speed": 29.34829521376503,
  "ride_wind_dir": 229.7954223135282,
  "tent_precip_sum": 3.7,
  "tent_temp_mean": 8.76
}