{
  "ride_temp_mean": 1.8499999999999999,
  "ride_precip_sum": 0.8,
  "ride_wind_speed": 7.499084927568069,
  "ride_wind_dir": 334.1529866790267,
  "tent_precip_sum": 2.4,
  "tent_temp_mean": 1.8399999999999999
}