{
  "ride_temp_mean": 3.2,
  "ride_precip_sum": 0.0,
  "ride_wind_speed": 19.04909713254709,
  "ride_wind_dir": 250.56806023898656,
  "tent_precip_sum": 1.3,
  "tent_temp_mean": 4.46
}