{
  "ride_temp_mean": 5.925,
  "ride_precip_sum": 0.0,
  "ride_wind_speed": 16.780525809698137,
  "ride_wind_dir": 214.84658853799374,
  "tent_precip_sum": 0.0,
  "tent_temp_mean": 3.04
}