{
  "ride_temp_mean": 14.175,
  "ride_precip_sum": 0.0,
  "ride_wind_speed": 17.621330196956176,
  "ride_wind_dir": 224.06631494408765,
  "tent_precip_sum": 0.0,
  "tent_temp_mean": 14.059999999999999
}