{
  "ride_temp_mean": 15.175,
  "ride_precip_sum": 0.0,
  "ride_wind_speed": 47.88188754197567,
  "ride_wind_dir": 267.67468036542095,
  "tent_precip_sum": 1.3,
  "tent_temp_mean": 15.13
}