{
  "ride_temp_mean": 11.875,
  "ride_precip_sum": 0.0,
  "ride_wind_speed": 22.92044216985142,
  "ride_wind_dir": 209.91380482177792,
  "tent_precip_sum": 0.0,
  "tent_temp_mean": 11.290000000000001
}