{
  "samples_local": {
    "10": {
      "temp": 29.3,
      "precip": 0.0,
      "wind": 11.5,
      "wind_dir_deg": 269.0
    },
    "12": {
      "temp": 32.3,
      "precip": 0.0,
      "wind": 13.2,
      "wind_dir_deg": 268.0
    },
    "14": {
      "temp": 33.1,
      "precip": 0.0,
      "wind": 12.7,
      "wind_dir_deg": 264.0
    },
    "16": {
      "temp": 31.4,
      "precip": 0.0,
      "wind": 13.1,
      "wind_dir_deg": 283.0
    }
  },
  "ride_temp_mean": 31.525,
  "ride_wind_mean": 12.625,
  "ride_wind_dir_deg": 271.09576017158815,
  "ride_rain_flag": 0.0,
  "tent_rain_flag": 0.0,
  "daily_precip_sum": 0.1,
  "daily_temp_mean": 26.891666666666666,
  "daily_wind_mean": 9.924999999999999,
  "daily_wind_dir_deg": 263.24685196358513
}