{
  "samples_local": {
    "10": {
      "temp": 18.0,
      "precip": 0.0,
      "wind": 4.8,
      "wind_dir_deg": 250.0
    },
    "12": {
      "temp": 19.2,
      "precip": 0.0,
      "wind": 9.9,
      "wind_dir_deg": 297.0
    },
    "14": {
      "temp": 18.2,
      "precip": 0.2,
      "wind": 8.7,
      "wind_dir_deg": 274.0
    },
    "16": {
      "temp": 16.8,
      "precip": 0.1,
      "wind": 10.3,
      "wind_dir_deg": 270.0
    }
  },
  "ride_temp_mean": 18.05,
  "ride_wind_mean": 8.425,
  "ride_wind_dir_deg": 276.11177473403836,
  "ride_rain_flag": 1.0,
  "tent_rain_flag": 1.0,
  "daily_precip_sum": 12.0,
  "daily_temp_mean": 15.258333333333333,
  "daily_wind_mean": 6.704166666666667,
  "daily_wind_dir_deg": 224.48195484185354
}