{
  "samples_local": {
    "10": {
      "temp": 12.0,
      "precip": 0.0,
      "wind": 11.3,
      "wind_dir_deg": 318.0
    },
    "12": {
      "temp": 14.1,
      "precip": 0.0,
      "wind": 11.8,
      "wind_dir_deg": 333.0
    },
    "14": {
      "temp": 14.6,
      "precip": 0.1,
      "wind": 16.7,
      "wind_dir_deg": 359.0
    },
    "16": {
      "temp": 12.6,
      "precip": 1.7,
      "wind": 14.1,
      "wind_dir_deg": 355.0
    }
  },
  "ride_temp_mean": 13.325,
  "ride_wind_mean": 13.475,
  "ride_wind_dir_deg": 343.7867626080387,
  "ride_rain_flag": 1.0,
  "tent_rain_flag": 1.0,
  "daily_precip_sum": 11.2,
  "daily_temp_mean": 11.758333333333333,
  "daily_wind_mean": 12.095833333333333,
  "daily_wind_dir_deg": 354.9720183321385
}