{
  "samples_local": {
    "10": {
      "temp": 11.8,
      "precip": 0.0,
      "wind": 7.8,
      "wind_dir_deg": 341.0
    },
    "12": {
      "temp": 14.1,
      "precip": 0.0,
      "wind": 14.5,
      "wind_dir_deg": 30.0
    },
    "14": {
      "temp": 14.8,
      "precip": 0.0,
      "wind": 15.0,
      "wind_dir_deg": 24.0
    },
    "16": {
      "temp": 13.6,
      "precip": 0.0,
      "wind": 17.6,
      "wind_dir_deg": 26.0
    }
  },
  "ride_temp_mean": 13.575,
  "ride_wind_mean": 13.725,
  "ride_wind_dir_deg": 20.537314376117195,
  "ride_rain_flag": 0.0,
  "tent_rain_flag": 1.0,
  "daily_precip_sum": 2.0,
  "daily_temp_mean": 10.325000000000001,
  "daily_wind_mean": 16.108333333333334,
  "daily_wind_dir_deg": 25.347108502560673
}