{
  "samples_local": {
    "10": {
      "temp": 12.5,
      "precip": 0.3,
      "wind": 18.7,
      "wind_dir_deg": 334.0
    },
    "12": {
      "temp": 13.6,
      "precip": 0.0,
      "wind": 16.5,
      "wind_dir_deg": 325.0
    },
    "14": {
      "temp": 13.9,
      "precip": 2.1,
      "wind": 17.2,
      "wind_dir_deg": 331.0
    },
    "16": {
      "temp": 17.1,
      "precip": 0.0,
      "wind": 17.1,
      "wind_dir_deg": 0.0
    }
  },
  "ride_temp_mean": 14.275,
  "ride_wind_mean": 17.375,
  "ride_wind_dir_deg": 337.4017124741491,
  "ride_rain_flag": 1.0,
  "tent_rain_flag": 1.0,
  "daily_precip_sum": 3.2,
  "daily_temp_mean": 12.995833333333332,
  "daily_wind_mean": 18.525000000000002,
  "daily_wind_dir_deg": 349.1333741468851
}