{
  "samples_local": {
    "10": {
      "temp": 17.5,
      "precip": 1.8,
      "wind": 32.8,
      "wind_dir_deg": 333.0
    },
    "12": {
      "temp": 17.5,
      "precip": 0.9,
      "wind": 30.4,
      "wind_dir_deg": 332.0
    },
    "14": {
      "temp": 17.0,
      "precip": 0.7,
      "wind": 28.7,
      "wind_dir_deg": 322.0
    },
    "16": {
      "temp": 16.7,
      "precip": 0.8,
      "wind": 30.7,
      "wind_dir_deg": 323.0
    }
  },
  "ride_temp_mean": 17.175,
  "ride_wind_mean": 30.65,
  "ride_wind_dir_deg": 327.67331502802733,
  "ride_rain_flag": 1.0,
  "tent_rain_flag": 1.0,
  "daily_precip_sum": 8.7,
  "daily_temp_mean": 14.791666666666666,
  "daily_wind_mean": 19.849999999999998,
  "daily_wind_dir_deg": 307.26966545533224
}