{
  "samples_local": {
    "10": {
      "temp": 14.8,
      "precip": 0.0,
      "wind": 18.0,
      "wind_dir_deg": 277.0
    },
    "12": {
      "temp": 17.4,
      "precip": 0.1,
      "wind": 21.0,
      "wind_dir_deg": 321.0
    },
    "14": {
      "temp": 15.9,
      "precip": 0.1,
      "wind": 19.7,
      "wind_dir_deg": 286.0
    },
    "16": {
      "temp": 15.1,
      "precip": 0.2,
      "wind": 21.0,
      "wind_dir_deg": 288.0
    }
  },
  "ride_temp_mean": 15.8,
  "ride_wind_mean": 19.925,
  "ride_wind_dir_deg": 293.50023864263636,
  "ride_rain_flag": 1.0,
  "tent_rain_flag": 1.0,
  "daily_precip_sum": 11.6,
  "daily_temp_mean": 12.883333333333333,
  "daily_wind_mean": 16.695833333333333,
  "daily_wind_dir_deg": 290.96852040121445
}