{
  "samples_local": {
    "10": {
      "temp": 11.8,
      "precip": 0.4,
      "wind": 18.6,
      "wind_dir_deg": 317.0
    },
    "12": {
      "temp": 14.9,
      "precip": 0.0,
      "wind": 18.6,
      "wind_dir_deg": 325.0
    },
    "14": {
      "temp": 15.5,
      "precip": 0.0,
      "wind": 17.2,
      "wind_dir_deg": 320.0
    },
    "16": {
      "temp": 16.0,
      "precip": 0.0,
      "wind": 18.3,
      "wind_dir_deg": 310.0
    }
  },
  "ride_temp_mean": 14.55,
  "ride_wind_mean": 18.175,
  "ride_wind_dir_deg": 317.99648373217303,
  "ride_rain_flag": 1.0,
  "tent_rain_flag": 1.0,
  "daily_precip_sum": 3.3000000000000003,
  "daily_temp_mean": 12.6875,
  "daily_wind_mean": 13.895833333333334,
  "daily_wind_dir_deg": 315.20025263512167
}