{
  "samples_local": {
    "10": {
      "temp": 12.6,
      "precip": 0.0,
      "wind": 20.8,
      "wind_dir_deg": 12.0
    },
    "12": {
      "temp": 13.1,
      "precip": 0.0,
      "wind": 19.8,
      "wind_dir_deg": 14.0
    },
    "14": {
      "temp": 13.4,
      "precip": 0.0,
      "wind": 18.1,
      "wind_dir_deg": 23.0
    },
    "16": {
      "temp": 12.8,
      "precip": 0.4,
      "wind": 14.9,
      "wind_dir_deg": 1.0
    }
  },
  "ride_temp_mean": 12.975,
  "ride_wind_mean": 18.400000000000002,
  "ride_wind_dir_deg": 13.02173941680013,
  "ride_rain_flag": 1.0,
  "tent_rain_flag": 1.0,
  "daily_precip_sum": 6.2,
  "daily_temp_mean": 12.145833333333334,
  "daily_wind_mean": 20.195833333333333,
  "daily_wind_dir_deg": 30.291301320952357
}