{
  "samples_local": {
    "10": {
      "temp": 10.6,
      "precip": 0.0,
      "wind": 22.8
    },
    "12": {
      "temp": 12.1,
      "precip": 0.1,
      "wind": 20.3
    },
    "14": {
      "temp": 13.1,
      "precip": 0.1,
      "wind": 19.4
    },
    "16": {
      "temp": 12.6,
      "precip": 0.0,
      "wind": 12.1
    }
  },
  "ride_temp_mean": 12.1,
  "ride_wind_mean": 18.65,
  "ride_rain_flag": 0.0,
  "tent_rain_flag": 0.0,
  "daily_precip_sum": 0.30000000000000004,
  "daily_temp_mean": 9.941666666666666,
  "daily_wind_mean": 17.445833333333333
}