{
  "samples_local": {
    "10": {
      "temp": 15.0,
      "precip": 1.4,
      "wind": 17.9,
      "wind_dir_deg": 40.0
    },
    "12": {
      "temp": 16.0,
      "precip": 0.1,
      "wind": 17.9,
      "wind_dir_deg": 40.0
    },
    "14": {
      "temp": 16.5,
      "precip": 0.3,
      "wind": 17.6,
      "wind_dir_deg": 43.0
    },
    "16": {
      "temp": 16.2,
      "precip": 0.7,
      "wind": 18.1,
      "wind_dir_deg": 47.0
    }
  },
  "ride_temp_mean": 15.925,
  "ride_wind_mean": 17.875,
  "ride_wind_dir_deg": 42.509726627599434,
  "ride_rain_flag": 1.0,
  "tent_rain_flag": 1.0,
  "daily_precip_sum": 4.2,
  "daily_temp_mean": 14.679166666666667,
  "daily_wind_mean": 13.966666666666667,
  "daily_wind_dir_deg": 34.366195965956365
}