{
  "samples_local": {
    "10": {
      "temp": 18.2,
      "precip": 0.0,
      "wind": 7.3,
      "wind_dir_deg": 9.0
    },
    "12": {
      "temp": 20.4,
      "precip": 0.0,
      "wind": 3.3,
      "wind_dir_deg": 49.0
    },
    "14": {
      "temp": 19.9,
      "precip": 0.0,
      "wind": 6.1,
      "wind_dir_deg": 50.0
    },
    "16": {
      "temp": 20.4,
      "precip": 0.0,
      "wind": 5.7,
      "wind_dir_deg": 55.0
    }
  },
  "ride_temp_mean": 19.724999999999998,
  "ride_wind_mean": 5.6,
  "ride_wind_dir_deg": 38.068998363504534,
  "ride_rain_flag": 0.0,
  "tent_rain_flag": 0.0,
  "daily_precip_sum": 0.0,
  "daily_temp_mean": 15.299999999999999,
  "daily_wind_mean": 6.429166666666667,
  "daily_wind_dir_deg": 29.87041868121537
}