{
  "samples_local": {
    "10": {
      "temp": 17.6,
      "precip": 0.0,
      "wind": 3.6,
      "wind_dir_deg": 0.0
    },
    "12": {
      "temp": 18.6,
      "precip": 0.0,
      "wind": 3.1,
      "wind_dir_deg": 54.0
    },
    "14": {
      "temp": 20.0,
      "precip": 0.0,
      "wind": 4.4,
      "wind_dir_deg": 35.0
    },
    "16": {
      "temp": 19.6,
      "precip": 0.0,
      "wind": 8.1,
      "wind_dir_deg": 69.0
    }
  },
  "ride_temp_mean": 18.950000000000003,
  "ride_wind_mean": 4.8,
  "ride_wind_dir_deg": 46.55218836230608,
  "ride_rain_flag": 0.0,
  "tent_rain_flag": 1.0,
  "daily_precip_sum": 0.8999999999999999,
  "daily_temp_mean": 13.958333333333334,
  "daily_wind_mean": 8.049999999999999,
  "daily_wind_dir_deg": 31.04483616059673
}