{
  "samples_local": {
    "10": {
      "temp": 16.4,
      "precip": 0.0,
      "wind": 19.4,
      "wind_dir_deg": 31.0
    },
    "12": {
      "temp": 15.6,
      "precip": 0.0,
      "wind": 17.7,
      "wind_dir_deg": 39.0
    },
    "14": {
      "temp": 15.6,
      "precip": 0.1,
      "wind": 19.3,
      "wind_dir_deg": 37.0
    },
    "16": {
      "temp": 14.6,
      "precip": 0.0,
      "wind": 14.1,
      "wind_dir_deg": 40.0
    }
  },
  "ride_temp_mean": 15.549999999999999,
  "ride_wind_mean": 17.625,
  "ride_wind_dir_deg": 36.45266154951719,
  "ride_rain_flag": 0.0,
  "tent_rain_flag": 1.0,
  "daily_precip_sum": 2.0,
  "daily_temp_mean": 12.833333333333334,
  "daily_wind_mean": 13.670833333333334,
  "daily_wind_dir_deg": 30.232990971509253
}