{
  "samples_local": {
    "10": {
      "temp": 18.2,
      "precip": 0.0,
      "wind": 21.3,
      "wind_dir_deg": 356.0
    },
    "12": {
      "temp": 19.7,
      "precip": 0.0,
      "wind": 22.6,
      "wind_dir_deg": 351.0
    },
    "14": {
      "temp": 20.5,
      "precip": 0.0,
      "wind": 24.6,
      "wind_dir_deg": 354.0
    },
    "16": {
      "temp": 18.5,
      "precip": 0.3,
      "wind": 15.5,
      "wind_dir_deg": 12.0
    }
  },
  "ride_temp_mean": 19.225,
  "ride_wind_mean": 21.0,
  "ride_wind_dir_deg": 356.99322662043244,
  "ride_rain_flag": 1.0,
  "tent_rain_flag": 1.0,
  "daily_precip_sum": 2.9,
  "daily_temp_mean": 15.879166666666668,
  "daily_wind_mean": 15.116666666666667,
  "daily_wind_dir_deg": 351.85255104361295
}