{
  "samples_local": {
    "10": {
      "temp": 18.8,
      "precip": 0.0,
      "wind": 19.6,
      "wind_dir_deg": 353.0
    },
    "12": {
      "temp": 20.1,
      "precip": 0.0,
      "wind": 22.4,
      "wind_dir_deg": 6.0
    },
    "14": {
      "temp": 20.9,
      "precip": 0.0,
      "wind": 22.8,
      "wind_dir_deg": 354.0
    },
    "16": {
      "temp": 20.0,
      "precip": 0.0,
      "wind": 20.6,
      "wind_dir_deg": 356.0
    }
  },
  "ride_temp_mean": 19.95,
  "ride_wind_mean": 21.35,
  "ride_wind_dir_deg": 357.3935394132235,
  "ride_rain_flag": 0.0,
  "tent_rain_flag": 1.0,
  "daily_precip_sum": 6.3999999999999995,
  "daily_temp_mean": 16.166666666666668,
  "daily_wind_mean": 14.704166666666666,
  "daily_wind_dir_deg": 356.1765928029356
}