{
  "samples_local": {
    "10": {
      "temp": 18.5,
      "precip": 0.0,
      "wind": 16.2,
      "wind_dir_deg": 21.0
    },
    "12": {
      "temp": 16.2,
      "precip": 3.5,
      "wind": 15.6,
      "wind_dir_deg": 23.0
    },
    "14": {
      "temp": 18.6,
      "precip": 0.1,
      "wind": 16.9,
      "wind_dir_deg": 34.0
    },
    "16": {
      "temp": 19.0,
      "precip": 0.0,
      "wind": 8.7,
      "wind_dir_deg": 24.0
    }
  },
  "ride_temp_mean": 18.075,
  "ride_wind_mean": 14.35,
  "ride_wind_dir_deg": 25.819568551803457,
  "ride_rain_flag": 1.0,
  "tent_rain_flag": 1.0,
  "daily_precip_sum": 14.8,
  "daily_temp_mean": 15.345833333333333,
  "daily_wind_mean": 12.958333333333334,
  "daily_wind_dir_deg": 14.192404094988774
}