{
  "samples_local": {
    "10": {
      "temp": 16.1,
      "precip": 0.1,
      "wind": 19.9,
      "wind_dir_deg": 41.0
    },
    "12": {
      "temp": 17.1,
      "precip": 0.2,
      "wind": 20.0,
      "wind_dir_deg": 52.0
    },
    "14": {
      "temp": 16.3,
      "precip": 3.3,
      "wind": 20.4,
      "wind_dir_deg": 49.0
    },
    "16": {
      "temp": 15.9,
      "precip": 3.0,
      "wind": 21.3,
      "wind_dir_deg": 51.0
    }
  },
  "ride_temp_mean": 16.35,
  "ride_wind_mean": 20.4,
  "ride_wind_dir_deg": 48.310318689541475,
  "ride_rain_flag": 1.0,
  "tent_rain_flag": 1.0,
  "daily_precip_sum": 18.599999999999998,
  "daily_temp_mean": 15.004166666666668,
  "daily_wind_mean": 14.970833333333333,
  "daily_wind_dir_deg": 38.69117765160979
}