{
  "ride_temp_mean": 6.325,
  "ride_precip_sum": 1.4000000000000001,
  "ride_wind_speed": 18.090842565711387,
  "ride_wind_dir": 44.52261642324709,
  "tent_precip_sum": 8.3,
  "tent_temp_mean": 6.29
}