{
  "ride_temp_mean": -0.65,
  "ride_precip_sum": 0.0,
  "ride_wind_speed": 8.706804717209394,
  "ride_wind_dir": 251.23301036306611,
  "tent_precip_sum": 0.0,
  "tent_temp_mean": -1.495
}