{
  "ride_temp_mean": 5.8,
  "ride_precip_sum": 0.5,
  "ride_wind_speed": 14.172359014097276,
  "ride_wind_dir": 256.4477519107121,
  "tent_precip_sum": 2.0,
  "tent_temp_mean": 5.3149999999999995
}