{
  "ride_temp_mean": 5.8,
  "ride_precip_sum": 1.1,
  "ride_wind_speed": 11.01488080242321,
  "ride_wind_dir": 136.74069563892976,
  "tent_precip_sum": 13.7,
  "tent_temp_mean": 5.41
}