{
  "ride_temp_mean": 6.949999999999999,
  "ride_precip_sum": 0.0,
  "ride_wind_speed": 6.306156166342873,
  "ride_wind_dir": 199.11190646809493,
  "tent_precip_sum": 0.1,
  "tent_temp_mean": 5.945
}