{
  "ride_temp_mean": 2.525,
  "ride_precip_sum": 0.1,
  "ride_wind_speed": 16.67962486320221,
  "ride_wind_dir": 255.07134523761658,
  "tent_precip_sum": 2.3000000000000003,
  "tent_temp_mean": 3.825
}