{
  "ride_temp_mean": 9.425,
  "ride_precip_sum": 0.0,
  "ride_wind_speed": 26.09084022007421,
  "ride_wind_dir": 197.54794944489848,
  "tent_precip_sum": 3.0,
  "tent_temp_mean": 8.2
}