{
  "ride_temp_mean": 8.8,
  "ride_precip_sum": 0.0,
  "ride_wind_speed": 21.936715003460133,
  "ride_wind_dir": 188.7113104302004,
  "tent_precip_sum": 0.0,
  "tent_temp_mean": 4.904999999999999
}