{
  "ride_temp_mean": 8.525,
  "ride_precip_sum": 0.5,
  "ride_wind_speed": 31.668264523891978,
  "ride_wind_dir": 245.48922110882916,
  "tent_precip_sum": 13.5,
  "tent_temp_mean": 8.870000000000001
}