{
  "ride_temp_mean": 6.675,
  "ride_precip_sum": 0.7000000000000001,
  "ride_wind_speed": 5.922924112320871,
  "ride_wind_dir": 233.36149298007274,
  "tent_precip_sum": 4.4,
  "tent_temp_mean": 6.18
}