{
  "ride_temp_mean": 5.475,
  "ride_precip_sum": 0.9,
  "ride_wind_speed": 19.03850212776172,
  "ride_wind_dir": 274.22865158538065,
  "tent_precip_sum": 19.8,
  "tent_temp_mean": 4.535
}