{
  "ride_temp_mean": -0.925,
  "ride_precip_sum": 0.7000000000000001,
  "ride_wind_speed": 7.893549113321406,
  "ride_wind_dir": 253.57347708204102,
  "tent_precip_sum": 2.3000000000000003,
  "tent_temp_mean": -1.4849999999999999
}