{
  "ride_temp_mean": 5.625,
  "ride_precip_sum": 0.0,
  "ride_wind_speed": 13.770969096021995,
  "ride_wind_dir": 219.2013573633124,
  "tent_precip_sum": 0.30000000000000004,
  "tent_temp_mean": 4.65
}