{
  "ride_temp_mean": 9.1,
  "ride_precip_sum": 0.1,
  "ride_wind_speed": 27.49143746477522,
  "ride_wind_dir": 230.91999130737827,
  "tent_precip_sum": 3.6,
  "tent_temp_mean": 7.435
}