{
  "ride_temp_mean": 0.3,
  "ride_precip_sum": 0.0,
  "ride_wind_speed": 20.97577661633484,
  "ride_wind_dir": 269.32705458444434,
  "tent_precip_sum": 2.3,
  "tent_temp_mean": 1.705
}