{
  "samples_local": {
    "10": {
      "temp": 13.8,
      "precip": 0.0,
      "wind": 23.7,
      "wind_dir_deg": 46.0
    },
    "12": {
      "temp": 13.4,
      "precip": 0.2,
      "wind": 21.6,
      "wind_dir_deg": 44.0
    },
    "14": {
      "temp": 12.4,
      "precip": 1.0,
      "wind": 17.4,
      "wind_dir_deg": 52.0
    },
    "16": {
      "temp": 11.9,
      "precip": 1.6,
      "wind": 18.2,
      "wind_dir_deg": 56.0
    }
  },
  "ride_temp_mean": 12.875,
  "ride_wind_mean": 20.225,
  "ride_wind_dir_deg": 49.00408011609443,
  "ride_rain_flag": 1.0,
  "tent_rain_flag": 1.0,
  "daily_precip_sum": 13.6,
  "daily_temp_mean": 11.304166666666667,
  "daily_wind_mean": 17.641666666666666,
  "daily_wind_dir_deg": 57.777812521945975
}