{
  "samples_local": {
    "10": {
      "temp": 12.8,
      "precip": 0.2,
      "wind": 20.5,
      "wind_dir_deg": 79.0
    },
    "12": {
      "temp": 14.9,
      "precip": 0.0,
      "wind": 18.3,
      "wind_dir_deg": 74.0
    },
    "14": {
      "temp": 14.4,
      "precip": 0.0,
      "wind": 21.2,
      "wind_dir_deg": 69.0
    },
    "16": {
      "temp": 13.9,
      "precip": 0.2,
      "wind": 21.1,
      "wind_dir_deg": 73.0
    }
  },
  "ride_temp_mean": 14.0,
  "ride_wind_mean": 20.275,
  "ride_wind_dir_deg": 73.69613499770708,
  "ride_rain_flag": 1.0,
  "tent_rain_flag": 1.0,
  "daily_precip_sum": 15.700000000000001,
  "daily_temp_mean": 12.424999999999999,
  "daily_wind_mean": 16.191666666666666,
  "daily_wind_dir_deg": 64.0364349256314
}