{
  "samples_local": {
    "10": {
      "temp": 13.8,
      "precip": 0.1,
      "wind": 17.9,
      "wind_dir_deg": 75.0
    },
    "12": {
      "temp": 14.5,
      "precip": 1.9,
      "wind": 17.9,
      "wind_dir_deg": 81.0
    },
    "14": {
      "temp": 15.2,
      "precip": 0.0,
      "wind": 18.3,
      "wind_dir_deg": 75.0
    },
    "16": {
      "temp": 14.4,
      "precip": 0.0,
      "wind": 16.0,
      "wind_dir_deg": 76.0
    }
  },
  "ride_temp_mean": 14.475,
  "ride_wind_mean": 17.525,
  "ride_wind_dir_deg": 76.75950199208415,
  "ride_rain_flag": 1.0,
  "tent_rain_flag": 1.0,
  "daily_precip_sum": 11.700000000000001,
  "daily_temp_mean": 12.420833333333334,
  "daily_wind_mean": 14.5625,
  "daily_wind_dir_deg": 73.16973404754117
}