{
  "samples_local": {
    "10": {
      "temp": 12.3,
      "precip": 0.0,
      "wind": 15.9,
      "wind_dir_deg": 103.0
    },
    "12": {
      "temp": 13.1,
      "precip": 0.1,
      "wind": 16.6,
      "wind_dir_deg": 92.0
    },
    "14": {
      "temp": 14.6,
      "precip": 0.1,
      "wind": 16.0,
      "wind_dir_deg": 82.0
    },
    "16": {
      "temp": 14.1,
      "precip": 0.0,
      "wind": 16.2,
      "wind_dir_deg": 86.0
    }
  },
  "ride_temp_mean": 13.525,
  "ride_wind_mean": 16.175,
  "ride_wind_dir_deg": 90.7144963627652,
  "ride_rain_flag": 0.0,
  "tent_rain_flag": 1.0,
  "daily_precip_sum": 5.9,
  "daily_temp_mean": 12.391666666666666,
  "daily_wind_mean": 16.354166666666668,
  "daily_wind_dir_deg": 57.514953612088505
}