{
  "samples_local": {
    "10": {
      "temp": 16.1,
      "precip": 0.1,
      "wind": 23.2,
      "wind_dir_deg": 36.0
    },
    "12": {
      "temp": 15.9,
      "precip": 0.2,
      "wind": 22.6,
      "wind_dir_deg": 65.0
    },
    "14": {
      "temp": 14.6,
      "precip": 0.0,
      "wind": 9.8,
      "wind_dir_deg": 84.0
    },
    "16": {
      "temp": 15.1,
      "precip": 0.0,
      "wind": 13.4,
      "wind_dir_deg": 84.0
    }
  },
  "ride_temp_mean": 15.425,
  "ride_wind_mean": 17.25,
  "ride_wind_dir_deg": 61.73833033025505,
  "ride_rain_flag": 1.0,
  "tent_rain_flag": 1.0,
  "daily_precip_sum": 0.7000000000000001,
  "daily_temp_mean": 14.987499999999999,
  "daily_wind_mean": 16.916666666666668,
  "daily_wind_dir_deg": 46.369697626671325
}