{
  "samples_local": {
    "10": {
      "temp": 11.9,
      "precip": 0.0,
      "wind": 14.1,
      "wind_dir_deg": 93.0
    },
    "12": {
      "temp": 14.6,
      "precip": 0.1,
      "wind": 20.5,
      "wind_dir_deg": 88.0
    },
    "14": {
      "temp": 14.5,
      "precip": 0.0,
      "wind": 18.8,
      "wind_dir_deg": 73.0
    },
    "16": {
      "temp": 14.1,
      "precip": 0.0,
      "wind": 21.9,
      "wind_dir_deg": 63.0
    }
  },
  "ride_temp_mean": 13.775,
  "ride_wind_mean": 18.825,
  "ride_wind_dir_deg": 77.9241693161672,
  "ride_rain_flag": 0.0,
  "tent_rain_flag": 1.0,
  "daily_precip_sum": 12.2,
  "daily_temp_mean": 12.945833333333333,
  "daily_wind_mean": 18.195833333333333,
  "daily_wind_dir_deg": 48.792037075763176
}