{
  "samples_local": {
    "10": {
      "temp": 13.0,
      "precip": 0.3,
      "wind": 15.4,
      "wind_dir_deg": 79.0
    },
    "12": {
      "temp": 12.1,
      "precip": 0.1,
      "wind": 14.3,
      "wind_dir_deg": 78.0
    },
    "14": {
      "temp": 14.0,
      "precip": 0.0,
      "wind": 14.9,
      "wind_dir_deg": 70.0
    },
    "16": {
      "temp": 14.4,
      "precip": 0.0,
      "wind": 16.5,
      "wind_dir_deg": 74.0
    }
  },
  "ride_temp_mean": 13.375,
  "ride_wind_mean": 15.275,
  "ride_wind_dir_deg": 75.22179159154143,
  "ride_rain_flag": 1.0,
  "tent_rain_flag": 1.0,
  "daily_precip_sum": 6.8,
  "daily_temp_mean": 12.200000000000001,
  "daily_wind_mean": 18.345833333333335,
  "daily_wind_dir_deg": 52.111589788636934
}