{
  "samples_local": {
    "10": {
      "temp": 11.1,
      "precip": 0.0,
      "wind": 18.8,
      "wind_dir_deg": 102.0
    },
    "12": {
      "temp": 12.9,
      "precip": 0.0,
      "wind": 20.6,
      "wind_dir_deg": 95.0
    },
    "14": {
      "temp": 13.3,
      "precip": 0.0,
      "wind": 21.3,
      "wind_dir_deg": 87.0
    },
    "16": {
      "temp": 12.5,
      "precip": 0.0,
      "wind": 19.4,
      "wind_dir_deg": 89.0
    }
  },
  "ride_temp_mean": 12.45,
  "ride_wind_mean": 20.025,
  "ride_wind_dir_deg": 93.05763630911338,
  "ride_rain_flag": 0.0,
  "tent_rain_flag": 1.0,
  "daily_precip_sum": 5.8999999999999995,
  "daily_temp_mean": 10.983333333333334,
  "daily_wind_mean": 20.154166666666665,
  "daily_wind_dir_deg": 74.52105852524949
}