{
  "samples_local": {
    "10": {
      "temp": 14.1,
      "precip": 0.2,
      "wind": 21.3,
      "wind_dir_deg": 37.0
    },
    "12": {
      "temp": 14.2,
      "precip": 0.7,
      "wind": 19.3,
      "wind_dir_deg": 63.0
    },
    "14": {
      "temp": 13.9,
      "precip": 0.2,
      "wind": 10.9,
      "wind_dir_deg": 81.0
    },
    "16": {
      "temp": 14.2,
      "precip": 0.0,
      "wind": 9.8,
      "wind_dir_deg": 82.0
    }
  },
  "ride_temp_mean": 14.1,
  "ride_wind_mean": 15.325000000000001,
  "ride_wind_dir_deg": 60.26100613162072,
  "ride_rain_flag": 1.0,
  "tent_rain_flag": 1.0,
  "daily_precip_sum": 2.4,
  "daily_temp_mean": 13.487499999999999,
  "daily_wind_mean": 15.470833333333333,
  "daily_wind_dir_deg": 44.25958751716752
}