{
  "samples_local": {
    "10": {
      "temp": 16.3,
      "precip": 0.0,
      "wind": 7.8,
      "wind_dir_deg": 193.0
    },
    "12": {
      "temp": 16.8,
      "precip": 0.0,
      "wind": 6.9,
      "wind_dir_deg": 229.0
    },
    "14": {
      "temp": 17.6,
      "precip": 0.0,
      "wind": 11.2,
      "wind_dir_deg": 286.0
    },
    "16": {
      "temp": 17.6,
      "precip": 0.0,
      "wind": 7.7,
      "wind_dir_deg": 286.0
    }
  },
  "ride_temp_mean": 17.075000000000003,
  "ride_wind_mean": 8.4,
  "ride_wind_dir_deg": 254.6097414270965,
  "ride_rain_flag": 0.0,
  "tent_rain_flag": 0.0,
  "daily_precip_sum": 0.1,
  "daily_temp_mean": 16.766666666666666,
  "daily_wind_mean": 6.9624999999999995,
  "daily_wind_dir_deg": 277.850384238601
}