{
  "ride_temp_mean": 22.25714285714286,
  "ride_wind_mean": 5.828571428571428,
  "ride_rain_flag": 0.0,
  "tent_rain_flag": 0.0
}