{
  "samples_local": {
    "10": {
      "temp": 15.6,
      "precip": 0.0,
      "wind": 12.1,
      "wind_dir_deg": 55.0
    },
    "12": {
      "temp": 16.0,
      "precip": 0.0,
      "wind": 17.5,
      "wind_dir_deg": 118.0
    },
    "14": {
      "temp": 16.5,
      "precip": 0.0,
      "wind": 15.2,
      "wind_dir_deg": 132.0
    },
    "16": {
      "temp": 16.5,
      "precip": 0.0,
      "wind": 10.7,
      "wind_dir_deg": 126.0
    }
  },
  "ride_temp_mean": 16.15,
  "ride_wind_mean": 13.875,
  "ride_wind_dir_deg": 111.37431875185541,
  "ride_rain_flag": 0.0,
  "tent_rain_flag": 1.0,
  "daily_precip_sum": 5.3,
  "daily_temp_mean": 16.058333333333334,
  "daily_wind_mean": 12.554166666666667,
  "daily_wind_dir_deg": 104.27359876652685
}