{
  "samples_local": {
    "10": {
      "temp": 14.4,
      "precip": 0.0,
      "wind": 9.6,
      "wind_dir_deg": 265.0
    },
    "12": {
      "temp": 14.9,
      "precip": 0.0,
      "wind": 4.3,
      "wind_dir_deg": 248.0
    },
    "14": {
      "temp": 16.0,
      "precip": 0.0,
      "wind": 8.5,
      "wind_dir_deg": 168.0
    },
    "16": {
      "temp": 16.2,
      "precip": 0.0,
      "wind": 15.4,
      "wind_dir_deg": 186.0
    }
  },
  "ride_temp_mean": 15.375,
  "ride_wind_mean": 9.45,
  "ride_wind_dir_deg": 207.18416021396257,
  "ride_rain_flag": 0.0,
  "tent_rain_flag": 0.0,
  "daily_precip_sum": 0.0,
  "daily_temp_mean": 15.466666666666667,
  "daily_wind_mean": 11.129166666666668,
  "daily_wind_dir_deg": 201.04951954609425
}