{
  "samples_local": {
    "10": {
      "temp": 11.4,
      "precip": 0.0,
      "wind": 7.4,
      "wind_dir_deg": 148.0
    },
    "12": {
      "temp": 12.6,
      "precip": 0.0,
      "wind": 10.5,
      "wind_dir_deg": 145.0
    },
    "14": {
      "temp": 13.9,
      "precip": 0.0,
      "wind": 7.9,
      "wind_dir_deg": 147.0
    },
    "16": {
      "temp": 13.2,
      "precip": 0.0,
      "wind": 11.1,
      "wind_dir_deg": 138.0
    }
  },
  "ride_temp_mean": 12.775,
  "ride_wind_mean": 9.225,
  "ride_wind_dir_deg": 143.92627459211155,
  "ride_rain_flag": 0.0,
  "tent_rain_flag": 0.0,
  "daily_precip_sum": 0.1,
  "daily_temp_mean": 7.2875000000000005,
  "daily_wind_mean": 5.004166666666666,
  "daily_wind_dir_deg": 130.66831745537468
}