{
  "ride_temp_mean": 13.657142857142857,
  "ride_wind_mean": 7.828571428571428,
  "ride_rain_flag": 1.0,
  "tent_rain_flag": 0.0
}