{
  "ride_temp_mean": 20.400000000000002,
  "ride_wind_mean": 8.171428571428573,
  "ride_rain_flag": 0.0,
  "tent_rain_flag": 0.0
}