{
  "ride_temp_mean": 7.885714285714286,
  "ride_wind_mean": 3.485714285714286,
  "ride_rain_flag": 1.0,
  "tent_rain_flag": 0.0
}