{
  "ride_temp_mean": 20.685714285714287,
  "ride_wind_mean": 8.871428571428572,
  "ride_rain_flag": 1.0,
  "tent_rain_flag": 0.0
}