{
  "ride_temp_mean": 20.414285714285715,
  "ride_wind_mean": 4.585714285714286,
  "ride_rain_flag": 0.0,
  "tent_rain_flag": 0.0
}