{
  "samples_local": {
    "10": {
      "temp": 16.1,
      "precip": 0.0,
      "wind": 3.6,
      "wind_dir_deg": 267.0
    },
    "12": {
      "temp": 18.4,
      "precip": 0.2,
      "wind": 3.3,
      "wind_dir_deg": 331.0
    },
    "14": {
      "temp": 18.6,
      "precip": 0.0,
      "wind": 11.0,
      "wind_dir_deg": 198.0
    },
    "16": {
      "temp": 19.2,
      "precip": 0.0,
      "wind": 14.4,
      "wind_dir_deg": 164.0
    }
  },
  "ride_temp_mean": 18.075,
  "ride_wind_mean": 8.075,
  "ride_wind_dir_deg": 192.08233211716623,
  "ride_rain_flag": 1.0,
  "tent_rain_flag": 1.0,
  "daily_precip_sum": 5.9,
  "daily_temp_mean": 14.762500000000001,
  "daily_wind_mean": 6.779166666666666,
  "daily_wind_dir_deg": 152.61853440497225
}