{
  "ride_temp_mean": 22.142857142857142,
  "ride_wind_mean": 8.742857142857144,
  "ride_rain_flag": 0.0,
  "tent_rain_flag": 0.0
}