{
  "ride_temp_mean": 21.74285714285714,
  "ride_wind_mean": 11.914285714285715,
  "ride_rain_flag": 0.0,
  "tent_rain_flag": 0.0
}