{
  "ride_temp_mean": 20.885714285714283,
  "ride_wind_mean": 9.057142857142857,
  "ride_rain_flag": 1.0,
  "tent_rain_flag": 0.0
}