{
  "samples_local": {
    "10": {
      "temp": 19.6,
      "precip": 0.0,
      "wind": 2.2,
      "wind_dir_deg": 336.0
    },
    "12": {
      "temp": 21.4,
      "precip": 0.0,
      "wind": 4.7,
      "wind_dir_deg": 162.0
    },
    "14": {
      "temp": 22.4,
      "precip": 0.0,
      "wind": 9.0,
      "wind_dir_deg": 165.0
    },
    "16": {
      "temp": 22.6,
      "precip": 0.0,
      "wind": 10.3,
      "wind_dir_deg": 164.0
    }
  },
  "ride_temp_mean": 21.5,
  "ride_wind_mean": 6.550000000000001,
  "ride_wind_dir_deg": 164.78576831466,
  "ride_rain_flag": 0.0,
  "tent_rain_flag": 0.0,
  "daily_precip_sum": 0.0,
  "daily_temp_mean": 16.508333333333333,
  "daily_wind_mean": 8.866666666666667,
  "daily_wind_dir_deg": 205.87592631484793
}