{
  "ride_temp_mean": 18.357142857142858,
  "ride_wind_mean": 6.857142857142857,
  "ride_rain_flag": 1.0,
  "tent_rain_flag": 0.0
}