{
  "ride_temp_mean": 20.485714285714288,
  "ride_wind_mean": 3.585714285714286,
  "ride_rain_flag": 1.0,
  "tent_rain_flag": 1.0
}