{
  "ride_temp_mean": 23.67142857142857,
  "ride_wind_mean": 8.114285714285714,
  "ride_rain_flag": 0.0,
  "tent_rain_flag": 0.0
}