{
  "ride_temp_mean": 14.014285714285714,
  "ride_wind_mean": 2.8428571428571425,
  "ride_rain_flag": 1.0,
  "tent_rain_flag": 1.0
}