{
  "ride_temp_mean": 17.585714285714285,
  "ride_wind_mean": 9.014285714285714,
  "ride_rain_flag": 1.0,
  "tent_rain_flag": 0.0
}