{
  "ride_temp_mean": 20.62857142857143,
  "ride_wind_mean": 7.728571428571429,
  "ride_rain_flag": 1.0,
  "tent_rain_flag": 1.0
}