{
  "ride_temp_mean": 19.014285714285712,
  "ride_wind_mean": 9.814285714285715,
  "ride_rain_flag": 0.0,
  "tent_rain_flag": 0.0
}