{
  "samples_local": {
    "10": {
      "temp": 16.9,
      "precip": 0.0,
      "wind": 15.0,
      "wind_dir_deg": 117.0
    },
    "12": {
      "temp": 19.0,
      "precip": 0.0,
      "wind": 15.2,
      "wind_dir_deg": 123.0
    },
    "14": {
      "temp": 20.0,
      "precip": 0.0,
      "wind": 17.7,
      "wind_dir_deg": 128.0
    },
    "16": {
      "temp": 19.1,
      "precip": 0.0,
      "wind": 20.5,
      "wind_dir_deg": 134.0
    }
  },
  "ride_temp_mean": 18.75,
  "ride_wind_mean": 17.1,
  "ride_wind_dir_deg": 126.27705876068808,
  "ride_rain_flag": 0.0,
  "tent_rain_flag": 1.0,
  "daily_precip_sum": 0.4,
  "daily_temp_mean": 14.433333333333332,
  "daily_wind_mean": 12.208333333333334,
  "daily_wind_dir_deg": 131.49045207183633
}