{
  "samples_local": {
    "10": {
      "temp": 10.7,
      "precip": 0.0,
      "wind": 30.6,
      "wind_dir_deg": 141.0
    },
    "12": {
      "temp": 10.8,
      "precip": 0.0,
      "wind": 28.8,
      "wind_dir_deg": 136.0
    },
    "14": {
      "temp": 11.1,
      "precip": 0.0,
      "wind": 27.5,
      "wind_dir_deg": 133.0
    },
    "16": {
      "temp": 10.9,
      "precip": 0.0,
      "wind": 28.6,
      "wind_dir_deg": 129.0
    }
  },
  "ride_temp_mean": 10.875,
  "ride_wind_mean": 28.875,
  "ride_wind_dir_deg": 134.87658159375928,
  "ride_rain_flag": 0.0,
  "tent_rain_flag": 0.0,
  "daily_precip_sum": 0.0,
  "daily_temp_mean": 11.075000000000001,
  "daily_wind_mean": 27.366666666666664,
  "daily_wind_dir_deg": 148.25850212047203
}