{
  "samples_local": {
    "10": {
      "temp": 25.0,
      "precip": 0.0,
      "wind": 3.3,
      "wind_dir_deg": 103.0
    },
    "12": {
      "temp": 26.9,
      "precip": 0.0,
      "wind": 4.2,
      "wind_dir_deg": 121.0
    },
    "14": {
      "temp": 27.8,
      "precip": 0.0,
      "wind": 8.7,
      "wind_dir_deg": 38.0
    },
    "16": {
      "temp": 24.5,
      "precip": 0.0,
      "wind": 4.6,
      "wind_dir_deg": 162.0
    }
  },
  "ride_temp_mean": 26.05,
  "ride_wind_mean": 5.199999999999999,
  "ride_wind_dir_deg": 91.78938649743714,
  "ride_rain_flag": 0.0,
  "tent_rain_flag": 1.0,
  "daily_precip_sum": 0.9,
  "daily_temp_mean": 21.029166666666665,
  "daily_wind_mean": 3.9791666666666665,
  "daily_wind_dir_deg": 173.2778067459634
}