{
  "samples_local": {
    "10": {
      "temp": 20.3,
      "precip": 0.1,
      "wind": 7.0,
      "wind_dir_deg": 159.0
    },
    "12": {
      "temp": 20.3,
      "precip": 0.8,
      "wind": 8.0,
      "wind_dir_deg": 100.0
    },
    "14": {
      "temp": 23.0,
      "precip": 0.2,
      "wind": 1.3,
      "wind_dir_deg": 124.0
    },
    "16": {
      "temp": 23.6,
      "precip": 0.0,
      "wind": 8.7,
      "wind_dir_deg": 95.0
    }
  },
  "ride_temp_mean": 21.8,
  "ride_wind_mean": 6.25,
  "ride_wind_dir_deg": 115.05116885473564,
  "ride_rain_flag": 1.0,
  "tent_rain_flag": 1.0,
  "daily_precip_sum": 2.8000000000000003,
  "daily_temp_mean": 19.391666666666666,
  "daily_wind_mean": 7.333333333333333,
  "daily_wind_dir_deg": 114.07993370864216
}