{
  "samples_local": {
    "10": {
      "temp": 24.1,
      "precip": 0.0,
      "wind": 4.7,
      "wind_dir_deg": 180.0
    },
    "12": {
      "temp": 26.3,
      "precip": 0.1,
      "wind": 4.2,
      "wind_dir_deg": 239.0
    },
    "14": {
      "temp": 25.3,
      "precip": 0.3,
      "wind": 13.5,
      "wind_dir_deg": 171.0
    },
    "16": {
      "temp": 26.0,
      "precip": 0.5,
      "wind": 10.2,
      "wind_dir_deg": 141.0
    }
  },
  "ride_temp_mean": 25.425,
  "ride_wind_mean": 8.15,
  "ride_wind_dir_deg": 170.05565186585864,
  "ride_rain_flag": 1.0,
  "tent_rain_flag": 1.0,
  "daily_precip_sum": 24.3,
  "daily_temp_mean": 21.608333333333334,
  "daily_wind_mean": 5.858333333333333,
  "daily_wind_dir_deg": 191.53108039545444
}