{
  "samples_local": {
    "10": {
      "temp": 26.5,
      "precip": 0.0,
      "wind": 7.6,
      "wind_dir_deg": 289.0
    },
    "12": {
      "temp": 30.4,
      "precip": 0.0,
      "wind": 12.6,
      "wind_dir_deg": 283.0
    },
    "14": {
      "temp": 32.3,
      "precip": 0.0,
      "wind": 17.9,
      "wind_dir_deg": 298.0
    },
    "16": {
      "temp": 31.8,
      "precip": 0.0,
      "wind": 15.1,
      "wind_dir_deg": 308.0
    }
  },
  "ride_temp_mean": 30.25,
  "ride_wind_mean": 13.299999999999999,
  "ride_wind_dir_deg": 296.0039055231265,
  "ride_rain_flag": 0.0,
  "tent_rain_flag": 1.0,
  "daily_precip_sum": 0.3,
  "daily_temp_mean": 25.3625,
  "daily_wind_mean": 10.762500000000001,
  "daily_wind_dir_deg": 284.3026720155017
}