{
  "samples_local": {
    "10": {
      "temp": 24.0,
      "precip": 0.0,
      "wind": 3.1,
      "wind_dir_deg": 201.0
    },
    "12": {
      "temp": 25.9,
      "precip": 0.4,
      "wind": 5.9,
      "wind_dir_deg": 223.0
    },
    "14": {
      "temp": 25.1,
      "precip": 0.0,
      "wind": 11.9,
      "wind_dir_deg": 205.0
    },
    "16": {
      "temp": 23.9,
      "precip": 0.0,
      "wind": 13.9,
      "wind_dir_deg": 211.0
    }
  },
  "ride_temp_mean": 24.725,
  "ride_wind_mean": 8.700000000000001,
  "ride_wind_dir_deg": 210.07907185566722,
  "ride_rain_flag": 1.0,
  "tent_rain_flag": 1.0,
  "daily_precip_sum": 14.1,
  "daily_temp_mean": 21.3875,
  "daily_wind_mean": 8.279166666666667,
  "daily_wind_dir_deg": 224.79731868196737
}