{
  "samples_local": {
    "10": {
      "temp": 17.0,
      "precip": 1.8,
      "wind": 6.4,
      "wind_dir_deg": 117.0
    },
    "12": {
      "temp": 17.4,
      "precip": 0.5,
      "wind": 5.7,
      "wind_dir_deg": 125.0
    },
    "14": {
      "temp": 18.9,
      "precip": 0.0,
      "wind": 5.9,
      "wind_dir_deg": 169.0
    },
    "16": {
      "temp": 19.6,
      "precip": 0.0,
      "wind": 7.3,
      "wind_dir_deg": 169.0
    }
  },
  "ride_temp_mean": 18.225,
  "ride_wind_mean": 6.325,
  "ride_wind_dir_deg": 146.03023042455482,
  "ride_rain_flag": 1.0,
  "tent_rain_flag": 1.0,
  "daily_precip_sum": 10.8,
  "daily_temp_mean": 17.720833333333335,
  "daily_wind_mean": 6.258333333333333,
  "daily_wind_dir_deg": 135.68271629027686
}