{
  "samples_local": {
    "10": {
      "temp": 26.0,
      "precip": 0.0,
      "wind": 14.7,
      "wind_dir_deg": 301.0
    },
    "12": {
      "temp": 29.0,
      "precip": 0.0,
      "wind": 16.2,
      "wind_dir_deg": 307.0
    },
    "14": {
      "temp": 31.4,
      "precip": 0.0,
      "wind": 16.8,
      "wind_dir_deg": 312.0
    },
    "16": {
      "temp": 31.0,
      "precip": 0.0,
      "wind": 17.0,
      "wind_dir_deg": 291.0
    }
  },
  "ride_temp_mean": 29.35,
  "ride_wind_mean": 16.175,
  "ride_wind_dir_deg": 302.74124272172935,
  "ride_rain_flag": 0.0,
  "tent_rain_flag": 0.0,
  "daily_precip_sum": 0.0,
  "daily_temp_mean": 24.454166666666666,
  "daily_wind_mean": 14.075000000000001,
  "daily_wind_dir_deg": 292.85098105457337
}