{
  "samples_local": {
    "10": {
      "temp": 28.8,
      "precip": 0.0,
      "wind": 14.6,
      "wind_dir_deg": 290.0
    },
    "12": {
      "temp": 31.5,
      "precip": 0.0,
      "wind": 21.7,
      "wind_dir_deg": 297.0
    },
    "14": {
      "temp": 32.1,
      "precip": 0.0,
      "wind": 19.4,
      "wind_dir_deg": 288.0
    },
    "16": {
      "temp": 31.5,
      "precip": 0.0,
      "wind": 20.3,
      "wind_dir_deg": 290.0
    }
  },
  "ride_temp_mean": 30.975,
  "ride_wind_mean": 19.0,
  "ride_wind_dir_deg": 291.4863548664181,
  "ride_rain_flag": 0.0,
  "tent_rain_flag": 0.0,
  "daily_precip_sum": 0.0,
  "daily_temp_mean": 26.099999999999998,
  "daily_wind_mean": 14.529166666666667,
  "daily_wind_dir_deg": 288.20118618866564
}