{
  "ride_temp_mean": 3.125,
  "ride_precip_sum": 0.1,
  "ride_wind_speed": 12.858379096453225,
  "ride_wind_dir": 276.43772710734754,
  "tent_precip_sum": 2.4,
  "tent_temp_mean": 3.415
}