{
  "ride_temp_mean": 9.275,
  "ride_precip_sum": 0.0,
  "ride_wind_speed": 23.300754656330366,
  "ride_wind_dir": 206.74865061647208,
  "tent_precip_sum": 2.0,
  "tent_temp_mean": 8.055
}