{
  "ride_temp_mean": 9.8,
  "ride_precip_sum": 3.4,
  "ride_wind_speed": 28.04355286714898,
  "ride_wind_dir": 216.02488197638627,
  "tent_precip_sum": 21.2,
  "tent_temp_mean": 9.245000000000001
}