{
  "ride_temp_mean": 5.2,
  "ride_precip_sum": 0.0,
  "ride_wind_speed": 11.460460615581354,
  "ride_wind_dir": 355.1064313810486,
  "tent_precip_sum": 2.1,
  "tent_temp_mean": 2.92
}