{
  "ride_temp_mean": 7.125,
  "ride_precip_sum": 0.0,
  "ride_wind_speed": 1.422683104613202,
  "ride_wind_dir": 266.7759459682994,
  "tent_precip_sum": 0.0,
  "tent_temp_mean": 3.1
}