{
  "ride_temp_mean": 4.875,
  "ride_precip_sum": 0.0,
  "ride_wind_speed": 0.7230508731208796,
  "ride_wind_dir": 150.6273621968171,
  "tent_precip_sum": 0.0,
  "tent_temp_mean": -0.014999999999999972
}