{
  "ride_temp_mean": -9.575,
  "ride_precip_sum": 0.0,
  "ride_wind_speed": 1.8033095872728448,
  "ride_wind_dir": 263.9709222117454,
  "tent_precip_sum": 0.2,
  "tent_temp_mean": -10.855
}