{
  "ride_temp_mean": -2.7249999999999996,
  "ride_precip_sum": 0.0,
  "ride_wind_speed": 1.1277363476291253,
  "ride_wind_dir": 279.60117397980525,
  "tent_precip_sum": 0.0,
  "tent_temp_mean": -5.84
}