{
  "samples_local": {
    "10": {
      "temp": 7.3,
      "precip": 0.0,
      "wind": 19.0,
      "wind_dir_deg": 65.0
    },
    "12": {
      "temp": 9.6,
      "precip": 0.0,
      "wind": 17.6,
      "wind_dir_deg": 62.0
    },
    "14": {
      "temp": 10.1,
      "precip": 0.0,
      "wind": 13.8,
      "wind_dir_deg": 47.0
    },
    "16": {
      "temp": 9.5,
      "precip": 0.0,
      "wind": 10.5,
      "wind_dir_deg": 31.0
    }
  },
  "ride_temp_mean": 9.125,
  "ride_wind_mean": 15.225000000000001,
  "ride_wind_dir_deg": 54.27985794771814,
  "ride_rain_flag": 0.0,
  "tent_rain_flag": 1.0,
  "daily_precip_sum": 0.6000000000000001,
  "daily_temp_mean": 7.333333333333333,
  "daily_wind_mean": 13.6625,
  "daily_wind_dir_deg": 44.467812138471686
}