{
  "samples_local": {
    "10": {
      "temp": 7.4,
      "precip": 0.0,
      "wind": 7.0,
      "wind_dir_deg": 55.0
    },
    "12": {
      "temp": 9.8,
      "precip": 0.0,
      "wind": 9.7,
      "wind_dir_deg": 75.0
    },
    "14": {
      "temp": 10.2,
      "precip": 0.0,
      "wind": 9.7,
      "wind_dir_deg": 63.0
    },
    "16": {
      "temp": 10.3,
      "precip": 0.0,
      "wind": 4.8,
      "wind_dir_deg": 13.0
    }
  },
  "ride_temp_mean": 9.425,
  "ride_wind_mean": 7.8,
  "ride_wind_dir_deg": 57.845548273517466,
  "ride_rain_flag": 0.0,
  "tent_rain_flag": 1.0,
  "daily_precip_sum": 0.30000000000000004,
  "daily_temp_mean": 7.691666666666666,
  "daily_wind_mean": 10.174999999999999,
  "daily_wind_dir_deg": 48.71477355015344
}