{
  "samples_local": {
    "10": {
      "temp": 8.8,
      "precip": 0.0,
      "wind": 16.9,
      "wind_dir_deg": 29.0
    },
    "12": {
      "temp": 9.4,
      "precip": 0.0,
      "wind": 22.2,
      "wind_dir_deg": 29.0
    },
    "14": {
      "temp": 10.4,
      "precip": 0.0,
      "wind": 19.3,
      "wind_dir_deg": 21.0
    },
    "16": {
      "temp": 11.3,
      "precip": 0.0,
      "wind": 22.5,
      "wind_dir_deg": 22.0
    }
  },
  "ride_temp_mean": 9.975000000000001,
  "ride_wind_mean": 20.225,
  "ride_wind_dir_deg": 25.14451803909259,
  "ride_rain_flag": 0.0,
  "tent_rain_flag": 1.0,
  "daily_precip_sum": 6.9,
  "daily_temp_mean": 9.004166666666666,
  "daily_wind_mean": 20.295833333333334,
  "daily_wind_dir_deg": 30.1887677968773
}