{
  "samples_local": {
    "10": {
      "temp": 6.8,
      "precip": 0.0,
      "wind": 20.7,
      "wind_dir_deg": 35.0
    },
    "12": {
      "temp": 8.2,
      "precip": 0.1,
      "wind": 24.3,
      "wind_dir_deg": 40.0
    },
    "14": {
      "temp": 8.0,
      "precip": 0.0,
      "wind": 23.0,
      "wind_dir_deg": 9.0
    },
    "16": {
      "temp": 8.1,
      "precip": 0.0,
      "wind": 22.3,
      "wind_dir_deg": 1.0
    }
  },
  "ride_temp_mean": 7.7749999999999995,
  "ride_wind_mean": 22.575,
  "ride_wind_dir_deg": 21.337802835756747,
  "ride_rain_flag": 0.0,
  "tent_rain_flag": 1.0,
  "daily_precip_sum": 3.0,
  "daily_temp_mean": 6.8999999999999995,
  "daily_wind_mean": 23.254166666666666,
  "daily_wind_dir_deg": 27.892594129054658
}