{
  "ride_temp_mean": 9.525,
  "ride_precip_sum": 0.5,
  "ride_wind_speed": 9.443195414859334,
  "ride_wind_dir": 290.9644074658187,
  "tent_precip_sum": 1.6,
  "tent_temp_mean": 10.295
}