{
  "ride_temp_mean": 14.775,
  "ride_precip_sum": 0.1,
  "ride_wind_speed": 26.0269764558382,
  "ride_wind_dir": 259.1463998974107,
  "tent_precip_sum": 0.30000000000000004,
  "tent_temp_mean": 14.39
}