{
  "ride_temp_mean": -0.425,
  "ride_precip_sum": 0.0,
  "ride_wind_speed": 9.089660370469455,
  "ride_wind_dir": 335.4122947221505,
  "tent_precip_sum": 4.3,
  "tent_temp_mean": -2.215
}