{
  "ride_temp_mean": 0.025000000000000043,
  "ride_precip_sum": 0.0,
  "ride_wind_speed": 7.710928453497778,
  "ride_wind_dir": 337.51535344518516,
  "tent_precip_sum": 2.4,
  "tent_temp_mean": -2.4050000000000002
}