{
  "ride_temp_mean": -0.12499999999999992,
  "ride_precip_sum": 0.0,
  "ride_wind_speed": 1.9845414615248838,
  "ride_wind_dir": 336.3413877278753,
  "tent_precip_sum": 0.0,
  "tent_temp_mean": -7.945
}