{
  "ride_temp_mean": 3.05,
  "ride_precip_sum": 0.0,
  "ride_wind_speed": 25.318319096843094,
  "ride_wind_dir": 257.9805912369253,
  "tent_precip_sum": 1.3,
  "tent_temp_mean": 3.8200000000000003
}