{
  "ride_temp_mean": 10.05,
  "ride_precip_sum": 0.1,
  "ride_wind_speed": 32.105294055252266,
  "ride_wind_dir": 237.66671723982785,
  "tent_precip_sum": 9.7,
  "tent_temp_mean": 8.985
}