{
  "samples_local": {
    "10": {
      "temp": 17.1,
      "precip": 0.0,
      "wind": 2.6,
      "wind_dir_deg": 245.0
    },
    "12": {
      "temp": 18.7,
      "precip": 0.0,
      "wind": 3.8,
      "wind_dir_deg": 289.0
    },
    "14": {
      "temp": 20.1,
      "precip": 0.0,
      "wind": 3.8,
      "wind_dir_deg": 253.0
    },
    "16": {
      "temp": 20.6,
      "precip": 0.0,
      "wind": 4.6,
      "wind_dir_deg": 249.0
    }
  },
  "ride_temp_mean": 19.125,
  "ride_wind_mean": 3.6999999999999997,
  "ride_wind_dir_deg": 259.30432029957103,
  "ride_rain_flag": 0.0,
  "tent_rain_flag": 0.0,
  "daily_precip_sum": 0.0,
  "daily_temp_mean": 14.9125,
  "daily_wind_mean": 4.083333333333333,
  "daily_wind_dir_deg": 268.7370284488237
}