{
  "samples_local": {
    "10": {
      "temp": 17.0,
      "precip": 0.0,
      "wind": 5.5,
      "wind_dir_deg": 139.0
    },
    "12": {
      "temp": 18.9,
      "precip": 0.0,
      "wind": 5.9,
      "wind_dir_deg": 142.0
    },
    "14": {
      "temp": 19.9,
      "precip": 0.0,
      "wind": 3.6,
      "wind_dir_deg": 180.0
    },
    "16": {
      "temp": 20.1,
      "precip": 0.0,
      "wind": 3.5,
      "wind_dir_deg": 204.0
    }
  },
  "ride_temp_mean": 18.975,
  "ride_wind_mean": 4.625,
  "ride_wind_dir_deg": 159.54689174879013,
  "ride_rain_flag": 0.0,
  "tent_rain_flag": 0.0,
  "daily_precip_sum": 0.0,
  "daily_temp_mean": 15.174999999999999,
  "daily_wind_mean": 5.1000000000000005,
  "daily_wind_dir_deg": 125.61824909724157
}