{
  "samples_local": {
    "10": {
      "temp": 17.9,
      "precip": 0.1,
      "wind": 16.2,
      "wind_dir_deg": 92.0
    },
    "12": {
      "temp": 19.9,
      "precip": 0.1,
      "wind": 16.1,
      "wind_dir_deg": 86.0
    },
    "14": {
      "temp": 20.0,
      "precip": 0.1,
      "wind": 16.0,
      "wind_dir_deg": 87.0
    },
    "16": {
      "temp": 20.5,
      "precip": 0.0,
      "wind": 13.9,
      "wind_dir_deg": 92.0
    }
  },
  "ride_temp_mean": 19.575,
  "ride_wind_mean": 15.55,
  "ride_wind_dir_deg": 89.16075609065456,
  "ride_rain_flag": 0.0,
  "tent_rain_flag": 0.0,
  "daily_precip_sum": 0.7000000000000001,
  "daily_temp_mean": 16.104166666666668,
  "daily_wind_mean": 11.8125,
  "daily_wind_dir_deg": 83.70997497492868
}