{
  "samples_local": {
    "10": {
      "temp": 17.2,
      "precip": 0.1,
      "wind": 22.4,
      "wind_dir_deg": 84.0
    },
    "12": {
      "temp": 19.0,
      "precip": 0.0,
      "wind": 22.3,
      "wind_dir_deg": 83.0
    },
    "14": {
      "temp": 19.0,
      "precip": 0.0,
      "wind": 22.2,
      "wind_dir_deg": 82.0
    },
    "16": {
      "temp": 19.0,
      "precip": 0.0,
      "wind": 19.4,
      "wind_dir_deg": 90.0
    }
  },
  "ride_temp_mean": 18.55,
  "ride_wind_mean": 21.575,
  "ride_wind_dir_deg": 84.57435248693344,
  "ride_rain_flag": 0.0,
  "tent_rain_flag": 0.0,
  "daily_precip_sum": 0.30000000000000004,
  "daily_temp_mean": 15.370833333333332,
  "daily_wind_mean": 15.887500000000001,
  "daily_wind_dir_deg": 77.48066726606993
}