{
  "samples_local": {
    "10": {
      "temp": 15.1,
      "precip": 0.0,
      "wind": 18.7,
      "wind_dir_deg": 97.0
    },
    "12": {
      "temp": 16.8,
      "precip": 0.0,
      "wind": 19.1,
      "wind_dir_deg": 90.0
    },
    "14": {
      "temp": 18.1,
      "precip": 0.0,
      "wind": 16.4,
      "wind_dir_deg": 92.0
    },
    "16": {
      "temp": 18.1,
      "precip": 0.0,
      "wind": 14.5,
      "wind_dir_deg": 102.0
    }
  },
  "ride_temp_mean": 17.025000000000002,
  "ride_wind_mean": 17.175,
  "ride_wind_dir_deg": 94.91361278611271,
  "ride_rain_flag": 0.0,
  "tent_rain_flag": 0.0,
  "daily_precip_sum": 0.0,
  "daily_temp_mean": 13.825000000000001,
  "daily_wind_mean": 12.045833333333334,
  "daily_wind_dir_deg": 85.59071623943794
}