{
  "samples_local": {
    "10": {
      "temp": 18.1,
      "precip": 0.0,
      "wind": 19.3,
      "wind_dir_deg": 75.0
    },
    "12": {
      "temp": 19.0,
      "precip": 0.1,
      "wind": 23.2,
      "wind_dir_deg": 78.0
    },
    "14": {
      "temp": 19.6,
      "precip": 0.1,
      "wind": 19.1,
      "wind_dir_deg": 82.0
    },
    "16": {
      "temp": 20.0,
      "precip": 0.0,
      "wind": 17.0,
      "wind_dir_deg": 77.0
    }
  },
  "ride_temp_mean": 19.175,
  "ride_wind_mean": 19.65,
  "ride_wind_dir_deg": 78.01866004930883,
  "ride_rain_flag": 0.0,
  "tent_rain_flag": 0.0,
  "daily_precip_sum": 0.30000000000000004,
  "daily_temp_mean": 16.05,
  "daily_wind_mean": 14.529166666666667,
  "daily_wind_dir_deg": 74.0512063596583
}