{
  "samples_local": {
    "10": {
      "temp": 15.6,
      "precip": 0.0,
      "wind": 14.3,
      "wind_dir_deg": 86.0
    },
    "12": {
      "temp": 16.5,
      "precip": 0.0,
      "wind": 13.3,
      "wind_dir_deg": 81.0
    },
    "14": {
      "temp": 17.8,
      "precip": 0.0,
      "wind": 9.5,
      "wind_dir_deg": 88.0
    },
    "16": {
      "temp": 18.0,
      "precip": 0.0,
      "wind": 6.7,
      "wind_dir_deg": 88.0
    }
  },
  "ride_temp_mean": 16.975,
  "ride_wind_mean": 10.950000000000001,
  "ride_wind_dir_deg": 85.22221102391711,
  "ride_rain_flag": 0.0,
  "tent_rain_flag": 0.0,
  "daily_precip_sum": 0.0,
  "daily_temp_mean": 13.516666666666666,
  "daily_wind_mean": 7.891666666666667,
  "daily_wind_dir_deg": 89.91425365457519
}