{
  "samples_local": {
    "10": {
      "temp": 17.4,
      "precip": 0.1,
      "wind": 16.2,
      "wind_dir_deg": 89.0
    },
    "12": {
      "temp": 19.2,
      "precip": 0.2,
      "wind": 15.2,
      "wind_dir_deg": 95.0
    },
    "14": {
      "temp": 20.0,
      "precip": 0.0,
      "wind": 13.9,
      "wind_dir_deg": 85.0
    },
    "16": {
      "temp": 20.4,
      "precip": 0.0,
      "wind": 13.2,
      "wind_dir_deg": 83.0
    }
  },
  "ride_temp_mean": 19.25,
  "ride_wind_mean": 14.625,
  "ride_wind_dir_deg": 88.25272035954004,
  "ride_rain_flag": 1.0,
  "tent_rain_flag": 1.0,
  "daily_precip_sum": 0.7000000000000001,
  "daily_temp_mean": 16.229166666666668,
  "daily_wind_mean": 12.083333333333334,
  "daily_wind_dir_deg": 84.22030591137786
}