{
  "samples_local": {
    "10": {
      "temp": 17.9,
      "precip": 0.0,
      "wind": 4.3,
      "wind_dir_deg": 90.0
    },
    "12": {
      "temp": 19.9,
      "precip": 0.0,
      "wind": 7.0,
      "wind_dir_deg": 100.0
    },
    "14": {
      "temp": 20.5,
      "precip": 0.0,
      "wind": 6.5,
      "wind_dir_deg": 152.0
    },
    "16": {
      "temp": 20.4,
      "precip": 0.0,
      "wind": 5.9,
      "wind_dir_deg": 178.0
    }
  },
  "ride_temp_mean": 19.674999999999997,
  "ride_wind_mean": 5.925,
  "ride_wind_dir_deg": 131.64606553664095,
  "ride_rain_flag": 0.0,
  "tent_rain_flag": 0.0,
  "daily_precip_sum": 0.0,
  "daily_temp_mean": 15.433333333333332,
  "daily_wind_mean": 5.5874999999999995,
  "daily_wind_dir_deg": 64.7688695229869
}