{
  "ride_temp_mean": 1.575,
  "ride_precip_sum": 0.0,
  "ride_wind_speed": 23.344443856228708,
  "ride_wind_dir": 267.6862037208849,
  "tent_precip_sum": 1.1,
  "tent_temp_mean": 2.63
}