{
  "samples_local": {
    "10": {
      "temp": 20.2,
      "precip": 0.0,
      "wind": 4.8,
      "wind_dir_deg": 103.0
    },
    "12": {
      "temp": 22.2,
      "precip": 0.0,
      "wind": 6.3,
      "wind_dir_deg": 121.0
    },
    "14": {
      "temp": 23.0,
      "precip": 0.0,
      "wind": 10.0,
      "wind_dir_deg": 128.0
    },
    "16": {
      "temp": 23.3,
      "precip": 0.0,
      "wind": 8.2,
      "wind_dir_deg": 128.0
    }
  },
  "ride_temp_mean": 22.175,
  "ride_wind_mean": 7.324999999999999,
  "ride_wind_dir_deg": 122.45486819450525,
  "ride_rain_flag": 0.0,
  "tent_rain_flag": 0.0,
  "daily_precip_sum": 0.1,
  "daily_temp_mean": 19.966666666666665,
  "daily_wind_mean": 5.383333333333333,
  "daily_wind_dir_deg": 133.02274380134537
}