{
  "samples_local": {
    "10": {
      "temp": 16.1,
      "precip": 0.0,
      "wind": 1.4,
      "wind_dir_deg": 90.0
    },
    "12": {
      "temp": 18.8,
      "precip": 0.0,
      "wind": 2.5,
      "wind_dir_deg": 135.0
    },
    "14": {
      "temp": 20.6,
      "precip": 0.0,
      "wind": 7.0,
      "wind_dir_deg": 125.0
    },
    "16": {
      "temp": 21.1,
      "precip": 0.0,
      "wind": 5.5,
      "wind_dir_deg": 122.0
    }
  },
  "ride_temp_mean": 19.150000000000002,
  "ride_wind_mean": 4.1,
  "ride_wind_dir_deg": 122.66433319710046,
  "ride_rain_flag": 0.0,
  "tent_rain_flag": 1.0,
  "daily_precip_sum": 1.0,
  "daily_temp_mean": 17.104166666666668,
  "daily_wind_mean": 4.683333333333334,
  "daily_wind_dir_deg": 127.50156285369815
}