{
  "samples_local": {
    "10": {
      "temp": 18.5,
      "precip": 0.0,
      "wind": 23.2,
      "wind_dir_deg": 131.0
    },
    "12": {
      "temp": 20.5,
      "precip": 0.0,
      "wind": 21.9,
      "wind_dir_deg": 132.0
    },
    "14": {
      "temp": 21.2,
      "precip": 0.0,
      "wind": 20.6,
      "wind_dir_deg": 134.0
    },
    "16": {
      "temp": 21.9,
      "precip": 0.0,
      "wind": 20.1,
      "wind_dir_deg": 133.0
    }
  },
  "ride_temp_mean": 20.525,
  "ride_wind_mean": 21.45,
  "ride_wind_dir_deg": 132.44405045692451,
  "ride_rain_flag": 0.0,
  "tent_rain_flag": 0.0,
  "daily_precip_sum": 0.0,
  "daily_temp_mean": 17.466666666666665,
  "daily_wind_mean": 17.154166666666665,
  "daily_wind_dir_deg": 124.67421767143082
}