{
  "samples_local": {
    "10": {
      "temp": 18.4,
      "precip": 0.0,
      "wind": 9.2,
      "wind_dir_deg": 101.0
    },
    "12": {
      "temp": 20.4,
      "precip": 0.0,
      "wind": 11.7,
      "wind_dir_deg": 108.0
    },
    "14": {
      "temp": 21.2,
      "precip": 0.0,
      "wind": 10.7,
      "wind_dir_deg": 102.0
    },
    "16": {
      "temp": 21.8,
      "precip": 0.0,
      "wind": 11.2,
      "wind_dir_deg": 105.0
    }
  },
  "ride_temp_mean": 20.45,
  "ride_wind_mean": 10.7,
  "ride_wind_dir_deg": 104.21001635369646,
  "ride_rain_flag": 0.0,
  "tent_rain_flag": 0.0,
  "daily_precip_sum": 0.0,
  "daily_temp_mean": 16.895833333333332,
  "daily_wind_mean": 8.958333333333334,
  "daily_wind_dir_deg": 101.47315927993333
}