{
  "samples_local": {
    "10": {
      "temp": 19.8,
      "precip": 0.0,
      "wind": 14.6,
      "wind_dir_deg": 106.0
    },
    "12": {
      "temp": 21.5,
      "precip": 0.0,
      "wind": 13.6,
      "wind_dir_deg": 102.0
    },
    "14": {
      "temp": 21.2,
      "precip": 0.0,
      "wind": 12.6,
      "wind_dir_deg": 87.0
    },
    "16": {
      "temp": 21.6,
      "precip": 0.0,
      "wind": 13.1,
      "wind_dir_deg": 81.0
    }
  },
  "ride_temp_mean": 21.025,
  "ride_wind_mean": 13.475,
  "ride_wind_dir_deg": 94.4818062919444,
  "ride_rain_flag": 0.0,
  "tent_rain_flag": 0.0,
  "daily_precip_sum": 0.1,
  "daily_temp_mean": 17.979166666666668,
  "daily_wind_mean": 10.941666666666668,
  "daily_wind_dir_deg": 91.88762228038911
}