{
  "samples_local": {
    "10": {
      "temp": 19.5,
      "precip": 0.0,
      "wind": 15.3,
      "wind_dir_deg": 114.0
    },
    "12": {
      "temp": 20.7,
      "precip": 0.0,
      "wind": 15.1,
      "wind_dir_deg": 115.0
    },
    "14": {
      "temp": 22.0,
      "precip": 0.0,
      "wind": 12.9,
      "wind_dir_deg": 113.0
    },
    "16": {
      "temp": 22.0,
      "precip": 0.0,
      "wind": 15.0,
      "wind_dir_deg": 100.0
    }
  },
  "ride_temp_mean": 21.05,
  "ride_wind_mean": 14.575,
  "ride_wind_dir_deg": 110.44853022102495,
  "ride_rain_flag": 0.0,
  "tent_rain_flag": 0.0,
  "daily_precip_sum": 0.0,
  "daily_temp_mean": 17.525000000000002,
  "daily_wind_mean": 11.745833333333332,
  "daily_wind_dir_deg": 105.8877054206331
}