{
  "samples_local": {
    "10": {
      "temp": 18.7,
      "precip": 0.0,
      "wind": 20.2,
      "wind_dir_deg": 130.0
    },
    "12": {
      "temp": 20.1,
      "precip": 0.0,
      "wind": 19.4,
      "wind_dir_deg": 125.0
    },
    "14": {
      "temp": 21.5,
      "precip": 0.0,
      "wind": 18.4,
      "wind_dir_deg": 132.0
    },
    "16": {
      "temp": 21.1,
      "precip": 0.0,
      "wind": 17.4,
      "wind_dir_deg": 120.0
    }
  },
  "ride_temp_mean": 20.35,
  "ride_wind_mean": 18.849999999999998,
  "ride_wind_dir_deg": 126.89577347969418,
  "ride_rain_flag": 0.0,
  "tent_rain_flag": 0.0,
  "daily_precip_sum": 0.0,
  "daily_temp_mean": 17.979166666666668,
  "daily_wind_mean": 17.525,
  "daily_wind_dir_deg": 125.70324692070886
}