{
  "samples_local": {
    "10": {
      "temp": 18.6,
      "precip": 0.0,
      "wind": 24.7,
      "wind_dir_deg": 121.0
    },
    "12": {
      "temp": 19.5,
      "precip": 0.0,
      "wind": 23.8,
      "wind_dir_deg": 122.0
    },
    "14": {
      "temp": 20.1,
      "precip": 0.1,
      "wind": 21.8,
      "wind_dir_deg": 121.0
    },
    "16": {
      "temp": 20.9,
      "precip": 0.0,
      "wind": 21.3,
      "wind_dir_deg": 129.0
    }
  },
  "ride_temp_mean": 19.775,
  "ride_wind_mean": 22.9,
  "ride_wind_dir_deg": 123.11794931214695,
  "ride_rain_flag": 0.0,
  "tent_rain_flag": 0.0,
  "daily_precip_sum": 0.2,
  "daily_temp_mean": 17.108333333333334,
  "daily_wind_mean": 16.64166666666667,
  "daily_wind_dir_deg": 111.9763936735826
}