{
  "samples_local": {
    "10": {
      "temp": 19.5,
      "precip": 0.0,
      "wind": 20.4,
      "wind_dir_deg": 134.0
    },
    "12": {
      "temp": 20.2,
      "precip": 0.0,
      "wind": 17.8,
      "wind_dir_deg": 133.0
    },
    "14": {
      "temp": 21.7,
      "precip": 0.0,
      "wind": 16.0,
      "wind_dir_deg": 136.0
    },
    "16": {
      "temp": 22.1,
      "precip": 0.0,
      "wind": 15.1,
      "wind_dir_deg": 130.0
    }
  },
  "ride_temp_mean": 20.875,
  "ride_wind_mean": 17.325,
  "ride_wind_dir_deg": 133.33351689941424,
  "ride_rain_flag": 0.0,
  "tent_rain_flag": 0.0,
  "daily_precip_sum": 0.1,
  "daily_temp_mean": 18.129166666666666,
  "daily_wind_mean": 14.575000000000001,
  "daily_wind_dir_deg": 121.51315657877035
}