{
  "samples_local": {
    "10": {
      "temp": 19.0,
      "precip": 0.0,
      "wind": 20.6,
      "wind_dir_deg": 136.0
    },
    "12": {
      "temp": 20.2,
      "precip": 0.0,
      "wind": 19.1,
      "wind_dir_deg": 134.0
    },
    "14": {
      "temp": 21.1,
      "precip": 0.0,
      "wind": 17.1,
      "wind_dir_deg": 136.0
    },
    "16": {
      "temp": 21.8,
      "precip": 0.0,
      "wind": 15.0,
      "wind_dir_deg": 132.0
    }
  },
  "ride_temp_mean": 20.525,
  "ride_wind_mean": 17.950000000000003,
  "ride_wind_dir_deg": 134.632440679796,
  "ride_rain_flag": 0.0,
  "tent_rain_flag": 0.0,
  "daily_precip_sum": 0.0,
  "daily_temp_mean": 17.608333333333334,
  "daily_wind_mean": 15.245833333333335,
  "daily_wind_dir_deg": 127.73239273848736
}