{
  "samples_local": {
    "10": {
      "temp": 19.0,
      "precip": 0.0,
      "wind": 18.0,
      "wind_dir_deg": 123.0
    },
    "12": {
      "temp": 20.6,
      "precip": 0.0,
      "wind": 17.4,
      "wind_dir_deg": 130.0
    },
    "14": {
      "temp": 21.4,
      "precip": 0.0,
      "wind": 17.7,
      "wind_dir_deg": 128.0
    },
    "16": {
      "temp": 21.9,
      "precip": 0.0,
      "wind": 14.8,
      "wind_dir_deg": 133.0
    }
  },
  "ride_temp_mean": 20.725,
  "ride_wind_mean": 16.975,
  "ride_wind_dir_deg": 128.27762415655332,
  "ride_rain_flag": 0.0,
  "tent_rain_flag": 1.0,
  "daily_precip_sum": 1.3,
  "daily_temp_mean": 17.670833333333334,
  "daily_wind_mean": 12.612499999999999,
  "daily_wind_dir_deg": 114.74713067122445
}