{
  "samples_local": {
    "10": {
      "temp": 19.7,
      "precip": 0.0,
      "wind": 19.1,
      "wind_dir_deg": 134.0
    },
    "12": {
      "temp": 20.5,
      "precip": 0.0,
      "wind": 15.3,
      "wind_dir_deg": 131.0
    },
    "14": {
      "temp": 22.3,
      "precip": 0.0,
      "wind": 13.5,
      "wind_dir_deg": 134.0
    },
    "16": {
      "temp": 22.2,
      "precip": 0.0,
      "wind": 11.0,
      "wind_dir_deg": 131.0
    }
  },
  "ride_temp_mean": 21.175,
  "ride_wind_mean": 14.725000000000001,
  "ride_wind_dir_deg": 132.66047767149615,
  "ride_rain_flag": 0.0,
  "tent_rain_flag": 0.0,
  "daily_precip_sum": 0.0,
  "daily_temp_mean": 18.270833333333332,
  "daily_wind_mean": 12.9125,
  "daily_wind_dir_deg": 119.4929101988194
}