{
  "ride_temp_mean": 4.425,
  "ride_precip_sum": 0.5,
  "ride_wind_speed": 1.9291691337018348,
  "ride_wind_dir": 199.77803366437234,
  "tent_precip_sum": 2.6,
  "tent_temp_mean": 2.48
}