{
  "ride_temp_mean": 6.275,
  "ride_precip_sum": 0.0,
  "ride_wind_speed": 4.97933818882371,
  "ride_wind_dir": 276.30207577270176,
  "tent_precip_sum": 0.0,
  "tent_temp_mean": 1.65
}