{
  "ride_temp_mean": 1.95,
  "ride_precip_sum": 0.1,
  "ride_wind_speed": 16.706028067011157,
  "ride_wind_dir": 275.1346008897905,
  "tent_precip_sum": 8.4,
  "tent_temp_mean": 2.3649999999999998
}