{
  "ride_temp_mean": 7.95,
  "ride_precip_sum": 0.0,
  "ride_wind_speed": 18.842285135984834,
  "ride_wind_dir": 247.7776190604048,
  "tent_precip_sum": 2.9,
  "tent_temp_mean": 5.6850000000000005
}