{
  "ride_temp_mean": 4.9,
  "ride_precip_sum": 0.0,
  "ride_wind_speed": 12.738223001858682,
  "ride_wind_dir": 262.7914279535618,
  "tent_precip_sum": 0.0,
  "tent_temp_mean": 0.9349999999999999
}