{
  "ride_temp_mean": 1.575,
  "ride_precip_sum": 0.0,
  "ride_wind_speed": 23.587653295100658,
  "ride_wind_dir": 260.774437435893,
  "tent_precip_sum": 1.5,
  "tent_temp_mean": 2.815
}