{
  "samples_local": {
    "10": {
      "temp": 9.9,
      "precip": 0.0,
      "wind": 18.5,
      "wind_dir_deg": 302.0
    },
    "12": {
      "temp": 13.6,
      "precip": 0.0,
      "wind": 16.7,
      "wind_dir_deg": 310.0
    },
    "14": {
      "temp": 14.9,
      "precip": 0.0,
      "wind": 16.0,
      "wind_dir_deg": 314.0
    },
    "16": {
      "temp": 13.9,
      "precip": 0.0,
      "wind": 20.3,
      "wind_dir_deg": 299.0
    }
  },
  "ride_temp_mean": 13.075,
  "ride_wind_mean": 17.875,
  "ride_wind_dir_deg": 305.6996618152178,
  "ride_rain_flag": 0.0,
  "tent_rain_flag": 1.0,
  "daily_precip_sum": 1.5,
  "daily_temp_mean": 9.829166666666667,
  "daily_wind_mean": 15.316666666666668,
  "daily_wind_dir_deg": 308.35336233478466
}