{
  "samples_local": {
    "10": {
      "temp": 8.5,
      "precip": 0.0,
      "wind": 18.3,
      "wind_dir_deg": 309.0
    },
    "12": {
      "temp": 12.2,
      "precip": 0.0,
      "wind": 17.5,
      "wind_dir_deg": 310.0
    },
    "14": {
      "temp": 14.5,
      "precip": 0.0,
      "wind": 17.9,
      "wind_dir_deg": 300.0
    },
    "16": {
      "temp": 14.5,
      "precip": 0.0,
      "wind": 13.2,
      "wind_dir_deg": 310.0
    }
  },
  "ride_temp_mean": 12.425,
  "ride_wind_mean": 16.725,
  "ride_wind_dir_deg": 307.05489106220654,
  "ride_rain_flag": 0.0,
  "tent_rain_flag": 0.0,
  "daily_precip_sum": 0.0,
  "daily_temp_mean": 9.683333333333334,
  "daily_wind_mean": 13.174999999999999,
  "daily_wind_dir_deg": 308.22943136253235
}