{
  "samples_local": {
    "10": {
      "temp": 5.3,
      "precip": 0.0,
      "wind": 10.6,
      "wind_dir_deg": 345.0
    },
    "12": {
      "temp": 8.2,
      "precip": 0.0,
      "wind": 8.7,
      "wind_dir_deg": 346.0
    },
    "14": {
      "temp": 10.6,
      "precip": 1.0,
      "wind": 5.1,
      "wind_dir_deg": 356.0
    },
    "16": {
      "temp": 9.9,
      "precip": 1.1,
      "wind": 1.9,
      "wind_dir_deg": 287.0
    }
  },
  "ride_temp_mean": 8.5,
  "ride_wind_mean": 6.574999999999999,
  "ride_wind_dir_deg": 343.89928090715756,
  "ride_rain_flag": 1.0,
  "tent_rain_flag": 1.0,
  "daily_precip_sum": 16.4,
  "daily_temp_mean": 6.920833333333333,
  "daily_wind_mean": 9.758333333333333,
  "daily_wind_dir_deg": 357.7792810145047
}