{
  "samples_local": {
    "10": {
      "temp": 8.3,
      "precip": 0.0,
      "wind": 14.9,
      "wind_dir_deg": 317.0
    },
    "12": {
      "temp": 11.0,
      "precip": 0.0,
      "wind": 14.3,
      "wind_dir_deg": 331.0
    },
    "14": {
      "temp": 13.8,
      "precip": 0.0,
      "wind": 17.2,
      "wind_dir_deg": 355.0
    },
    "16": {
      "temp": 13.1,
      "precip": 0.0,
      "wind": 17.1,
      "wind_dir_deg": 352.0
    }
  },
  "ride_temp_mean": 11.55,
  "ride_wind_mean": 15.875,
  "ride_wind_dir_deg": 339.9513675087699,
  "ride_rain_flag": 0.0,
  "tent_rain_flag": 1.0,
  "daily_precip_sum": 5.8999999999999995,
  "daily_temp_mean": 8.695833333333333,
  "daily_wind_mean": 16.945833333333333,
  "daily_wind_dir_deg": 343.7009487006074
}