{
  "samples_local": {
    "10": {
      "temp": 9.9,
      "precip": 0.0,
      "wind": 16.2,
      "wind_dir_deg": 317.0
    },
    "12": {
      "temp": 13.0,
      "precip": 0.0,
      "wind": 18.7,
      "wind_dir_deg": 329.0
    },
    "14": {
      "temp": 14.6,
      "precip": 0.0,
      "wind": 20.0,
      "wind_dir_deg": 331.0
    },
    "16": {
      "temp": 13.8,
      "precip": 0.0,
      "wind": 15.3,
      "wind_dir_deg": 330.0
    }
  },
  "ride_temp_mean": 12.825,
  "ride_wind_mean": 17.55,
  "ride_wind_dir_deg": 327.02901960366626,
  "ride_rain_flag": 0.0,
  "tent_rain_flag": 0.0,
  "daily_precip_sum": 0.0,
  "daily_temp_mean": 10.091666666666667,
  "daily_wind_mean": 12.104166666666666,
  "daily_wind_dir_deg": 328.2252695689976
}