{
  "samples_local": {
    "10": {
      "temp": 0.7,
      "precip": 0.0,
      "wind": 11.2,
      "wind_dir_deg": 310.0
    },
    "12": {
      "temp": 4.4,
      "precip": 0.0,
      "wind": 9.7,
      "wind_dir_deg": 318.0
    },
    "14": {
      "temp": 5.6,
      "precip": 0.0,
      "wind": 9.5,
      "wind_dir_deg": 345.0
    },
    "16": {
      "temp": 3.9,
      "precip": 0.0,
      "wind": 10.2,
      "wind_dir_deg": 328.0
    }
  },
  "ride_temp_mean": 3.65,
  "ride_wind_mean": 10.149999999999999,
  "ride_wind_dir_deg": 324.5685603831915,
  "ride_rain_flag": 0.0,
  "tent_rain_flag": 0.0,
  "daily_precip_sum": 0.0,
  "daily_temp_mean": 1.1041666666666667,
  "daily_wind_mean": 10.966666666666667,
  "daily_wind_dir_deg": 315.3537171973592
}