{
  "samples_local": {
    "10": {
      "temp": 5.0,
      "precip": 0.0,
      "wind": 5.5,
      "wind_dir_deg": 23.0
    },
    "12": {
      "temp": 6.8,
      "precip": 0.0,
      "wind": 13.5,
      "wind_dir_deg": 19.0
    },
    "14": {
      "temp": 12.9,
      "precip": 0.0,
      "wind": 18.0,
      "wind_dir_deg": 1.0
    },
    "16": {
      "temp": 12.2,
      "precip": 0.0,
      "wind": 23.3,
      "wind_dir_deg": 11.0
    }
  },
  "ride_temp_mean": 9.225,
  "ride_wind_mean": 15.075,
  "ride_wind_dir_deg": 10.900969136919286,
  "ride_rain_flag": 0.0,
  "tent_rain_flag": 1.0,
  "daily_precip_sum": 2.8000000000000003,
  "daily_temp_mean": 6.216666666666666,
  "daily_wind_mean": 13.541666666666666,
  "daily_wind_dir_deg": 7.4537626542353905
}