{
  "samples_local": {
    "10": {
      "temp": -2.0,
      "precip": 0.0,
      "wind": 4.7,
      "wind_dir_deg": 4.0
    },
    "12": {
      "temp": 0.9,
      "precip": 0.0,
      "wind": 2.4,
      "wind_dir_deg": 351.0
    },
    "14": {
      "temp": 1.4,
      "precip": 0.0,
      "wind": 2.7,
      "wind_dir_deg": 332.0
    },
    "16": {
      "temp": 1.4,
      "precip": 0.0,
      "wind": 4.4,
      "wind_dir_deg": 289.0
    }
  },
  "ride_temp_mean": 0.42499999999999993,
  "ride_wind_mean": 3.5500000000000003,
  "ride_wind_dir_deg": 333.27622725530784,
  "ride_rain_flag": 0.0,
  "tent_rain_flag": 0.0,
  "daily_precip_sum": 0.0,
  "daily_temp_mean": -1.7333333333333334,
  "daily_wind_mean": 4.733333333333333,
  "daily_wind_dir_deg": 304.61261347002977
}