{
  "samples_local": {
    "10": {
      "temp": 9.6,
      "precip": 0.0,
      "wind": 16.1,
      "wind_dir_deg": 18.0
    },
    "12": {
      "temp": 13.2,
      "precip": 0.0,
      "wind": 13.5,
      "wind_dir_deg": 16.0
    },
    "14": {
      "temp": 16.1,
      "precip": 0.0,
      "wind": 16.0,
      "wind_dir_deg": 17.0
    },
    "16": {
      "temp": 14.3,
      "precip": 0.0,
      "wind": 17.5,
      "wind_dir_deg": 34.0
    }
  },
  "ride_temp_mean": 13.3,
  "ride_wind_mean": 15.775,
  "ride_wind_dir_deg": 21.734104768031614,
  "ride_rain_flag": 0.0,
  "tent_rain_flag": 1.0,
  "daily_precip_sum": 3.8000000000000003,
  "daily_temp_mean": 10.604166666666666,
  "daily_wind_mean": 18.5625,
  "daily_wind_dir_deg": 23.68865373727516
}