{
  "samples_local": {
    "10": {
      "temp": 5.1,
      "precip": 0.2,
      "wind": 4.0,
      "wind_dir_deg": 141.0
    },
    "12": {
      "temp": 7.7,
      "precip": 0.1,
      "wind": 8.9,
      "wind_dir_deg": 167.0
    },
    "14": {
      "temp": 9.0,
      "precip": 0.1,
      "wind": 19.6,
      "wind_dir_deg": 165.0
    },
    "16": {
      "temp": 8.9,
      "precip": 0.0,
      "wind": 19.8,
      "wind_dir_deg": 167.0
    }
  },
  "ride_temp_mean": 7.675,
  "ride_wind_mean": 13.075000000000001,
  "ride_wind_dir_deg": 164.31017762260308,
  "ride_rain_flag": 1.0,
  "tent_rain_flag": 1.0,
  "daily_precip_sum": 1.2000000000000002,
  "daily_temp_mean": 5.633333333333333,
  "daily_wind_mean": 8.941666666666666,
  "daily_wind_dir_deg": 165.99300709044428
}