{
  "samples_local": {
    "10": {
      "temp": 6.4,
      "precip": 0.0,
      "wind": 11.3,
      "wind_dir_deg": 359.0
    },
    "12": {
      "temp": 12.8,
      "precip": 0.0,
      "wind": 5.6,
      "wind_dir_deg": 277.0
    },
    "14": {
      "temp": 13.2,
      "precip": 0.0,
      "wind": 12.8,
      "wind_dir_deg": 256.0
    },
    "16": {
      "temp": 11.5,
      "precip": 0.0,
      "wind": 11.0,
      "wind_dir_deg": 272.0
    }
  },
  "ride_temp_mean": 10.975,
  "ride_wind_mean": 10.175,
  "ride_wind_dir_deg": 287.62717842661283,
  "ride_rain_flag": 0.0,
  "tent_rain_flag": 0.0,
  "daily_precip_sum": 0.0,
  "daily_temp_mean": 6.091666666666666,
  "daily_wind_mean": 9.595833333333333,
  "daily_wind_dir_deg": 335.1954120203422
}