{
  "samples_local": {
    "10": {
      "temp": 1.3,
      "precip": 0.0,
      "wind": 14.8,
      "wind_dir_deg": 304.0
    },
    "12": {
      "temp": 4.3,
      "precip": 0.0,
      "wind": 12.9,
      "wind_dir_deg": 289.0
    },
    "14": {
      "temp": 4.3,
      "precip": 0.0,
      "wind": 12.0,
      "wind_dir_deg": 313.0
    },
    "16": {
      "temp": 1.4,
      "precip": 0.7,
      "wind": 11.6,
      "wind_dir_deg": 317.0
    }
  },
  "ride_temp_mean": 2.8249999999999997,
  "ride_wind_mean": 12.825,
  "ride_wind_dir_deg": 305.3043104024009,
  "ride_rain_flag": 1.0,
  "tent_rain_flag": 1.0,
  "daily_precip_sum": 1.7,
  "daily_temp_mean": 0.8250000000000001,
  "daily_wind_mean": 13.004166666666668,
  "daily_wind_dir_deg": 301.6899708046311
}