{
  "samples_local": {
    "10": {
      "temp": 2.8,
      "precip": 0.0,
      "wind": 21.9,
      "wind_dir_deg": 344.0
    },
    "12": {
      "temp": 4.4,
      "precip": 0.0,
      "wind": 21.1,
      "wind_dir_deg": 347.0
    },
    "14": {
      "temp": 3.2,
      "precip": 0.0,
      "wind": 29.3,
      "wind_dir_deg": 348.0
    },
    "16": {
      "temp": 1.8,
      "precip": 0.0,
      "wind": 30.9,
      "wind_dir_deg": 347.0
    }
  },
  "ride_temp_mean": 3.0500000000000003,
  "ride_wind_mean": 25.8,
  "ride_wind_dir_deg": 346.6474499323083,
  "ride_rain_flag": 0.0,
  "tent_rain_flag": 0.0,
  "daily_precip_sum": 0.0,
  "daily_temp_mean": 0.5791666666666667,
  "daily_wind_mean": 21.979166666666668,
  "daily_wind_dir_deg": 348.23994633610994
}