{
  "samples_local": {
    "10": {
      "temp": 0.6,
      "precip": 0.0,
      "wind": 11.7,
      "wind_dir_deg": 324.0
    },
    "12": {
      "temp": 3.7,
      "precip": 0.0,
      "wind": 10.3,
      "wind_dir_deg": 324.0
    },
    "14": {
      "temp": 4.9,
      "precip": 0.0,
      "wind": 12.3,
      "wind_dir_deg": 338.0
    },
    "16": {
      "temp": 4.4,
      "precip": 0.0,
      "wind": 11.5,
      "wind_dir_deg": 1.0
    }
  },
  "ride_temp_mean": 3.4000000000000004,
  "ride_wind_mean": 11.45,
  "ride_wind_dir_deg": 336.9264542911841,
  "ride_rain_flag": 0.0,
  "tent_rain_flag": 1.0,
  "daily_precip_sum": 4.2,
  "daily_temp_mean": 1.0541666666666667,
  "daily_wind_mean": 9.866666666666667,
  "daily_wind_dir_deg": 337.08397602560285
}