{
  "samples_local": {
    "10": {
      "temp": 25.2,
      "precip": 0.0,
      "wind": 4.1,
      "wind_dir_deg": 236.0
    },
    "12": {
      "temp": 25.8,
      "precip": 2.0,
      "wind": 6.7,
      "wind_dir_deg": 267.0
    },
    "14": {
      "temp": 27.0,
      "precip": 0.2,
      "wind": 10.3,
      "wind_dir_deg": 247.0
    },
    "16": {
      "temp": 26.1,
      "precip": 0.6,
      "wind": 12.2,
      "wind_dir_deg": 246.0
    }
  },
  "ride_temp_mean": 26.025,
  "ride_wind_mean": 8.325,
  "ride_wind_dir_deg": 249.2619340359455,
  "ride_rain_flag": 1.0,
  "tent_rain_flag": 1.0,
  "daily_precip_sum": 16.6,
  "daily_temp_mean": 23.929166666666664,
  "daily_wind_mean": 7.204166666666667,
  "daily_wind_dir_deg": 255.96150548920693
}