{
  "ride_temp_mean": 27.071428571428573,
  "ride_wind_mean": 3.8285714285714287,
  "ride_rain_flag": 0.0,
  "tent_rain_flag": 1.0
}