{
  "ride_temp_mean": 9.028571428571428,
  "ride_wind_mean": 1.657142857142857,
  "ride_rain_flag": 1.0,
  "tent_rain_flag": 1.0
}