{
  "ride_temp_mean": 22.771428571428572,
  "ride_wind_mean": 13.114285714285714,
  "ride_rain_flag": 0.0,
  "tent_rain_flag": 0.0
}