{
  "ride_temp_mean": 21.442857142857143,
  "ride_wind_mean": 9.942857142857141,
  "ride_rain_flag": 0.0,
  "tent_rain_flag": 0.0
}