{
  "ride_temp_mean": 22.342857142857145,
  "ride_wind_mean": 3.542857142857143,
  "ride_rain_flag": 0.0,
  "tent_rain_flag": 0.0
}