{
  "ride_temp_mean": 21.228571428571428,
  "ride_wind_mean": 9.642857142857142,
  "ride_rain_flag": 0.0,
  "tent_rain_flag": 0.0
}