{
  "samples_local": {
    "10": {
      "temp": 18.0,
      "precip": 0.0,
      "wind": 16.2,
      "wind_dir_deg": 258.0
    },
    "12": {
      "temp": 19.7,
      "precip": 0.0,
      "wind": 15.4,
      "wind_dir_deg": 249.0
    },
    "14": {
      "temp": 20.4,
      "precip": 0.0,
      "wind": 17.0,
      "wind_dir_deg": 242.0
    },
    "16": {
      "temp": 19.6,
      "precip": 0.0,
      "wind": 17.9,
      "wind_dir_deg": 246.0
    }
  },
  "ride_temp_mean": 19.425,
  "ride_wind_mean": 16.625,
  "ride_wind_dir_deg": 248.58914120809655,
  "ride_rain_flag": 0.0,
  "tent_rain_flag": 0.0,
  "daily_precip_sum": 0.0,
  "daily_temp_mean": 16.516666666666666,
  "daily_wind_mean": 17.270833333333332,
  "daily_wind_dir_deg": 258.3287277685829
}