{
  "ride_temp_mean": 22.485714285714288,
  "ride_wind_mean": 9.342857142857142,
  "ride_rain_flag": 0.0,
  "tent_rain_flag": 0.0
}