{
  "samples_local": {
    "10": {
      "temp": 13.6,
      "precip": 0.0,
      "wind": 5.2,
      "wind_dir_deg": 295.0
    },
    "12": {
      "temp": 15.4,
      "precip": 0.0,
      "wind": 10.5,
      "wind_dir_deg": 321.0
    },
    "14": {
      "temp": 16.2,
      "precip": 0.0,
      "wind": 9.8,
      "wind_dir_deg": 320.0
    },
    "16": {
      "temp": 16.3,
      "precip": 0.0,
      "wind": 10.8,
      "wind_dir_deg": 318.0
    }
  },
  "ride_temp_mean": 15.375,
  "ride_wind_mean": 9.075000000000001,
  "ride_wind_dir_deg": 316.17906758221966,
  "ride_rain_flag": 0.0,
  "tent_rain_flag": 0.0,
  "daily_precip_sum": 0.0,
  "daily_temp_mean": 10.120833333333334,
  "daily_wind_mean": 6.483333333333333,
  "daily_wind_dir_deg": 318.3466901566042
}