{
  "samples_local": {
    "10": {
      "temp": 15.9,
      "precip": 0.0,
      "wind": 23.1,
      "wind_dir_deg": 285.0
    },
    "12": {
      "temp": 16.9,
      "precip": 0.0,
      "wind": 17.0,
      "wind_dir_deg": 276.0
    },
    "14": {
      "temp": 17.0,
      "precip": 0.0,
      "wind": 10.9,
      "wind_dir_deg": 234.0
    },
    "16": {
      "temp": 17.9,
      "precip": 0.0,
      "wind": 17.1,
      "wind_dir_deg": 213.0
    }
  },
  "ride_temp_mean": 16.925,
  "ride_wind_mean": 17.025000000000002,
  "ride_wind_dir_deg": 257.2356201138904,
  "ride_rain_flag": 0.0,
  "tent_rain_flag": 0.0,
  "daily_precip_sum": 0.0,
  "daily_temp_mean": 17.1375,
  "daily_wind_mean": 24.895833333333332,
  "daily_wind_dir_deg": 282.79276137155404
}