{
  "ride_temp_mean": 22.985714285714288,
  "ride_wind_mean": 15.428571428571429,
  "ride_rain_flag": 0.0,
  "tent_rain_flag": 0.0
}