{
  "samples_local": {
    "10": {
      "temp": 17.1,
      "precip": 0.0,
      "wind": 7.2,
      "wind_dir_deg": 269.0
    },
    "12": {
      "temp": 19.0,
      "precip": 0.0,
      "wind": 8.5,
      "wind_dir_deg": 249.0
    },
    "14": {
      "temp": 20.0,
      "precip": 0.0,
      "wind": 9.1,
      "wind_dir_deg": 231.0
    },
    "16": {
      "temp": 19.4,
      "precip": 0.0,
      "wind": 10.1,
      "wind_dir_deg": 215.0
    }
  },
  "ride_temp_mean": 18.875,
  "ride_wind_mean": 8.725,
  "ride_wind_dir_deg": 238.47928410533277,
  "ride_rain_flag": 0.0,
  "tent_rain_flag": 0.0,
  "daily_precip_sum": 0.0,
  "daily_temp_mean": 14.450000000000001,
  "daily_wind_mean": 5.5249999999999995,
  "daily_wind_dir_deg": 267.11297905225786
}