{
  "samples_local": {
    "10": {
      "temp": 15.9,
      "precip": 0.0,
      "wind": 25.4,
      "wind_dir_deg": 297.0
    },
    "12": {
      "temp": 16.5,
      "precip": 0.0,
      "wind": 21.5,
      "wind_dir_deg": 282.0
    },
    "14": {
      "temp": 17.6,
      "precip": 0.0,
      "wind": 17.6,
      "wind_dir_deg": 271.0
    },
    "16": {
      "temp": 18.6,
      "precip": 0.0,
      "wind": 20.5,
      "wind_dir_deg": 269.0
    }
  },
  "ride_temp_mean": 17.150000000000002,
  "ride_wind_mean": 21.25,
  "ride_wind_dir_deg": 281.03990742434917,
  "ride_rain_flag": 0.0,
  "tent_rain_flag": 0.0,
  "daily_precip_sum": 0.0,
  "daily_temp_mean": 17.383333333333333,
  "daily_wind_mean": 24.645833333333332,
  "daily_wind_dir_deg": 286.5753007218857
}