{
  "ride_temp_mean": 22.957142857142856,
  "ride_wind_mean": 6.3428571428571425,
  "ride_rain_flag": 0.0,
  "tent_rain_flag": 0.0
}