{
  "ride_temp_mean": 25.314285714285713,
  "ride_wind_mean": 11.857142857142858,
  "ride_rain_flag": 0.0,
  "tent_rain_flag": 0.0
}