{
  "ride_temp_mean": 22.885714285714283,
  "ride_wind_mean": 12.12857142857143,
  "ride_rain_flag": 0.0,
  "tent_rain_flag": 0.0
}