{
  "ride_temp_mean": 21.785714285714285,
  "ride_wind_mean": 11.728571428571428,
  "ride_rain_flag": 0.0,
  "tent_rain_flag": 0.0
}