{
  "samples_local": {
    "10": {
      "temp": 27.4,
      "precip": 0.0,
      "wind": 19.3,
      "wind_dir_deg": 265.0
    },
    "12": {
      "temp": 27.7,
      "precip": 0.0,
      "wind": 17.5,
      "wind_dir_deg": 269.0
    },
    "14": {
      "temp": 28.1,
      "precip": 0.0,
      "wind": 19.8,
      "wind_dir_deg": 267.0
    },
    "16": {
      "temp": 27.7,
      "precip": 0.1,
      "wind": 23.8,
      "wind_dir_deg": 267.0
    }
  },
  "ride_temp_mean": 27.725,
  "ride_wind_mean": 20.1,
  "ride_wind_dir_deg": 266.9552204965503,
  "ride_rain_flag": 0.0,
  "tent_rain_flag": 1.0,
  "daily_precip_sum": 2.8,
  "daily_temp_mean": 27.275000000000002,
  "daily_wind_mean": 19.733333333333334,
  "daily_wind_dir_deg": 267.162905423148
}