{
  "samples_local": {
    "10": {
      "temp": 26.4,
      "precip": 0.1,
      "wind": 9.7,
      "wind_dir_deg": 246.0
    },
    "12": {
      "temp": 28.9,
      "precip": 0.0,
      "wind": 12.5,
      "wind_dir_deg": 245.0
    },
    "14": {
      "temp": 30.2,
      "precip": 0.1,
      "wind": 13.8,
      "wind_dir_deg": 248.0
    },
    "16": {
      "temp": 28.8,
      "precip": 0.1,
      "wind": 15.7,
      "wind_dir_deg": 237.0
    }
  },
  "ride_temp_mean": 28.575,
  "ride_wind_mean": 12.925,
  "ride_wind_dir_deg": 243.56198892557654,
  "ride_rain_flag": 0.0,
  "tent_rain_flag": 1.0,
  "daily_precip_sum": 3.7,
  "daily_temp_mean": 24.645833333333332,
  "daily_wind_mean": 8.879166666666666,
  "daily_wind_dir_deg": 233.695466173021
}