{
  "samples_local": {
    "10": {
      "temp": 23.3,
      "precip": 0.1,
      "wind": 6.4,
      "wind_dir_deg": 232.0
    },
    "12": {
      "temp": 25.2,
      "precip": 0.1,
      "wind": 10.5,
      "wind_dir_deg": 239.0
    },
    "14": {
      "temp": 27.1,
      "precip": 0.1,
      "wind": 13.1,
      "wind_dir_deg": 224.0
    },
    "16": {
      "temp": 27.0,
      "precip": 0.1,
      "wind": 13.3,
      "wind_dir_deg": 215.0
    }
  },
  "ride_temp_mean": 25.65,
  "ride_wind_mean": 10.825,
  "ride_wind_dir_deg": 226.04829018413258,
  "ride_rain_flag": 0.0,
  "tent_rain_flag": 1.0,
  "daily_precip_sum": 5.1,
  "daily_temp_mean": 23.65833333333333,
  "daily_wind_mean": 9.508333333333333,
  "daily_wind_dir_deg": 225.4998824105861
}