{
  "samples_local": {
    "10": {
      "temp": 5.2,
      "precip": 0.0,
      "wind": 17.2,
      "wind_dir_deg": 347.0
    },
    "12": {
      "temp": 9.1,
      "precip": 0.0,
      "wind": 16.2,
      "wind_dir_deg": 350.0
    },
    "14": {
      "temp": 11.0,
      "precip": 0.0,
      "wind": 15.3,
      "wind_dir_deg": 351.0
    },
    "16": {
      "temp": 11.1,
      "precip": 0.0,
      "wind": 16.2,
      "wind_dir_deg": 352.0
    }
  },
  "ride_temp_mean": 9.1,
  "ride_wind_mean": 16.225,
  "ride_wind_dir_deg": 349.9401244633652,
  "ride_rain_flag": 0.0,
  "tent_rain_flag": 1.0,
  "daily_precip_sum": 1.2999999999999998,
  "daily_temp_mean": 5.983333333333333,
  "daily_wind_mean": 16.2375,
  "daily_wind_dir_deg": 347.1541843991235
}