{
  "samples_local": {
    "10": {
      "temp": 12.0,
      "precip": 0.0,
      "wind": 13.6,
      "wind_dir_deg": 316.0
    },
    "12": {
      "temp": 14.9,
      "precip": 0.0,
      "wind": 19.3,
      "wind_dir_deg": 327.0
    },
    "14": {
      "temp": 16.1,
      "precip": 0.0,
      "wind": 17.5,
      "wind_dir_deg": 338.0
    },
    "16": {
      "temp": 16.1,
      "precip": 0.0,
      "wind": 16.0,
      "wind_dir_deg": 339.0
    }
  },
  "ride_temp_mean": 14.775,
  "ride_wind_mean": 16.6,
  "ride_wind_dir_deg": 330.5574256480961,
  "ride_rain_flag": 0.0,
  "tent_rain_flag": 0.0,
  "daily_precip_sum": 0.0,
  "daily_temp_mean": 10.854166666666666,
  "daily_wind_mean": 15.825000000000001,
  "daily_wind_dir_deg": 315.5018922361645
}