{
  "samples_local": {
    "10": {
      "temp": 25.0,
      "precip": 0.1,
      "wind": 4.1,
      "wind_dir_deg": 255.0
    },
    "12": {
      "temp": 24.4,
      "precip": 17.6,
      "wind": 9.9,
      "wind_dir_deg": 248.0
    },
    "14": {
      "temp": 24.2,
      "precip": 10.0,
      "wind": 10.0,
      "wind_dir_deg": 237.0
    },
    "16": {
      "temp": 24.7,
      "precip": 0.1,
      "wind": 10.8,
      "wind_dir_deg": 218.0
    }
  },
  "ride_temp_mean": 24.575,
  "ride_wind_mean": 8.7,
  "ride_wind_dir_deg": 236.39002954592576,
  "ride_rain_flag": 1.0,
  "tent_rain_flag": 1.0,
  "daily_precip_sum": 43.800000000000004,
  "daily_temp_mean": 23.566666666666666,
  "daily_wind_mean": 8.200000000000001,
  "daily_wind_dir_deg": 233.94487008208029
}