{
  "samples_local": {
    "10": {
      "temp": 7.1,
      "precip": 0.0,
      "wind": 14.1,
      "wind_dir_deg": 350.0
    },
    "12": {
      "temp": 10.8,
      "precip": 0.0,
      "wind": 13.9,
      "wind_dir_deg": 354.0
    },
    "14": {
      "temp": 13.2,
      "precip": 0.0,
      "wind": 11.9,
      "wind_dir_deg": 357.0
    },
    "16": {
      "temp": 13.1,
      "precip": 0.0,
      "wind": 11.2,
      "wind_dir_deg": 357.0
    }
  },
  "ride_temp_mean": 11.05,
  "ride_wind_mean": 12.775,
  "ride_wind_dir_deg": 354.25304816129045,
  "ride_rain_flag": 0.0,
  "tent_rain_flag": 1.0,
  "daily_precip_sum": 0.5,
  "daily_temp_mean": 7.9624999999999995,
  "daily_wind_mean": 13.120833333333332,
  "daily_wind_dir_deg": 351.8973597053561
}