{
  "samples_local": {
    "10": {
      "temp": 12.1,
      "precip": 0.0,
      "wind": 23.0,
      "wind_dir_deg": 310.0
    },
    "12": {
      "temp": 14.1,
      "precip": 0.0,
      "wind": 24.5,
      "wind_dir_deg": 318.0
    },
    "14": {
      "temp": 13.9,
      "precip": 0.0,
      "wind": 18.6,
      "wind_dir_deg": 325.0
    },
    "16": {
      "temp": 13.8,
      "precip": 0.0,
      "wind": 17.0,
      "wind_dir_deg": 338.0
    }
  },
  "ride_temp_mean": 13.475,
  "ride_wind_mean": 20.775,
  "ride_wind_dir_deg": 321.41783517150924,
  "ride_rain_flag": 0.0,
  "tent_rain_flag": 0.0,
  "daily_precip_sum": 0.1,
  "daily_temp_mean": 11.629166666666668,
  "daily_wind_mean": 16.204166666666666,
  "daily_wind_dir_deg": 311.91920128985487
}