{
  "samples_local": {
    "10": {
      "temp": 9.2,
      "precip": 0.0,
      "wind": 13.1,
      "wind_dir_deg": 25.0
    },
    "12": {
      "temp": 11.5,
      "precip": 0.0,
      "wind": 7.7,
      "wind_dir_deg": 342.0
    },
    "14": {
      "temp": 15.1,
      "precip": 0.0,
      "wind": 21.2,
      "wind_dir_deg": 22.0
    },
    "16": {
      "temp": 15.1,
      "precip": 0.0,
      "wind": 16.7,
      "wind_dir_deg": 45.0
    }
  },
  "ride_temp_mean": 12.725,
  "ride_wind_mean": 14.674999999999999,
  "ride_wind_dir_deg": 24.331000288119014,
  "ride_rain_flag": 0.0,
  "tent_rain_flag": 1.0,
  "daily_precip_sum": 0.5,
  "daily_temp_mean": 10.345833333333333,
  "daily_wind_mean": 16.316666666666666,
  "daily_wind_dir_deg": 12.343262455537172
}