{
  "samples_local": {
    "10": {
      "temp": 6.2,
      "precip": 0.0,
      "wind": 14.3,
      "wind_dir_deg": 329.0
    },
    "12": {
      "temp": 10.4,
      "precip": 0.0,
      "wind": 12.0,
      "wind_dir_deg": 351.0
    },
    "14": {
      "temp": 12.0,
      "precip": 0.0,
      "wind": 12.8,
      "wind_dir_deg": 345.0
    },
    "16": {
      "temp": 12.1,
      "precip": 0.0,
      "wind": 15.7,
      "wind_dir_deg": 349.0
    }
  },
  "ride_temp_mean": 10.175,
  "ride_wind_mean": 13.7,
  "ride_wind_dir_deg": 343.31565144442663,
  "ride_rain_flag": 0.0,
  "tent_rain_flag": 0.0,
  "daily_precip_sum": 0.0,
  "daily_temp_mean": 7.333333333333333,
  "daily_wind_mean": 13.554166666666667,
  "daily_wind_dir_deg": 333.8598294232412
}