{
  "samples_local": {
    "10": {
      "temp": 10.3,
      "precip": 0.0,
      "wind": 8.0,
      "wind_dir_deg": 284.0
    },
    "12": {
      "temp": 13.5,
      "precip": 0.0,
      "wind": 14.1,
      "wind_dir_deg": 263.0
    },
    "14": {
      "temp": 15.0,
      "precip": 0.0,
      "wind": 12.0,
      "wind_dir_deg": 257.0
    },
    "16": {
      "temp": 15.0,
      "precip": 0.0,
      "wind": 14.1,
      "wind_dir_deg": 260.0
    }
  },
  "ride_temp_mean": 13.45,
  "ride_wind_mean": 12.05,
  "ride_wind_dir_deg": 264.05307272315997,
  "ride_rain_flag": 0.0,
  "tent_rain_flag": 0.0,
  "daily_precip_sum": 0.0,
  "daily_temp_mean": 9.166666666666666,
  "daily_wind_mean": 11.170833333333334,
  "daily_wind_dir_deg": 296.8014348761502
}