{
  "samples_local": {
    "10": {
      "temp": 8.8,
      "precip": 0.0,
      "wind": 4.1,
      "wind_dir_deg": 77.0
    },
    "12": {
      "temp": 9.9,
      "precip": 0.0,
      "wind": 5.1,
      "wind_dir_deg": 108.0
    },
    "14": {
      "temp": 11.4,
      "precip": 0.0,
      "wind": 3.3,
      "wind_dir_deg": 54.0
    },
    "16": {
      "temp": 12.2,
      "precip": 0.0,
      "wind": 7.6,
      "wind_dir_deg": 36.0
    }
  },
  "ride_temp_mean": 10.575,
  "ride_wind_mean": 5.0249999999999995,
  "ride_wind_dir_deg": 65.05333010077868,
  "ride_rain_flag": 0.0,
  "tent_rain_flag": 1.0,
  "daily_precip_sum": 1.1,
  "daily_temp_mean": 9.195833333333333,
  "daily_wind_mean": 6.6625000000000005,
  "daily_wind_dir_deg": 23.983786540242363
}