{
  "samples_local": {
    "10": {
      "temp": 4.5,
      "precip": 0.1,
      "wind": 17.8,
      "wind_dir_deg": 14.0
    },
    "12": {
      "temp": 5.6,
      "precip": 0.0,
      "wind": 20.6,
      "wind_dir_deg": 17.0
    },
    "14": {
      "temp": 7.3,
      "precip": 0.0,
      "wind": 18.6,
      "wind_dir_deg": 16.0
    },
    "16": {
      "temp": 7.2,
      "precip": 0.0,
      "wind": 14.8,
      "wind_dir_deg": 18.0
    }
  },
  "ride_temp_mean": 6.15,
  "ride_wind_mean": 17.950000000000003,
  "ride_wind_dir_deg": 16.203409316516513,
  "ride_rain_flag": 0.0,
  "tent_rain_flag": 1.0,
  "daily_precip_sum": 1.2,
  "daily_temp_mean": 5.004166666666666,
  "daily_wind_mean": 12.387500000000001,
  "daily_wind_dir_deg": 10.914494839379472
}