{
  "samples_local": {
    "10": {
      "temp": 9.0,
      "precip": 0.0,
      "wind": 11.4,
      "wind_dir_deg": 334.0
    },
    "12": {
      "temp": 12.8,
      "precip": 0.0,
      "wind": 10.8,
      "wind_dir_deg": 339.0
    },
    "14": {
      "temp": 14.9,
      "precip": 0.0,
      "wind": 17.0,
      "wind_dir_deg": 41.0
    },
    "16": {
      "temp": 13.6,
      "precip": 0.0,
      "wind": 17.5,
      "wind_dir_deg": 53.0
    }
  },
  "ride_temp_mean": 12.575,
  "ride_wind_mean": 14.175,
  "ride_wind_dir_deg": 20.414833618301884,
  "ride_rain_flag": 0.0,
  "tent_rain_flag": 0.0,
  "daily_precip_sum": 0.0,
  "daily_temp_mean": 9.512500000000001,
  "daily_wind_mean": 12.075000000000001,
  "daily_wind_dir_deg": 2.754610763559924
}