{
  "samples_local": {
    "10": {
      "temp": 10.6,
      "precip": 0.0,
      "wind": 12.8,
      "wind_dir_deg": 336.0
    },
    "12": {
      "temp": 15.0,
      "precip": 0.0,
      "wind": 11.0,
      "wind_dir_deg": 355.0
    },
    "14": {
      "temp": 14.9,
      "precip": 0.0,
      "wind": 16.4,
      "wind_dir_deg": 48.0
    },
    "16": {
      "temp": 13.5,
      "precip": 0.0,
      "wind": 16.0,
      "wind_dir_deg": 82.0
    }
  },
  "ride_temp_mean": 13.5,
  "ride_wind_mean": 14.05,
  "ride_wind_dir_deg": 31.379907150211636,
  "ride_rain_flag": 0.0,
  "tent_rain_flag": 0.0,
  "daily_precip_sum": 0.0,
  "daily_temp_mean": 10.370833333333334,
  "daily_wind_mean": 12.395833333333334,
  "daily_wind_dir_deg": 0.9939619309603813
}