{
  "samples_local": {
    "10": {
      "temp": -4.1,
      "precip": 0.0,
      "wind": 5.2,
      "wind_dir_deg": 301.0
    },
    "12": {
      "temp": -0.1,
      "precip": 0.0,
      "wind": 8.6,
      "wind_dir_deg": 300.0
    },
    "14": {
      "temp": 0.7,
      "precip": 0.0,
      "wind": 8.9,
      "wind_dir_deg": 289.0
    },
    "16": {
      "temp": 0.9,
      "precip": 0.0,
      "wind": 12.8,
      "wind_dir_deg": 275.0
    }
  },
  "ride_temp_mean": -0.6499999999999999,
  "ride_wind_mean": 8.875,
  "ride_wind_dir_deg": 288.38428391479727,
  "ride_rain_flag": 0.0,
  "tent_rain_flag": 0.0,
  "daily_precip_sum": 0.0,
  "daily_temp_mean": -4.958333333333333,
  "daily_wind_mean": 8.704166666666667,
  "daily_wind_dir_deg": 293.72876348407965
}