{
  "samples_local": {
    "10": {
      "temp": 26.0,
      "precip": 0.5,
      "wind": 18.5,
      "wind_dir_deg": 243.0
    },
    "12": {
      "temp": 26.3,
      "precip": 0.5,
      "wind": 19.2,
      "wind_dir_deg": 244.0
    },
    "14": {
      "temp": 27.7,
      "precip": 0.3,
      "wind": 20.9,
      "wind_dir_deg": 241.0
    },
    "16": {
      "temp": 27.2,
      "precip": 0.0,
      "wind": 19.8,
      "wind_dir_deg": 239.0
    }
  },
  "ride_temp_mean": 26.8,
  "ride_wind_mean": 19.6,
  "ride_wind_dir_deg": 241.701610915296,
  "ride_rain_flag": 1.0,
  "tent_rain_flag": 1.0,
  "daily_precip_sum": 3.3000000000000003,
  "daily_temp_mean": 26.400000000000002,
  "daily_wind_mean": 17.533333333333335,
  "daily_wind_dir_deg": 240.45852762442166
}