{
  "samples_local": {
    "10": {
      "temp": -4.2,
      "precip": 0.0,
      "wind": 23.3,
      "wind_dir_deg": 297.0
    },
    "12": {
      "temp": -0.5,
      "precip": 0.0,
      "wind": 21.4,
      "wind_dir_deg": 304.0
    },
    "14": {
      "temp": 0.8,
      "precip": 0.0,
      "wind": 19.1,
      "wind_dir_deg": 302.0
    },
    "16": {
      "temp": 1.0,
      "precip": 0.0,
      "wind": 17.9,
      "wind_dir_deg": 302.0
    }
  },
  "ride_temp_mean": -0.7250000000000001,
  "ride_wind_mean": 20.425,
  "ride_wind_dir_deg": 301.0985742157712,
  "ride_rain_flag": 0.0,
  "tent_rain_flag": 0.0,
  "daily_precip_sum": 0.0,
  "daily_temp_mean": -3.670833333333333,
  "daily_wind_mean": 21.40416666666667,
  "daily_wind_dir_deg": 300.7469268045525
}