{
  "samples_local": {
    "10": {
      "temp": -3.7,
      "precip": 0.0,
      "wind": 7.1,
      "wind_dir_deg": 297.0
    },
    "12": {
      "temp": -0.5,
      "precip": 0.0,
      "wind": 8.7,
      "wind_dir_deg": 307.0
    },
    "14": {
      "temp": 0.7,
      "precip": 0.0,
      "wind": 10.1,
      "wind_dir_deg": 294.0
    },
    "16": {
      "temp": 0.7,
      "precip": 0.0,
      "wind": 10.2,
      "wind_dir_deg": 288.0
    }
  },
  "ride_temp_mean": -0.7000000000000001,
  "ride_wind_mean": 9.024999999999999,
  "ride_wind_dir_deg": 296.0190270347889,
  "ride_rain_flag": 0.0,
  "tent_rain_flag": 0.0,
  "daily_precip_sum": 0.0,
  "daily_temp_mean": -4.458333333333333,
  "daily_wind_mean": 9.716666666666667,
  "daily_wind_dir_deg": 296.1800611053413
}