{
  "samples_local": {
    "10": {
      "temp": -4.8,
      "precip": 0.0,
      "wind": 7.7,
      "wind_dir_deg": 303.0
    },
    "12": {
      "temp": -1.4,
      "precip": 0.0,
      "wind": 8.9,
      "wind_dir_deg": 294.0
    },
    "14": {
      "temp": 0.2,
      "precip": 0.0,
      "wind": 10.3,
      "wind_dir_deg": 283.0
    },
    "16": {
      "temp": 0.3,
      "precip": 0.0,
      "wind": 11.6,
      "wind_dir_deg": 278.0
    }
  },
  "ride_temp_mean": -1.4249999999999998,
  "ride_wind_mean": 9.625,
  "ride_wind_dir_deg": 288.016879307552,
  "ride_rain_flag": 0.0,
  "tent_rain_flag": 0.0,
  "daily_precip_sum": 0.0,
  "daily_temp_mean": -4.991666666666666,
  "daily_wind_mean": 10.266666666666667,
  "daily_wind_dir_deg": 298.3302087172765
}