{
  "samples_local": {
    "10": {
      "temp": -2.8,
      "precip": 0.0,
      "wind": 13.9,
      "wind_dir_deg": 299.0
    },
    "12": {
      "temp": 0.2,
      "precip": 0.0,
      "wind": 14.5,
      "wind_dir_deg": 306.0
    },
    "14": {
      "temp": 1.9,
      "precip": 0.0,
      "wind": 16.2,
      "wind_dir_deg": 314.0
    },
    "16": {
      "temp": 2.2,
      "precip": 0.0,
      "wind": 15.3,
      "wind_dir_deg": 321.0
    }
  },
  "ride_temp_mean": 0.37500000000000006,
  "ride_wind_mean": 14.975,
  "ride_wind_dir_deg": 310.37274767012593,
  "ride_rain_flag": 0.0,
  "tent_rain_flag": 0.0,
  "daily_precip_sum": 0.0,
  "daily_temp_mean": -2.0166666666666666,
  "daily_wind_mean": 13.674999999999999,
  "daily_wind_dir_deg": 309.7705337482011
}