{
  "samples_local": {
    "10": {
      "temp": -4.8,
      "precip": 0.0,
      "wind": 7.9,
      "wind_dir_deg": 286.0
    },
    "12": {
      "temp": -1.4,
      "precip": 0.0,
      "wind": 11.2,
      "wind_dir_deg": 288.0
    },
    "14": {
      "temp": 1.6,
      "precip": 0.0,
      "wind": 16.0,
      "wind_dir_deg": 289.0
    },
    "16": {
      "temp": 1.4,
      "precip": 0.0,
      "wind": 15.8,
      "wind_dir_deg": 287.0
    }
  },
  "ride_temp_mean": -0.7999999999999999,
  "ride_wind_mean": 12.725,
  "ride_wind_dir_deg": 287.6935243179463,
  "ride_rain_flag": 0.0,
  "tent_rain_flag": 0.0,
  "daily_precip_sum": 0.0,
  "daily_temp_mean": -4.858333333333333,
  "daily_wind_mean": 10.458333333333334,
  "daily_wind_dir_deg": 290.9182954339548
}