{
  "samples_local": {
    "10": {
      "temp": 12.3,
      "precip": 0.0,
      "wind": 16.0,
      "wind_dir_deg": 31.0
    },
    "12": {
      "temp": 14.1,
      "precip": 0.0,
      "wind": 14.0,
      "wind_dir_deg": 12.0
    },
    "14": {
      "temp": 14.8,
      "precip": 0.0,
      "wind": 14.3,
      "wind_dir_deg": 10.0
    },
    "16": {
      "temp": 13.9,
      "precip": 0.0,
      "wind": 13.0,
      "wind_dir_deg": 358.0
    }
  },
  "ride_temp_mean": 13.775,
  "ride_wind_mean": 14.325,
  "ride_wind_dir_deg": 13.599885150112641,
  "ride_rain_flag": 0.0,
  "tent_rain_flag": 1.0,
  "daily_precip_sum": 1.2000000000000002,
  "daily_temp_mean": 11.708333333333334,
  "daily_wind_mean": 16.625,
  "daily_wind_dir_deg": 24.89685964844523
}