{
  "samples_local": {
    "10": {
      "temp": 11.6,
      "precip": 0.0,
      "wind": 23.8,
      "wind_dir_deg": 27.0
    },
    "12": {
      "temp": 12.5,
      "precip": 0.0,
      "wind": 24.7,
      "wind_dir_deg": 13.0
    },
    "14": {
      "temp": 13.0,
      "precip": 0.1,
      "wind": 25.6,
      "wind_dir_deg": 14.0
    },
    "16": {
      "temp": 12.4,
      "precip": 0.0,
      "wind": 23.8,
      "wind_dir_deg": 3.0
    }
  },
  "ride_temp_mean": 12.375,
  "ride_wind_mean": 24.475,
  "ride_wind_dir_deg": 14.225697829876992,
  "ride_rain_flag": 0.0,
  "tent_rain_flag": 1.0,
  "daily_precip_sum": 3.6,
  "daily_temp_mean": 10.641666666666667,
  "daily_wind_mean": 23.020833333333332,
  "daily_wind_dir_deg": 14.649269169460013
}