{
  "samples_local": {
    "10": {
      "temp": 10.7,
      "precip": 0.1,
      "wind": 18.8,
      "wind_dir_deg": 26.0
    },
    "12": {
      "temp": 13.2,
      "precip": 0.0,
      "wind": 21.6,
      "wind_dir_deg": 46.0
    },
    "14": {
      "temp": 13.1,
      "precip": 0.0,
      "wind": 15.3,
      "wind_dir_deg": 24.0
    },
    "16": {
      "temp": 12.9,
      "precip": 0.0,
      "wind": 13.4,
      "wind_dir_deg": 5.0
    }
  },
  "ride_temp_mean": 12.475,
  "ride_wind_mean": 17.275000000000002,
  "ride_wind_dir_deg": 27.75652268677453,
  "ride_rain_flag": 0.0,
  "tent_rain_flag": 1.0,
  "daily_precip_sum": 1.4,
  "daily_temp_mean": 10.804166666666667,
  "daily_wind_mean": 16.0625,
  "daily_wind_dir_deg": 27.109989452464504
}