{
  "samples_local": {
    "10": {
      "temp": 8.2,
      "precip": 0.0,
      "wind": 10.7,
      "wind_dir_deg": 312.0
    },
    "12": {
      "temp": 11.4,
      "precip": 0.0,
      "wind": 12.8,
      "wind_dir_deg": 338.0
    },
    "14": {
      "temp": 12.8,
      "precip": 0.0,
      "wind": 14.4,
      "wind_dir_deg": 357.0
    },
    "16": {
      "temp": 11.9,
      "precip": 0.1,
      "wind": 13.4,
      "wind_dir_deg": 346.0
    }
  },
  "ride_temp_mean": 11.075,
  "ride_wind_mean": 12.825,
  "ride_wind_dir_deg": 340.1634828362936,
  "ride_rain_flag": 0.0,
  "tent_rain_flag": 0.0,
  "daily_precip_sum": 0.2,
  "daily_temp_mean": 8.895833333333334,
  "daily_wind_mean": 11.262500000000001,
  "daily_wind_dir_deg": 352.2379676924878
}