{
  "samples_local": {
    "10": {
      "temp": 10.9,
      "precip": 0.0,
      "wind": 21.9,
      "wind_dir_deg": 346.0
    },
    "12": {
      "temp": 11.4,
      "precip": 1.9,
      "wind": 21.8,
      "wind_dir_deg": 352.0
    },
    "14": {
      "temp": 13.7,
      "precip": 0.1,
      "wind": 27.1,
      "wind_dir_deg": 11.0
    },
    "16": {
      "temp": 13.1,
      "precip": 0.0,
      "wind": 23.8,
      "wind_dir_deg": 358.0
    }
  },
  "ride_temp_mean": 12.275,
  "ride_wind_mean": 23.65,
  "ride_wind_dir_deg": 357.5481806849011,
  "ride_rain_flag": 1.0,
  "tent_rain_flag": 1.0,
  "daily_precip_sum": 3.6999999999999997,
  "daily_temp_mean": 10.779166666666667,
  "daily_wind_mean": 22.233333333333334,
  "daily_wind_dir_deg": 352.03002414273544
}