{
  "samples_local": {
    "10": {
      "temp": 11.6,
      "precip": 0.0,
      "wind": 12.8,
      "wind_dir_deg": 350.0
    },
    "12": {
      "temp": 11.9,
      "precip": 0.1,
      "wind": 14.6,
      "wind_dir_deg": 350.0
    },
    "14": {
      "temp": 12.8,
      "precip": 0.0,
      "wind": 14.1,
      "wind_dir_deg": 354.0
    },
    "16": {
      "temp": 13.1,
      "precip": 0.0,
      "wind": 15.2,
      "wind_dir_deg": 355.0
    }
  },
  "ride_temp_mean": 12.35,
  "ride_wind_mean": 14.175,
  "ride_wind_dir_deg": 352.3350935427257,
  "ride_rain_flag": 0.0,
  "tent_rain_flag": 1.0,
  "daily_precip_sum": 1.2,
  "daily_temp_mean": 10.366666666666667,
  "daily_wind_mean": 12.179166666666667,
  "daily_wind_dir_deg": 348.2585363116528
}