{
  "samples_local": {
    "10": {
      "temp": 13.4,
      "precip": 0.0,
      "wind": 10.3,
      "wind_dir_deg": 226.0
    },
    "12": {
      "temp": 15.2,
      "precip": 0.1,
      "wind": 11.6,
      "wind_dir_deg": 234.0
    },
    "14": {
      "temp": 15.4,
      "precip": 0.0,
      "wind": 11.7,
      "wind_dir_deg": 226.0
    },
    "16": {
      "temp": 15.1,
      "precip": 0.0,
      "wind": 11.2,
      "wind_dir_deg": 213.0
    }
  },
  "ride_temp_mean": 14.775,
  "ride_wind_mean": 11.2,
  "ride_wind_dir_deg": 224.8322534109372,
  "ride_rain_flag": 0.0,
  "tent_rain_flag": 0.0,
  "daily_precip_sum": 0.1,
  "daily_temp_mean": 11.970833333333333,
  "daily_wind_mean": 8.766666666666667,
  "daily_wind_dir_deg": 210.43546248616903
}