{
  "samples_local": {
    "10": {
      "temp": 12.7,
      "precip": 0.0,
      "wind": 7.1,
      "wind_dir_deg": 223.0
    },
    "12": {
      "temp": 14.2,
      "precip": 0.2,
      "wind": 7.8,
      "wind_dir_deg": 222.0
    },
    "14": {
      "temp": 14.1,
      "precip": 0.0,
      "wind": 6.8,
      "wind_dir_deg": 209.0
    },
    "16": {
      "temp": 13.1,
      "precip": 0.0,
      "wind": 8.9,
      "wind_dir_deg": 187.0
    }
  },
  "ride_temp_mean": 13.524999999999999,
  "ride_wind_mean": 7.65,
  "ride_wind_dir_deg": 209.26816662729527,
  "ride_rain_flag": 1.0,
  "tent_rain_flag": 1.0,
  "daily_precip_sum": 0.6000000000000001,
  "daily_temp_mean": 10.637500000000001,
  "daily_wind_mean": 4.329166666666667,
  "daily_wind_dir_deg": 187.45081262708845
}