{
  "samples_local": {
    "10": {
      "temp": 12.6,
      "precip": 0.0,
      "wind": 9.4,
      "wind_dir_deg": 235.0
    },
    "12": {
      "temp": 14.3,
      "precip": 0.0,
      "wind": 10.5,
      "wind_dir_deg": 217.0
    },
    "14": {
      "temp": 14.8,
      "precip": 0.0,
      "wind": 10.5,
      "wind_dir_deg": 217.0
    },
    "16": {
      "temp": 14.4,
      "precip": 0.0,
      "wind": 9.8,
      "wind_dir_deg": 212.0
    }
  },
  "ride_temp_mean": 14.025,
  "ride_wind_mean": 10.05,
  "ride_wind_dir_deg": 219.95668836124426,
  "ride_rain_flag": 0.0,
  "tent_rain_flag": 0.0,
  "daily_precip_sum": 0.1,
  "daily_temp_mean": 11.445833333333333,
  "daily_wind_mean": 6.8374999999999995,
  "daily_wind_dir_deg": 195.6429733165343
}