{
  "samples_local": {
    "10": {
      "temp": 8.1,
      "precip": 0.0,
      "wind": 5.0,
      "wind_dir_deg": 235.0
    },
    "12": {
      "temp": 10.7,
      "precip": 0.1,
      "wind": 9.1,
      "wind_dir_deg": 252.0
    },
    "14": {
      "temp": 11.7,
      "precip": 0.0,
      "wind": 9.3,
      "wind_dir_deg": 242.0
    },
    "16": {
      "temp": 11.1,
      "precip": 0.0,
      "wind": 9.7,
      "wind_dir_deg": 235.0
    }
  },
  "ride_temp_mean": 10.399999999999999,
  "ride_wind_mean": 8.275,
  "ride_wind_dir_deg": 241.63152097867882,
  "ride_rain_flag": 0.0,
  "tent_rain_flag": 0.0,
  "daily_precip_sum": 0.30000000000000004,
  "daily_temp_mean": 7.433333333333334,
  "daily_wind_mean": 5.4875,
  "daily_wind_dir_deg": 232.95219599317008
}