{
  "samples_local": {
    "10": {
      "temp": 12.1,
      "precip": 0.0,
      "wind": 12.2,
      "wind_dir_deg": 226.0
    },
    "12": {
      "temp": 13.6,
      "precip": 0.1,
      "wind": 10.6,
      "wind_dir_deg": 228.0
    },
    "14": {
      "temp": 14.4,
      "precip": 0.0,
      "wind": 10.4,
      "wind_dir_deg": 236.0
    },
    "16": {
      "temp": 14.4,
      "precip": 0.0,
      "wind": 9.3,
      "wind_dir_deg": 224.0
    }
  },
  "ride_temp_mean": 13.625,
  "ride_wind_mean": 10.625,
  "ride_wind_dir_deg": 228.50425287119572,
  "ride_rain_flag": 0.0,
  "tent_rain_flag": 0.0,
  "daily_precip_sum": 0.1,
  "daily_temp_mean": 11.254166666666668,
  "daily_wind_mean": 8.645833333333334,
  "daily_wind_dir_deg": 215.95222270712975
}