{
  "samples_local": {
    "10": {
      "temp": 11.1,
      "precip": 0.0,
      "wind": 11.7,
      "wind_dir_deg": 195.0
    },
    "12": {
      "temp": 12.1,
      "precip": 0.1,
      "wind": 9.9,
      "wind_dir_deg": 202.0
    },
    "14": {
      "temp": 12.2,
      "precip": 0.1,
      "wind": 9.5,
      "wind_dir_deg": 205.0
    },
    "16": {
      "temp": 11.9,
      "precip": 0.0,
      "wind": 9.6,
      "wind_dir_deg": 194.0
    }
  },
  "ride_temp_mean": 11.825,
  "ride_wind_mean": 10.175,
  "ride_wind_dir_deg": 198.79987974120493,
  "ride_rain_flag": 0.0,
  "tent_rain_flag": 1.0,
  "daily_precip_sum": 2.4,
  "daily_temp_mean": 10.470833333333333,
  "daily_wind_mean": 8.858333333333333,
  "daily_wind_dir_deg": 184.10634695425878
}