{
  "samples_local": {
    "10": {
      "temp": 12.6,
      "precip": 0.0,
      "wind": 8.1,
      "wind_dir_deg": 127.0
    },
    "12": {
      "temp": 13.7,
      "precip": 0.1,
      "wind": 7.1,
      "wind_dir_deg": 117.0
    },
    "14": {
      "temp": 13.6,
      "precip": 0.1,
      "wind": 8.6,
      "wind_dir_deg": 105.0
    },
    "16": {
      "temp": 13.5,
      "precip": 0.0,
      "wind": 6.7,
      "wind_dir_deg": 96.0
    }
  },
  "ride_temp_mean": 13.35,
  "ride_wind_mean": 7.625,
  "ride_wind_dir_deg": 111.65552633586265,
  "ride_rain_flag": 0.0,
  "tent_rain_flag": 1.0,
  "daily_precip_sum": 1.2000000000000002,
  "daily_temp_mean": 12.0875,
  "daily_wind_mean": 6.266666666666667,
  "daily_wind_dir_deg": 101.23933118883798
}