{
  "samples_local": {
    "10": {
      "temp": 13.0,
      "precip": 0.0,
      "wind": 9.5,
      "wind_dir_deg": 127.0
    },
    "12": {
      "temp": 13.8,
      "precip": 0.0,
      "wind": 9.3,
      "wind_dir_deg": 109.0
    },
    "14": {
      "temp": 13.4,
      "precip": 0.0,
      "wind": 11.1,
      "wind_dir_deg": 97.0
    },
    "16": {
      "temp": 12.9,
      "precip": 0.0,
      "wind": 10.3,
      "wind_dir_deg": 97.0
    }
  },
  "ride_temp_mean": 13.275,
  "ride_wind_mean": 10.05,
  "ride_wind_dir_deg": 106.79250020452201,
  "ride_rain_flag": 0.0,
  "tent_rain_flag": 1.0,
  "daily_precip_sum": 0.7000000000000001,
  "daily_temp_mean": 11.9625,
  "daily_wind_mean": 8.158333333333333,
  "daily_wind_dir_deg": 102.16785654892959
}