{
  "samples_local": {
    "10": {
      "temp": 12.2,
      "precip": 0.1,
      "wind": 13.1,
      "wind_dir_deg": 146.0
    },
    "12": {
      "temp": 14.1,
      "precip": 0.1,
      "wind": 12.0,
      "wind_dir_deg": 130.0
    },
    "14": {
      "temp": 14.1,
      "precip": 0.0,
      "wind": 11.0,
      "wind_dir_deg": 131.0
    },
    "16": {
      "temp": 13.8,
      "precip": 0.0,
      "wind": 7.6,
      "wind_dir_deg": 115.0
    }
  },
  "ride_temp_mean": 13.55,
  "ride_wind_mean": 10.925,
  "ride_wind_dir_deg": 132.44852061926576,
  "ride_rain_flag": 0.0,
  "tent_rain_flag": 1.0,
  "daily_precip_sum": 2.0,
  "daily_temp_mean": 11.816666666666668,
  "daily_wind_mean": 8.458333333333334,
  "daily_wind_dir_deg": 114.80278457542624
}