{
  "samples_local": {
    "10": {
      "temp": 13.0,
      "precip": 0.0,
      "wind": 10.4,
      "wind_dir_deg": 132.0
    },
    "12": {
      "temp": 14.1,
      "precip": 0.0,
      "wind": 9.7,
      "wind_dir_deg": 121.0
    },
    "14": {
      "temp": 14.2,
      "precip": 0.0,
      "wind": 9.7,
      "wind_dir_deg": 108.0
    },
    "16": {
      "temp": 13.8,
      "precip": 0.0,
      "wind": 11.3,
      "wind_dir_deg": 104.0
    }
  },
  "ride_temp_mean": 13.775,
  "ride_wind_mean": 10.275,
  "ride_wind_dir_deg": 116.01798787827005,
  "ride_rain_flag": 0.0,
  "tent_rain_flag": 1.0,
  "daily_precip_sum": 0.2,
  "daily_temp_mean": 12.166666666666666,
  "daily_wind_mean": 8.779166666666667,
  "daily_wind_dir_deg": 104.2156632863697
}