{
  "samples_local": {
    "10": {
      "temp": 12.1,
      "precip": 0.0,
      "wind": 5.6,
      "wind_dir_deg": 165.0
    },
    "12": {
      "temp": 13.4,
      "precip": 0.1,
      "wind": 4.0,
      "wind_dir_deg": 159.0
    },
    "14": {
      "temp": 12.9,
      "precip": 0.0,
      "wind": 4.3,
      "wind_dir_deg": 138.0
    },
    "16": {
      "temp": 12.8,
      "precip": 0.0,
      "wind": 6.1,
      "wind_dir_deg": 135.0
    }
  },
  "ride_temp_mean": 12.8,
  "ride_wind_mean": 5.0,
  "ride_wind_dir_deg": 148.82913163926395,
  "ride_rain_flag": 0.0,
  "tent_rain_flag": 0.0,
  "daily_precip_sum": 0.30000000000000004,
  "daily_temp_mean": 11.733333333333334,
  "daily_wind_mean": 4.683333333333333,
  "daily_wind_dir_deg": 136.3960932201427
}