{
  "samples_local": {
    "10": {
      "temp": 13.0,
      "precip": 0.0,
      "wind": 6.0,
      "wind_dir_deg": 190.0
    },
    "12": {
      "temp": 14.6,
      "precip": 0.0,
      "wind": 4.4,
      "wind_dir_deg": 159.0
    },
    "14": {
      "temp": 13.8,
      "precip": 0.0,
      "wind": 5.0,
      "wind_dir_deg": 165.0
    },
    "16": {
      "temp": 13.9,
      "precip": 0.0,
      "wind": 6.8,
      "wind_dir_deg": 153.0
    }
  },
  "ride_temp_mean": 13.825,
  "ride_wind_mean": 5.55,
  "ride_wind_dir_deg": 166.7664411814145,
  "ride_rain_flag": 0.0,
  "tent_rain_flag": 1.0,
  "daily_precip_sum": 0.30000000000000004,
  "daily_temp_mean": 12.333333333333334,
  "daily_wind_mean": 5.079166666666667,
  "daily_wind_dir_deg": 144.85594450138183
}