{
  "samples_local": {
    "10": {
      "temp": 9.3,
      "precip": 0.0,
      "wind": 8.3,
      "wind_dir_deg": 193.0
    },
    "12": {
      "temp": 10.0,
      "precip": 0.0,
      "wind": 8.3,
      "wind_dir_deg": 175.0
    },
    "14": {
      "temp": 10.1,
      "precip": 0.0,
      "wind": 8.6,
      "wind_dir_deg": 170.0
    },
    "16": {
      "temp": 10.0,
      "precip": 0.0,
      "wind": 8.1,
      "wind_dir_deg": 185.0
    }
  },
  "ride_temp_mean": 9.85,
  "ride_wind_mean": 8.325,
  "ride_wind_dir_deg": 180.62056560695652,
  "ride_rain_flag": 0.0,
  "tent_rain_flag": 1.0,
  "daily_precip_sum": 0.30000000000000004,
  "daily_temp_mean": 8.299999999999999,
  "daily_wind_mean": 7.229166666666667,
  "daily_wind_dir_deg": 185.72391858343624
}