{
  "samples_local": {
    "10": {
      "temp": 12.2,
      "precip": 0.2,
      "wind": 12.1,
      "wind_dir_deg": 60.0
    },
    "12": {
      "temp": 13.8,
      "precip": 0.0,
      "wind": 14.4,
      "wind_dir_deg": 116.0
    },
    "14": {
      "temp": 13.6,
      "precip": 0.1,
      "wind": 18.3,
      "wind_dir_deg": 109.0
    },
    "16": {
      "temp": 13.0,
      "precip": 0.0,
      "wind": 16.8,
      "wind_dir_deg": 109.0
    }
  },
  "ride_temp_mean": 13.15,
  "ride_wind_mean": 15.4,
  "ride_wind_dir_deg": 101.66775209934269,
  "ride_rain_flag": 1.0,
  "tent_rain_flag": 0.0,
  "daily_precip_sum": 0.4,
  "daily_temp_mean": 10.854166666666666,
  "daily_wind_mean": 11.316666666666668,
  "daily_wind_dir_deg": 92.28383122978852
}