{
  "samples_local": {
    "10": {
      "temp": 11.9,
      "precip": 0.0,
      "wind": 7.8,
      "wind_dir_deg": 224.0
    },
    "12": {
      "temp": 13.7,
      "precip": 0.1,
      "wind": 6.2,
      "wind_dir_deg": 210.0
    },
    "14": {
      "temp": 13.6,
      "precip": 0.0,
      "wind": 5.0,
      "wind_dir_deg": 215.0
    },
    "16": {
      "temp": 13.6,
      "precip": 0.0,
      "wind": 4.3,
      "wind_dir_deg": 246.0
    }
  },
  "ride_temp_mean": 13.2,
  "ride_wind_mean": 5.825,
  "ride_wind_dir_deg": 222.30921903760398,
  "ride_rain_flag": 0.0,
  "tent_rain_flag": 1.0,
  "daily_precip_sum": 0.7000000000000001,
  "daily_temp_mean": 11.291666666666666,
  "daily_wind_mean": 4.883333333333334,
  "daily_wind_dir_deg": 171.8972060408047
}