{
  "samples_local": {
    "10": {
      "temp": 13.4,
      "precip": 0.0,
      "wind": 3.1,
      "wind_dir_deg": 62.0
    },
    "12": {
      "temp": 14.4,
      "precip": 0.0,
      "wind": 2.9,
      "wind_dir_deg": 112.0
    },
    "14": {
      "temp": 14.2,
      "precip": 0.1,
      "wind": 7.4,
      "wind_dir_deg": 112.0
    },
    "16": {
      "temp": 14.1,
      "precip": 0.1,
      "wind": 7.9,
      "wind_dir_deg": 131.0
    }
  },
  "ride_temp_mean": 14.025,
  "ride_wind_mean": 5.325,
  "ride_wind_dir_deg": 112.57186104517257,
  "ride_rain_flag": 0.0,
  "tent_rain_flag": 1.0,
  "daily_precip_sum": 0.6000000000000001,
  "daily_temp_mean": 12.200000000000001,
  "daily_wind_mean": 6.166666666666667,
  "daily_wind_dir_deg": 124.41634385187228
}