{
  "samples_local": {
    "10": {
      "temp": 11.1,
      "precip": 0.1,
      "wind": 6.8,
      "wind_dir_deg": 202.0
    },
    "12": {
      "temp": 12.3,
      "precip": 0.0,
      "wind": 5.5,
      "wind_dir_deg": 191.0
    },
    "14": {
      "temp": 12.9,
      "precip": 0.0,
      "wind": 6.3,
      "wind_dir_deg": 185.0
    },
    "16": {
      "temp": 12.8,
      "precip": 0.0,
      "wind": 5.6,
      "wind_dir_deg": 173.0
    }
  },
  "ride_temp_mean": 12.275,
  "ride_wind_mean": 6.05,
  "ride_wind_dir_deg": 188.37042289534517,
  "ride_rain_flag": 0.0,
  "tent_rain_flag": 1.0,
  "daily_precip_sum": 0.7000000000000001,
  "daily_temp_mean": 10.708333333333334,
  "daily_wind_mean": 5.779166666666666,
  "daily_wind_dir_deg": 173.74988741812672
}