{
  "ride_temp_mean": 2.8000000000000003,
  "ride_precip_sum": 0.0,
  "ride_wind_speed": 4.826982137172235,
  "ride_wind_dir": 21.84683287344791,
  "tent_precip_sum": 0.0,
  "tent_temp_mean": 0.024999999999999988
}