{
  "ride_temp_mean": 12.75,
  "ride_precip_sum": 2.2,
  "ride_wind_speed": 26.384416905674964,
  "ride_wind_dir": 239.1622748452825,
  "tent_precip_sum": 4.0,
  "tent_temp_mean": 12.245000000000001
}