{
  "ride_temp_mean": 10.425,
  "ride_precip_sum": 0.6,
  "ride_wind_speed": 31.57308258806632,
  "ride_wind_dir": 250.15717347306224,
  "tent_precip_sum": 0.6000000000000001,
  "tent_temp_mean": 9.959999999999999
}