{
  "ride_temp_mean": -2.2750000000000004,
  "ride_precip_sum": 0.2,
  "ride_wind_speed": 0.17697269944996716,
  "ride_wind_dir": 269.2269838750273,
  "tent_precip_sum": 0.1,
  "tent_temp_mean": -4.6450000000000005
}