{
  "ride_temp_mean": 2.65,
  "ride_precip_sum": 4.8,
  "ride_wind_speed": 3.0124099746779733,
  "ride_wind_dir": 30.231606122084884,
  "tent_precip_sum": 11.200000000000001,
  "tent_temp_mean": -0.475
}