{
  "ride_temp_mean": 7.25,
  "ride_precip_sum": 0.0,
  "ride_wind_speed": 1.4345821056212542,
  "ride_wind_dir": 112.31511783379636,
  "tent_precip_sum": 0.0,
  "tent_temp_mean": 3.845
}