{
  "ride_temp_mean": 5.675000000000001,
  "ride_precip_sum": 0.0,
  "ride_wind_speed": 1.9338414956124796,
  "ride_wind_dir": 112.0455372879162,
  "tent_precip_sum": 11.6,
  "tent_temp_mean": 2.77
}