{
  "ride_temp_mean": 5.7,
  "ride_precip_sum": 0.4,
  "ride_wind_speed": 24.48553314564909,
  "ride_wind_dir": 263.1168467702274,
  "tent_precip_sum": 11.3,
  "tent_temp_mean": 6.125
}