{
  "samples_local": {
    "10": {
      "temp": 25.4,
      "precip": 0.1,
      "wind": 12.1,
      "wind_dir_deg": 221.0
    },
    "12": {
      "temp": 28.9,
      "precip": 0.1,
      "wind": 11.9,
      "wind_dir_deg": 219.0
    },
    "14": {
      "temp": 29.2,
      "precip": 0.3,
      "wind": 10.7,
      "wind_dir_deg": 221.0
    },
    "16": {
      "temp": 28.2,
      "precip": 0.2,
      "wind": 8.6,
      "wind_dir_deg": 219.0
    }
  },
  "ride_temp_mean": 27.924999999999997,
  "ride_wind_mean": 10.825,
  "ride_wind_dir_deg": 220.0531231618787,
  "ride_rain_flag": 1.0,
  "tent_rain_flag": 1.0,
  "daily_precip_sum": 5.4,
  "daily_temp_mean": 24.412499999999998,
  "daily_wind_mean": 9.137500000000001,
  "daily_wind_dir_deg": 218.1005761609633
}