{
  "samples_local": {
    "10": {
      "temp": 8.1,
      "precip": 0.0,
      "wind": 2.5,
      "wind_dir_deg": 8.0
    },
    "12": {
      "temp": 15.0,
      "precip": 0.0,
      "wind": 2.9,
      "wind_dir_deg": 90.0
    },
    "14": {
      "temp": 15.1,
      "precip": 0.0,
      "wind": 11.4,
      "wind_dir_deg": 16.0
    },
    "16": {
      "temp": 10.7,
      "precip": 0.0,
      "wind": 6.9,
      "wind_dir_deg": 30.0
    }
  },
  "ride_temp_mean": 12.225,
  "ride_wind_mean": 5.925,
  "ride_wind_dir_deg": 26.883873644756136,
  "ride_rain_flag": 0.0,
  "tent_rain_flag": 1.0,
  "daily_precip_sum": 3.6999999999999997,
  "daily_temp_mean": 9.041666666666666,
  "daily_wind_mean": 7.854166666666667,
  "daily_wind_dir_deg": 17.986760541589263
}