{
  "samples_local": {
    "10": {
      "temp": 9.4,
      "precip": 0.0,
      "wind": 12.7,
      "wind_dir_deg": 335.0
    },
    "12": {
      "temp": 13.7,
      "precip": 0.0,
      "wind": 6.4,
      "wind_dir_deg": 306.0
    },
    "14": {
      "temp": 15.1,
      "precip": 0.0,
      "wind": 1.1,
      "wind_dir_deg": 108.0
    },
    "16": {
      "temp": 17.0,
      "precip": 0.0,
      "wind": 21.6,
      "wind_dir_deg": 55.0
    }
  },
  "ride_temp_mean": 13.8,
  "ride_wind_mean": 10.450000000000001,
  "ride_wind_dir_deg": 16.696368999056972,
  "ride_rain_flag": 0.0,
  "tent_rain_flag": 1.0,
  "daily_precip_sum": 0.2,
  "daily_temp_mean": 12.970833333333333,
  "daily_wind_mean": 12.679166666666667,
  "daily_wind_dir_deg": 50.40443740936195
}