{
  "samples_local": {
    "10": {
      "temp": -2.2,
      "precip": 1.4,
      "wind": 5.2,
      "wind_dir_deg": 112.0
    },
    "12": {
      "temp": -1.1,
      "precip": 0.6,
      "wind": 6.4,
      "wind_dir_deg": 100.0
    },
    "14": {
      "temp": -0.9,
      "precip": 0.0,
      "wind": 6.2,
      "wind_dir_deg": 60.0
    },
    "16": {
      "temp": -2.1,
      "precip": 0.0,
      "wind": 3.1,
      "wind_dir_deg": 21.0
    }
  },
  "ride_temp_mean": -1.5750000000000002,
  "ride_wind_mean": 5.2250000000000005,
  "ride_wind_dir_deg": 80.53537860775174,
  "ride_rain_flag": 1.0,
  "tent_rain_flag": 1.0,
  "daily_precip_sum": 25.400000000000002,
  "daily_temp_mean": -3.154166666666667,
  "daily_wind_mean": 4.158333333333333,
  "daily_wind_dir_deg": 42.47886885195322
}