{
  "samples_local": {
    "10": {
      "temp": 9.2,
      "precip": 0.0,
      "wind": 23.6,
      "wind_dir_deg": 17.0
    },
    "12": {
      "temp": 10.6,
      "precip": 0.0,
      "wind": 18.2,
      "wind_dir_deg": 18.0
    },
    "14": {
      "temp": 11.2,
      "precip": 0.0,
      "wind": 13.2,
      "wind_dir_deg": 15.0
    },
    "16": {
      "temp": 10.1,
      "precip": 0.0,
      "wind": 20.8,
      "wind_dir_deg": 30.0
    }
  },
  "ride_temp_mean": 10.274999999999999,
  "ride_wind_mean": 18.95,
  "ride_wind_dir_deg": 20.449240326261588,
  "ride_rain_flag": 0.0,
  "tent_rain_flag": 1.0,
  "daily_precip_sum": 7.4,
  "daily_temp_mean": 8.170833333333333,
  "daily_wind_mean": 22.879166666666666,
  "daily_wind_dir_deg": 22.786115782724607
}