{
  "samples_local": {
    "10": {
      "temp": 12.4,
      "precip": 0.0,
      "wind": 18.4,
      "wind_dir_deg": 71.0
    },
    "12": {
      "temp": 17.4,
      "precip": 0.0,
      "wind": 20.5,
      "wind_dir_deg": 66.0
    },
    "14": {
      "temp": 16.2,
      "precip": 0.0,
      "wind": 4.5,
      "wind_dir_deg": 317.0
    },
    "16": {
      "temp": 15.9,
      "precip": 0.0,
      "wind": 4.5,
      "wind_dir_deg": 74.0
    }
  },
  "ride_temp_mean": 15.475,
  "ride_wind_mean": 11.975,
  "ride_wind_dir_deg": 63.228026741624944,
  "ride_rain_flag": 0.0,
  "tent_rain_flag": 1.0,
  "daily_precip_sum": 1.0999999999999999,
  "daily_temp_mean": 11.933333333333332,
  "daily_wind_mean": 11.25,
  "daily_wind_dir_deg": 69.71022531055621
}