{
  "samples_local": {
    "10": {
      "temp": 12.9,
      "precip": 0.0,
      "wind": 29.3,
      "wind_dir_deg": 33.0
    },
    "12": {
      "temp": 13.6,
      "precip": 0.0,
      "wind": 31.6,
      "wind_dir_deg": 31.0
    },
    "14": {
      "temp": 12.1,
      "precip": 1.6,
      "wind": 31.5,
      "wind_dir_deg": 28.0
    },
    "16": {
      "temp": 12.5,
      "precip": 0.3,
      "wind": 32.2,
      "wind_dir_deg": 50.0
    }
  },
  "ride_temp_mean": 12.775,
  "ride_wind_mean": 31.150000000000002,
  "ride_wind_dir_deg": 35.589914148828996,
  "ride_rain_flag": 1.0,
  "tent_rain_flag": 1.0,
  "daily_precip_sum": 18.4,
  "daily_temp_mean": 10.820833333333333,
  "daily_wind_mean": 23.21666666666667,
  "daily_wind_dir_deg": 40.830196604642026
}