{
  "samples_local": {
    "10": {
      "temp": 4.2,
      "precip": 0.9,
      "wind": 1.7,
      "wind_dir_deg": 221.0
    },
    "12": {
      "temp": 5.1,
      "precip": 0.7,
      "wind": 9.5,
      "wind_dir_deg": 333.0
    },
    "14": {
      "temp": 8.6,
      "precip": 2.0,
      "wind": 30.6,
      "wind_dir_deg": 27.0
    },
    "16": {
      "temp": 9.6,
      "precip": 0.1,
      "wind": 26.8,
      "wind_dir_deg": 28.0
    }
  },
  "ride_temp_mean": 6.875,
  "ride_wind_mean": 17.150000000000002,
  "ride_wind_dir_deg": 19.909105684772612,
  "ride_rain_flag": 1.0,
  "tent_rain_flag": 1.0,
  "daily_precip_sum": 17.8,
  "daily_temp_mean": 6.804166666666667,
  "daily_wind_mean": 18.558333333333334,
  "daily_wind_dir_deg": 34.519058406579745
}