{
  "samples_local": {
    "10": {
      "temp": 3.0,
      "precip": 0.0,
      "wind": 14.6,
      "wind_dir_deg": 351.0
    },
    "12": {
      "temp": 6.0,
      "precip": 0.0,
      "wind": 10.5,
      "wind_dir_deg": 355.0
    },
    "14": {
      "temp": 5.3,
      "precip": 0.0,
      "wind": 11.4,
      "wind_dir_deg": 5.0
    },
    "16": {
      "temp": 4.5,
      "precip": 0.0,
      "wind": 6.9,
      "wind_dir_deg": 330.0
    }
  },
  "ride_temp_mean": 4.7,
  "ride_wind_mean": 10.85,
  "ride_wind_dir_deg": 352.3691239701023,
  "ride_rain_flag": 0.0,
  "tent_rain_flag": 1.0,
  "daily_precip_sum": 0.8999999999999999,
  "daily_temp_mean": 3.295833333333333,
  "daily_wind_mean": 11.137500000000001,
  "daily_wind_dir_deg": 353.45059064309896
}