{
  "samples_local": {
    "10": {
      "temp": 2.0,
      "precip": 0.0,
      "wind": 5.5,
      "wind_dir_deg": 351.0
    },
    "12": {
      "temp": 3.2,
      "precip": 0.0,
      "wind": 8.1,
      "wind_dir_deg": 321.0
    },
    "14": {
      "temp": 4.1,
      "precip": 0.0,
      "wind": 9.0,
      "wind_dir_deg": 308.0
    },
    "16": {
      "temp": 2.9,
      "precip": 0.4,
      "wind": 13.2,
      "wind_dir_deg": 302.0
    }
  },
  "ride_temp_mean": 3.05,
  "ride_wind_mean": 8.95,
  "ride_wind_dir_deg": 315.0222526466421,
  "ride_rain_flag": 1.0,
  "tent_rain_flag": 1.0,
  "daily_precip_sum": 8.200000000000001,
  "daily_temp_mean": 2.316666666666667,
  "daily_wind_mean": 13.279166666666667,
  "daily_wind_dir_deg": 258.19597636110143
}