{
  "samples_local": {
    "10": {
      "temp": 1.5,
      "precip": 0.0,
      "wind": 22.9
    },
    "12": {
      "temp": 3.0,
      "precip": 0.0,
      "wind": 22.4
    },
    "14": {
      "temp": 4.1,
      "precip": 0.0,
      "wind": 25.2
    },
    "16": {
      "temp": 2.8,
      "precip": 0.0,
      "wind": 21.6
    }
  },
  "ride_temp_mean": 2.8499999999999996,
  "ride_wind_mean": 23.025,
  "ride_rain_flag": 0.0,
  "tent_rain_flag": 0.0,
  "daily_precip_sum": 0.0,
  "daily_temp_mean": 1.4041666666666668,
  "daily_wind_mean": 19.787499999999998
}