{
  "samples_local": {
    "10": {
      "temp": 28.5,
      "precip": 0.0,
      "wind": 17.0,
      "wind_dir_deg": 230.0
    },
    "12": {
      "temp": 29.6,
      "precip": 0.0,
      "wind": 15.4,
      "wind_dir_deg": 232.0
    },
    "14": {
      "temp": 29.5,
      "precip": 0.0,
      "wind": 14.1,
      "wind_dir_deg": 228.0
    },
    "16": {
      "temp": 28.7,
      "precip": 0.0,
      "wind": 13.2,
      "wind_dir_deg": 227.0
    }
  },
  "ride_temp_mean": 29.075,
  "ride_wind_mean": 14.925,
  "ride_wind_dir_deg": 229.38017848012703,
  "ride_rain_flag": 0.0,
  "tent_rain_flag": 0.0,
  "daily_precip_sum": 0.1,
  "daily_temp_mean": 27.150000000000002,
  "daily_wind_mean": 14.354166666666666,
  "daily_wind_dir_deg": 227.91515760114373
}