{
  "samples_local": {
    "10": {
      "temp": 1.9,
      "precip": 0.0,
      "wind": 17.1
    },
    "12": {
      "temp": 3.3,
      "precip": 0.0,
      "wind": 17.8
    },
    "14": {
      "temp": 3.9,
      "precip": 0.0,
      "wind": 13.0
    },
    "16": {
      "temp": 2.8,
      "precip": 0.0,
      "wind": 11.2
    }
  },
  "ride_temp_mean": 2.9749999999999996,
  "ride_wind_mean": 14.775,
  "ride_rain_flag": 0.0,
  "tent_rain_flag": 1.0,
  "daily_precip_sum": 3.4000000000000004,
  "daily_temp_mean": 2.004166666666667,
  "daily_wind_mean": 14.670833333333334
}