{
  "ride_temp_mean": 1.75,
  "ride_precip_sum": 0.0,
  "ride_wind_speed": 25.08404478099777,
  "ride_wind_dir": 260.8438176374252,
  "tent_precip_sum": 1.2,
  "tent_temp_mean": 2.92
}