{
  "ride_temp_mean": 8.325,
  "ride_precip_sum": 0.5,
  "ride_wind_speed": 31.020840626716744,
  "ride_wind_dir": 237.55240101937153,
  "tent_precip_sum": 0.9,
  "tent_temp_mean": 7.67
}