{
  "ride_temp_mean": 4.45,
  "ride_precip_sum": 0.0,
  "ride_wind_speed": 28.481426703833957,
  "ride_wind_dir": 236.15715493302682,
  "tent_precip_sum": 0.0,
  "tent_temp_mean": 2.91
}