{
  "samples_local": {
    "10": {
      "temp": 4.5,
      "precip": 0.1,
      "wind": 4.5,
      "wind_dir_deg": 241.0
    },
    "12": {
      "temp": 3.2,
      "precip": 0.1,
      "wind": 8.0,
      "wind_dir_deg": 260.0
    },
    "14": {
      "temp": 4.2,
      "precip": 0.0,
      "wind": 1.9,
      "wind_dir_deg": 292.0
    },
    "16": {
      "temp": 5.7,
      "precip": 0.0,
      "wind": 2.9,
      "wind_dir_deg": 90.0
    }
  },
  "ride_temp_mean": 4.4,
  "ride_wind_mean": 4.325,
  "ride_wind_dir_deg": 255.0076244559906,
  "ride_rain_flag": 0.0,
  "tent_rain_flag": 1.0,
  "daily_precip_sum": 1.9000000000000001,
  "daily_temp_mean": 2.1791666666666667,
  "daily_wind_mean": 5.829166666666667,
  "daily_wind_dir_deg": 181.4477142274015
}