{
  "samples_local": {
    "10": {
      "temp": 5.7,
      "precip": 0.0,
      "wind": 7.5,
      "wind_dir_deg": 145.0
    },
    "12": {
      "temp": 6.6,
      "precip": 0.0,
      "wind": 9.8,
      "wind_dir_deg": 156.0
    },
    "14": {
      "temp": 8.2,
      "precip": 0.0,
      "wind": 12.4,
      "wind_dir_deg": 112.0
    },
    "16": {
      "temp": 7.3,
      "precip": 0.0,
      "wind": 11.4,
      "wind_dir_deg": 118.0
    }
  },
  "ride_temp_mean": 6.949999999999999,
  "ride_wind_mean": 10.275,
  "ride_wind_dir_deg": 130.0516824394905,
  "ride_rain_flag": 0.0,
  "tent_rain_flag": 0.0,
  "daily_precip_sum": 0.0,
  "daily_temp_mean": 2.6291666666666664,
  "daily_wind_mean": 8.012500000000001,
  "daily_wind_dir_deg": 145.2064944620239
}