{
  "ride_temp_mean": 3.35,
  "ride_precip_sum": 0.0,
  "ride_wind_speed": 0.28911345420229806,
  "ride_wind_dir": 163.07611222788205,
  "tent_precip_sum": 0.2,
  "tent_temp_mean": 2.355
}