{
  "ride_temp_mean": 9.325,
  "ride_precip_sum": 0.0,
  "ride_wind_speed": 1.2907863328428943,
  "ride_wind_dir": 282.832272994654,
  "tent_precip_sum": 0.0,
  "tent_temp_mean": 5.625
}