{
  "ride_temp_mean": 7.8500000000000005,
  "ride_precip_sum": 0.0,
  "ride_wind_speed": 4.108893624749506,
  "ride_wind_dir": 309.75177465579293,
  "tent_precip_sum": 0.0,
  "tent_temp_mean": 3.4899999999999998
}