{
  "ride_temp_mean": 1.35,
  "ride_precip_sum": 0.6000000000000001,
  "ride_wind_speed": 6.457934414599517,
  "ride_wind_dir": 359.3793249915067,
  "tent_precip_sum": 1.7,
  "tent_temp_mean": 0.89
}