{
  "ride_temp_mean": 7.725,
  "ride_precip_sum": 0.7000000000000001,
  "ride_wind_speed": 28.19000196713962,
  "ride_wind_dir": 221.12718564797015,
  "tent_precip_sum": 3.4000000000000004,
  "tent_temp_mean": 7.005
}