{
  "ride_temp_mean": 8.675,
  "ride_precip_sum": 0.0,
  "ride_wind_speed": 13.251980829402495,
  "ride_wind_dir": 209.77706592943784,
  "tent_precip_sum": 1.2,
  "tent_temp_mean": 6.55
}