{
  "ride_temp_mean": 2.175,
  "ride_precip_sum": 0.0,
  "ride_wind_speed": 7.122297283578275,
  "ride_wind_dir": 0.04655935219341245,
  "tent_precip_sum": 2.0,
  "tent_temp_mean": 0.5900000000000001
}