{
  "ride_temp_mean": 2.3249999999999997,
  "ride_precip_sum": 0.2,
  "ride_wind_speed": 26.330440677432755,
  "ride_wind_dir": 259.9975069040164,
  "tent_precip_sum": 3.4,
  "tent_temp_mean": 2.615
}