{
  "ride_temp_mean": 9.375,
  "ride_precip_sum": 1.2,
  "ride_wind_speed": 27.268713971687674,
  "ride_wind_dir": 227.63429108762836,
  "tent_precip_sum": 1.4,
  "tent_temp_mean": 8.355
}