{
  "ride_temp_mean": 9.3,
  "ride_precip_sum": 0.1,
  "ride_wind_speed": 26.85313642715524,
  "ride_wind_dir": 237.97873444387858,
  "tent_precip_sum": 5.4,
  "tent_temp_mean": 8.42
}