{
  "ride_temp_mean": 4.175,
  "ride_precip_sum": 0.0,
  "ride_wind_speed": 22.730555663786273,
  "ride_wind_dir": 214.31736316725656,
  "tent_precip_sum": 0.0,
  "tent_temp_mean": 3.4450000000000003
}