{
  "ride_temp_mean": 0.6749999999999999,
  "ride_precip_sum": 0.0,
  "ride_wind_speed": 7.080404688014245,
  "ride_wind_dir": 307.8270067117091,
  "tent_precip_sum": 0.2,
  "tent_temp_mean": -0.10999999999999999
}