{
  "ride_temp_mean": 8.5,
  "ride_precip_sum": 0.1,
  "ride_wind_speed": 23.530784039929927,
  "ride_wind_dir": 263.7599235023043,
  "tent_precip_sum": 0.5,
  "tent_temp_mean": 8.11
}