{
  "ride_temp_mean": 3.475,
  "ride_precip_sum": 0.0,
  "ride_wind_speed": 19.867974564364623,
  "ride_wind_dir": 252.2003069395568,
  "tent_precip_sum": 1.1,
  "tent_temp_mean": 4.6
}