{
  "ride_temp_mean": 8.3,
  "ride_precip_sum": 0.0,
  "ride_wind_speed": 21.163288794474088,
  "ride_wind_dir": 212.28760511679093,
  "tent_precip_sum": 0.0,
  "tent_temp_mean": 3.715
}