{
  "samples_local": {
    "10": {
      "temp": 6.2,
      "precip": 0.0,
      "wind": 4.0,
      "wind_dir_deg": 93.0
    },
    "12": {
      "temp": 6.8,
      "precip": 0.0,
      "wind": 4.1,
      "wind_dir_deg": 34.0
    },
    "14": {
      "temp": 7.6,
      "precip": 0.0,
      "wind": 6.6,
      "wind_dir_deg": 33.0
    },
    "16": {
      "temp": 8.1,
      "precip": 0.0,
      "wind": 9.1,
      "wind_dir_deg": 14.0
    }
  },
  "ride_temp_mean": 7.175,
  "ride_wind_mean": 5.949999999999999,
  "ride_wind_dir_deg": 34.54066874587477,
  "ride_rain_flag": 0.0,
  "tent_rain_flag": 0.0,
  "daily_precip_sum": 0.0,
  "daily_temp_mean": 6.908333333333334,
  "daily_wind_mean": 7.4750000000000005,
  "daily_wind_dir_deg": 39.50705650104925
}