{
  "samples_local": {
    "10": {
      "temp": 10.9,
      "precip": 0.0,
      "wind": 5.7,
      "wind_dir_deg": 81.0
    },
    "12": {
      "temp": 13.1,
      "precip": 0.0,
      "wind": 5.1,
      "wind_dir_deg": 73.0
    },
    "14": {
      "temp": 16.4,
      "precip": 0.0,
      "wind": 7.4,
      "wind_dir_deg": 97.0
    },
    "16": {
      "temp": 15.6,
      "precip": 0.0,
      "wind": 3.2,
      "wind_dir_deg": 3.0
    }
  },
  "ride_temp_mean": 14.0,
  "ride_wind_mean": 5.35,
  "ride_wind_dir_deg": 75.45099256251785,
  "ride_rain_flag": 0.0,
  "tent_rain_flag": 1.0,
  "daily_precip_sum": 0.7000000000000001,
  "daily_temp_mean": 11.616666666666667,
  "daily_wind_mean": 3.670833333333333,
  "daily_wind_dir_deg": 83.57572412997388
}