{
  "samples_local": {
    "10": {
      "temp": 11.9,
      "precip": 0.0,
      "wind": 22.4,
      "wind_dir_deg": 47.0
    },
    "12": {
      "temp": 12.6,
      "precip": 0.0,
      "wind": 30.1,
      "wind_dir_deg": 37.0
    },
    "14": {
      "temp": 12.8,
      "precip": 0.0,
      "wind": 35.7,
      "wind_dir_deg": 32.0
    },
    "16": {
      "temp": 13.4,
      "precip": 0.0,
      "wind": 38.7,
      "wind_dir_deg": 29.0
    }
  },
  "ride_temp_mean": 12.675,
  "ride_wind_mean": 31.725,
  "ride_wind_dir_deg": 34.90644692132946,
  "ride_rain_flag": 0.0,
  "tent_rain_flag": 1.0,
  "daily_precip_sum": 0.30000000000000004,
  "daily_temp_mean": 12.420833333333334,
  "daily_wind_mean": 27.995833333333334,
  "daily_wind_dir_deg": 39.49917264612861
}