{
  "samples_local": {
    "10": {
      "temp": 26.4,
      "precip": 0.2,
      "wind": 12.5,
      "wind_dir_deg": 247.0
    },
    "12": {
      "temp": 27.6,
      "precip": 0.0,
      "wind": 11.1,
      "wind_dir_deg": 236.0
    },
    "14": {
      "temp": 29.1,
      "precip": 0.0,
      "wind": 13.1,
      "wind_dir_deg": 243.0
    },
    "16": {
      "temp": 29.2,
      "precip": 0.0,
      "wind": 14.3,
      "wind_dir_deg": 239.0
    }
  },
  "ride_temp_mean": 28.075,
  "ride_wind_mean": 12.75,
  "ride_wind_dir_deg": 241.33483071217137,
  "ride_rain_flag": 1.0,
  "tent_rain_flag": 0.0,
  "daily_precip_sum": 0.30000000000000004,
  "daily_temp_mean": 25.775000000000002,
  "daily_wind_mean": 10.741666666666667,
  "daily_wind_dir_deg": 240.8198811447234
}