{
  "samples_local": {
    "10": {
      "temp": 24.6,
      "precip": 0.0,
      "wind": 12.0,
      "wind_dir_deg": 242.0
    },
    "12": {
      "temp": 28.0,
      "precip": 0.1,
      "wind": 12.3,
      "wind_dir_deg": 240.0
    },
    "14": {
      "temp": 30.1,
      "precip": 0.0,
      "wind": 12.1,
      "wind_dir_deg": 233.0
    },
    "16": {
      "temp": 25.4,
      "precip": 0.5,
      "wind": 9.7,
      "wind_dir_deg": 271.0
    }
  },
  "ride_temp_mean": 27.025,
  "ride_wind_mean": 11.525,
  "ride_wind_dir_deg": 245.04659011351222,
  "ride_rain_flag": 1.0,
  "tent_rain_flag": 1.0,
  "daily_precip_sum": 11.5,
  "daily_temp_mean": 23.958333333333332,
  "daily_wind_mean": 9.291666666666666,
  "daily_wind_dir_deg": 235.43783685080078
}