{
  "ride_temp_mean": 24.24285714285714,
  "ride_wind_mean": 9.785714285714286,
  "ride_rain_flag": 1.0,
  "tent_rain_flag": 1.0
}