{
  "ride_temp_mean": 7.314285714285715,
  "ride_wind_mean": 23.014285714285712,
  "ride_rain_flag": 1.0,
  "tent_rain_flag": 1.0
}