{
  "ride_temp_mean": 10.942857142857141,
  "ride_wind_mean": 12.057142857142855,
  "ride_rain_flag": 0.0,
  "tent_rain_flag": 0.0
}