{
  "ride_temp_mean": 9.528571428571428,
  "ride_wind_mean": 31.17142857142857,
  "ride_rain_flag": 1.0,
  "tent_rain_flag": 1.0
}