{
  "ride_temp_mean": 3.585714285714286,
  "ride_wind_mean": 19.714285714285715,
  "ride_rain_flag": 0.0,
  "tent_rain_flag": 0.0
}