{
  "ride_temp_mean": 4.085714285714286,
  "ride_wind_mean": 20.285714285714285,
  "ride_rain_flag": 1.0,
  "tent_rain_flag": 1.0
}