{
  "ride_temp_mean": 7.014285714285714,
  "ride_wind_mean": 20.157142857142855,
  "ride_rain_flag": 1.0,
  "tent_rain_flag": 1.0
}