{
  "ride_temp_mean": 8.528571428571428,
  "ride_wind_mean": 18.52857142857143,
  "ride_rain_flag": 1.0,
  "tent_rain_flag": 1.0
}