{
  "ride_temp_mean": 10.885714285714286,
  "ride_wind_mean": 14.242857142857144,
  "ride_rain_flag": 0.0,
  "tent_rain_flag": 0.0
}