{
  "ride_temp_mean": 7.585714285714286,
  "ride_wind_mean": 18.114285714285714,
  "ride_rain_flag": 1.0,
  "tent_rain_flag": 1.0
}