{
  "ride_temp_mean": 9.242857142857144,
  "ride_wind_mean": 16.385714285714286,
  "ride_rain_flag": 0.0,
  "tent_rain_flag": 1.0
}