{
  "ride_temp_mean": 8.685714285714285,
  "ride_wind_mean": 21.928571428571427,
  "ride_rain_flag": 0.0,
  "tent_rain_flag": 1.0
}