{
  "ride_temp_mean": 8.042857142857143,
  "ride_wind_mean": 24.685714285714287,
  "ride_rain_flag": 1.0,
  "tent_rain_flag": 1.0
}