{
  "samples_local": {
    "10": {
      "temp": 25.6,
      "precip": 0.9,
      "wind": 35.9,
      "wind_dir_deg": 253.0
    },
    "12": {
      "temp": 26.4,
      "precip": 0.6,
      "wind": 29.2,
      "wind_dir_deg": 249.0
    },
    "14": {
      "temp": 27.0,
      "precip": 0.2,
      "wind": 31.6,
      "wind_dir_deg": 241.0
    },
    "16": {
      "temp": 26.8,
      "precip": 0.8,
      "wind": 31.0,
      "wind_dir_deg": 236.0
    }
  },
  "ride_temp_mean": 26.45,
  "ride_wind_mean": 31.925,
  "ride_wind_dir_deg": 244.99070694728894,
  "ride_rain_flag": 1.0,
  "tent_rain_flag": 1.0,
  "daily_precip_sum": 22.4,
  "daily_temp_mean": 26.416666666666668,
  "daily_wind_mean": 32.887499999999996,
  "daily_wind_dir_deg": 245.11201029638988
}