{
  "samples_local": {
    "10": {
      "temp": 26.1,
      "precip": 0.0,
      "wind": 8.7,
      "wind_dir_deg": 248.0
    },
    "12": {
      "temp": 29.0,
      "precip": 0.2,
      "wind": 9.4,
      "wind_dir_deg": 257.0
    },
    "14": {
      "temp": 30.8,
      "precip": 0.1,
      "wind": 10.0,
      "wind_dir_deg": 252.0
    },
    "16": {
      "temp": 27.4,
      "precip": 0.4,
      "wind": 13.6,
      "wind_dir_deg": 239.0
    }
  },
  "ride_temp_mean": 28.325,
  "ride_wind_mean": 10.425,
  "ride_wind_dir_deg": 248.05611574101601,
  "ride_rain_flag": 1.0,
  "tent_rain_flag": 1.0,
  "daily_precip_sum": 6.6000000000000005,
  "daily_temp_mean": 24.541666666666668,
  "daily_wind_mean": 8.104166666666666,
  "daily_wind_dir_deg": 233.36880095863478
}