{
  "ride_temp_mean": 12.571428571428571,
  "ride_wind_mean": 8.557142857142857,
  "ride_rain_flag": 1.0,
  "tent_rain_flag": 0.0
}