{
  "ride_temp_mean": 10.657142857142858,
  "ride_wind_mean": 10.814285714285715,
  "ride_rain_flag": 1.0,
  "tent_rain_flag": 1.0
}