{
  "ride_temp_mean": 11.357142857142858,
  "ride_wind_mean": 4.914285714285714,
  "ride_rain_flag": 1.0,
  "tent_rain_flag": 1.0
}