{
  "samples_local": {
    "10": {
      "temp": 13.4,
      "precip": 0.0,
      "wind": 22.9,
      "wind_dir_deg": 357.0
    },
    "12": {
      "temp": 13.6,
      "precip": 0.0,
      "wind": 18.1,
      "wind_dir_deg": 350.0
    },
    "14": {
      "temp": 13.4,
      "precip": 0.0,
      "wind": 13.8,
      "wind_dir_deg": 346.0
    },
    "16": {
      "temp": 13.5,
      "precip": 0.2,
      "wind": 14.0,
      "wind_dir_deg": 315.0
    }
  },
  "ride_temp_mean": 13.475,
  "ride_wind_mean": 17.2,
  "ride_wind_dir_deg": 344.6369375370346,
  "ride_rain_flag": 1.0,
  "tent_rain_flag": 1.0,
  "daily_precip_sum": 2.6,
  "daily_temp_mean": 13.133333333333333,
  "daily_wind_mean": 22.983333333333334,
  "daily_wind_dir_deg": 0.5245584352604169
}