{
  "ride_temp_mean": 11.985714285714286,
  "ride_wind_mean": 9.442857142857141,
  "ride_rain_flag": 1.0,
  "tent_rain_flag": 1.0
}