{
  "ride_temp_mean": 5.3999999999999995,
  "ride_wind_mean": 4.285714285714286,
  "ride_rain_flag": 0.0,
  "tent_rain_flag": 0.0
}