{
  "ride_temp_mean": 11.142857142857142,
  "ride_wind_mean": 5.6571428571428575,
  "ride_rain_flag": 1.0,
  "tent_rain_flag": 0.0
}