{
  "ride_temp_mean": 5.114285714285714,
  "ride_wind_mean": 7.371428571428571,
  "ride_rain_flag": 0.0,
  "tent_rain_flag": 0.0
}