{
  "samples_local": {
    "10": {
      "temp": -2.8,
      "precip": 0.0,
      "wind": 14.5,
      "wind_dir_deg": 284.0
    },
    "12": {
      "temp": 0.4,
      "precip": 0.0,
      "wind": 13.2,
      "wind_dir_deg": 272.0
    },
    "14": {
      "temp": -0.9,
      "precip": 0.0,
      "wind": 15.7,
      "wind_dir_deg": 279.0
    },
    "16": {
      "temp": -1.9,
      "precip": 0.0,
      "wind": 13.9,
      "wind_dir_deg": 280.0
    }
  },
  "ride_temp_mean": -1.2999999999999998,
  "ride_wind_mean": 14.325,
  "ride_wind_dir_deg": 278.89740026828326,
  "ride_rain_flag": 0.0,
  "tent_rain_flag": 0.0,
  "daily_precip_sum": 0.0,
  "daily_temp_mean": -3.658333333333333,
  "daily_wind_mean": 13.441666666666668,
  "daily_wind_dir_deg": 275.6627237966016
}