{
  "ride_temp_mean": 0.75,
  "ride_precip_sum": 0.1,
  "ride_wind_speed": 10.922609686049006,
  "ride_wind_dir": 8.905830262688653,
  "tent_precip_sum": 1.7,
  "tent_temp_mean": -0.355
}