{
  "ride_temp_mean": 1.025,
  "ride_precip_sum": 0.0,
  "ride_wind_speed": 24.25433010691664,
  "ride_wind_dir": 265.6696042406305,
  "tent_precip_sum": 1.9,
  "tent_temp_mean": 1.045
}