{
  "ride_temp_mean": 6.975,
  "ride_precip_sum": 3.3000000000000003,
  "ride_wind_speed": 31.722322207632082,
  "ride_wind_dir": 239.96210057215768,
  "tent_precip_sum": 7.4,
  "tent_temp_mean": 6.525
}