{
  "samples_local": {
    "10": {
      "temp": 9.9,
      "precip": 0.0,
      "wind": 10.1,
      "wind_dir_deg": 264.0
    },
    "12": {
      "temp": 11.4,
      "precip": 0.0,
      "wind": 12.4,
      "wind_dir_deg": 261.0
    },
    "14": {
      "temp": 11.8,
      "precip": 0.0,
      "wind": 12.7,
      "wind_dir_deg": 259.0
    },
    "16": {
      "temp": 10.8,
      "precip": 0.0,
      "wind": 13.1,
      "wind_dir_deg": 261.0
    }
  },
  "ride_temp_mean": 10.975000000000001,
  "ride_wind_mean": 12.075,
  "ride_wind_dir_deg": 261.101314616949,
  "ride_rain_flag": 0.0,
  "tent_rain_flag": 0.0,
  "daily_precip_sum": 0.0,
  "daily_temp_mean": 8.258333333333333,
  "daily_wind_mean": 10.258333333333333,
  "daily_wind_dir_deg": 255.0792718993481
}