{
  "samples_local": {
    "10": {
      "temp": 10.6,
      "precip": 0.0,
      "wind": 8.2,
      "wind_dir_deg": 234.0
    },
    "12": {
      "temp": 12.9,
      "precip": 0.0,
      "wind": 10.0,
      "wind_dir_deg": 236.0
    },
    "14": {
      "temp": 12.8,
      "precip": 0.0,
      "wind": 11.2,
      "wind_dir_deg": 260.0
    },
    "16": {
      "temp": 12.1,
      "precip": 0.0,
      "wind": 11.1,
      "wind_dir_deg": 250.0
    }
  },
  "ride_temp_mean": 12.1,
  "ride_wind_mean": 10.125,
  "ride_wind_dir_deg": 246.06111740773534,
  "ride_rain_flag": 0.0,
  "tent_rain_flag": 0.0,
  "daily_precip_sum": 0.0,
  "daily_temp_mean": 9.491666666666667,
  "daily_wind_mean": 9.108333333333333,
  "daily_wind_dir_deg": 241.41669774782355
}