{
  "samples_local": {
    "10": {
      "temp": 11.3,
      "precip": 0.0,
      "wind": 8.6,
      "wind_dir_deg": 36.0
    },
    "12": {
      "temp": 13.9,
      "precip": 0.0,
      "wind": 10.2,
      "wind_dir_deg": 30.0
    },
    "14": {
      "temp": 14.8,
      "precip": 0.0,
      "wind": 6.1,
      "wind_dir_deg": 43.0
    },
    "16": {
      "temp": 14.4,
      "precip": 0.0,
      "wind": 2.6,
      "wind_dir_deg": 78.0
    }
  },
  "ride_temp_mean": 13.600000000000001,
  "ride_wind_mean": 6.875,
  "ride_wind_dir_deg": 39.034304103170655,
  "ride_rain_flag": 0.0,
  "tent_rain_flag": 0.0,
  "daily_precip_sum": 0.0,
  "daily_temp_mean": 10.512500000000001,
  "daily_wind_mean": 7.729166666666667,
  "daily_wind_dir_deg": 15.333645235055826
}