{
  "ride_temp_mean": 13.05,
  "ride_precip_sum": 0.2,
  "ride_wind_speed": 23.58680771760233,
  "ride_wind_dir": 235.1690432111198,
  "tent_precip_sum": 2.0,
  "tent_temp_mean": 12.545
}