{
  "ride_temp_mean": 11.0,
  "ride_precip_sum": 0.30000000000000004,
  "ride_wind_speed": 28.77640592246517,
  "ride_wind_dir": 243.1534408716173,
  "tent_precip_sum": 0.5,
  "tent_temp_mean": 10.36
}