{
  "ride_temp_mean": 0.5750000000000001,
  "ride_precip_sum": 0.0,
  "ride_wind_speed": 14.278754521485324,
  "ride_wind_dir": 48.618046739351826,
  "tent_precip_sum": 0.0,
  "tent_temp_mean": -0.5149999999999999
}