{
  "ride_temp_mean": 6.3,
  "ride_precip_sum": 0.30000000000000004,
  "ride_wind_speed": 16.71002962368145,
  "ride_wind_dir": 269.7407876944329,
  "tent_precip_sum": 2.5,
  "tent_temp_mean": 6.075
}