{
  "samples_local": {
    "10": {
      "temp": 26.4,
      "precip": 0.0,
      "wind": 11.2,
      "wind_dir_deg": 127.0
    },
    "12": {
      "temp": 28.0,
      "precip": 0.0,
      "wind": 10.5,
      "wind_dir_deg": 117.0
    },
    "14": {
      "temp": 29.0,
      "precip": 0.0,
      "wind": 9.9,
      "wind_dir_deg": 127.0
    },
    "16": {
      "temp": 28.9,
      "precip": 0.0,
      "wind": 8.9,
      "wind_dir_deg": 142.0
    }
  },
  "ride_temp_mean": 28.075,
  "ride_wind_mean": 10.125,
  "ride_wind_dir_deg": 127.68714001177472,
  "ride_rain_flag": 0.0,
  "tent_rain_flag": 0.0,
  "daily_precip_sum": 0.0,
  "daily_temp_mean": 24.28333333333333,
  "daily_wind_mean": 8.845833333333333,
  "daily_wind_dir_deg": 117.16879432820951
}