{
  "samples_local": {
    "10": {
      "temp": 26.2,
      "precip": 0.0,
      "wind": 7.1,
      "wind_dir_deg": 330.0
    },
    "12": {
      "temp": 29.8,
      "precip": 0.0,
      "wind": 4.2,
      "wind_dir_deg": 59.0
    },
    "14": {
      "temp": 31.0,
      "precip": 0.0,
      "wind": 7.6,
      "wind_dir_deg": 149.0
    },
    "16": {
      "temp": 30.8,
      "precip": 0.0,
      "wind": 11.7,
      "wind_dir_deg": 183.0
    }
  },
  "ride_temp_mean": 29.45,
  "ride_wind_mean": 7.6499999999999995,
  "ride_wind_dir_deg": 161.2705397582506,
  "ride_rain_flag": 0.0,
  "tent_rain_flag": 0.0,
  "daily_precip_sum": 0.0,
  "daily_temp_mean": 23.275000000000002,
  "daily_wind_mean": 7.504166666666666,
  "daily_wind_dir_deg": 248.00213618588134
}