{
  "samples_local": {
    "10": {
      "temp": 27.6,
      "precip": 0.0,
      "wind": 4.6,
      "wind_dir_deg": 48.0
    },
    "12": {
      "temp": 30.9,
      "precip": 0.0,
      "wind": 5.1,
      "wind_dir_deg": 23.0
    },
    "14": {
      "temp": 33.1,
      "precip": 0.0,
      "wind": 6.6,
      "wind_dir_deg": 61.0
    },
    "16": {
      "temp": 33.3,
      "precip": 0.0,
      "wind": 6.3,
      "wind_dir_deg": 39.0
    }
  },
  "ride_temp_mean": 31.225,
  "ride_wind_mean": 5.6499999999999995,
  "ride_wind_dir_deg": 43.67033624003113,
  "ride_rain_flag": 0.0,
  "tent_rain_flag": 0.0,
  "daily_precip_sum": 0.0,
  "daily_temp_mean": 25.670833333333334,
  "daily_wind_mean": 4.620833333333334,
  "daily_wind_dir_deg": 347.90923368384796
}