{
  "samples_local": {
    "10": {
      "temp": 26.9,
      "precip": 0.0,
      "wind": 2.1,
      "wind_dir_deg": 329.0
    },
    "12": {
      "temp": 31.0,
      "precip": 0.0,
      "wind": 3.3,
      "wind_dir_deg": 299.0
    },
    "14": {
      "temp": 32.8,
      "precip": 0.0,
      "wind": 4.8,
      "wind_dir_deg": 70.0
    },
    "16": {
      "temp": 33.0,
      "precip": 0.0,
      "wind": 5.1,
      "wind_dir_deg": 72.0
    }
  },
  "ride_temp_mean": 30.924999999999997,
  "ride_wind_mean": 3.8249999999999997,
  "ride_wind_dir_deg": 39.178674006334404,
  "ride_rain_flag": 0.0,
  "tent_rain_flag": 0.0,
  "daily_precip_sum": 0.0,
  "daily_temp_mean": 25.270833333333332,
  "daily_wind_mean": 5.4125000000000005,
  "daily_wind_dir_deg": 305.7187488853825
}