{
  "samples_local": {
    "10": {
      "temp": 25.0,
      "precip": 0.0,
      "wind": 6.7,
      "wind_dir_deg": 278.0
    },
    "12": {
      "temp": 28.5,
      "precip": 0.0,
      "wind": 4.4,
      "wind_dir_deg": 302.0
    },
    "14": {
      "temp": 31.0,
      "precip": 0.0,
      "wind": 4.4,
      "wind_dir_deg": 325.0
    },
    "16": {
      "temp": 31.6,
      "precip": 0.0,
      "wind": 2.4,
      "wind_dir_deg": 324.0
    }
  },
  "ride_temp_mean": 29.025,
  "ride_wind_mean": 4.4750000000000005,
  "ride_wind_dir_deg": 301.6354714806449,
  "ride_rain_flag": 0.0,
  "tent_rain_flag": 0.0,
  "daily_precip_sum": 0.0,
  "daily_temp_mean": 23.429166666666664,
  "daily_wind_mean": 6.708333333333333,
  "daily_wind_dir_deg": 279.100183851594
}