{
  "samples_local": {
    "10": {
      "temp": 24.5,
      "precip": 0.0,
      "wind": 11.7,
      "wind_dir_deg": 283.0
    },
    "12": {
      "temp": 28.4,
      "precip": 0.0,
      "wind": 11.8,
      "wind_dir_deg": 279.0
    },
    "14": {
      "temp": 29.9,
      "precip": 0.0,
      "wind": 11.2,
      "wind_dir_deg": 282.0
    },
    "16": {
      "temp": 29.9,
      "precip": 0.0,
      "wind": 9.2,
      "wind_dir_deg": 286.0
    }
  },
  "ride_temp_mean": 28.174999999999997,
  "ride_wind_mean": 10.975,
  "ride_wind_dir_deg": 282.2983511974144,
  "ride_rain_flag": 0.0,
  "tent_rain_flag": 0.0,
  "daily_precip_sum": 0.0,
  "daily_temp_mean": 23.09166666666667,
  "daily_wind_mean": 10.745833333333332,
  "daily_wind_dir_deg": 270.26674263025996
}