{
  "samples_local": {
    "10": {
      "temp": 26.0,
      "precip": 0.0,
      "wind": 2.4,
      "wind_dir_deg": 189.0
    },
    "12": {
      "temp": 29.8,
      "precip": 0.0,
      "wind": 4.2,
      "wind_dir_deg": 187.0
    },
    "14": {
      "temp": 31.7,
      "precip": 0.0,
      "wind": 5.9,
      "wind_dir_deg": 140.0
    },
    "16": {
      "temp": 31.8,
      "precip": 0.0,
      "wind": 7.9,
      "wind_dir_deg": 164.0
    }
  },
  "ride_temp_mean": 29.825,
  "ride_wind_mean": 5.1000000000000005,
  "ride_wind_dir_deg": 164.75755487573247,
  "ride_rain_flag": 0.0,
  "tent_rain_flag": 0.0,
  "daily_precip_sum": 0.0,
  "daily_temp_mean": 23.5625,
  "daily_wind_mean": 4.804166666666666,
  "daily_wind_dir_deg": 251.50765413620928
}