{
  "samples_local": {
    "10": {
      "temp": 25.6,
      "precip": 0.0,
      "wind": 2.5,
      "wind_dir_deg": 45.0
    },
    "12": {
      "temp": 29.2,
      "precip": 0.0,
      "wind": 2.7,
      "wind_dir_deg": 67.0
    },
    "14": {
      "temp": 31.5,
      "precip": 0.0,
      "wind": 4.2,
      "wind_dir_deg": 85.0
    },
    "16": {
      "temp": 32.0,
      "precip": 0.0,
      "wind": 3.2,
      "wind_dir_deg": 146.0
    }
  },
  "ride_temp_mean": 29.575,
  "ride_wind_mean": 3.1500000000000004,
  "ride_wind_dir_deg": 87.0004284245324,
  "ride_rain_flag": 0.0,
  "tent_rain_flag": 0.0,
  "daily_precip_sum": 0.0,
  "daily_temp_mean": 23.808333333333334,
  "daily_wind_mean": 4.8374999999999995,
  "daily_wind_dir_deg": 260.5147860050621
}