{
  "ride_temp_mean": 4.175,
  "ride_precip_sum": 0.5,
  "ride_wind_speed": 4.325256779083042,
  "ride_wind_dir": 200.66989452310742,
  "tent_precip_sum": 2.1,
  "tent_temp_mean": 2.415
}