{
  "ride_temp_mean": 7.475,
  "ride_precip_sum": 0.0,
  "ride_wind_speed": 7.437929413150125,
  "ride_wind_dir": 326.994261448645,
  "tent_precip_sum": 1.2,
  "tent_temp_mean": 6.105
}