{
  "ride_temp_mean": 8.65,
  "ride_precip_sum": 0.0,
  "ride_wind_speed": 3.7889955415710204,
  "ride_wind_dir": 274.18308257585124,
  "tent_precip_sum": 0.0,
  "tent_temp_mean": 6.8549999999999995
}