{
  "ride_temp_mean": -1.2750000000000001,
  "ride_precip_sum": 0.7,
  "ride_wind_speed": 4.795035268688816,
  "ride_wind_dir": 235.92370853322103,
  "tent_precip_sum": 3.3000000000000003,
  "tent_temp_mean": -2.275
}