{
  "ride_temp_mean": 0.10000000000000003,
  "ride_precip_sum": 0.0,
  "ride_wind_speed": 12.440944198580349,
  "ride_wind_dir": 277.26080590064805,
  "tent_precip_sum": 11.2,
  "tent_temp_mean": -0.19999999999999998
}