{
  "ride_temp_mean": 6.175,
  "ride_precip_sum": 0.1,
  "ride_wind_speed": 18.152216300878575,
  "ride_wind_dir": 231.87009665520858,
  "tent_precip_sum": 1.4,
  "tent_temp_mean": 4.6
}