{
  "samples_local": {
    "10": {
      "temp": 23.3,
      "precip": 0.0,
      "wind": 7.0,
      "wind_dir_deg": 258.0
    },
    "12": {
      "temp": 25.5,
      "precip": 0.1,
      "wind": 5.8,
      "wind_dir_deg": 263.0
    },
    "14": {
      "temp": 26.1,
      "precip": 0.1,
      "wind": 6.8,
      "wind_dir_deg": 212.0
    },
    "16": {
      "temp": 24.1,
      "precip": 1.2,
      "wind": 8.2,
      "wind_dir_deg": 221.0
    }
  },
  "ride_temp_mean": 24.75,
  "ride_wind_mean": 6.949999999999999,
  "ride_wind_dir_deg": 236.81584642400065,
  "ride_rain_flag": 1.0,
  "tent_rain_flag": 1.0,
  "daily_precip_sum": 7.8999999999999995,
  "daily_temp_mean": 20.941666666666666,
  "daily_wind_mean": 4.5249999999999995,
  "daily_wind_dir_deg": 244.23101775364847
}