{
  "samples_local": {
    "10": {
      "temp": 23.5,
      "precip": 0.0,
      "wind": 5.8,
      "wind_dir_deg": 112.0
    },
    "12": {
      "temp": 26.4,
      "precip": 0.0,
      "wind": 3.9,
      "wind_dir_deg": 146.0
    },
    "14": {
      "temp": 27.6,
      "precip": 0.0,
      "wind": 7.1,
      "wind_dir_deg": 165.0
    },
    "16": {
      "temp": 25.6,
      "precip": 0.0,
      "wind": 12.5,
      "wind_dir_deg": 231.0
    }
  },
  "ride_temp_mean": 25.775,
  "ride_wind_mean": 7.325,
  "ride_wind_dir_deg": 180.90556232926224,
  "ride_rain_flag": 0.0,
  "tent_rain_flag": 1.0,
  "daily_precip_sum": 0.7,
  "daily_temp_mean": 21.991666666666664,
  "daily_wind_mean": 5.179166666666666,
  "daily_wind_dir_deg": 205.53674486490536
}