{
  "samples_local": {
    "10": {
      "temp": 20.6,
      "precip": 0.0,
      "wind": 10.2,
      "wind_dir_deg": 108.0
    },
    "12": {
      "temp": 21.2,
      "precip": 0.0,
      "wind": 12.6,
      "wind_dir_deg": 121.0
    },
    "14": {
      "temp": 21.7,
      "precip": 0.0,
      "wind": 11.2,
      "wind_dir_deg": 132.0
    },
    "16": {
      "temp": 20.8,
      "precip": 0.0,
      "wind": 11.9,
      "wind_dir_deg": 145.0
    }
  },
  "ride_temp_mean": 21.075,
  "ride_wind_mean": 11.475,
  "ride_wind_dir_deg": 127.02000881833527,
  "ride_rain_flag": 0.0,
  "tent_rain_flag": 1.0,
  "daily_precip_sum": 1.2000000000000002,
  "daily_temp_mean": 18.8,
  "daily_wind_mean": 7.770833333333333,
  "daily_wind_dir_deg": 129.5985245528958
}