{
  "samples_local": {
    "10": {
      "temp": 19.0,
      "precip": 0.5,
      "wind": 9.8,
      "wind_dir_deg": 242.0
    },
    "12": {
      "temp": 21.8,
      "precip": 0.1,
      "wind": 11.1,
      "wind_dir_deg": 245.0
    },
    "14": {
      "temp": 21.1,
      "precip": 0.4,
      "wind": 14.3,
      "wind_dir_deg": 242.0
    },
    "16": {
      "temp": 23.1,
      "precip": 0.0,
      "wind": 13.2,
      "wind_dir_deg": 225.0
    }
  },
  "ride_temp_mean": 21.25,
  "ride_wind_mean": 12.1,
  "ride_wind_dir_deg": 238.0771513599057,
  "ride_rain_flag": 1.0,
  "tent_rain_flag": 1.0,
  "daily_precip_sum": 8.1,
  "daily_temp_mean": 19.370833333333334,
  "daily_wind_mean": 11.220833333333333,
  "daily_wind_dir_deg": 228.15615612470006
}