{
  "samples_local": {
    "10": {
      "temp": 23.2,
      "precip": 0.0,
      "wind": 4.0,
      "wind_dir_deg": 190.0
    },
    "12": {
      "temp": 24.6,
      "precip": 0.1,
      "wind": 8.0,
      "wind_dir_deg": 162.0
    },
    "14": {
      "temp": 25.2,
      "precip": 0.0,
      "wind": 7.9,
      "wind_dir_deg": 183.0
    },
    "16": {
      "temp": 24.9,
      "precip": 0.1,
      "wind": 10.0,
      "wind_dir_deg": 210.0
    }
  },
  "ride_temp_mean": 24.475,
  "ride_wind_mean": 7.475,
  "ride_wind_dir_deg": 187.37339363006652,
  "ride_rain_flag": 0.0,
  "tent_rain_flag": 1.0,
  "daily_precip_sum": 4.5,
  "daily_temp_mean": 21.508333333333336,
  "daily_wind_mean": 8.429166666666667,
  "daily_wind_dir_deg": 205.20150333015496
}