{
  "samples_local": {
    "10": {
      "temp": 24.8,
      "precip": 0.0,
      "wind": 5.8,
      "wind_dir_deg": 187.0
    },
    "12": {
      "temp": 26.3,
      "precip": 0.0,
      "wind": 5.9,
      "wind_dir_deg": 166.0
    },
    "14": {
      "temp": 27.0,
      "precip": 0.1,
      "wind": 10.3,
      "wind_dir_deg": 192.0
    },
    "16": {
      "temp": 26.2,
      "precip": 0.6,
      "wind": 11.3,
      "wind_dir_deg": 173.0
    }
  },
  "ride_temp_mean": 26.075,
  "ride_wind_mean": 8.325000000000001,
  "ride_wind_dir_deg": 180.07669778054535,
  "ride_rain_flag": 1.0,
  "tent_rain_flag": 0.0,
  "daily_precip_sum": 0.8,
  "daily_temp_mean": 23.004166666666666,
  "daily_wind_mean": 8.020833333333334,
  "daily_wind_dir_deg": 178.35885637718752
}