{
  "samples_local": {
    "10": {
      "temp": 21.6,
      "precip": 0.0,
      "wind": 4.6,
      "wind_dir_deg": 252.0
    },
    "12": {
      "temp": 24.1,
      "precip": 0.0,
      "wind": 5.2,
      "wind_dir_deg": 245.0
    },
    "14": {
      "temp": 23.1,
      "precip": 0.1,
      "wind": 9.5,
      "wind_dir_deg": 217.0
    },
    "16": {
      "temp": 23.1,
      "precip": 0.2,
      "wind": 3.6,
      "wind_dir_deg": 225.0
    }
  },
  "ride_temp_mean": 22.975,
  "ride_wind_mean": 5.725,
  "ride_wind_dir_deg": 231.60022740653875,
  "ride_rain_flag": 1.0,
  "tent_rain_flag": 1.0,
  "daily_precip_sum": 0.8,
  "daily_temp_mean": 20.129166666666666,
  "daily_wind_mean": 5.7124999999999995,
  "daily_wind_dir_deg": 166.99292657399326
}