{
  "samples_local": {
    "10": {
      "temp": 18.7,
      "precip": 0.4,
      "wind": 8.9,
      "wind_dir_deg": 223.0
    },
    "12": {
      "temp": 21.5,
      "precip": 0.0,
      "wind": 9.4,
      "wind_dir_deg": 238.0
    },
    "14": {
      "temp": 21.8,
      "precip": 0.1,
      "wind": 10.7,
      "wind_dir_deg": 228.0
    },
    "16": {
      "temp": 22.1,
      "precip": 0.0,
      "wind": 13.9,
      "wind_dir_deg": 239.0
    }
  },
  "ride_temp_mean": 21.025,
  "ride_wind_mean": 10.725,
  "ride_wind_dir_deg": 232.7232515836248,
  "ride_rain_flag": 1.0,
  "tent_rain_flag": 1.0,
  "daily_precip_sum": 3.6999999999999997,
  "daily_temp_mean": 19.020833333333332,
  "daily_wind_mean": 9.341666666666667,
  "daily_wind_dir_deg": 219.2979488366314
}