{
  "samples_local": {
    "10": {
      "temp": 22.6,
      "precip": 0.0,
      "wind": 7.4,
      "wind_dir_deg": 293.0
    },
    "12": {
      "temp": 25.0,
      "precip": 0.0,
      "wind": 1.5,
      "wind_dir_deg": 284.0
    },
    "14": {
      "temp": 26.0,
      "precip": 0.1,
      "wind": 5.8,
      "wind_dir_deg": 266.0
    },
    "16": {
      "temp": 26.8,
      "precip": 0.0,
      "wind": 5.4,
      "wind_dir_deg": 278.0
    }
  },
  "ride_temp_mean": 25.1,
  "ride_wind_mean": 5.025,
  "ride_wind_dir_deg": 280.51590431815845,
  "ride_rain_flag": 0.0,
  "tent_rain_flag": 1.0,
  "daily_precip_sum": 20.099999999999998,
  "daily_temp_mean": 21.183333333333334,
  "daily_wind_mean": 5.741666666666667,
  "daily_wind_dir_deg": 244.8275314484793
}