{
  "samples_local": {
    "10": {
      "temp": 21.9,
      "precip": 0.0,
      "wind": 8.3,
      "wind_dir_deg": 236.0
    },
    "12": {
      "temp": 23.6,
      "precip": 0.1,
      "wind": 7.7,
      "wind_dir_deg": 217.0
    },
    "14": {
      "temp": 23.9,
      "precip": 0.0,
      "wind": 13.2,
      "wind_dir_deg": 225.0
    },
    "16": {
      "temp": 23.6,
      "precip": 0.0,
      "wind": 9.0,
      "wind_dir_deg": 217.0
    }
  },
  "ride_temp_mean": 23.25,
  "ride_wind_mean": 9.55,
  "ride_wind_dir_deg": 223.88027517045927,
  "ride_rain_flag": 0.0,
  "tent_rain_flag": 1.0,
  "daily_precip_sum": 0.6000000000000001,
  "daily_temp_mean": 20.370833333333334,
  "daily_wind_mean": 8.333333333333334,
  "daily_wind_dir_deg": 221.1089689496249
}