{
  "samples_local": {
    "10": {
      "temp": 22.0,
      "precip": 0.0,
      "wind": 9.8,
      "wind_dir_deg": 294.0
    },
    "12": {
      "temp": 24.5,
      "precip": 0.0,
      "wind": 6.5,
      "wind_dir_deg": 267.0
    },
    "14": {
      "temp": 24.6,
      "precip": 0.0,
      "wind": 1.6,
      "wind_dir_deg": 297.0
    },
    "16": {
      "temp": 24.6,
      "precip": 0.1,
      "wind": 11.3,
      "wind_dir_deg": 277.0
    }
  },
  "ride_temp_mean": 23.925,
  "ride_wind_mean": 7.300000000000001,
  "ride_wind_dir_deg": 281.56921588019037,
  "ride_rain_flag": 0.0,
  "tent_rain_flag": 1.0,
  "daily_precip_sum": 1.9,
  "daily_temp_mean": 20.400000000000002,
  "daily_wind_mean": 6.433333333333334,
  "daily_wind_dir_deg": 279.6659302874139
}