{
  "samples_local": {
    "10": {
      "temp": 21.9,
      "precip": 0.1,
      "wind": 7.7,
      "wind_dir_deg": 259.0
    },
    "12": {
      "temp": 24.0,
      "precip": 0.0,
      "wind": 5.4,
      "wind_dir_deg": 318.0
    },
    "14": {
      "temp": 24.8,
      "precip": 0.0,
      "wind": 6.1,
      "wind_dir_deg": 310.0
    },
    "16": {
      "temp": 22.0,
      "precip": 0.1,
      "wind": 16.7,
      "wind_dir_deg": 186.0
    }
  },
  "ride_temp_mean": 23.175,
  "ride_wind_mean": 8.975,
  "ride_wind_dir_deg": 240.02938219462024,
  "ride_rain_flag": 0.0,
  "tent_rain_flag": 1.0,
  "daily_precip_sum": 2.8000000000000003,
  "daily_temp_mean": 19.545833333333334,
  "daily_wind_mean": 6.783333333333334,
  "daily_wind_dir_deg": 209.39694958080878
}