{
  "samples_local": {
    "10": {
      "temp": 2.3,
      "precip": 0.0,
      "wind": 13.2,
      "wind_dir_deg": 68.0
    },
    "12": {
      "temp": 3.7,
      "precip": 0.0,
      "wind": 8.5,
      "wind_dir_deg": 54.0
    },
    "14": {
      "temp": 3.9,
      "precip": 0.0,
      "wind": 7.5,
      "wind_dir_deg": 17.0
    },
    "16": {
      "temp": 3.0,
      "precip": 0.0,
      "wind": 8.3,
      "wind_dir_deg": 342.0
    }
  },
  "ride_temp_mean": 3.225,
  "ride_wind_mean": 9.375,
  "ride_wind_dir_deg": 36.85250375172723,
  "ride_rain_flag": 0.0,
  "tent_rain_flag": 0.0,
  "daily_precip_sum": 0.30000000000000004,
  "daily_temp_mean": 3.2916666666666665,
  "daily_wind_mean": 15.566666666666668,
  "daily_wind_dir_deg": 45.09450474302656
}