{
  "samples_local": {
    "10": {
      "temp": 2.2,
      "precip": 0.0,
      "wind": 9.8,
      "wind_dir_deg": 352.0
    },
    "12": {
      "temp": 3.0,
      "precip": 0.0,
      "wind": 10.5,
      "wind_dir_deg": 311.0
    },
    "14": {
      "temp": 4.0,
      "precip": 0.0,
      "wind": 17.5,
      "wind_dir_deg": 307.0
    },
    "16": {
      "temp": 4.3,
      "precip": 0.8,
      "wind": 19.2,
      "wind_dir_deg": 308.0
    }
  },
  "ride_temp_mean": 3.375,
  "ride_wind_mean": 14.25,
  "ride_wind_dir_deg": 315.4085128298121,
  "ride_rain_flag": 1.0,
  "tent_rain_flag": 1.0,
  "daily_precip_sum": 1.9000000000000001,
  "daily_temp_mean": 4.0125,
  "daily_wind_mean": 15.229166666666666,
  "daily_wind_dir_deg": 359.42546936799783
}