{
  "samples_local": {
    "10": {
      "temp": 2.8,
      "precip": 0.0,
      "wind": 14.2,
      "wind_dir_deg": 74.0
    },
    "12": {
      "temp": 4.2,
      "precip": 0.0,
      "wind": 8.7,
      "wind_dir_deg": 60.0
    },
    "14": {
      "temp": 4.6,
      "precip": 0.0,
      "wind": 5.4,
      "wind_dir_deg": 53.0
    },
    "16": {
      "temp": 3.2,
      "precip": 0.0,
      "wind": 7.4,
      "wind_dir_deg": 337.0
    }
  },
  "ride_temp_mean": 3.7,
  "ride_wind_mean": 8.925,
  "ride_wind_dir_deg": 50.969447886797866,
  "ride_rain_flag": 0.0,
  "tent_rain_flag": 1.0,
  "daily_precip_sum": 0.6000000000000001,
  "daily_temp_mean": 3.716666666666667,
  "daily_wind_mean": 16.775000000000002,
  "daily_wind_dir_deg": 58.8310484753552
}