{
  "ride_temp_mean": 6.75,
  "ride_precip_sum": 0.6000000000000001,
  "ride_wind_speed": 10.988400907565582,
  "ride_wind_dir": 248.69331866604128,
  "tent_precip_sum": 0.5,
  "tent_temp_mean": 5.125
}