{
  "ride_temp_mean": 14.625,
  "ride_precip_sum": 0.0,
  "ride_wind_speed": 13.68434303284929,
  "ride_wind_dir": 252.29495386994455,
  "tent_precip_sum": 0.2,
  "tent_temp_mean": 12.87
}