{
  "ride_temp_mean": 1.15,
  "ride_precip_sum": 0.0,
  "ride_wind_speed": 16.473177732101036,
  "ride_wind_dir": 276.23650032231916,
  "tent_precip_sum": 8.6,
  "tent_temp_mean": 1.5
}