{
  "ride_temp_mean": 8.975,
  "ride_precip_sum": 0.0,
  "ride_wind_speed": 12.937856166256964,
  "ride_wind_dir": 222.6244606960098,
  "tent_precip_sum": 1.1,
  "tent_temp_mean": 6.654999999999999
}