{
  "ride_temp_mean": 7.0,
  "ride_precip_sum": 0.0,
  "ride_wind_speed": 3.172639972328519,
  "ride_wind_dir": 213.17339136099892,
  "tent_precip_sum": 0.0,
  "tent_temp_mean": 2.325
}