{
  "ride_temp_mean": 8.200000000000001,
  "ride_precip_sum": 1.2,
  "ride_wind_speed": 25.921705121669113,
  "ride_wind_dir": 231.11987446464985,
  "tent_precip_sum": 2.6,
  "tent_temp_mean": 7.615
}