{
  "ride_temp_mean": 2.9,
  "ride_precip_sum": 0.0,
  "ride_wind_speed": 23.189207898254185,
  "ride_wind_dir": 234.14854130168516,
  "tent_precip_sum": 0.0,
  "tent_temp_mean": 2.2399999999999998
}