{
  "ride_temp_mean": -6.425,
  "ride_precip_sum": 0.1,
  "ride_wind_speed": 1.1876507762918365,
  "ride_wind_dir": 171.60622256153397,
  "tent_precip_sum": 0.6000000000000001,
  "tent_temp_mean": -7.029999999999999
}