{
  "ride_temp_mean": 0.175,
  "ride_precip_sum": 0.0,
  "ride_wind_speed": 0.3566102143243797,
  "ride_wind_dir": 137.8232275034847,
  "tent_precip_sum": 0.0,
  "tent_temp_mean": -5.930000000000001
}