{
  "samples_local": {
    "10": {
      "temp": 19.1,
      "precip": 0.0,
      "wind": 18.1,
      "wind_dir_deg": 305.0
    },
    "12": {
      "temp": 21.7,
      "precip": 0.0,
      "wind": 19.7,
      "wind_dir_deg": 300.0
    },
    "14": {
      "temp": 24.5,
      "precip": 0.0,
      "wind": 21.5,
      "wind_dir_deg": 289.0
    },
    "16": {
      "temp": 25.0,
      "precip": 0.0,
      "wind": 20.9,
      "wind_dir_deg": 297.0
    }
  },
  "ride_temp_mean": 22.575,
  "ride_wind_mean": 20.05,
  "ride_wind_dir_deg": 297.4005730869124,
  "ride_rain_flag": 0.0,
  "tent_rain_flag": 0.0,
  "daily_precip_sum": 0.0,
  "daily_temp_mean": 19.191666666666666,
  "daily_wind_mean": 17.554166666666667,
  "daily_wind_dir_deg": 294.2851016146125
}