{
  "samples_local": {
    "10": {
      "temp": 19.0,
      "precip": 0.0,
      "wind": 8.2,
      "wind_dir_deg": 260.0
    },
    "12": {
      "temp": 20.3,
      "precip": 0.0,
      "wind": 10.7,
      "wind_dir_deg": 261.0
    },
    "14": {
      "temp": 21.0,
      "precip": 0.0,
      "wind": 12.0,
      "wind_dir_deg": 249.0
    },
    "16": {
      "temp": 20.4,
      "precip": 0.0,
      "wind": 11.0,
      "wind_dir_deg": 238.0
    }
  },
  "ride_temp_mean": 20.175,
  "ride_wind_mean": 10.475,
  "ride_wind_dir_deg": 251.34302099789727,
  "ride_rain_flag": 0.0,
  "tent_rain_flag": 0.0,
  "daily_precip_sum": 0.0,
  "daily_temp_mean": 14.916666666666666,
  "daily_wind_mean": 7.158333333333334,
  "daily_wind_dir_deg": 270.45783673080587
}