{
  "samples_local": {
    "10": {
      "temp": 19.0,
      "precip": 0.0,
      "wind": 15.7,
      "wind_dir_deg": 292.0
    },
    "12": {
      "temp": 22.0,
      "precip": 0.0,
      "wind": 16.1,
      "wind_dir_deg": 290.0
    },
    "14": {
      "temp": 24.6,
      "precip": 0.0,
      "wind": 17.0,
      "wind_dir_deg": 296.0
    },
    "16": {
      "temp": 24.5,
      "precip": 0.0,
      "wind": 17.9,
      "wind_dir_deg": 294.0
    }
  },
  "ride_temp_mean": 22.525,
  "ride_wind_mean": 16.675,
  "ride_wind_dir_deg": 293.0734986850408,
  "ride_rain_flag": 0.0,
  "tent_rain_flag": 0.0,
  "daily_precip_sum": 0.0,
  "daily_temp_mean": 18.366666666666667,
  "daily_wind_mean": 16.195833333333333,
  "daily_wind_dir_deg": 287.9391566509141
}