{
  "samples_local": {
    "10": {
      "temp": 12.9,
      "precip": 0.0,
      "wind": 20.4,
      "wind_dir_deg": 348.0
    },
    "12": {
      "temp": 15.3,
      "precip": 0.0,
      "wind": 21.4,
      "wind_dir_deg": 347.0
    },
    "14": {
      "temp": 16.9,
      "precip": 0.0,
      "wind": 20.9,
      "wind_dir_deg": 349.0
    },
    "16": {
      "temp": 16.6,
      "precip": 0.0,
      "wind": 20.4,
      "wind_dir_deg": 351.0
    }
  },
  "ride_temp_mean": 15.425,
  "ride_wind_mean": 20.775,
  "ride_wind_dir_deg": 348.73037188641877,
  "ride_rain_flag": 0.0,
  "tent_rain_flag": 0.0,
  "daily_precip_sum": 0.0,
  "daily_temp_mean": 11.245833333333332,
  "daily_wind_mean": 19.733333333333334,
  "daily_wind_dir_deg": 346.34882000311063
}