{
  "samples_local": {
    "10": {
      "temp": 19.4,
      "precip": 0.0,
      "wind": 12.1,
      "wind_dir_deg": 295.0
    },
    "12": {
      "temp": 21.8,
      "precip": 0.0,
      "wind": 15.3,
      "wind_dir_deg": 298.0
    },
    "14": {
      "temp": 23.9,
      "precip": 0.0,
      "wind": 18.8,
      "wind_dir_deg": 289.0
    },
    "16": {
      "temp": 24.0,
      "precip": 0.0,
      "wind": 17.6,
      "wind_dir_deg": 303.0
    }
  },
  "ride_temp_mean": 22.275,
  "ride_wind_mean": 15.950000000000001,
  "ride_wind_dir_deg": 296.15925143378445,
  "ride_rain_flag": 0.0,
  "tent_rain_flag": 0.0,
  "daily_precip_sum": 0.0,
  "daily_temp_mean": 18.020833333333332,
  "daily_wind_mean": 12.470833333333333,
  "daily_wind_dir_deg": 296.50372106417626
}