{
  "samples_local": {
    "10": {
      "temp": 19.1,
      "precip": 0.0,
      "wind": 14.3,
      "wind_dir_deg": 297.0
    },
    "12": {
      "temp": 21.6,
      "precip": 0.0,
      "wind": 16.6,
      "wind_dir_deg": 294.0
    },
    "14": {
      "temp": 24.0,
      "precip": 0.0,
      "wind": 20.0,
      "wind_dir_deg": 285.0
    },
    "16": {
      "temp": 24.1,
      "precip": 0.0,
      "wind": 18.2,
      "wind_dir_deg": 290.0
    }
  },
  "ride_temp_mean": 22.200000000000003,
  "ride_wind_mean": 17.275,
  "ride_wind_dir_deg": 290.96284683829487,
  "ride_rain_flag": 0.0,
  "tent_rain_flag": 0.0,
  "daily_precip_sum": 0.0,
  "daily_temp_mean": 18.691666666666666,
  "daily_wind_mean": 15.012500000000001,
  "daily_wind_dir_deg": 292.41674783787755
}