{
  "samples_local": {
    "10": {
      "temp": 14.7,
      "precip": 0.0,
      "wind": 17.9,
      "wind_dir_deg": 298.0
    },
    "12": {
      "temp": 16.6,
      "precip": 0.0,
      "wind": 19.6,
      "wind_dir_deg": 306.0
    },
    "14": {
      "temp": 17.4,
      "precip": 0.0,
      "wind": 20.0,
      "wind_dir_deg": 309.0
    },
    "16": {
      "temp": 17.0,
      "precip": 0.0,
      "wind": 19.3,
      "wind_dir_deg": 316.0
    }
  },
  "ride_temp_mean": 16.425,
  "ride_wind_mean": 19.2,
  "ride_wind_dir_deg": 307.43157163232695,
  "ride_rain_flag": 0.0,
  "tent_rain_flag": 0.0,
  "daily_precip_sum": 0.0,
  "daily_temp_mean": 12.270833333333334,
  "daily_wind_mean": 14.200000000000001,
  "daily_wind_dir_deg": 302.08134954211107
}