{
  "samples_local": {
    "10": {
      "temp": 17.2,
      "precip": 0.0,
      "wind": 14.1,
      "wind_dir_deg": 274.0
    },
    "12": {
      "temp": 19.0,
      "precip": 0.0,
      "wind": 16.3,
      "wind_dir_deg": 319.0
    },
    "14": {
      "temp": 19.9,
      "precip": 0.0,
      "wind": 17.6,
      "wind_dir_deg": 323.0
    },
    "16": {
      "temp": 19.5,
      "precip": 0.0,
      "wind": 17.6,
      "wind_dir_deg": 320.0
    }
  },
  "ride_temp_mean": 18.9,
  "ride_wind_mean": 16.400000000000002,
  "ride_wind_dir_deg": 311.1805914534902,
  "ride_rain_flag": 0.0,
  "tent_rain_flag": 0.0,
  "daily_precip_sum": 0.0,
  "daily_temp_mean": 14.370833333333332,
  "daily_wind_mean": 15.716666666666667,
  "daily_wind_dir_deg": 277.86451831684406
}