{
  "samples_local": {
    "10": {
      "temp": 18.9,
      "precip": 0.0,
      "wind": 5.9,
      "wind_dir_deg": 47.0
    },
    "12": {
      "temp": 21.4,
      "precip": 0.0,
      "wind": 4.7,
      "wind_dir_deg": 58.0
    },
    "14": {
      "temp": 23.0,
      "precip": 0.0,
      "wind": 2.5,
      "wind_dir_deg": 270.0
    },
    "16": {
      "temp": 22.9,
      "precip": 0.0,
      "wind": 2.6,
      "wind_dir_deg": 196.0
    }
  },
  "ride_temp_mean": 21.549999999999997,
  "ride_wind_mean": 3.9250000000000003,
  "ride_wind_dir_deg": 51.70065120206141,
  "ride_rain_flag": 0.0,
  "tent_rain_flag": 0.0,
  "daily_precip_sum": 0.0,
  "daily_temp_mean": 16.775000000000002,
  "daily_wind_mean": 3.704166666666667,
  "daily_wind_dir_deg": 354.77361645030356
}