{
  "samples_local": {
    "10": {
      "temp": 18.6,
      "precip": 0.0,
      "wind": 4.4,
      "wind_dir_deg": 238.0
    },
    "12": {
      "temp": 22.8,
      "precip": 0.0,
      "wind": 2.3,
      "wind_dir_deg": 252.0
    },
    "14": {
      "temp": 25.3,
      "precip": 0.0,
      "wind": 5.1,
      "wind_dir_deg": 278.0
    },
    "16": {
      "temp": 25.3,
      "precip": 0.0,
      "wind": 4.1,
      "wind_dir_deg": 257.0
    }
  },
  "ride_temp_mean": 23.0,
  "ride_wind_mean": 3.9749999999999996,
  "ride_wind_dir_deg": 257.72853768555206,
  "ride_rain_flag": 0.0,
  "tent_rain_flag": 0.0,
  "daily_precip_sum": 0.0,
  "daily_temp_mean": 17.712500000000002,
  "daily_wind_mean": 6.095833333333334,
  "daily_wind_dir_deg": 250.15841296438612
}