{
  "samples_local": {
    "10": {
      "temp": 19.2,
      "precip": 0.0,
      "wind": 18.4,
      "wind_dir_deg": 292.0
    },
    "12": {
      "temp": 21.7,
      "precip": 0.0,
      "wind": 22.7,
      "wind_dir_deg": 295.0
    },
    "14": {
      "temp": 24.0,
      "precip": 0.0,
      "wind": 24.6,
      "wind_dir_deg": 304.0
    },
    "16": {
      "temp": 24.0,
      "precip": 0.0,
      "wind": 24.0,
      "wind_dir_deg": 306.0
    }
  },
  "ride_temp_mean": 22.225,
  "ride_wind_mean": 22.425,
  "ride_wind_dir_deg": 299.7980679270348,
  "ride_rain_flag": 0.0,
  "tent_rain_flag": 0.0,
  "daily_precip_sum": 0.0,
  "daily_temp_mean": 18.391666666666666,
  "daily_wind_mean": 19.066666666666666,
  "daily_wind_dir_deg": 293.125620333645
}