{
  "samples_local": {
    "10": {
      "temp": 16.5,
      "precip": 0.0,
      "wind": 13.4,
      "wind_dir_deg": 311.0
    },
    "12": {
      "temp": 18.1,
      "precip": 0.0,
      "wind": 12.5,
      "wind_dir_deg": 327.0
    },
    "14": {
      "temp": 18.3,
      "precip": 0.0,
      "wind": 14.3,
      "wind_dir_deg": 317.0
    },
    "16": {
      "temp": 18.6,
      "precip": 0.0,
      "wind": 14.1,
      "wind_dir_deg": 325.0
    }
  },
  "ride_temp_mean": 17.875,
  "ride_wind_mean": 13.575,
  "ride_wind_dir_deg": 319.90194263204705,
  "ride_rain_flag": 0.0,
  "tent_rain_flag": 1.0,
  "daily_precip_sum": 0.30000000000000004,
  "daily_temp_mean": 13.745833333333332,
  "daily_wind_mean": 11.75,
  "daily_wind_dir_deg": 299.4182397358703
}