{
  "samples_local": {
    "10": {
      "temp": 19.5,
      "precip": 0.0,
      "wind": 16.1,
      "wind_dir_deg": 281.0
    },
    "12": {
      "temp": 22.3,
      "precip": 0.0,
      "wind": 17.3,
      "wind_dir_deg": 297.0
    },
    "14": {
      "temp": 24.2,
      "precip": 0.0,
      "wind": 20.3,
      "wind_dir_deg": 303.0
    },
    "16": {
      "temp": 23.9,
      "precip": 0.0,
      "wind": 19.6,
      "wind_dir_deg": 302.0
    }
  },
  "ride_temp_mean": 22.475,
  "ride_wind_mean": 18.325000000000003,
  "ride_wind_dir_deg": 296.5197852929821,
  "ride_rain_flag": 0.0,
  "tent_rain_flag": 0.0,
  "daily_precip_sum": 0.0,
  "daily_temp_mean": 18.1375,
  "daily_wind_mean": 16.170833333333334,
  "daily_wind_dir_deg": 284.7597279862663
}