{
  "samples_local": {
    "10": {
      "temp": 19.5,
      "precip": 0.0,
      "wind": 5.3,
      "wind_dir_deg": 252.0
    },
    "12": {
      "temp": 23.1,
      "precip": 0.0,
      "wind": 7.6,
      "wind_dir_deg": 262.0
    },
    "14": {
      "temp": 25.1,
      "precip": 0.0,
      "wind": 12.4,
      "wind_dir_deg": 269.0
    },
    "16": {
      "temp": 24.8,
      "precip": 0.0,
      "wind": 11.3,
      "wind_dir_deg": 268.0
    }
  },
  "ride_temp_mean": 23.125,
  "ride_wind_mean": 9.15,
  "ride_wind_dir_deg": 264.78972587678726,
  "ride_rain_flag": 0.0,
  "tent_rain_flag": 0.0,
  "daily_precip_sum": 0.0,
  "daily_temp_mean": 18.195833333333333,
  "daily_wind_mean": 8.612499999999999,
  "daily_wind_dir_deg": 258.88541623320185
}