{
  "samples_local": {
    "10": {
      "temp": 16.2,
      "precip": 0.0,
      "wind": 9.3,
      "wind_dir_deg": 133.0
    },
    "12": {
      "temp": 18.7,
      "precip": 0.0,
      "wind": 12.8,
      "wind_dir_deg": 142.0
    },
    "14": {
      "temp": 19.0,
      "precip": 0.0,
      "wind": 13.9,
      "wind_dir_deg": 136.0
    },
    "16": {
      "temp": 18.4,
      "precip": 0.0,
      "wind": 11.5,
      "wind_dir_deg": 129.0
    }
  },
  "ride_temp_mean": 18.075,
  "ride_wind_mean": 11.875,
  "ride_wind_dir_deg": 135.3339304898667,
  "ride_rain_flag": 0.0,
  "tent_rain_flag": 0.0,
  "daily_precip_sum": 0.0,
  "daily_temp_mean": 13.620833333333332,
  "daily_wind_mean": 8.141666666666667,
  "daily_wind_dir_deg": 125.80407106366908
}