{
  "samples_local": {
    "10": {
      "temp": 28.5,
      "precip": 0.0,
      "wind": 12.7,
      "wind_dir_deg": 262.0
    },
    "12": {
      "temp": 29.2,
      "precip": 0.1,
      "wind": 13.2,
      "wind_dir_deg": 260.0
    },
    "14": {
      "temp": 29.5,
      "precip": 0.0,
      "wind": 14.0,
      "wind_dir_deg": 247.0
    },
    "16": {
      "temp": 28.4,
      "precip": 0.1,
      "wind": 12.1,
      "wind_dir_deg": 258.0
    }
  },
  "ride_temp_mean": 28.9,
  "ride_wind_mean": 13.0,
  "ride_wind_dir_deg": 256.5322991531133,
  "ride_rain_flag": 0.0,
  "tent_rain_flag": 1.0,
  "daily_precip_sum": 3.9000000000000004,
  "daily_temp_mean": 26.633333333333336,
  "daily_wind_mean": 9.804166666666665,
  "daily_wind_dir_deg": 271.5500314454439
}