{
  "samples_local": {
    "10": {
      "temp": 14.3,
      "precip": 0.0,
      "wind": 0.7,
      "wind_dir_deg": 166.0
    },
    "12": {
      "temp": 15.3,
      "precip": 0.0,
      "wind": 8.3,
      "wind_dir_deg": 184.0
    },
    "14": {
      "temp": 16.5,
      "precip": 0.0,
      "wind": 12.2,
      "wind_dir_deg": 207.0
    },
    "16": {
      "temp": 16.8,
      "precip": 0.0,
      "wind": 11.2,
      "wind_dir_deg": 212.0
    }
  },
  "ride_temp_mean": 15.725000000000001,
  "ride_wind_mean": 8.1,
  "ride_wind_dir_deg": 202.05770391707742,
  "ride_rain_flag": 0.0,
  "tent_rain_flag": 0.0,
  "daily_precip_sum": 0.0,
  "daily_temp_mean": 11.8375,
  "daily_wind_mean": 6.470833333333334,
  "daily_wind_dir_deg": 234.45770028661332
}