{
  "ride_temp_mean": 11.575,
  "ride_precip_sum": 0.0,
  "ride_wind_speed": 30.79622303342921,
  "ride_wind_dir": 261.9738912537176,
  "tent_precip_sum": 1.3,
  "tent_temp_mean": 11.379999999999999
}