{
  "ride_temp_mean": 8.75,
  "ride_precip_sum": 2.2,
  "ride_wind_speed": 27.10076532922415,
  "ride_wind_dir": 269.1633203038833,
  "tent_precip_sum": 1.4,
  "tent_temp_mean": 8.41
}