{
  "samples_local": {
    "10": {
      "temp": 25.1,
      "precip": 0.3,
      "wind": 11.2,
      "wind_dir_deg": 248.0
    },
    "12": {
      "temp": 27.8,
      "precip": 0.2,
      "wind": 11.1,
      "wind_dir_deg": 243.0
    },
    "14": {
      "temp": 24.2,
      "precip": 2.7,
      "wind": 13.0,
      "wind_dir_deg": 213.0
    },
    "16": {
      "temp": 25.6,
      "precip": 0.2,
      "wind": 10.9,
      "wind_dir_deg": 225.0
    }
  },
  "ride_temp_mean": 25.675,
  "ride_wind_mean": 11.55,
  "ride_wind_dir_deg": 231.5448910715458,
  "ride_rain_flag": 1.0,
  "tent_rain_flag": 1.0,
  "daily_precip_sum": 12.1,
  "daily_temp_mean": 23.84166666666667,
  "daily_wind_mean": 8.458333333333334,
  "daily_wind_dir_deg": 233.25811491899987
}