{
  "samples_local": {
    "10": {
      "temp": 5.4,
      "precip": 0.1,
      "wind": 7.0,
      "wind_dir_deg": 230.0
    },
    "12": {
      "temp": 8.2,
      "precip": 0.1,
      "wind": 6.0,
      "wind_dir_deg": 249.0
    },
    "14": {
      "temp": 7.9,
      "precip": 0.2,
      "wind": 4.8,
      "wind_dir_deg": 214.0
    },
    "16": {
      "temp": 8.5,
      "precip": 0.1,
      "wind": 7.0,
      "wind_dir_deg": 235.0
    }
  },
  "ride_temp_mean": 7.5,
  "ride_wind_mean": 6.2,
  "ride_wind_dir_deg": 232.92698172919611,
  "ride_rain_flag": 1.0,
  "tent_rain_flag": 0.0,
  "daily_precip_sum": 0.6000000000000001,
  "daily_temp_mean": 6.2749999999999995,
  "daily_wind_mean": 7.395833333333333,
  "daily_wind_dir_deg": 232.83679836860796
}