{
  "samples_local": {
    "10": {
      "temp": 7.7,
      "precip": 0.0,
      "wind": 10.8,
      "wind_dir_deg": 313.0
    },
    "12": {
      "temp": 11.1,
      "precip": 0.4,
      "wind": 9.6,
      "wind_dir_deg": 339.0
    },
    "14": {
      "temp": 13.0,
      "precip": 0.0,
      "wind": 6.5,
      "wind_dir_deg": 95.0
    },
    "16": {
      "temp": 13.3,
      "precip": 0.1,
      "wind": 7.4,
      "wind_dir_deg": 90.0
    }
  },
  "ride_temp_mean": 11.275,
  "ride_wind_mean": 8.575,
  "ride_wind_dir_deg": 9.141602080611392,
  "ride_rain_flag": 1.0,
  "tent_rain_flag": 1.0,
  "daily_precip_sum": 0.7000000000000001,
  "daily_temp_mean": 8.616666666666667,
  "daily_wind_mean": 7.795833333333333,
  "daily_wind_dir_deg": 324.55311513481524
}