{
  "samples_local": {
    "10": {
      "temp": 6.7,
      "precip": 0.0,
      "wind": 8.4,
      "wind_dir_deg": 345.0
    },
    "12": {
      "temp": 10.1,
      "precip": 0.0,
      "wind": 7.7,
      "wind_dir_deg": 349.0
    },
    "14": {
      "temp": 12.4,
      "precip": 0.0,
      "wind": 2.1,
      "wind_dir_deg": 20.0
    },
    "16": {
      "temp": 12.9,
      "precip": 0.0,
      "wind": 1.2,
      "wind_dir_deg": 153.0
    }
  },
  "ride_temp_mean": 10.525,
  "ride_wind_mean": 4.8500000000000005,
  "ride_wind_dir_deg": 351.8285303343781,
  "ride_rain_flag": 0.0,
  "tent_rain_flag": 1.0,
  "daily_precip_sum": 4.1,
  "daily_temp_mean": 7.716666666666666,
  "daily_wind_mean": 6.541666666666667,
  "daily_wind_dir_deg": 352.0226674640641
}