{
  "samples_local": {
    "10": {
      "temp": 2.2,
      "precip": 0.2,
      "wind": 3.9,
      "wind_dir_deg": 304.0
    },
    "12": {
      "temp": 5.2,
      "precip": 0.0,
      "wind": 3.6,
      "wind_dir_deg": 288.0
    },
    "14": {
      "temp": 9.8,
      "precip": 0.0,
      "wind": 3.3,
      "wind_dir_deg": 319.0
    },
    "16": {
      "temp": 9.5,
      "precip": 0.0,
      "wind": 3.1,
      "wind_dir_deg": 306.0
    }
  },
  "ride_temp_mean": 6.675000000000001,
  "ride_wind_mean": 3.475,
  "ride_wind_dir_deg": 303.8740270257276,
  "ride_rain_flag": 1.0,
  "tent_rain_flag": 1.0,
  "daily_precip_sum": 2.3000000000000003,
  "daily_temp_mean": 3.154166666666667,
  "daily_wind_mean": 3.841666666666667,
  "daily_wind_dir_deg": 317.23082998486615
}