{
  "samples_local": {
    "10": {
      "temp": 4.8,
      "precip": 0.5,
      "wind": 12.5,
      "wind_dir_deg": 40.0
    },
    "12": {
      "temp": 5.1,
      "precip": 0.5,
      "wind": 12.8,
      "wind_dir_deg": 48.0
    },
    "14": {
      "temp": 5.8,
      "precip": 0.4,
      "wind": 13.3,
      "wind_dir_deg": 58.0
    },
    "16": {
      "temp": 5.6,
      "precip": 0.4,
      "wind": 8.8,
      "wind_dir_deg": 78.0
    }
  },
  "ride_temp_mean": 5.324999999999999,
  "ride_wind_mean": 11.850000000000001,
  "ride_wind_dir_deg": 54.1800276057503,
  "ride_rain_flag": 1.0,
  "tent_rain_flag": 1.0,
  "daily_precip_sum": 8.4,
  "daily_temp_mean": 4.566666666666666,
  "daily_wind_mean": 10.491666666666667,
  "daily_wind_dir_deg": 50.26869985906251
}