{
  "samples_local": {
    "10": {
      "temp": 6.7,
      "precip": 0.5,
      "wind": 6.9,
      "wind_dir_deg": 17.0
    },
    "12": {
      "temp": 8.1,
      "precip": 0.1,
      "wind": 10.2,
      "wind_dir_deg": 56.0
    },
    "14": {
      "temp": 7.4,
      "precip": 0.1,
      "wind": 7.9,
      "wind_dir_deg": 74.0
    },
    "16": {
      "temp": 7.1,
      "precip": 0.3,
      "wind": 6.9,
      "wind_dir_deg": 127.0
    }
  },
  "ride_temp_mean": 7.325,
  "ride_wind_mean": 7.975,
  "ride_wind_dir_deg": 66.34643057130461,
  "ride_rain_flag": 1.0,
  "tent_rain_flag": 1.0,
  "daily_precip_sum": 5.6000000000000005,
  "daily_temp_mean": 6.1625000000000005,
  "daily_wind_mean": 6.154166666666666,
  "daily_wind_dir_deg": 52.74228106560349
}