{
  "samples_local": {
    "10": {
      "temp": 6.7,
      "precip": 0.0,
      "wind": 10.4,
      "wind_dir_deg": 30.0
    },
    "12": {
      "temp": 9.3,
      "precip": 0.0,
      "wind": 11.6,
      "wind_dir_deg": 48.0
    },
    "14": {
      "temp": 10.3,
      "precip": 0.0,
      "wind": 22.1,
      "wind_dir_deg": 63.0
    },
    "16": {
      "temp": 9.9,
      "precip": 0.0,
      "wind": 14.6,
      "wind_dir_deg": 69.0
    }
  },
  "ride_temp_mean": 9.05,
  "ride_wind_mean": 14.675,
  "ride_wind_dir_deg": 55.80309930893162,
  "ride_rain_flag": 0.0,
  "tent_rain_flag": 1.0,
  "daily_precip_sum": 2.3000000000000003,
  "daily_temp_mean": 6.2749999999999995,
  "daily_wind_mean": 10.758333333333333,
  "daily_wind_dir_deg": 41.527505362626925
}