{
  "samples_local": {
    "10": {
      "temp": 6.4,
      "precip": 0.1,
      "wind": 17.2,
      "wind_dir_deg": 285.0
    },
    "12": {
      "temp": 6.8,
      "precip": 0.3,
      "wind": 14.8,
      "wind_dir_deg": 291.0
    },
    "14": {
      "temp": 7.2,
      "precip": 0.1,
      "wind": 14.6,
      "wind_dir_deg": 288.0
    },
    "16": {
      "temp": 8.1,
      "precip": 0.0,
      "wind": 10.8,
      "wind_dir_deg": 298.0
    }
  },
  "ride_temp_mean": 7.125,
  "ride_wind_mean": 14.35,
  "ride_wind_dir_deg": 289.75242040459693,
  "ride_rain_flag": 1.0,
  "tent_rain_flag": 1.0,
  "daily_precip_sum": 2.8000000000000003,
  "daily_temp_mean": 6.420833333333333,
  "daily_wind_mean": 12.620833333333332,
  "daily_wind_dir_deg": 283.3093852726751
}