{
  "samples_local": {
    "10": {
      "temp": 5.8,
      "precip": 0.1,
      "wind": 6.4,
      "wind_dir_deg": 230.0
    },
    "12": {
      "temp": 7.1,
      "precip": 0.0,
      "wind": 7.2,
      "wind_dir_deg": 252.0
    },
    "14": {
      "temp": 9.3,
      "precip": 0.0,
      "wind": 8.9,
      "wind_dir_deg": 294.0
    },
    "16": {
      "temp": 9.9,
      "precip": 0.1,
      "wind": 4.4,
      "wind_dir_deg": 305.0
    }
  },
  "ride_temp_mean": 8.025,
  "ride_wind_mean": 6.7250000000000005,
  "ride_wind_dir_deg": 269.52410426170155,
  "ride_rain_flag": 0.0,
  "tent_rain_flag": 1.0,
  "daily_precip_sum": 0.4,
  "daily_temp_mean": 6.341666666666666,
  "daily_wind_mean": 7.570833333333333,
  "daily_wind_dir_deg": 245.54701774035925
}