{
  "samples_local": {
    "10": {
      "temp": 6.8,
      "precip": 0.0,
      "wind": 5.6,
      "wind_dir_deg": 287.0
    },
    "12": {
      "temp": 11.2,
      "precip": 0.0,
      "wind": 1.4,
      "wind_dir_deg": 90.0
    },
    "14": {
      "temp": 12.6,
      "precip": 0.0,
      "wind": 5.5,
      "wind_dir_deg": 131.0
    },
    "16": {
      "temp": 13.1,
      "precip": 0.0,
      "wind": 0.9,
      "wind_dir_deg": 233.0
    }
  },
  "ride_temp_mean": 10.924999999999999,
  "ride_wind_mean": 3.35,
  "ride_wind_dir_deg": 191.76176755171554,
  "ride_rain_flag": 0.0,
  "tent_rain_flag": 1.0,
  "daily_precip_sum": 0.7,
  "daily_temp_mean": 7.729166666666667,
  "daily_wind_mean": 4.983333333333333,
  "daily_wind_dir_deg": 352.970594782022
}