{
  "samples_local": {
    "10": {
      "temp": 12.6,
      "precip": 0.1,
      "wind": 16.0,
      "wind_dir_deg": 295.0
    },
    "12": {
      "temp": 13.2,
      "precip": 0.3,
      "wind": 18.6,
      "wind_dir_deg": 323.0
    },
    "14": {
      "temp": 14.6,
      "precip": 1.7,
      "wind": 18.9,
      "wind_dir_deg": 319.0
    },
    "16": {
      "temp": 13.7,
      "precip": 0.3,
      "wind": 18.2,
      "wind_dir_deg": 321.0
    }
  },
  "ride_temp_mean": 13.524999999999999,
  "ride_wind_mean": 17.925,
  "ride_wind_dir_deg": 315.27432822431877,
  "ride_rain_flag": 1.0,
  "tent_rain_flag": 1.0,
  "daily_precip_sum": 9.0,
  "daily_temp_mean": 11.691666666666668,
  "daily_wind_mean": 12.549999999999999,
  "daily_wind_dir_deg": 306.44890160352935
}