{
  "samples_local": {
    "10": {
      "temp": 10.9,
      "precip": 0.0,
      "wind": 8.8,
      "wind_dir_deg": 23.0
    },
    "12": {
      "temp": 12.8,
      "precip": 0.0,
      "wind": 15.6,
      "wind_dir_deg": 22.0
    },
    "14": {
      "temp": 13.1,
      "precip": 0.0,
      "wind": 11.7,
      "wind_dir_deg": 1.0
    },
    "16": {
      "temp": 13.4,
      "precip": 0.0,
      "wind": 15.3,
      "wind_dir_deg": 28.0
    }
  },
  "ride_temp_mean": 12.55,
  "ride_wind_mean": 12.85,
  "ride_wind_dir_deg": 19.235819605765528,
  "ride_rain_flag": 0.0,
  "tent_rain_flag": 1.0,
  "daily_precip_sum": 0.8999999999999999,
  "daily_temp_mean": 10.079166666666667,
  "daily_wind_mean": 11.658333333333333,
  "daily_wind_dir_deg": 13.588365134079822
}