{
  "samples_local": {
    "10": {
      "temp": 0.9,
      "precip": 0.0,
      "wind": 19.3,
      "wind_dir_deg": 345.0
    },
    "12": {
      "temp": 1.6,
      "precip": 0.0,
      "wind": 17.3,
      "wind_dir_deg": 346.0
    },
    "14": {
      "temp": 1.9,
      "precip": 0.0,
      "wind": 11.6,
      "wind_dir_deg": 341.0
    },
    "16": {
      "temp": 0.3,
      "precip": 0.0,
      "wind": 14.1,
      "wind_dir_deg": 347.0
    }
  },
  "ride_temp_mean": 1.175,
  "ride_wind_mean": 15.575,
  "ride_wind_dir_deg": 344.98604376233754,
  "ride_rain_flag": 0.0,
  "tent_rain_flag": 0.0,
  "daily_precip_sum": 0.30000000000000004,
  "daily_temp_mean": -0.07083333333333333,
  "daily_wind_mean": 16.8625,
  "daily_wind_dir_deg": 344.3730654555078
}