{
  "samples_local": {
    "10": {
      "temp": -2.2,
      "precip": 0.0,
      "wind": 16.9,
      "wind_dir_deg": 272.0
    },
    "12": {
      "temp": 0.3,
      "precip": 0.0,
      "wind": 15.1,
      "wind_dir_deg": 267.0
    },
    "14": {
      "temp": 0.2,
      "precip": 0.0,
      "wind": 15.0,
      "wind_dir_deg": 266.0
    },
    "16": {
      "temp": -0.2,
      "precip": 0.0,
      "wind": 14.5,
      "wind_dir_deg": 259.0
    }
  },
  "ride_temp_mean": -0.47500000000000003,
  "ride_wind_mean": 15.375,
  "ride_wind_dir_deg": 266.24579045809685,
  "ride_rain_flag": 0.0,
  "tent_rain_flag": 0.0,
  "daily_precip_sum": 0.0,
  "daily_temp_mean": -1.6500000000000001,
  "daily_wind_mean": 15.387500000000001,
  "daily_wind_dir_deg": 268.55249442787743
}