{
  "samples_local": {
    "10": {
      "temp": 1.5,
      "precip": 0.1,
      "wind": 6.0,
      "wind_dir_deg": 267.0
    },
    "12": {
      "temp": 3.3,
      "precip": 0.0,
      "wind": 5.6,
      "wind_dir_deg": 295.0
    },
    "14": {
      "temp": 2.9,
      "precip": 0.0,
      "wind": 3.1,
      "wind_dir_deg": 298.0
    },
    "16": {
      "temp": 3.3,
      "precip": 0.0,
      "wind": 4.5,
      "wind_dir_deg": 247.0
    }
  },
  "ride_temp_mean": 2.75,
  "ride_wind_mean": 4.8,
  "ride_wind_dir_deg": 275.56852693074677,
  "ride_rain_flag": 0.0,
  "tent_rain_flag": 1.0,
  "daily_precip_sum": 0.7000000000000001,
  "daily_temp_mean": 1.8291666666666666,
  "daily_wind_mean": 7.7875000000000005,
  "daily_wind_dir_deg": 256.7966381050769
}