{
  "samples_local": {
    "10": {
      "temp": 3.0,
      "precip": 0.0,
      "wind": 5.9,
      "wind_dir_deg": 50.0
    },
    "12": {
      "temp": 4.2,
      "precip": 0.1,
      "wind": 7.5,
      "wind_dir_deg": 57.0
    },
    "14": {
      "temp": 4.1,
      "precip": 0.0,
      "wind": 5.1,
      "wind_dir_deg": 80.0
    },
    "16": {
      "temp": 4.1,
      "precip": 0.0,
      "wind": 3.2,
      "wind_dir_deg": 124.0
    }
  },
  "ride_temp_mean": 3.8499999999999996,
  "ride_wind_mean": 5.425,
  "ride_wind_dir_deg": 69.33125459108294,
  "ride_rain_flag": 0.0,
  "tent_rain_flag": 1.0,
  "daily_precip_sum": 0.7000000000000001,
  "daily_temp_mean": 2.5208333333333335,
  "daily_wind_mean": 5.454166666666667,
  "daily_wind_dir_deg": 202.10463030444362
}