{
  "samples_local": {
    "10": {
      "temp": -1.2,
      "precip": 0.0,
      "wind": 13.0,
      "wind_dir_deg": 260.0
    },
    "12": {
      "temp": 2.0,
      "precip": 0.0,
      "wind": 12.9,
      "wind_dir_deg": 261.0
    },
    "14": {
      "temp": 1.3,
      "precip": 0.0,
      "wind": 12.9,
      "wind_dir_deg": 257.0
    },
    "16": {
      "temp": 0.6,
      "precip": 0.0,
      "wind": 12.9,
      "wind_dir_deg": 255.0
    }
  },
  "ride_temp_mean": 0.675,
  "ride_wind_mean": 12.925,
  "ride_wind_dir_deg": 258.2535156536832,
  "ride_rain_flag": 0.0,
  "tent_rain_flag": 1.0,
  "daily_precip_sum": 0.30000000000000004,
  "daily_temp_mean": -1.0041666666666667,
  "daily_wind_mean": 12.9,
  "daily_wind_dir_deg": 255.74479453765525
}