{
  "samples_local": {
    "10": {
      "temp": -0.2,
      "precip": 0.2,
      "wind": 3.8,
      "wind_dir_deg": 225.0
    },
    "12": {
      "temp": 1.1,
      "precip": 0.0,
      "wind": 5.9,
      "wind_dir_deg": 243.0
    },
    "14": {
      "temp": -0.5,
      "precip": 0.1,
      "wind": 10.1,
      "wind_dir_deg": 239.0
    },
    "16": {
      "temp": -0.9,
      "precip": 0.1,
      "wind": 9.6,
      "wind_dir_deg": 249.0
    }
  },
  "ride_temp_mean": -0.12499999999999999,
  "ride_wind_mean": 7.35,
  "ride_wind_dir_deg": 241.27923123234928,
  "ride_rain_flag": 1.0,
  "tent_rain_flag": 1.0,
  "daily_precip_sum": 1.4000000000000001,
  "daily_temp_mean": -1.2333333333333334,
  "daily_wind_mean": 6.1125,
  "daily_wind_dir_deg": 236.17629412351098
}