{
  "samples_local": {
    "10": {
      "temp": 1.9,
      "precip": 0.0,
      "wind": 3.1,
      "wind_dir_deg": 306.0
    },
    "12": {
      "temp": 2.7,
      "precip": 0.1,
      "wind": 0.9,
      "wind_dir_deg": 101.0
    },
    "14": {
      "temp": 2.8,
      "precip": 0.0,
      "wind": 4.2,
      "wind_dir_deg": 192.0
    },
    "16": {
      "temp": 2.5,
      "precip": 0.1,
      "wind": 7.4,
      "wind_dir_deg": 166.0
    }
  },
  "ride_temp_mean": 2.475,
  "ride_wind_mean": 3.9000000000000004,
  "ride_wind_dir_deg": 184.1983719339153,
  "ride_rain_flag": 0.0,
  "tent_rain_flag": 0.0,
  "daily_precip_sum": 1.2000000000000002,
  "daily_temp_mean": 1.3541666666666667,
  "daily_wind_mean": 4.683333333333334,
  "daily_wind_dir_deg": 212.1141685019569
}