{
  "samples_local": {
    "10": {
      "temp": 24.0,
      "precip": 3.7,
      "wind": 17.0,
      "wind_dir_deg": 233.0
    },
    "12": {
      "temp": 24.5,
      "precip": 3.4,
      "wind": 16.4,
      "wind_dir_deg": 246.0
    },
    "14": {
      "temp": 24.7,
      "precip": 1.4,
      "wind": 19.3,
      "wind_dir_deg": 242.0
    },
    "16": {
      "temp": 24.8,
      "precip": 0.7,
      "wind": 16.4,
      "wind_dir_deg": 246.0
    }
  },
  "ride_temp_mean": 24.5,
  "ride_wind_mean": 17.275,
  "ride_wind_dir_deg": 241.69077629388386,
  "ride_rain_flag": 1.0,
  "tent_rain_flag": 1.0,
  "daily_precip_sum": 38.7,
  "daily_temp_mean": 24.004166666666666,
  "daily_wind_mean": 14.766666666666666,
  "daily_wind_dir_deg": 245.91315325059742
}