{
  "samples_local": {
    "10": {
      "temp": -0.8,
      "precip": 1.2,
      "wind": 19.8,
      "wind_dir_deg": 268.0
    },
    "12": {
      "temp": -1.0,
      "precip": 0.4,
      "wind": 19.6,
      "wind_dir_deg": 256.0
    },
    "14": {
      "temp": -1.2,
      "precip": 0.1,
      "wind": 19.6,
      "wind_dir_deg": 264.0
    },
    "16": {
      "temp": -0.8,
      "precip": 0.0,
      "wind": 16.6,
      "wind_dir_deg": 266.0
    }
  },
  "ride_temp_mean": -0.95,
  "ride_wind_mean": 18.900000000000002,
  "ride_wind_dir_deg": 263.4165889236056,
  "ride_rain_flag": 1.0,
  "tent_rain_flag": 1.0,
  "daily_precip_sum": 6.3,
  "daily_temp_mean": -0.23750000000000002,
  "daily_wind_mean": 18.845833333333335,
  "daily_wind_dir_deg": 268.1110794996157
}