{
  "ride_temp_mean": 4.2,
  "ride_precip_sum": 0.0,
  "ride_wind_speed": 2.80886048888918,
  "ride_wind_dir": 356.0885893187738,
  "tent_precip_sum": 0.0,
  "tent_temp_mean": 3.3299999999999996
}