{
  "ride_temp_mean": 10.0,
  "ride_precip_sum": 0.0,
  "ride_wind_speed": 2.463289864177269,
  "ride_wind_dir": 81.80457879263372,
  "tent_precip_sum": 1.4,
  "tent_temp_mean": 7.215000000000001
}