{
  "ride_temp_mean": 7.175,
  "ride_precip_sum": 0.0,
  "ride_wind_speed": 0.7698124179129426,
  "ride_wind_dir": 45.2329602488316,
  "tent_precip_sum": 0.0,
  "tent_temp_mean": 1.33
}