{
  "ride_temp_mean": 7.457142857142857,
  "ride_wind_mean": 8.142857142857142,
  "ride_rain_flag": 0.0,
  "tent_rain_flag": 0.0
}