{
  "ride_temp_mean": 4.571428571428571,
  "ride_wind_mean": 3.142857142857143,
  "ride_rain_flag": 0.0,
  "tent_rain_flag": 0.0
}