{
  "ride_temp_mean": 9.799999999999999,
  "ride_wind_mean": 3.957142857142857,
  "ride_rain_flag": 0.0,
  "tent_rain_flag": 0.0
}