{
  "ride_temp_mean": 13.571428571428571,
  "ride_wind_mean": 4.185714285714286,
  "ride_rain_flag": 0.0,
  "tent_rain_flag": 0.0
}