{
  "ride_temp_mean": 5.171428571428572,
  "ride_wind_mean": 5.628571428571428,
  "ride_rain_flag": 0.0,
  "tent_rain_flag": 0.0
}