{
  "ride_temp_mean": 10.257142857142856,
  "ride_wind_mean": 5.371428571428572,
  "ride_rain_flag": 0.0,
  "tent_rain_flag": 0.0
}