{
  "samples_local": {
    "10": {
      "temp": 10.7,
      "precip": 0.0,
      "wind": 11.3,
      "wind_dir_deg": 323.0
    },
    "12": {
      "temp": 10.3,
      "precip": 0.0,
      "wind": 9.4,
      "wind_dir_deg": 305.0
    },
    "14": {
      "temp": 11.1,
      "precip": 0.0,
      "wind": 8.9,
      "wind_dir_deg": 256.0
    },
    "16": {
      "temp": 10.2,
      "precip": 0.0,
      "wind": 11.5,
      "wind_dir_deg": 231.0
    }
  },
  "ride_temp_mean": 10.575,
  "ride_wind_mean": 10.275,
  "ride_wind_dir_deg": 278.90585487677447,
  "ride_rain_flag": 0.0,
  "tent_rain_flag": 0.0,
  "daily_precip_sum": 0.0,
  "daily_temp_mean": 11.004166666666668,
  "daily_wind_mean": 12.433333333333332,
  "daily_wind_dir_deg": 254.4325645371253
}