{
  "ride_temp_mean": 5.3428571428571425,
  "ride_wind_mean": 6.514285714285714,
  "ride_rain_flag": 0.0,
  "tent_rain_flag": 0.0
}