{
  "ride_temp_mean": 3.0857142857142854,
  "ride_wind_mean": 6.285714285714286,
  "ride_rain_flag": 0.0,
  "tent_rain_flag": 0.0
}