{
  "samples_local": {
    "10": {
      "temp": 11.2,
      "precip": 0.0,
      "wind": 13.5,
      "wind_dir_deg": 136.0
    },
    "12": {
      "temp": 11.1,
      "precip": 0.0,
      "wind": 10.6,
      "wind_dir_deg": 157.0
    },
    "14": {
      "temp": 11.4,
      "precip": 0.0,
      "wind": 6.1,
      "wind_dir_deg": 175.0
    },
    "16": {
      "temp": 11.2,
      "precip": 0.0,
      "wind": 9.5,
      "wind_dir_deg": 166.0
    }
  },
  "ride_temp_mean": 11.225,
  "ride_wind_mean": 9.925,
  "ride_wind_dir_deg": 154.81173667894268,
  "ride_rain_flag": 0.0,
  "tent_rain_flag": 0.0,
  "daily_precip_sum": 0.0,
  "daily_temp_mean": 11.183333333333332,
  "daily_wind_mean": 15.733333333333334,
  "daily_wind_dir_deg": 155.63238840266297
}