{
  "ride_temp_mean": 3.0285714285714285,
  "ride_wind_mean": 8.857142857142858,
  "ride_rain_flag": 0.0,
  "tent_rain_flag": 0.0
}