{
  "ride_temp_mean": 8.014285714285714,
  "ride_wind_mean": 7.014285714285714,
  "ride_rain_flag": 0.0,
  "tent_rain_flag": 0.0
}