{
  "samples_local": {
    "10": {
      "temp": 3.6,
      "precip": 0.0,
      "wind": 9.1,
      "wind_dir_deg": 56.0
    },
    "12": {
      "temp": 7.3,
      "precip": 0.0,
      "wind": 5.8,
      "wind_dir_deg": 70.0
    },
    "14": {
      "temp": 7.6,
      "precip": 0.0,
      "wind": 6.6,
      "wind_dir_deg": 101.0
    },
    "16": {
      "temp": 8.1,
      "precip": 0.0,
      "wind": 5.8,
      "wind_dir_deg": 120.0
    }
  },
  "ride_temp_mean": 6.6499999999999995,
  "ride_wind_mean": 6.824999999999999,
  "ride_wind_dir_deg": 83.21834789614235,
  "ride_rain_flag": 0.0,
  "tent_rain_flag": 0.0,
  "daily_precip_sum": 0.0,
  "daily_temp_mean": 4.070833333333334,
  "daily_wind_mean": 7.154166666666666,
  "daily_wind_dir_deg": 40.73398451290359
}