{
  "ride_temp_mean": 1.075,
  "ride_precip_sum": 0.0,
  "ride_wind_speed": 22.58761147114865,
  "ride_wind_dir": 271.1081233571832,
  "tent_precip_sum": 2.7,
  "tent_temp_mean": 1.94
}