{
  "ride_temp_mean": 2.15,
  "ride_precip_sum": 0.0,
  "ride_wind_speed": 16.388756039488495,
  "ride_wind_dir": 16.292024820213783,
  "tent_precip_sum": 0.0,
  "tent_temp_mean": 0.325
}