{
  "ride_temp_mean": 4.6499999999999995,
  "ride_precip_sum": 0.0,
  "ride_wind_speed": 16.002529239577736,
  "ride_wind_dir": 311.0782618424006,
  "tent_precip_sum": 0.0,
  "tent_temp_mean": 2.1399999999999997
}