{
  "ride_temp_mean": 2.45,
  "ride_precip_sum": 0.0,
  "ride_wind_speed": 7.385368184322007,
  "ride_wind_dir": 2.617670658879092,
  "tent_precip_sum": 1.7000000000000002,
  "tent_temp_mean": 1.3050000000000002
}