{
  "ride_temp_mean": 2.575,
  "ride_precip_sum": 0.0,
  "ride_wind_speed": 23.902827675350295,
  "ride_wind_dir": 259.3831956977874,
  "tent_precip_sum": 1.1,
  "tent_temp_mean": 3.2399999999999998
}