{
  "ride_temp_mean": 9.025,
  "ride_precip_sum": 1.3,
  "ride_wind_speed": 28.672712021402052,
  "ride_wind_dir": 232.00959051378396,
  "tent_precip_sum": 2.5,
  "tent_temp_mean": 8.265
}