{
  "ride_temp_mean": 3.675,
  "ride_precip_sum": 0.0,
  "ride_wind_speed": 24.106591055459194,
  "ride_wind_dir": 232.20858603489785,
  "tent_precip_sum": 0.0,
  "tent_temp_mean": 2.82
}