{
  "ride_temp_mean": 5.725,
  "ride_precip_sum": 0.4,
  "ride_wind_speed": 19.364829847049926,
  "ride_wind_dir": 248.13810487814402,
  "tent_precip_sum": 4.6,
  "tent_temp_mean": 5.3100000000000005
}