{
  "ride_temp_mean": 6.1,
  "ride_precip_sum": 6.6000000000000005,
  "ride_wind_speed": 21.455540716814408,
  "ride_wind_dir": 232.53639622226305,
  "tent_precip_sum": 11.1,
  "tent_temp_mean": 5.74
}