{
  "samples_local": {
    "10": {
      "temp": 14.2,
      "precip": 0.1,
      "wind": 17.5,
      "wind_dir_deg": 88.0
    },
    "12": {
      "temp": 15.4,
      "precip": 0.2,
      "wind": 18.7,
      "wind_dir_deg": 91.0
    },
    "14": {
      "temp": 16.1,
      "precip": 0.0,
      "wind": 17.1,
      "wind_dir_deg": 94.0
    },
    "16": {
      "temp": 15.6,
      "precip": 0.0,
      "wind": 13.3,
      "wind_dir_deg": 99.0
    }
  },
  "ride_temp_mean": 15.325,
  "ride_wind_mean": 16.65,
  "ride_wind_dir_deg": 92.57819449165163,
  "ride_rain_flag": 1.0,
  "tent_rain_flag": 0.0,
  "daily_precip_sum": 0.30000000000000004,
  "daily_temp_mean": 12.754166666666668,
  "daily_wind_mean": 13.170833333333334,
  "daily_wind_dir_deg": 77.36810618248973
}