{
  "samples_local": {
    "10": {
      "temp": 14.6,
      "precip": 0.0,
      "wind": 19.1,
      "wind_dir_deg": 87.0
    },
    "12": {
      "temp": 14.2,
      "precip": 0.0,
      "wind": 15.3,
      "wind_dir_deg": 91.0
    },
    "14": {
      "temp": 16.1,
      "precip": 0.2,
      "wind": 12.8,
      "wind_dir_deg": 86.0
    },
    "16": {
      "temp": 16.8,
      "precip": 0.0,
      "wind": 15.2,
      "wind_dir_deg": 80.0
    }
  },
  "ride_temp_mean": 15.425,
  "ride_wind_mean": 15.600000000000001,
  "ride_wind_dir_deg": 86.07177769114867,
  "ride_rain_flag": 1.0,
  "tent_rain_flag": 0.0,
  "daily_precip_sum": 0.2,
  "daily_temp_mean": 13.279166666666667,
  "daily_wind_mean": 12.708333333333334,
  "daily_wind_dir_deg": 69.04647241565829
}