{
  "samples_local": {
    "10": {
      "temp": 14.2,
      "precip": 0.0,
      "wind": 15.7,
      "wind_dir_deg": 86.0
    },
    "12": {
      "temp": 15.7,
      "precip": 0.0,
      "wind": 19.6,
      "wind_dir_deg": 92.0
    },
    "14": {
      "temp": 15.8,
      "precip": 0.0,
      "wind": 15.2,
      "wind_dir_deg": 97.0
    },
    "16": {
      "temp": 16.0,
      "precip": 0.0,
      "wind": 11.6,
      "wind_dir_deg": 103.0
    }
  },
  "ride_temp_mean": 15.425,
  "ride_wind_mean": 15.525,
  "ride_wind_dir_deg": 93.75985937763204,
  "ride_rain_flag": 0.0,
  "tent_rain_flag": 0.0,
  "daily_precip_sum": 0.0,
  "daily_temp_mean": 12.529166666666667,
  "daily_wind_mean": 12.233333333333334,
  "daily_wind_dir_deg": 73.16132615217418
}