{
  "samples_local": {
    "10": {
      "temp": 13.8,
      "precip": 0.0,
      "wind": 14.4,
      "wind_dir_deg": 38.0
    },
    "12": {
      "temp": 16.5,
      "precip": 0.1,
      "wind": 21.5,
      "wind_dir_deg": 59.0
    },
    "14": {
      "temp": 15.5,
      "precip": 0.0,
      "wind": 16.5,
      "wind_dir_deg": 40.0
    },
    "16": {
      "temp": 15.6,
      "precip": 0.0,
      "wind": 16.3,
      "wind_dir_deg": 23.0
    }
  },
  "ride_temp_mean": 15.35,
  "ride_wind_mean": 17.175,
  "ride_wind_dir_deg": 41.484645275169555,
  "ride_rain_flag": 0.0,
  "tent_rain_flag": 1.0,
  "daily_precip_sum": 1.4,
  "daily_temp_mean": 13.970833333333333,
  "daily_wind_mean": 17.650000000000002,
  "daily_wind_dir_deg": 43.061109533351214
}