{
  "samples_local": {
    "10": {
      "temp": 14.4,
      "precip": 0.0,
      "wind": 18.9,
      "wind_dir_deg": 52.0
    },
    "12": {
      "temp": 16.2,
      "precip": 0.1,
      "wind": 22.7,
      "wind_dir_deg": 67.0
    },
    "14": {
      "temp": 16.0,
      "precip": 0.1,
      "wind": 19.0,
      "wind_dir_deg": 67.0
    },
    "16": {
      "temp": 16.3,
      "precip": 0.0,
      "wind": 14.7,
      "wind_dir_deg": 57.0
    }
  },
  "ride_temp_mean": 15.725,
  "ride_wind_mean": 18.825,
  "ride_wind_dir_deg": 61.28861350446891,
  "ride_rain_flag": 0.0,
  "tent_rain_flag": 1.0,
  "daily_precip_sum": 0.7000000000000001,
  "daily_temp_mean": 14.15,
  "daily_wind_mean": 18.345833333333335,
  "daily_wind_dir_deg": 55.07950204573979
}