{
  "samples_local": {
    "10": {
      "temp": 13.1,
      "precip": 0.3,
      "wind": 10.8,
      "wind_dir_deg": 33.0
    },
    "12": {
      "temp": 14.1,
      "precip": 0.1,
      "wind": 13.8,
      "wind_dir_deg": 24.0
    },
    "14": {
      "temp": 16.1,
      "precip": 0.0,
      "wind": 14.0,
      "wind_dir_deg": 18.0
    },
    "16": {
      "temp": 17.0,
      "precip": 0.0,
      "wind": 13.3,
      "wind_dir_deg": 23.0
    }
  },
  "ride_temp_mean": 15.075,
  "ride_wind_mean": 12.975000000000001,
  "ride_wind_dir_deg": 23.9933232900475,
  "ride_rain_flag": 1.0,
  "tent_rain_flag": 1.0,
  "daily_precip_sum": 0.6,
  "daily_temp_mean": 14.520833333333334,
  "daily_wind_mean": 15.612499999999999,
  "daily_wind_dir_deg": 41.653823307245716
}