{
  "samples_local": {
    "10": {
      "temp": 15.4,
      "precip": 0.0,
      "wind": 19.1,
      "wind_dir_deg": 69.0
    },
    "12": {
      "temp": 17.5,
      "precip": 0.0,
      "wind": 22.1,
      "wind_dir_deg": 83.0
    },
    "14": {
      "temp": 17.5,
      "precip": 0.0,
      "wind": 21.0,
      "wind_dir_deg": 78.0
    },
    "16": {
      "temp": 18.0,
      "precip": 0.0,
      "wind": 19.1,
      "wind_dir_deg": 76.0
    }
  },
  "ride_temp_mean": 17.1,
  "ride_wind_mean": 20.325000000000003,
  "ride_wind_dir_deg": 76.77717119897312,
  "ride_rain_flag": 0.0,
  "tent_rain_flag": 0.0,
  "daily_precip_sum": 0.0,
  "daily_temp_mean": 14.654166666666667,
  "daily_wind_mean": 16.758333333333333,
  "daily_wind_dir_deg": 70.72881156213475
}