{
  "samples_local": {
    "10": {
      "temp": 13.1,
      "precip": 0.0,
      "wind": 10.8,
      "wind_dir_deg": 52.0
    },
    "12": {
      "temp": 14.0,
      "precip": 0.0,
      "wind": 12.0,
      "wind_dir_deg": 41.0
    },
    "14": {
      "temp": 17.5,
      "precip": 0.0,
      "wind": 17.3,
      "wind_dir_deg": 69.0
    },
    "16": {
      "temp": 17.5,
      "precip": 0.0,
      "wind": 17.3,
      "wind_dir_deg": 69.0
    }
  },
  "ride_temp_mean": 15.525,
  "ride_wind_mean": 14.350000000000001,
  "ride_wind_dir_deg": 60.00279791752945,
  "ride_rain_flag": 0.0,
  "tent_rain_flag": 0.0,
  "daily_precip_sum": 0.0,
  "daily_temp_mean": 13.420833333333334,
  "daily_wind_mean": 12.091666666666667,
  "daily_wind_dir_deg": 49.85945768049504
}