{
  "samples_local": {
    "10": {
      "temp": 11.7,
      "precip": 0.1,
      "wind": 19.0,
      "wind_dir_deg": 77.0
    },
    "12": {
      "temp": 12.3,
      "precip": 0.0,
      "wind": 19.2,
      "wind_dir_deg": 78.0
    },
    "14": {
      "temp": 12.8,
      "precip": 0.0,
      "wind": 18.3,
      "wind_dir_deg": 72.0
    },
    "16": {
      "temp": 13.6,
      "precip": 0.0,
      "wind": 19.4,
      "wind_dir_deg": 73.0
    }
  },
  "ride_temp_mean": 12.6,
  "ride_wind_mean": 18.975,
  "ride_wind_dir_deg": 75.02504350027317,
  "ride_rain_flag": 0.0,
  "tent_rain_flag": 0.0,
  "daily_precip_sum": 0.30000000000000004,
  "daily_temp_mean": 10.862499999999999,
  "daily_wind_mean": 16.516666666666666,
  "daily_wind_dir_deg": 67.33997443535048
}