{
  "samples_local": {
    "10": {
      "temp": 15.6,
      "precip": 0.1,
      "wind": 22.3,
      "wind_dir_deg": 92.0
    },
    "12": {
      "temp": 16.9,
      "precip": 0.5,
      "wind": 21.3,
      "wind_dir_deg": 86.0
    },
    "14": {
      "temp": 17.5,
      "precip": 0.1,
      "wind": 20.8,
      "wind_dir_deg": 84.0
    },
    "16": {
      "temp": 17.4,
      "precip": 0.0,
      "wind": 18.5,
      "wind_dir_deg": 75.0
    }
  },
  "ride_temp_mean": 16.849999999999998,
  "ride_wind_mean": 20.725,
  "ride_wind_dir_deg": 84.66220517790077,
  "ride_rain_flag": 1.0,
  "tent_rain_flag": 1.0,
  "daily_precip_sum": 1.1,
  "daily_temp_mean": 14.0375,
  "daily_wind_mean": 16.770833333333332,
  "daily_wind_dir_deg": 76.77109937612403
}