{
  "samples_local": {
    "10": {
      "temp": 13.1,
      "precip": 0.2,
      "wind": 15.0,
      "wind_dir_deg": 52.0
    },
    "12": {
      "temp": 14.7,
      "precip": 0.0,
      "wind": 16.1,
      "wind_dir_deg": 42.0
    },
    "14": {
      "temp": 17.0,
      "precip": 0.0,
      "wind": 18.3,
      "wind_dir_deg": 52.0
    },
    "16": {
      "temp": 17.4,
      "precip": 0.0,
      "wind": 16.0,
      "wind_dir_deg": 54.0
    }
  },
  "ride_temp_mean": 15.549999999999999,
  "ride_wind_mean": 16.35,
  "ride_wind_dir_deg": 50.03302335445551,
  "ride_rain_flag": 1.0,
  "tent_rain_flag": 1.0,
  "daily_precip_sum": 0.5,
  "daily_temp_mean": 14.299999999999999,
  "daily_wind_mean": 16.720833333333335,
  "daily_wind_dir_deg": 53.65665835498487
}