{
  "samples_local": {
    "10": {
      "temp": 12.2,
      "precip": 0.0,
      "wind": 16.2,
      "wind_dir_deg": 192.0
    },
    "12": {
      "temp": 14.7,
      "precip": 0.0,
      "wind": 12.8,
      "wind_dir_deg": 190.0
    },
    "14": {
      "temp": 15.2,
      "precip": 0.0,
      "wind": 14.2,
      "wind_dir_deg": 187.0
    },
    "16": {
      "temp": 12.6,
      "precip": 0.0,
      "wind": 20.2,
      "wind_dir_deg": 184.0
    }
  },
  "ride_temp_mean": 13.674999999999999,
  "ride_wind_mean": 15.85,
  "ride_wind_dir_deg": 187.9274663221158,
  "ride_rain_flag": 0.0,
  "tent_rain_flag": 0.0,
  "daily_precip_sum": 0.0,
  "daily_temp_mean": 11.0625,
  "daily_wind_mean": 13.091666666666667,
  "daily_wind_dir_deg": 192.9407972564697
}