{
  "samples_local": {
    "10": {
      "temp": 11.4,
      "precip": 0.0,
      "wind": 18.2,
      "wind_dir_deg": 214.0
    },
    "12": {
      "temp": 13.9,
      "precip": 0.0,
      "wind": 17.7,
      "wind_dir_deg": 209.0
    },
    "14": {
      "temp": 14.7,
      "precip": 0.0,
      "wind": 19.4,
      "wind_dir_deg": 198.0
    },
    "16": {
      "temp": 14.1,
      "precip": 0.0,
      "wind": 23.1,
      "wind_dir_deg": 198.0
    }
  },
  "ride_temp_mean": 13.525,
  "ride_wind_mean": 19.6,
  "ride_wind_dir_deg": 204.19185595146365,
  "ride_rain_flag": 0.0,
  "tent_rain_flag": 0.0,
  "daily_precip_sum": 0.0,
  "daily_temp_mean": 10.216666666666667,
  "daily_wind_mean": 15.633333333333333,
  "daily_wind_dir_deg": 204.75670953636558
}