{
  "samples_local": {
    "10": {
      "temp": 10.9,
      "precip": 0.0,
      "wind": 13.4,
      "wind_dir_deg": 204.0
    },
    "12": {
      "temp": 12.4,
      "precip": 0.0,
      "wind": 11.9,
      "wind_dir_deg": 205.0
    },
    "14": {
      "temp": 12.1,
      "precip": 0.0,
      "wind": 10.7,
      "wind_dir_deg": 213.0
    },
    "16": {
      "temp": 13.7,
      "precip": 0.0,
      "wind": 9.2,
      "wind_dir_deg": 249.0
    }
  },
  "ride_temp_mean": 12.275,
  "ride_wind_mean": 11.3,
  "ride_wind_dir_deg": 215.19618158444868,
  "ride_rain_flag": 0.0,
  "tent_rain_flag": 0.0,
  "daily_precip_sum": 0.0,
  "daily_temp_mean": 11.266666666666666,
  "daily_wind_mean": 10.924999999999999,
  "daily_wind_dir_deg": 207.7458461332763
}