{
  "samples_local": {
    "10": {
      "temp": 11.4,
      "precip": 0.1,
      "wind": 10.5,
      "wind_dir_deg": 186.0
    },
    "12": {
      "temp": 13.1,
      "precip": 0.0,
      "wind": 11.0,
      "wind_dir_deg": 191.0
    },
    "14": {
      "temp": 15.1,
      "precip": 0.0,
      "wind": 9.6,
      "wind_dir_deg": 193.0
    },
    "16": {
      "temp": 15.3,
      "precip": 0.0,
      "wind": 11.4,
      "wind_dir_deg": 208.0
    }
  },
  "ride_temp_mean": 13.725,
  "ride_wind_mean": 10.625,
  "ride_wind_dir_deg": 194.75406727346027,
  "ride_rain_flag": 0.0,
  "tent_rain_flag": 0.0,
  "daily_precip_sum": 0.2,
  "daily_temp_mean": 11.970833333333333,
  "daily_wind_mean": 9.379166666666666,
  "daily_wind_dir_deg": 195.38462096741358
}