{
  "samples_local": {
    "10": {
      "temp": 13.2,
      "precip": 0.0,
      "wind": 15.9,
      "wind_dir_deg": 205.0
    },
    "12": {
      "temp": 14.6,
      "precip": 0.0,
      "wind": 15.6,
      "wind_dir_deg": 209.0
    },
    "14": {
      "temp": 15.6,
      "precip": 0.0,
      "wind": 15.2,
      "wind_dir_deg": 211.0
    },
    "16": {
      "temp": 16.1,
      "precip": 0.0,
      "wind": 15.4,
      "wind_dir_deg": 217.0
    }
  },
  "ride_temp_mean": 14.875,
  "ride_wind_mean": 15.525,
  "ride_wind_dir_deg": 210.4478737028902,
  "ride_rain_flag": 0.0,
  "tent_rain_flag": 0.0,
  "daily_precip_sum": 0.0,
  "daily_temp_mean": 12.770833333333334,
  "daily_wind_mean": 15.704166666666666,
  "daily_wind_dir_deg": 203.14314891029147
}