{
  "samples_local": {
    "10": {
      "temp": 12.2,
      "precip": 0.0,
      "wind": 14.2,
      "wind_dir_deg": 204.0
    },
    "12": {
      "temp": 10.6,
      "precip": 0.0,
      "wind": 15.7,
      "wind_dir_deg": 200.0
    },
    "14": {
      "temp": 10.8,
      "precip": 0.0,
      "wind": 9.8,
      "wind_dir_deg": 216.0
    },
    "16": {
      "temp": 12.4,
      "precip": 0.0,
      "wind": 11.1,
      "wind_dir_deg": 241.0
    }
  },
  "ride_temp_mean": 11.5,
  "ride_wind_mean": 12.7,
  "ride_wind_dir_deg": 212.96594094226785,
  "ride_rain_flag": 0.0,
  "tent_rain_flag": 1.0,
  "daily_precip_sum": 0.6,
  "daily_temp_mean": 10.637500000000001,
  "daily_wind_mean": 13.241666666666667,
  "daily_wind_dir_deg": 212.85405688038335
}