{
  "samples_local": {
    "10": {
      "temp": 12.1,
      "precip": 0.1,
      "wind": 10.8,
      "wind_dir_deg": 116.0
    },
    "12": {
      "temp": 13.3,
      "precip": 0.1,
      "wind": 8.9,
      "wind_dir_deg": 133.0
    },
    "14": {
      "temp": 14.5,
      "precip": 0.2,
      "wind": 7.6,
      "wind_dir_deg": 149.0
    },
    "16": {
      "temp": 15.4,
      "precip": 0.0,
      "wind": 6.0,
      "wind_dir_deg": 147.0
    }
  },
  "ride_temp_mean": 13.825,
  "ride_wind_mean": 8.325,
  "ride_wind_dir_deg": 133.68839351413135,
  "ride_rain_flag": 1.0,
  "tent_rain_flag": 1.0,
  "daily_precip_sum": 0.9,
  "daily_temp_mean": 12.004166666666668,
  "daily_wind_mean": 9.270833333333334,
  "daily_wind_dir_deg": 110.68532095164721
}