{
  "samples_local": {
    "10": {
      "temp": 9.9,
      "precip": 0.1,
      "wind": 15.1,
      "wind_dir_deg": 118.0
    },
    "12": {
      "temp": 10.6,
      "precip": 0.0,
      "wind": 11.6,
      "wind_dir_deg": 120.0
    },
    "14": {
      "temp": 11.8,
      "precip": 0.1,
      "wind": 13.1,
      "wind_dir_deg": 127.0
    },
    "16": {
      "temp": 12.6,
      "precip": 0.0,
      "wind": 11.0,
      "wind_dir_deg": 122.0
    }
  },
  "ride_temp_mean": 11.225,
  "ride_wind_mean": 12.7,
  "ride_wind_dir_deg": 121.64246839430052,
  "ride_rain_flag": 0.0,
  "tent_rain_flag": 1.0,
  "daily_precip_sum": 0.7000000000000001,
  "daily_temp_mean": 9.983333333333333,
  "daily_wind_mean": 12.270833333333334,
  "daily_wind_dir_deg": 106.89951360570433
}