{
  "samples_local": {
    "10": {
      "temp": 13.3,
      "precip": 0.1,
      "wind": 9.1,
      "wind_dir_deg": 162.0
    },
    "12": {
      "temp": 14.9,
      "precip": 0.1,
      "wind": 8.2,
      "wind_dir_deg": 157.0
    },
    "14": {
      "temp": 15.0,
      "precip": 0.1,
      "wind": 7.0,
      "wind_dir_deg": 145.0
    },
    "16": {
      "temp": 16.1,
      "precip": 0.0,
      "wind": 6.4,
      "wind_dir_deg": 142.0
    }
  },
  "ride_temp_mean": 14.825000000000001,
  "ride_wind_mean": 7.675,
  "ride_wind_dir_deg": 152.62315542505848,
  "ride_rain_flag": 0.0,
  "tent_rain_flag": 0.0,
  "daily_precip_sum": 0.6000000000000001,
  "daily_temp_mean": 12.549999999999999,
  "daily_wind_mean": 10.35,
  "daily_wind_dir_deg": 125.54306209927074
}