{
  "samples_local": {
    "10": {
      "temp": 13.1,
      "precip": 0.0,
      "wind": 6.2,
      "wind_dir_deg": 126.0
    },
    "12": {
      "temp": 14.4,
      "precip": 0.1,
      "wind": 5.7,
      "wind_dir_deg": 145.0
    },
    "14": {
      "temp": 14.3,
      "precip": 0.0,
      "wind": 4.8,
      "wind_dir_deg": 138.0
    },
    "16": {
      "temp": 15.5,
      "precip": 0.0,
      "wind": 5.6,
      "wind_dir_deg": 140.0
    }
  },
  "ride_temp_mean": 14.325,
  "ride_wind_mean": 5.575,
  "ride_wind_dir_deg": 136.96665110622513,
  "ride_rain_flag": 0.0,
  "tent_rain_flag": 0.0,
  "daily_precip_sum": 0.30000000000000004,
  "daily_temp_mean": 11.891666666666666,
  "daily_wind_mean": 9.791666666666666,
  "daily_wind_dir_deg": 114.27974620882537
}