{
  "samples_local": {
    "10": {
      "temp": 13.1,
      "precip": 0.1,
      "wind": 11.3,
      "wind_dir_deg": 173.0
    },
    "12": {
      "temp": 15.4,
      "precip": 0.0,
      "wind": 10.1,
      "wind_dir_deg": 184.0
    },
    "14": {
      "temp": 16.0,
      "precip": 0.0,
      "wind": 7.4,
      "wind_dir_deg": 209.0
    },
    "16": {
      "temp": 16.1,
      "precip": 0.0,
      "wind": 5.1,
      "wind_dir_deg": 262.0
    }
  },
  "ride_temp_mean": 15.15,
  "ride_wind_mean": 8.475,
  "ride_wind_dir_deg": 195.62899109151203,
  "ride_rain_flag": 0.0,
  "tent_rain_flag": 0.0,
  "daily_precip_sum": 0.4,
  "daily_temp_mean": 12.654166666666667,
  "daily_wind_mean": 10.816666666666668,
  "daily_wind_dir_deg": 134.5464194197649
}