{
  "samples_local": {
    "10": {
      "temp": 11.2,
      "precip": 0.0,
      "wind": 12.0,
      "wind_dir_deg": 134.0
    },
    "12": {
      "temp": 12.8,
      "precip": 0.1,
      "wind": 10.7,
      "wind_dir_deg": 147.0
    },
    "14": {
      "temp": 14.1,
      "precip": 0.0,
      "wind": 10.8,
      "wind_dir_deg": 154.0
    },
    "16": {
      "temp": 13.6,
      "precip": 0.0,
      "wind": 11.5,
      "wind_dir_deg": 184.0
    }
  },
  "ride_temp_mean": 12.925,
  "ride_wind_mean": 11.25,
  "ride_wind_dir_deg": 154.45904081522508,
  "ride_rain_flag": 0.0,
  "tent_rain_flag": 0.0,
  "daily_precip_sum": 0.2,
  "daily_temp_mean": 10.579166666666667,
  "daily_wind_mean": 11.104166666666666,
  "daily_wind_dir_deg": 146.67634761367674
}