{
  "samples_local": {
    "10": {
      "temp": 12.0,
      "precip": 0.3,
      "wind": 11.8,
      "wind_dir_deg": 130.0
    },
    "12": {
      "temp": 13.1,
      "precip": 0.2,
      "wind": 10.4,
      "wind_dir_deg": 146.0
    },
    "14": {
      "temp": 12.8,
      "precip": 0.1,
      "wind": 11.3,
      "wind_dir_deg": 143.0
    },
    "16": {
      "temp": 13.9,
      "precip": 0.0,
      "wind": 8.2,
      "wind_dir_deg": 157.0
    }
  },
  "ride_temp_mean": 12.95,
  "ride_wind_mean": 10.425,
  "ride_wind_dir_deg": 142.8240050846241,
  "ride_rain_flag": 1.0,
  "tent_rain_flag": 1.0,
  "daily_precip_sum": 1.1,
  "daily_temp_mean": 11.075000000000001,
  "daily_wind_mean": 10.924999999999999,
  "daily_wind_dir_deg": 121.20545311736845
}