{
  "samples_local": {
    "10": {
      "temp": 12.7,
      "precip": 0.2,
      "wind": 10.9,
      "wind_dir_deg": 117.0
    },
    "12": {
      "temp": 14.7,
      "precip": 0.2,
      "wind": 11.0,
      "wind_dir_deg": 122.0
    },
    "14": {
      "temp": 15.3,
      "precip": 0.1,
      "wind": 7.6,
      "wind_dir_deg": 135.0
    },
    "16": {
      "temp": 16.0,
      "precip": 0.0,
      "wind": 5.2,
      "wind_dir_deg": 155.0
    }
  },
  "ride_temp_mean": 14.675,
  "ride_wind_mean": 8.675,
  "ride_wind_dir_deg": 128.0971302114753,
  "ride_rain_flag": 1.0,
  "tent_rain_flag": 0.0,
  "daily_precip_sum": 0.8,
  "daily_temp_mean": 12.845833333333333,
  "daily_wind_mean": 9.279166666666667,
  "daily_wind_dir_deg": 114.41179953816061
}