{
  "samples_local": {
    "10": {
      "temp": 10.4,
      "precip": 0.0,
      "wind": 13.1,
      "wind_dir_deg": 127.0
    },
    "12": {
      "temp": 12.3,
      "precip": 0.0,
      "wind": 8.9,
      "wind_dir_deg": 137.0
    },
    "14": {
      "temp": 12.2,
      "precip": 0.1,
      "wind": 12.0,
      "wind_dir_deg": 139.0
    },
    "16": {
      "temp": 12.9,
      "precip": 0.0,
      "wind": 9.7,
      "wind_dir_deg": 149.0
    }
  },
  "ride_temp_mean": 11.95,
  "ride_wind_mean": 10.925,
  "ride_wind_dir_deg": 137.21279288351286,
  "ride_rain_flag": 0.0,
  "tent_rain_flag": 0.0,
  "daily_precip_sum": 0.2,
  "daily_temp_mean": 9.233333333333333,
  "daily_wind_mean": 10.054166666666667,
  "daily_wind_dir_deg": 135.57896264741294
}