{
  "samples_local": {
    "10": {
      "temp": 11.9,
      "precip": 0.1,
      "wind": 16.8,
      "wind_dir_deg": 145.0
    },
    "12": {
      "temp": 13.8,
      "precip": 0.0,
      "wind": 13.0,
      "wind_dir_deg": 138.0
    },
    "14": {
      "temp": 12.8,
      "precip": 0.1,
      "wind": 12.9,
      "wind_dir_deg": 144.0
    },
    "16": {
      "temp": 13.9,
      "precip": 0.0,
      "wind": 10.6,
      "wind_dir_deg": 145.0
    }
  },
  "ride_temp_mean": 13.100000000000001,
  "ride_wind_mean": 13.325,
  "ride_wind_dir_deg": 143.05204936800453,
  "ride_rain_flag": 0.0,
  "tent_rain_flag": 0.0,
  "daily_precip_sum": 0.8,
  "daily_temp_mean": 11.179166666666667,
  "daily_wind_mean": 12.475,
  "daily_wind_dir_deg": 127.61778291326254
}