{
  "samples_local": {
    "10": {
      "temp": 12.3,
      "precip": 0.3,
      "wind": 11.4,
      "wind_dir_deg": 145.0
    },
    "12": {
      "temp": 14.1,
      "precip": 0.1,
      "wind": 11.0,
      "wind_dir_deg": 142.0
    },
    "14": {
      "temp": 13.1,
      "precip": 0.1,
      "wind": 12.1,
      "wind_dir_deg": 127.0
    },
    "16": {
      "temp": 13.4,
      "precip": 0.1,
      "wind": 12.5,
      "wind_dir_deg": 134.0
    }
  },
  "ride_temp_mean": 13.225,
  "ride_wind_mean": 11.75,
  "ride_wind_dir_deg": 136.7419891944561,
  "ride_rain_flag": 1.0,
  "tent_rain_flag": 1.0,
  "daily_precip_sum": 1.7000000000000002,
  "daily_temp_mean": 10.929166666666667,
  "daily_wind_mean": 11.891666666666666,
  "daily_wind_dir_deg": 117.79636566563943
}