{
  "samples_local": {
    "10": {
      "temp": 12.7,
      "precip": 0.1,
      "wind": 16.9,
      "wind_dir_deg": 151.0
    },
    "12": {
      "temp": 14.0,
      "precip": 0.1,
      "wind": 14.5,
      "wind_dir_deg": 136.0
    },
    "14": {
      "temp": 12.6,
      "precip": 0.1,
      "wind": 17.3,
      "wind_dir_deg": 137.0
    },
    "16": {
      "temp": 13.6,
      "precip": 0.0,
      "wind": 12.9,
      "wind_dir_deg": 120.0
    }
  },
  "ride_temp_mean": 13.225,
  "ride_wind_mean": 15.4,
  "ride_wind_dir_deg": 137.0604127263752,
  "ride_rain_flag": 0.0,
  "tent_rain_flag": 0.0,
  "daily_precip_sum": 0.6000000000000001,
  "daily_temp_mean": 11.608333333333334,
  "daily_wind_mean": 17.745833333333334,
  "daily_wind_dir_deg": 139.10344704883425
}