{
  "samples_local": {
    "10": {
      "temp": 20.6,
      "precip": 0.1,
      "wind": 16.0,
      "wind_dir_deg": 44.0
    },
    "12": {
      "temp": 22.4,
      "precip": 0.2,
      "wind": 15.7,
      "wind_dir_deg": 53.0
    },
    "14": {
      "temp": 24.2,
      "precip": 0.1,
      "wind": 14.3,
      "wind_dir_deg": 45.0
    },
    "16": {
      "temp": 24.4,
      "precip": 0.0,
      "wind": 14.2,
      "wind_dir_deg": 63.0
    }
  },
  "ride_temp_mean": 22.9,
  "ride_wind_mean": 15.05,
  "ride_wind_dir_deg": 51.053378019619686,
  "ride_rain_flag": 1.0,
  "tent_rain_flag": 1.0,
  "daily_precip_sum": 2.8000000000000003,
  "daily_temp_mean": 20.974999999999998,
  "daily_wind_mean": 12.091666666666667,
  "daily_wind_dir_deg": 51.73598398436616
}