{
  "samples_local": {
    "10": {
      "temp": 28.2,
      "precip": 0.0,
      "wind": 9.0,
      "wind_dir_deg": 331.0
    },
    "12": {
      "temp": 31.0,
      "precip": 0.1,
      "wind": 11.2,
      "wind_dir_deg": 2.0
    },
    "14": {
      "temp": 26.5,
      "precip": 0.0,
      "wind": 3.4,
      "wind_dir_deg": 148.0
    },
    "16": {
      "temp": 24.7,
      "precip": 0.4,
      "wind": 11.6,
      "wind_dir_deg": 292.0
    }
  },
  "ride_temp_mean": 27.6,
  "ride_wind_mean": 8.799999999999999,
  "ride_wind_dir_deg": 327.80082700157203,
  "ride_rain_flag": 1.0,
  "tent_rain_flag": 1.0,
  "daily_precip_sum": 1.6,
  "daily_temp_mean": 24.820833333333336,
  "daily_wind_mean": 9.170833333333333,
  "daily_wind_dir_deg": 336.8222525899819
}