{
  "samples_local": {
    "10": {
      "temp": 27.2,
      "precip": 0.0,
      "wind": 11.2,
      "wind_dir_deg": 48.0
    },
    "12": {
      "temp": 26.9,
      "precip": 0.0,
      "wind": 17.0,
      "wind_dir_deg": 126.0
    },
    "14": {
      "temp": 25.5,
      "precip": 0.0,
      "wind": 7.3,
      "wind_dir_deg": 110.0
    },
    "16": {
      "temp": 25.2,
      "precip": 0.1,
      "wind": 11.5,
      "wind_dir_deg": 86.0
    }
  },
  "ride_temp_mean": 26.2,
  "ride_wind_mean": 11.75,
  "ride_wind_dir_deg": 95.92363473452178,
  "ride_rain_flag": 0.0,
  "tent_rain_flag": 1.0,
  "daily_precip_sum": 0.7000000000000001,
  "daily_temp_mean": 23.15416666666667,
  "daily_wind_mean": 10.854166666666666,
  "daily_wind_dir_deg": 355.5380320077964
}