{
  "samples_local": {
    "10": {
      "temp": 27.2,
      "precip": 0.0,
      "wind": 6.4,
      "wind_dir_deg": 344.0
    },
    "12": {
      "temp": 30.0,
      "precip": 0.0,
      "wind": 7.1,
      "wind_dir_deg": 41.0
    },
    "14": {
      "temp": 27.7,
      "precip": 0.2,
      "wind": 12.7,
      "wind_dir_deg": 135.0
    },
    "16": {
      "temp": 28.6,
      "precip": 0.0,
      "wind": 10.2,
      "wind_dir_deg": 132.0
    }
  },
  "ride_temp_mean": 28.375,
  "ride_wind_mean": 9.1,
  "ride_wind_dir_deg": 102.44936778307829,
  "ride_rain_flag": 1.0,
  "tent_rain_flag": 1.0,
  "daily_precip_sum": 9.200000000000001,
  "daily_temp_mean": 24.129166666666666,
  "daily_wind_mean": 9.799999999999999,
  "daily_wind_dir_deg": 351.5825976359357
}