{
  "samples_local": {
    "10": {
      "temp": 26.6,
      "precip": 0.0,
      "wind": 11.5,
      "wind_dir_deg": 92.0
    },
    "12": {
      "temp": 27.1,
      "precip": 0.1,
      "wind": 15.2,
      "wind_dir_deg": 121.0
    },
    "14": {
      "temp": 26.0,
      "precip": 0.0,
      "wind": 10.7,
      "wind_dir_deg": 104.0
    },
    "16": {
      "temp": 25.6,
      "precip": 0.0,
      "wind": 10.1,
      "wind_dir_deg": 96.0
    }
  },
  "ride_temp_mean": 26.325000000000003,
  "ride_wind_mean": 11.875,
  "ride_wind_dir_deg": 104.79791083030136,
  "ride_rain_flag": 0.0,
  "tent_rain_flag": 1.0,
  "daily_precip_sum": 0.5,
  "daily_temp_mean": 23.558333333333334,
  "daily_wind_mean": 8.829166666666667,
  "daily_wind_dir_deg": 50.298072014115974
}