{
  "ride_temp_mean": -5.425000000000001,
  "ride_precip_sum": 0.5,
  "ride_wind_speed": 3.4050318927462864,
  "ride_wind_dir": 273.2817345872862,
  "tent_precip_sum": 1.3,
  "tent_temp_mean": -6.76
}