{
  "ride_temp_mean": -4.175,
  "ride_precip_sum": 1.9,
  "ride_wind_speed": 6.952105819480298,
  "ride_wind_dir": 339.3152589874314,
  "tent_precip_sum": 27.400000000000002,
  "tent_temp_mean": -4.005
}