{
  "ride_temp_mean": 4.825,
  "ride_precip_sum": 0.0,
  "ride_wind_speed": 3.1572449471487976,
  "ride_wind_dir": 211.1350964571575,
  "tent_precip_sum": 1.1,
  "tent_temp_mean": 2.75
}