{
  "ride_temp_mean": 4.35,
  "ride_precip_sum": 0.1,
  "ride_wind_speed": 13.128603331405568,
  "ride_wind_dir": 222.04593044132403,
  "tent_precip_sum": 15.7,
  "tent_temp_mean": 2.62
}