{
  "ride_temp_mean": 3.55,
  "ride_precip_sum": 0.0,
  "ride_wind_speed": 5.156742233346759,
  "ride_wind_dir": 163.58106591037017,
  "tent_precip_sum": 0.0,
  "tent_temp_mean": 0.305
}