{
  "ride_temp_mean": 11.175,
  "ride_precip_sum": 0.1,
  "ride_wind_speed": 21.118231807573945,
  "ride_wind_dir": 237.97711329599207,
  "tent_precip_sum": 3.2,
  "tent_temp_mean": 9.32
}