{
  "ride_temp_mean": 3.575,
  "ride_precip_sum": 0.1,
  "ride_wind_speed": 2.5643835858872643,
  "ride_wind_dir": 143.39323649529229,
  "tent_precip_sum": 0.5,
  "tent_temp_mean": 1.95
}