{
  "ride_temp_mean": 8.9,
  "ride_precip_sum": 0.0,
  "ride_wind_speed": 2.0525747857422636,
  "ride_wind_dir": 147.3893268899651,
  "tent_precip_sum": 0.0,
  "tent_temp_mean": 6.075
}