{
  "ride_temp_mean": 8.2,
  "ride_precip_sum": 0.0,
  "ride_wind_speed": 3.136479725686748,
  "ride_wind_dir": 251.62986781222878,
  "tent_precip_sum": 0.1,
  "tent_temp_mean": 4.0200000000000005
}