{
  "ride_temp_mean": -9.55,
  "ride_precip_sum": 0.1,
  "ride_wind_speed": 3.07366997096451,
  "ride_wind_dir": 270.0004123086666,
  "tent_precip_sum": 2.2,
  "tent_temp_mean": -10.809999999999999
}