{
  "ride_temp_mean": -8.05,
  "ride_precip_sum": 1.6,
  "ride_wind_speed": 6.388343685141656,
  "ride_wind_dir": 290.49823302285256,
  "tent_precip_sum": 22.9,
  "tent_temp_mean": -7.765000000000001
}