{
  "ride_temp_mean": 0.75,
  "ride_precip_sum": 0.0,
  "ride_wind_speed": 6.461846394439262,
  "ride_wind_dir": 237.87772886617938,
  "tent_precip_sum": 0.1,
  "tent_temp_mean": -1.9899999999999998
}