{
  "ride_temp_mean": -0.7749999999999999,
  "ride_precip_sum": 0.0,
  "ride_wind_speed": 5.638526808435275,
  "ride_wind_dir": 213.57847752539638,
  "tent_precip_sum": 0.0,
  "tent_temp_mean": -6.175
}