{
  "ride_temp_mean": 4.175,
  "ride_precip_sum": 0.2,
  "ride_wind_speed": 2.2083650846450884,
  "ride_wind_dir": 222.66351856430026,
  "tent_precip_sum": 2.0,
  "tent_temp_mean": 2.005
}