{
  "ride_temp_mean": 7.225,
  "ride_precip_sum": 0.0,
  "ride_wind_speed": 5.236844667256973,
  "ride_wind_dir": 294.2040846461374,
  "tent_precip_sum": 0.5,
  "tent_temp_mean": 5.515
}