{
  "samples_local": {
    "10": {
      "temp": 7.3,
      "precip": 0.0,
      "wind": 10.9,
      "wind_dir_deg": 278.0
    },
    "12": {
      "temp": 11.2,
      "precip": 0.0,
      "wind": 10.5,
      "wind_dir_deg": 274.0
    },
    "14": {
      "temp": 12.0,
      "precip": 0.0,
      "wind": 11.9,
      "wind_dir_deg": 272.0
    },
    "16": {
      "temp": 11.6,
      "precip": 0.0,
      "wind": 12.2,
      "wind_dir_deg": 272.0
    }
  },
  "ride_temp_mean": 10.525,
  "ride_wind_mean": 11.375,
  "ride_wind_dir_deg": 273.898245907675,
  "ride_rain_flag": 0.0,
  "tent_rain_flag": 1.0,
  "daily_precip_sum": 1.3,
  "daily_temp_mean": 7.0249999999999995,
  "daily_wind_mean": 10.683333333333332,
  "daily_wind_dir_deg": 283.05191618554375
}