{
  "samples_local": {
    "10": {
      "temp": 8.4,
      "precip": 0.0,
      "wind": 8.7,
      "wind_dir_deg": 277.0
    },
    "12": {
      "temp": 11.0,
      "precip": 0.0,
      "wind": 13.0,
      "wind_dir_deg": 284.0
    },
    "14": {
      "temp": 11.6,
      "precip": 0.0,
      "wind": 15.1,
      "wind_dir_deg": 273.0
    },
    "16": {
      "temp": 10.7,
      "precip": 0.0,
      "wind": 15.1,
      "wind_dir_deg": 271.0
    }
  },
  "ride_temp_mean": 10.425,
  "ride_wind_mean": 12.975,
  "ride_wind_dir_deg": 275.8390233899506,
  "ride_rain_flag": 0.0,
  "tent_rain_flag": 0.0,
  "daily_precip_sum": 0.0,
  "daily_temp_mean": 6.616666666666667,
  "daily_wind_mean": 11.883333333333333,
  "daily_wind_dir_deg": 278.4652406218357
}