{
  "samples_local": {
    "10": {
      "temp": 7.6,
      "precip": 0.0,
      "wind": 16.3,
      "wind_dir_deg": 275.0
    },
    "12": {
      "temp": 10.7,
      "precip": 0.0,
      "wind": 16.0,
      "wind_dir_deg": 279.0
    },
    "14": {
      "temp": 11.4,
      "precip": 0.0,
      "wind": 19.4,
      "wind_dir_deg": 270.0
    },
    "16": {
      "temp": 10.9,
      "precip": 0.0,
      "wind": 19.8,
      "wind_dir_deg": 270.0
    }
  },
  "ride_temp_mean": 10.15,
  "ride_wind_mean": 17.875,
  "ride_wind_dir_deg": 273.1523744417783,
  "ride_rain_flag": 0.0,
  "tent_rain_flag": 1.0,
  "daily_precip_sum": 0.7999999999999999,
  "daily_temp_mean": 8.012500000000001,
  "daily_wind_mean": 17.9375,
  "daily_wind_dir_deg": 278.0941301174688
}