{
  "samples_local": {
    "10": {
      "temp": 9.9,
      "precip": 0.0,
      "wind": 18.0,
      "wind_dir_deg": 299.0
    },
    "12": {
      "temp": 13.1,
      "precip": 0.0,
      "wind": 20.8,
      "wind_dir_deg": 300.0
    },
    "14": {
      "temp": 14.4,
      "precip": 0.0,
      "wind": 21.1,
      "wind_dir_deg": 300.0
    },
    "16": {
      "temp": 13.8,
      "precip": 0.0,
      "wind": 22.7,
      "wind_dir_deg": 306.0
    }
  },
  "ride_temp_mean": 12.8,
  "ride_wind_mean": 20.65,
  "ride_wind_dir_deg": 301.42989539980454,
  "ride_rain_flag": 0.0,
  "tent_rain_flag": 1.0,
  "daily_precip_sum": 10.5,
  "daily_temp_mean": 9.870833333333334,
  "daily_wind_mean": 19.445833333333333,
  "daily_wind_dir_deg": 298.79726159186305
}