{
  "samples_local": {
    "10": {
      "temp": 7.8,
      "precip": 0.0,
      "wind": 10.5,
      "wind_dir_deg": 278.0
    },
    "12": {
      "temp": 10.8,
      "precip": 0.0,
      "wind": 15.4,
      "wind_dir_deg": 281.0
    },
    "14": {
      "temp": 11.1,
      "precip": 0.0,
      "wind": 17.4,
      "wind_dir_deg": 276.0
    },
    "16": {
      "temp": 10.5,
      "precip": 0.0,
      "wind": 17.0,
      "wind_dir_deg": 275.0
    }
  },
  "ride_temp_mean": 10.05,
  "ride_wind_mean": 15.075,
  "ride_wind_dir_deg": 277.3428665254924,
  "ride_rain_flag": 0.0,
  "tent_rain_flag": 0.0,
  "daily_precip_sum": 0.0,
  "daily_temp_mean": 6.845833333333334,
  "daily_wind_mean": 13.983333333333334,
  "daily_wind_dir_deg": 281.9313562664948
}