{
  "samples_local": {
    "10": {
      "temp": 9.2,
      "precip": 0.0,
      "wind": 15.2,
      "wind_dir_deg": 329.0
    },
    "12": {
      "temp": 11.6,
      "precip": 0.0,
      "wind": 17.4,
      "wind_dir_deg": 336.0
    },
    "14": {
      "temp": 12.8,
      "precip": 0.0,
      "wind": 12.0,
      "wind_dir_deg": 314.0
    },
    "16": {
      "temp": 12.1,
      "precip": 0.0,
      "wind": 18.3,
      "wind_dir_deg": 313.0
    }
  },
  "ride_temp_mean": 11.425,
  "ride_wind_mean": 15.725,
  "ride_wind_dir_deg": 323.4143738104831,
  "ride_rain_flag": 0.0,
  "tent_rain_flag": 1.0,
  "daily_precip_sum": 0.7,
  "daily_temp_mean": 8.954166666666667,
  "daily_wind_mean": 18.545833333333334,
  "daily_wind_dir_deg": 328.84940306493473
}