{
  "samples_local": {
    "10": {
      "temp": 8.2,
      "precip": 0.0,
      "wind": 12.8,
      "wind_dir_deg": 286.0
    },
    "12": {
      "temp": 10.9,
      "precip": 0.0,
      "wind": 16.5,
      "wind_dir_deg": 290.0
    },
    "14": {
      "temp": 10.9,
      "precip": 0.0,
      "wind": 17.5,
      "wind_dir_deg": 284.0
    },
    "16": {
      "temp": 10.1,
      "precip": 0.0,
      "wind": 18.5,
      "wind_dir_deg": 278.0
    }
  },
  "ride_temp_mean": 10.025,
  "ride_wind_mean": 16.325,
  "ride_wind_dir_deg": 284.2091637998926,
  "ride_rain_flag": 0.0,
  "tent_rain_flag": 0.0,
  "daily_precip_sum": 0.0,
  "daily_temp_mean": 6.741666666666667,
  "daily_wind_mean": 15.029166666666667,
  "daily_wind_dir_deg": 286.1633036325393
}