{
  "samples_local": {
    "10": {
      "temp": 8.2,
      "precip": 0.0,
      "wind": 5.7,
      "wind_dir_deg": 288.0
    },
    "12": {
      "temp": 11.5,
      "precip": 0.0,
      "wind": 8.9,
      "wind_dir_deg": 284.0
    },
    "14": {
      "temp": 12.3,
      "precip": 0.0,
      "wind": 18.3,
      "wind_dir_deg": 285.0
    },
    "16": {
      "temp": 10.9,
      "precip": 0.0,
      "wind": 17.3,
      "wind_dir_deg": 274.0
    }
  },
  "ride_temp_mean": 10.725,
  "ride_wind_mean": 12.55,
  "ride_wind_dir_deg": 281.37681131747047,
  "ride_rain_flag": 0.0,
  "tent_rain_flag": 0.0,
  "daily_precip_sum": 0.0,
  "daily_temp_mean": 7.8999999999999995,
  "daily_wind_mean": 13.054166666666667,
  "daily_wind_dir_deg": 295.6555497118264
}