{
  "samples_local": {
    "10": {
      "temp": 8.6,
      "precip": 0.0,
      "wind": 2.2,
      "wind_dir_deg": 9.0
    },
    "12": {
      "temp": 11.4,
      "precip": 0.0,
      "wind": 7.2,
      "wind_dir_deg": 288.0
    },
    "14": {
      "temp": 11.4,
      "precip": 0.0,
      "wind": 13.8,
      "wind_dir_deg": 277.0
    },
    "16": {
      "temp": 10.9,
      "precip": 0.0,
      "wind": 16.6,
      "wind_dir_deg": 288.0
    }
  },
  "ride_temp_mean": 10.575,
  "ride_wind_mean": 9.950000000000001,
  "ride_wind_dir_deg": 287.3003812084226,
  "ride_rain_flag": 0.0,
  "tent_rain_flag": 0.0,
  "daily_precip_sum": 0.0,
  "daily_temp_mean": 8.325000000000001,
  "daily_wind_mean": 13.445833333333333,
  "daily_wind_dir_deg": 311.7279739361993
}