{
  "samples_local": {
    "10": {
      "temp": 6.3,
      "precip": 0.0,
      "wind": 11.3,
      "wind_dir_deg": 287.0
    },
    "12": {
      "temp": 9.9,
      "precip": 0.0,
      "wind": 15.6,
      "wind_dir_deg": 285.0
    },
    "14": {
      "temp": 10.1,
      "precip": 0.1,
      "wind": 14.3,
      "wind_dir_deg": 288.0
    },
    "16": {
      "temp": 10.4,
      "precip": 0.0,
      "wind": 13.7,
      "wind_dir_deg": 288.0
    }
  },
  "ride_temp_mean": 9.175,
  "ride_wind_mean": 13.725,
  "ride_wind_dir_deg": 286.941787136175,
  "ride_rain_flag": 0.0,
  "tent_rain_flag": 1.0,
  "daily_precip_sum": 7.1000000000000005,
  "daily_temp_mean": 7.216666666666666,
  "daily_wind_mean": 12.854166666666666,
  "daily_wind_dir_deg": 292.0647698333941
}