{
  "samples_local": {
    "10": {
      "temp": 8.4,
      "precip": 0.0,
      "wind": 4.1,
      "wind_dir_deg": 308.0
    },
    "12": {
      "temp": 10.7,
      "precip": 0.0,
      "wind": 9.8,
      "wind_dir_deg": 298.0
    },
    "14": {
      "temp": 11.1,
      "precip": 0.0,
      "wind": 12.9,
      "wind_dir_deg": 293.0
    },
    "16": {
      "temp": 10.1,
      "precip": 0.0,
      "wind": 14.2,
      "wind_dir_deg": 279.0
    }
  },
  "ride_temp_mean": 10.075,
  "ride_wind_mean": 10.25,
  "ride_wind_dir_deg": 290.84538832997805,
  "ride_rain_flag": 0.0,
  "tent_rain_flag": 0.0,
  "daily_precip_sum": 0.0,
  "daily_temp_mean": 6.4750000000000005,
  "daily_wind_mean": 10.833333333333334,
  "daily_wind_dir_deg": 304.93694960521395
}