{
  "samples_local": {
    "10": {
      "temp": 8.2,
      "precip": 0.0,
      "wind": 6.4,
      "wind_dir_deg": 297.0
    },
    "12": {
      "temp": 10.8,
      "precip": 0.0,
      "wind": 11.4,
      "wind_dir_deg": 298.0
    },
    "14": {
      "temp": 11.1,
      "precip": 0.0,
      "wind": 14.1,
      "wind_dir_deg": 285.0
    },
    "16": {
      "temp": 10.3,
      "precip": 0.0,
      "wind": 14.7,
      "wind_dir_deg": 281.0
    }
  },
  "ride_temp_mean": 10.1,
  "ride_wind_mean": 11.65,
  "ride_wind_dir_deg": 288.55950497705714,
  "ride_rain_flag": 0.0,
  "tent_rain_flag": 0.0,
  "daily_precip_sum": 0.0,
  "daily_temp_mean": 6.7124999999999995,
  "daily_wind_mean": 12.041666666666666,
  "daily_wind_dir_deg": 301.28895199504916
}