{
  "ride_temp_mean": -4.475,
  "ride_precip_sum": 0.8,
  "ride_wind_speed": 7.589096280437956,
  "ride_wind_dir": 299.95988137318307,
  "tent_precip_sum": 3.4,
  "tent_temp_mean": -5.029999999999999
}