{
  "ride_temp_mean": -4.575,
  "ride_precip_sum": 0.0,
  "ride_wind_speed": 17.848850662968886,
  "ride_wind_dir": 294.23039421906714,
  "tent_precip_sum": 15.1,
  "tent_temp_mean": -3.3299999999999996
}