{
  "ride_temp_mean": 3.375,
  "ride_precip_sum": 0.8,
  "ride_wind_speed": 22.25019745016901,
  "ride_wind_dir": 243.52097748476237,
  "tent_precip_sum": 4.0,
  "tent_temp_mean": 2.62
}