{
  "ride_temp_mean": 3.05,
  "ride_precip_sum": 3.0,
  "ride_wind_speed": 26.510785445560572,
  "ride_wind_dir": 241.01531174125256,
  "tent_precip_sum": 20.3,
  "tent_temp_mean": 2.355
}