{
  "ride_temp_mean": 4.425,
  "ride_precip_sum": 0.0,
  "ride_wind_speed": 20.096094824282893,
  "ride_wind_dir": 237.30981305904186,
  "tent_precip_sum": 0.0,
  "tent_temp_mean": 2.17
}