{
  "ride_temp_mean": 8.1,
  "ride_precip_sum": 0.0,
  "ride_wind_speed": 0.7543668915362314,
  "ride_wind_dir": 256.11277710429323,
  "tent_precip_sum": 0.0,
  "tent_temp_mean": 2.915
}