{
  "ride_temp_mean": 8.075,
  "ride_precip_sum": 1.6,
  "ride_wind_speed": 3.80169854339744,
  "ride_wind_dir": 89.88769739552862,
  "tent_precip_sum": 6.6,
  "tent_temp_mean": 5.915
}