{
  "ride_temp_mean": 5.375,
  "ride_precip_sum": 0.0,
  "ride_wind_speed": 3.3085183103302467,
  "ride_wind_dir": 158.33780680726898,
  "tent_precip_sum": 0.0,
  "tent_temp_mean": 1.31
}