{
  "ride_temp_mean": 2.725,
  "ride_precip_sum": 0.0,
  "ride_wind_speed": 20.497273634829188,
  "ride_wind_dir": 257.836083043561,
  "tent_precip_sum": 1.1,
  "tent_temp_mean": 4.025
}