{
  "ride_temp_mean": 7.050000000000001,
  "ride_precip_sum": 1.3,
  "ride_wind_speed": 24.456798340509756,
  "ride_wind_dir": 240.88652934436823,
  "tent_precip_sum": 6.9,
  "tent_temp_mean": 7.185
}