{
  "samples_local": {
    "10": {
      "temp": 10.8,
      "precip": 0.0,
      "wind": 30.4,
      "wind_dir_deg": 35.0
    },
    "12": {
      "temp": 11.9,
      "precip": 0.0,
      "wind": 26.2,
      "wind_dir_deg": 28.0
    },
    "14": {
      "temp": 11.8,
      "precip": 0.0,
      "wind": 35.2,
      "wind_dir_deg": 34.0
    },
    "16": {
      "temp": 11.8,
      "precip": 0.0,
      "wind": 34.2,
      "wind_dir_deg": 39.0
    }
  },
  "ride_temp_mean": 11.575000000000001,
  "ride_wind_mean": 31.5,
  "ride_wind_dir_deg": 34.35211183825885,
  "ride_rain_flag": 0.0,
  "tent_rain_flag": 0.0,
  "daily_precip_sum": 0.30000000000000004,
  "daily_temp_mean": 10.416666666666666,
  "daily_wind_mean": 28.34166666666667,
  "daily_wind_dir_deg": 32.0845624657602
}