{
  "samples_local": {
    "10": {
      "temp": 1.5,
      "precip": 0.0,
      "wind": 9.4,
      "wind_dir_deg": 313.0
    },
    "12": {
      "temp": 5.0,
      "precip": 0.0,
      "wind": 7.9,
      "wind_dir_deg": 321.0
    },
    "14": {
      "temp": 8.4,
      "precip": 0.0,
      "wind": 5.4,
      "wind_dir_deg": 318.0
    },
    "16": {
      "temp": 9.4,
      "precip": 0.0,
      "wind": 4.7,
      "wind_dir_deg": 313.0
    }
  },
  "ride_temp_mean": 6.075,
  "ride_wind_mean": 6.8500000000000005,
  "ride_wind_dir_deg": 316.2913245696759,
  "ride_rain_flag": 0.0,
  "tent_rain_flag": 0.0,
  "daily_precip_sum": 0.0,
  "daily_temp_mean": 3.595833333333333,
  "daily_wind_mean": 8.512500000000001,
  "daily_wind_dir_deg": 318.4028249573861
}