{
  "samples_local": {
    "10": {
      "temp": 4.2,
      "precip": 0.0,
      "wind": 8.9,
      "wind_dir_deg": 347.0
    },
    "12": {
      "temp": 9.5,
      "precip": 0.0,
      "wind": 5.8,
      "wind_dir_deg": 254.0
    },
    "14": {
      "temp": 9.3,
      "precip": 0.0,
      "wind": 7.1,
      "wind_dir_deg": 255.0
    },
    "16": {
      "temp": 7.9,
      "precip": 0.0,
      "wind": 6.3,
      "wind_dir_deg": 294.0
    }
  },
  "ride_temp_mean": 7.7250000000000005,
  "ride_wind_mean": 7.025,
  "ride_wind_dir_deg": 291.11739715475903,
  "ride_rain_flag": 0.0,
  "tent_rain_flag": 0.0,
  "daily_precip_sum": 0.0,
  "daily_temp_mean": 1.5458333333333334,
  "daily_wind_mean": 7.658333333333334,
  "daily_wind_dir_deg": 342.3780119295186
}