{
  "samples_local": {
    "10": {
      "temp": 2.5,
      "precip": 0.0,
      "wind": 15.2,
      "wind_dir_deg": 327.0
    },
    "12": {
      "temp": 5.2,
      "precip": 0.0,
      "wind": 11.7,
      "wind_dir_deg": 339.0
    },
    "14": {
      "temp": 6.7,
      "precip": 0.0,
      "wind": 10.6,
      "wind_dir_deg": 334.0
    },
    "16": {
      "temp": 7.8,
      "precip": 0.0,
      "wind": 9.6,
      "wind_dir_deg": 337.0
    }
  },
  "ride_temp_mean": 5.55,
  "ride_wind_mean": 11.774999999999999,
  "ride_wind_dir_deg": 333.5967831517357,
  "ride_rain_flag": 0.0,
  "tent_rain_flag": 0.0,
  "daily_precip_sum": 0.0,
  "daily_temp_mean": 3.8333333333333335,
  "daily_wind_mean": 11.762500000000001,
  "daily_wind_dir_deg": 332.38500936344343
}