{
  "samples_local": {
    "10": {
      "temp": 6.3,
      "precip": 0.0,
      "wind": 31.3,
      "wind_dir_deg": 30.0
    },
    "12": {
      "temp": 7.7,
      "precip": 0.0,
      "wind": 34.2,
      "wind_dir_deg": 31.0
    },
    "14": {
      "temp": 6.3,
      "precip": 0.0,
      "wind": 31.3,
      "wind_dir_deg": 17.0
    },
    "16": {
      "temp": 7.7,
      "precip": 0.0,
      "wind": 37.9,
      "wind_dir_deg": 33.0
    }
  },
  "ride_temp_mean": 7.0,
  "ride_wind_mean": 33.675,
  "ride_wind_dir_deg": 28.09118602095714,
  "ride_rain_flag": 0.0,
  "tent_rain_flag": 1.0,
  "daily_precip_sum": 5.3999999999999995,
  "daily_temp_mean": 6.558333333333334,
  "daily_wind_mean": 30.474999999999998,
  "daily_wind_dir_deg": 30.788627283064898
}