{
  "samples_local": {
    "10": {
      "temp": 26.1,
      "precip": 0.6,
      "wind": 11.8,
      "wind_dir_deg": 277.0
    },
    "12": {
      "temp": 28.8,
      "precip": 0.1,
      "wind": 13.8,
      "wind_dir_deg": 259.0
    },
    "14": {
      "temp": 28.8,
      "precip": 0.1,
      "wind": 14.9,
      "wind_dir_deg": 251.0
    },
    "16": {
      "temp": 28.1,
      "precip": 0.1,
      "wind": 16.2,
      "wind_dir_deg": 249.0
    }
  },
  "ride_temp_mean": 27.950000000000003,
  "ride_wind_mean": 14.175,
  "ride_wind_dir_deg": 257.7250127016101,
  "ride_rain_flag": 1.0,
  "tent_rain_flag": 1.0,
  "daily_precip_sum": 3.1,
  "daily_temp_mean": 25.945833333333336,
  "daily_wind_mean": 11.083333333333334,
  "daily_wind_dir_deg": 266.45244860980097
}