{
  "samples_local": {
    "10": {
      "temp": 10.3,
      "precip": 0.0,
      "wind": 51.1,
      "wind_dir_deg": 39.0
    },
    "12": {
      "temp": 10.6,
      "precip": 0.1,
      "wind": 50.2,
      "wind_dir_deg": 40.0
    },
    "14": {
      "temp": 10.6,
      "precip": 0.1,
      "wind": 49.8,
      "wind_dir_deg": 38.0
    },
    "16": {
      "temp": 11.1,
      "precip": 0.0,
      "wind": 53.2,
      "wind_dir_deg": 38.0
    }
  },
  "ride_temp_mean": 10.65,
  "ride_wind_mean": 51.075,
  "ride_wind_dir_deg": 38.74154188977536,
  "ride_rain_flag": 0.0,
  "tent_rain_flag": 1.0,
  "daily_precip_sum": 13.799999999999999,
  "daily_temp_mean": 9.029166666666667,
  "daily_wind_mean": 42.612500000000004,
  "daily_wind_dir_deg": 44.482193384515426
}