{
  "ride_temp_mean": -0.8500000000000001,
  "ride_precip_sum": 0.0,
  "ride_wind_speed": 21.32431713813856,
  "ride_wind_dir": 277.17520063545294,
  "tent_precip_sum": 4.0,
  "tent_temp_mean": -0.01999999999999999
}