{
  "ride_temp_mean": 5.775,
  "ride_precip_sum": 3.9,
  "ride_wind_speed": 29.16378975160863,
  "ride_wind_dir": 236.03770695520456,
  "tent_precip_sum": 20.3,
  "tent_temp_mean": 5.404999999999999
}