{
  "ride_temp_mean": 5.35,
  "ride_precip_sum": 0.0,
  "ride_wind_speed": 14.649385434208487,
  "ride_wind_dir": 243.26944123687696,
  "tent_precip_sum": 0.0,
  "tent_temp_mean": 2.705
}