{
  "samples_local": {
    "10": {
      "temp": 5.1,
      "precip": 0.0,
      "wind": 4.7,
      "wind_dir_deg": 171.0
    },
    "12": {
      "temp": 6.1,
      "precip": 0.1,
      "wind": 3.4,
      "wind_dir_deg": 198.0
    },
    "14": {
      "temp": 6.8,
      "precip": 0.0,
      "wind": 6.1,
      "wind_dir_deg": 152.0
    },
    "16": {
      "temp": 7.0,
      "precip": 0.0,
      "wind": 6.2,
      "wind_dir_deg": 187.0
    }
  },
  "ride_temp_mean": 6.25,
  "ride_wind_mean": 5.1,
  "ride_wind_dir_deg": 174.72443213186307,
  "ride_rain_flag": 0.0,
  "tent_rain_flag": 0.0,
  "daily_precip_sum": 0.30000000000000004,
  "daily_temp_mean": 4.829166666666667,
  "daily_wind_mean": 4.666666666666667,
  "daily_wind_dir_deg": 171.84840242521477
}