{
  "samples_local": {
    "10": {
      "temp": 2.7,
      "precip": 0.0,
      "wind": 7.8,
      "wind_dir_deg": 34.0
    },
    "12": {
      "temp": 6.5,
      "precip": 0.0,
      "wind": 10.7,
      "wind_dir_deg": 48.0
    },
    "14": {
      "temp": 6.1,
      "precip": 0.0,
      "wind": 9.7,
      "wind_dir_deg": 39.0
    },
    "16": {
      "temp": 6.4,
      "precip": 0.0,
      "wind": 10.0,
      "wind_dir_deg": 41.0
    }
  },
  "ride_temp_mean": 5.425,
  "ride_wind_mean": 9.549999999999999,
  "ride_wind_dir_deg": 41.022426746116366,
  "ride_rain_flag": 0.0,
  "tent_rain_flag": 0.0,
  "daily_precip_sum": 0.0,
  "daily_temp_mean": 2.441666666666667,
  "daily_wind_mean": 7.358333333333333,
  "daily_wind_dir_deg": 25.981328830132895
}