{
  "samples_local": {
    "10": {
      "temp": 3.9,
      "precip": 0.0,
      "wind": 10.2,
      "wind_dir_deg": 23.0
    },
    "12": {
      "temp": 6.7,
      "precip": 0.0,
      "wind": 11.5,
      "wind_dir_deg": 46.0
    },
    "14": {
      "temp": 6.2,
      "precip": 0.2,
      "wind": 10.3,
      "wind_dir_deg": 61.0
    },
    "16": {
      "temp": 6.4,
      "precip": 0.0,
      "wind": 9.9,
      "wind_dir_deg": 44.0
    }
  },
  "ride_temp_mean": 5.8,
  "ride_wind_mean": 10.475,
  "ride_wind_dir_deg": 43.65905778396211,
  "ride_rain_flag": 1.0,
  "tent_rain_flag": 0.0,
  "daily_precip_sum": 0.30000000000000004,
  "daily_temp_mean": 3.970833333333333,
  "daily_wind_mean": 9.220833333333333,
  "daily_wind_dir_deg": 22.18653472050522
}