{
  "samples_local": {
    "10": {
      "temp": 4.1,
      "precip": 0.2,
      "wind": 14.8,
      "wind_dir_deg": 34.0
    },
    "12": {
      "temp": 4.0,
      "precip": 0.8,
      "wind": 15.4,
      "wind_dir_deg": 57.0
    },
    "14": {
      "temp": 5.5,
      "precip": 0.1,
      "wind": 17.6,
      "wind_dir_deg": 62.0
    },
    "16": {
      "temp": 5.4,
      "precip": 0.0,
      "wind": 15.9,
      "wind_dir_deg": 51.0
    }
  },
  "ride_temp_mean": 4.75,
  "ride_wind_mean": 15.925,
  "ride_wind_dir_deg": 51.586125509862484,
  "ride_rain_flag": 1.0,
  "tent_rain_flag": 1.0,
  "daily_precip_sum": 4.1000000000000005,
  "daily_temp_mean": 4.154166666666667,
  "daily_wind_mean": 15.450000000000001,
  "daily_wind_dir_deg": 40.17734221347996
}