{
  "samples_local": {
    "10": {
      "temp": 4.2,
      "precip": 0.1,
      "wind": 21.0,
      "wind_dir_deg": 78.0
    },
    "12": {
      "temp": 5.1,
      "precip": 0.1,
      "wind": 26.0,
      "wind_dir_deg": 80.0
    },
    "14": {
      "temp": 6.0,
      "precip": 0.0,
      "wind": 32.8,
      "wind_dir_deg": 81.0
    },
    "16": {
      "temp": 6.1,
      "precip": 0.0,
      "wind": 25.6,
      "wind_dir_deg": 80.0
    }
  },
  "ride_temp_mean": 5.35,
  "ride_wind_mean": 26.35,
  "ride_wind_dir_deg": 79.91276393624366,
  "ride_rain_flag": 0.0,
  "tent_rain_flag": 1.0,
  "daily_precip_sum": 1.7000000000000002,
  "daily_temp_mean": 4.670833333333333,
  "daily_wind_mean": 23.629166666666666,
  "daily_wind_dir_deg": 73.83331399303205
}