{
  "samples_local": {
    "10": {
      "temp": 5.4,
      "precip": 0.8,
      "wind": 33.8,
      "wind_dir_deg": 102.0
    },
    "12": {
      "temp": 4.6,
      "precip": 0.1,
      "wind": 36.0,
      "wind_dir_deg": 90.0
    },
    "14": {
      "temp": 4.3,
      "precip": 0.4,
      "wind": 29.5,
      "wind_dir_deg": 99.0
    },
    "16": {
      "temp": 5.8,
      "precip": 0.2,
      "wind": 38.8,
      "wind_dir_deg": 109.0
    }
  },
  "ride_temp_mean": 5.025,
  "ride_wind_mean": 34.525,
  "ride_wind_dir_deg": 100.20195739069362,
  "ride_rain_flag": 1.0,
  "tent_rain_flag": 1.0,
  "daily_precip_sum": 11.100000000000001,
  "daily_temp_mean": 5.195833333333334,
  "daily_wind_mean": 36.541666666666664,
  "daily_wind_dir_deg": 104.01537364007783
}