{
  "samples_local": {
    "10": {
      "temp": 4.3,
      "precip": 0.0,
      "wind": 25.7,
      "wind_dir_deg": 72.0
    },
    "12": {
      "temp": 4.9,
      "precip": 0.0,
      "wind": 22.8,
      "wind_dir_deg": 51.0
    },
    "14": {
      "temp": 5.5,
      "precip": 0.1,
      "wind": 29.8,
      "wind_dir_deg": 75.0
    },
    "16": {
      "temp": 6.1,
      "precip": 0.0,
      "wind": 31.8,
      "wind_dir_deg": 84.0
    }
  },
  "ride_temp_mean": 5.2,
  "ride_wind_mean": 27.525,
  "ride_wind_dir_deg": 72.00021994717827,
  "ride_rain_flag": 0.0,
  "tent_rain_flag": 1.0,
  "daily_precip_sum": 7.1000000000000005,
  "daily_temp_mean": 4.541666666666667,
  "daily_wind_mean": 25.270833333333332,
  "daily_wind_dir_deg": 78.75038017499048
}