{
  "samples_local": {
    "10": {
      "temp": 4.0,
      "precip": 0.1,
      "wind": 28.5,
      "wind_dir_deg": 80.0
    },
    "12": {
      "temp": 4.8,
      "precip": 0.3,
      "wind": 27.4,
      "wind_dir_deg": 91.0
    },
    "14": {
      "temp": 5.8,
      "precip": 0.2,
      "wind": 27.4,
      "wind_dir_deg": 90.0
    },
    "16": {
      "temp": 5.1,
      "precip": 0.0,
      "wind": 24.7,
      "wind_dir_deg": 69.0
    }
  },
  "ride_temp_mean": 4.925,
  "ride_wind_mean": 27.0,
  "ride_wind_dir_deg": 82.83121872815889,
  "ride_rain_flag": 1.0,
  "tent_rain_flag": 1.0,
  "daily_precip_sum": 6.300000000000001,
  "daily_temp_mean": 3.8208333333333333,
  "daily_wind_mean": 24.920833333333334,
  "daily_wind_dir_deg": 82.55824692320863
}