{
  "samples_local": {
    "10": {
      "temp": 14.8,
      "precip": 0.1,
      "wind": 10.5,
      "wind_dir_deg": 121.0
    },
    "12": {
      "temp": 17.3,
      "precip": 0.0,
      "wind": 12.8,
      "wind_dir_deg": 106.0
    },
    "14": {
      "temp": 14.4,
      "precip": 1.4,
      "wind": 18.4,
      "wind_dir_deg": 89.0
    },
    "16": {
      "temp": 14.9,
      "precip": 0.1,
      "wind": 13.8,
      "wind_dir_deg": 81.0
    }
  },
  "ride_temp_mean": 15.350000000000001,
  "ride_wind_mean": 13.875,
  "ride_wind_dir_deg": 96.90242769525582,
  "ride_rain_flag": 1.0,
  "tent_rain_flag": 1.0,
  "daily_precip_sum": 6.3,
  "daily_temp_mean": 13.325000000000001,
  "daily_wind_mean": 11.895833333333334,
  "daily_wind_dir_deg": 102.9163649694176
}