{
  "samples_local": {
    "10": {
      "temp": 16.0,
      "precip": 1.2,
      "wind": 16.7,
      "wind_dir_deg": 83.0
    },
    "12": {
      "temp": 17.4,
      "precip": 0.1,
      "wind": 14.8,
      "wind_dir_deg": 76.0
    },
    "14": {
      "temp": 18.0,
      "precip": 0.1,
      "wind": 14.8,
      "wind_dir_deg": 94.0
    },
    "16": {
      "temp": 14.8,
      "precip": 0.4,
      "wind": 11.5,
      "wind_dir_deg": 90.0
    }
  },
  "ride_temp_mean": 16.55,
  "ride_wind_mean": 14.45,
  "ride_wind_dir_deg": 85.41883432626526,
  "ride_rain_flag": 1.0,
  "tent_rain_flag": 1.0,
  "daily_precip_sum": 4.8999999999999995,
  "daily_temp_mean": 14.725,
  "daily_wind_mean": 11.112499999999999,
  "daily_wind_dir_deg": 80.89142789153323
}