{
  "samples_local": {
    "10": {
      "temp": 15.8,
      "precip": 0.3,
      "wind": 13.0,
      "wind_dir_deg": 96.0
    },
    "12": {
      "temp": 14.1,
      "precip": 3.3,
      "wind": 17.9,
      "wind_dir_deg": 130.0
    },
    "14": {
      "temp": 14.9,
      "precip": 0.2,
      "wind": 12.8,
      "wind_dir_deg": 79.0
    },
    "16": {
      "temp": 17.0,
      "precip": 0.0,
      "wind": 16.1,
      "wind_dir_deg": 100.0
    }
  },
  "ride_temp_mean": 15.45,
  "ride_wind_mean": 14.95,
  "ride_wind_dir_deg": 103.49913524817123,
  "ride_rain_flag": 1.0,
  "tent_rain_flag": 1.0,
  "daily_precip_sum": 7.7,
  "daily_temp_mean": 13.799999999999999,
  "daily_wind_mean": 12.233333333333334,
  "daily_wind_dir_deg": 97.45658549739187
}