{
  "samples_local": {
    "10": {
      "temp": 12.2,
      "precip": 0.1,
      "wind": 13.0,
      "wind_dir_deg": 85.0
    },
    "12": {
      "temp": 12.2,
      "precip": 1.9,
      "wind": 12.5,
      "wind_dir_deg": 108.0
    },
    "14": {
      "temp": 13.1,
      "precip": 0.7,
      "wind": 11.5,
      "wind_dir_deg": 92.0
    },
    "16": {
      "temp": 12.8,
      "precip": 0.1,
      "wind": 14.3,
      "wind_dir_deg": 78.0
    }
  },
  "ride_temp_mean": 12.575,
  "ride_wind_mean": 12.825,
  "ride_wind_dir_deg": 90.17978562247436,
  "ride_rain_flag": 1.0,
  "tent_rain_flag": 1.0,
  "daily_precip_sum": 13.1,
  "daily_temp_mean": 11.329166666666666,
  "daily_wind_mean": 13.954166666666666,
  "daily_wind_dir_deg": 85.52812054323817
}