{
  "samples_local": {
    "10": {
      "temp": 14.4,
      "precip": 0.2,
      "wind": 12.1,
      "wind_dir_deg": 78.0
    },
    "12": {
      "temp": 15.1,
      "precip": 1.4,
      "wind": 10.6,
      "wind_dir_deg": 62.0
    },
    "14": {
      "temp": 16.8,
      "precip": 0.1,
      "wind": 19.8,
      "wind_dir_deg": 91.0
    },
    "16": {
      "temp": 16.5,
      "precip": 0.3,
      "wind": 17.2,
      "wind_dir_deg": 80.0
    }
  },
  "ride_temp_mean": 15.7,
  "ride_wind_mean": 14.925,
  "ride_wind_dir_deg": 80.07809016787974,
  "ride_rain_flag": 1.0,
  "tent_rain_flag": 1.0,
  "daily_precip_sum": 3.6999999999999997,
  "daily_temp_mean": 13.866666666666667,
  "daily_wind_mean": 12.058333333333332,
  "daily_wind_dir_deg": 76.86184400272856
}