{
  "samples_local": {
    "10": {
      "temp": 16.5,
      "precip": 0.1,
      "wind": 17.0,
      "wind_dir_deg": 94.0
    },
    "12": {
      "temp": 16.5,
      "precip": 0.0,
      "wind": 13.7,
      "wind_dir_deg": 87.0
    },
    "14": {
      "temp": 17.5,
      "precip": 0.1,
      "wind": 16.9,
      "wind_dir_deg": 90.0
    },
    "16": {
      "temp": 18.0,
      "precip": 0.0,
      "wind": 15.6,
      "wind_dir_deg": 83.0
    }
  },
  "ride_temp_mean": 17.125,
  "ride_wind_mean": 15.799999999999999,
  "ride_wind_dir_deg": 88.69809160480503,
  "ride_rain_flag": 0.0,
  "tent_rain_flag": 1.0,
  "daily_precip_sum": 3.7,
  "daily_temp_mean": 14.479166666666666,
  "daily_wind_mean": 13.304166666666667,
  "daily_wind_dir_deg": 81.12516096504726
}