{
  "samples_local": {
    "10": {
      "temp": 16.9,
      "precip": 0.3,
      "wind": 15.1,
      "wind_dir_deg": 78.0
    },
    "12": {
      "temp": 18.5,
      "precip": 0.0,
      "wind": 18.4,
      "wind_dir_deg": 91.0
    },
    "14": {
      "temp": 17.2,
      "precip": 1.3,
      "wind": 13.0,
      "wind_dir_deg": 124.0
    },
    "16": {
      "temp": 19.9,
      "precip": 0.0,
      "wind": 17.4,
      "wind_dir_deg": 103.0
    }
  },
  "ride_temp_mean": 18.125,
  "ride_wind_mean": 15.975,
  "ride_wind_dir_deg": 97.82144480169296,
  "ride_rain_flag": 1.0,
  "tent_rain_flag": 1.0,
  "daily_precip_sum": 2.2,
  "daily_temp_mean": 15.825000000000001,
  "daily_wind_mean": 12.133333333333333,
  "daily_wind_dir_deg": 82.09111066037582
}