{
  "samples_local": {
    "10": {
      "temp": 14.3,
      "precip": 1.6,
      "wind": 12.6,
      "wind_dir_deg": 87.0
    },
    "12": {
      "temp": 17.2,
      "precip": 0.1,
      "wind": 16.5,
      "wind_dir_deg": 101.0
    },
    "14": {
      "temp": 18.4,
      "precip": 0.0,
      "wind": 19.8,
      "wind_dir_deg": 100.0
    },
    "16": {
      "temp": 18.0,
      "precip": 0.0,
      "wind": 21.1,
      "wind_dir_deg": 110.0
    }
  },
  "ride_temp_mean": 16.975,
  "ride_wind_mean": 17.5,
  "ride_wind_dir_deg": 100.92317415014924,
  "ride_rain_flag": 1.0,
  "tent_rain_flag": 0.0,
  "daily_precip_sum": 2.0,
  "daily_temp_mean": 13.995833333333332,
  "daily_wind_mean": 13.104166666666666,
  "daily_wind_dir_deg": 91.0328522122972
}