{
  "samples_local": {
    "10": {
      "temp": 16.4,
      "precip": 0.1,
      "wind": 16.5,
      "wind_dir_deg": 67.0
    },
    "12": {
      "temp": 17.8,
      "precip": 0.1,
      "wind": 19.5,
      "wind_dir_deg": 78.0
    },
    "14": {
      "temp": 19.0,
      "precip": 0.0,
      "wind": 18.0,
      "wind_dir_deg": 110.0
    },
    "16": {
      "temp": 18.5,
      "precip": 0.1,
      "wind": 16.9,
      "wind_dir_deg": 92.0
    }
  },
  "ride_temp_mean": 17.925,
  "ride_wind_mean": 17.725,
  "ride_wind_dir_deg": 86.84223059027448,
  "ride_rain_flag": 0.0,
  "tent_rain_flag": 1.0,
  "daily_precip_sum": 0.8,
  "daily_temp_mean": 14.983333333333334,
  "daily_wind_mean": 13.816666666666668,
  "daily_wind_dir_deg": 76.49420157006102
}