{
  "samples_local": {
    "10": {
      "temp": 16.5,
      "precip": 0.1,
      "wind": 11.5,
      "wind_dir_deg": 90.0
    },
    "12": {
      "temp": 17.9,
      "precip": 0.1,
      "wind": 18.3,
      "wind_dir_deg": 100.0
    },
    "14": {
      "temp": 20.0,
      "precip": 0.1,
      "wind": 18.9,
      "wind_dir_deg": 99.0
    },
    "16": {
      "temp": 18.9,
      "precip": 0.5,
      "wind": 18.4,
      "wind_dir_deg": 113.0
    }
  },
  "ride_temp_mean": 18.325,
  "ride_wind_mean": 16.775,
  "ride_wind_dir_deg": 101.56222473582892,
  "ride_rain_flag": 1.0,
  "tent_rain_flag": 1.0,
  "daily_precip_sum": 1.8,
  "daily_temp_mean": 15.649999999999999,
  "daily_wind_mean": 11.112499999999999,
  "daily_wind_dir_deg": 87.72703869644607
}