{
  "samples_local": {
    "10": {
      "temp": 16.8,
      "precip": 0.3,
      "wind": 18.0,
      "wind_dir_deg": 110.0
    },
    "12": {
      "temp": 19.1,
      "precip": 0.0,
      "wind": 16.6,
      "wind_dir_deg": 112.0
    },
    "14": {
      "temp": 19.0,
      "precip": 0.3,
      "wind": 18.5,
      "wind_dir_deg": 97.0
    },
    "16": {
      "temp": 19.0,
      "precip": 0.0,
      "wind": 14.2,
      "wind_dir_deg": 106.0
    }
  },
  "ride_temp_mean": 18.475,
  "ride_wind_mean": 16.825,
  "ride_wind_dir_deg": 106.08281528189133,
  "ride_rain_flag": 1.0,
  "tent_rain_flag": 1.0,
  "daily_precip_sum": 6.0,
  "daily_temp_mean": 16.041666666666668,
  "daily_wind_mean": 13.958333333333334,
  "daily_wind_dir_deg": 99.14064303416546
}