{
  "samples_local": {
    "10": {
      "temp": 14.9,
      "precip": 0.2,
      "wind": 16.7,
      "wind_dir_deg": 84.0
    },
    "12": {
      "temp": 17.1,
      "precip": 0.0,
      "wind": 16.4,
      "wind_dir_deg": 81.0
    },
    "14": {
      "temp": 18.3,
      "precip": 0.0,
      "wind": 17.9,
      "wind_dir_deg": 81.0
    },
    "16": {
      "temp": 17.9,
      "precip": 0.1,
      "wind": 22.4,
      "wind_dir_deg": 95.0
    }
  },
  "ride_temp_mean": 17.05,
  "ride_wind_mean": 18.349999999999998,
  "ride_wind_dir_deg": 85.94651327895349,
  "ride_rain_flag": 1.0,
  "tent_rain_flag": 0.0,
  "daily_precip_sum": 0.7000000000000001,
  "daily_temp_mean": 14.133333333333333,
  "daily_wind_mean": 13.158333333333333,
  "daily_wind_dir_deg": 75.7852452644276
}