{
  "samples_local": {
    "10": {
      "temp": 17.5,
      "precip": 0.0,
      "wind": 15.8,
      "wind_dir_deg": 90.0
    },
    "12": {
      "temp": 19.0,
      "precip": 0.0,
      "wind": 14.1,
      "wind_dir_deg": 94.0
    },
    "14": {
      "temp": 18.4,
      "precip": 0.1,
      "wind": 11.3,
      "wind_dir_deg": 97.0
    },
    "16": {
      "temp": 17.7,
      "precip": 0.1,
      "wind": 18.3,
      "wind_dir_deg": 122.0
    }
  },
  "ride_temp_mean": 18.15,
  "ride_wind_mean": 14.875,
  "ride_wind_dir_deg": 102.02649732210807,
  "ride_rain_flag": 0.0,
  "tent_rain_flag": 0.0,
  "daily_precip_sum": 0.30000000000000004,
  "daily_temp_mean": 15.741666666666667,
  "daily_wind_mean": 11.3375,
  "daily_wind_dir_deg": 94.29209178743577
}