{
  "samples_local": {
    "10": {
      "temp": 15.8,
      "precip": 0.1,
      "wind": 19.1,
      "wind_dir_deg": 87.0
    },
    "12": {
      "temp": 17.6,
      "precip": 0.1,
      "wind": 17.3,
      "wind_dir_deg": 89.0
    },
    "14": {
      "temp": 19.0,
      "precip": 0.1,
      "wind": 17.6,
      "wind_dir_deg": 91.0
    },
    "16": {
      "temp": 19.5,
      "precip": 0.0,
      "wind": 15.5,
      "wind_dir_deg": 93.0
    }
  },
  "ride_temp_mean": 17.975,
  "ride_wind_mean": 17.375,
  "ride_wind_dir_deg": 89.84887732373585,
  "ride_rain_flag": 0.0,
  "tent_rain_flag": 0.0,
  "daily_precip_sum": 0.30000000000000004,
  "daily_temp_mean": 15.508333333333333,
  "daily_wind_mean": 13.604166666666666,
  "daily_wind_dir_deg": 87.02452133209204
}