{
  "samples_local": {
    "10": {
      "temp": 16.4,
      "precip": 0.2,
      "wind": 16.2,
      "wind_dir_deg": 78.0
    },
    "12": {
      "temp": 18.4,
      "precip": 0.1,
      "wind": 17.7,
      "wind_dir_deg": 73.0
    },
    "14": {
      "temp": 19.9,
      "precip": 0.0,
      "wind": 17.4,
      "wind_dir_deg": 84.0
    },
    "16": {
      "temp": 18.0,
      "precip": 0.2,
      "wind": 13.1,
      "wind_dir_deg": 99.0
    }
  },
  "ride_temp_mean": 18.174999999999997,
  "ride_wind_mean": 16.099999999999998,
  "ride_wind_dir_deg": 82.48530684817302,
  "ride_rain_flag": 1.0,
  "tent_rain_flag": 1.0,
  "daily_precip_sum": 1.3,
  "daily_temp_mean": 14.958333333333334,
  "daily_wind_mean": 12.924999999999999,
  "daily_wind_dir_deg": 75.08515425966044
}