{
  "ride_temp_mean": 3.4499999999999997,
  "ride_precip_sum": 0.2,
  "ride_wind_speed": 17.30062955804312,
  "ride_wind_dir": 263.0938370466518,
  "tent_precip_sum": 1.7,
  "tent_temp_mean": 4.425
}