{
  "samples_local": {
    "10": {
      "temp": 17.6,
      "precip": 0.0,
      "wind": 5.1,
      "wind_dir_deg": 238.0
    },
    "12": {
      "temp": 20.4,
      "precip": 0.0,
      "wind": 6.6,
      "wind_dir_deg": 225.0
    },
    "14": {
      "temp": 22.0,
      "precip": 0.0,
      "wind": 9.3,
      "wind_dir_deg": 204.0
    },
    "16": {
      "temp": 22.1,
      "precip": 0.1,
      "wind": 7.9,
      "wind_dir_deg": 235.0
    }
  },
  "ride_temp_mean": 20.525,
  "ride_wind_mean": 7.225,
  "ride_wind_dir_deg": 223.33718161011154,
  "ride_rain_flag": 0.0,
  "tent_rain_flag": 1.0,
  "daily_precip_sum": 0.30000000000000004,
  "daily_temp_mean": 15.695833333333333,
  "daily_wind_mean": 6.529166666666666,
  "daily_wind_dir_deg": 228.21278494034732
}