{
  "samples_local": {
    "10": {
      "temp": 16.2,
      "precip": 0.0,
      "wind": 9.4,
      "wind_dir_deg": 210.0
    },
    "12": {
      "temp": 18.0,
      "precip": 0.0,
      "wind": 9.6,
      "wind_dir_deg": 214.0
    },
    "14": {
      "temp": 19.4,
      "precip": 0.0,
      "wind": 13.2,
      "wind_dir_deg": 208.0
    },
    "16": {
      "temp": 17.5,
      "precip": 0.0,
      "wind": 13.6,
      "wind_dir_deg": 203.0
    }
  },
  "ride_temp_mean": 17.775,
  "ride_wind_mean": 11.45,
  "ride_wind_dir_deg": 208.183349170458,
  "ride_rain_flag": 0.0,
  "tent_rain_flag": 0.0,
  "daily_precip_sum": 0.0,
  "daily_temp_mean": 14.033333333333333,
  "daily_wind_mean": 10.408333333333333,
  "daily_wind_dir_deg": 225.61274970132237
}