{
  "samples_local": {
    "10": {
      "temp": 17.2,
      "precip": 0.0,
      "wind": 7.0,
      "wind_dir_deg": 198.0
    },
    "12": {
      "temp": 20.1,
      "precip": 0.0,
      "wind": 8.3,
      "wind_dir_deg": 207.0
    },
    "14": {
      "temp": 20.8,
      "precip": 0.0,
      "wind": 11.9,
      "wind_dir_deg": 200.0
    },
    "16": {
      "temp": 18.5,
      "precip": 0.0,
      "wind": 15.4,
      "wind_dir_deg": 194.0
    }
  },
  "ride_temp_mean": 19.15,
  "ride_wind_mean": 10.65,
  "ride_wind_dir_deg": 198.86296767185627,
  "ride_rain_flag": 0.0,
  "tent_rain_flag": 0.0,
  "daily_precip_sum": 0.0,
  "daily_temp_mean": 14.216666666666667,
  "daily_wind_mean": 9.316666666666666,
  "daily_wind_dir_deg": 190.46538318455308
}