{
  "samples_local": {
    "10": {
      "temp": 14.9,
      "precip": 0.0,
      "wind": 11.6,
      "wind_dir_deg": 288.0
    },
    "12": {
      "temp": 16.5,
      "precip": 0.0,
      "wind": 11.9,
      "wind_dir_deg": 302.0
    },
    "14": {
      "temp": 16.6,
      "precip": 0.0,
      "wind": 12.1,
      "wind_dir_deg": 313.0
    },
    "16": {
      "temp": 15.9,
      "precip": 0.0,
      "wind": 10.4,
      "wind_dir_deg": 312.0
    }
  },
  "ride_temp_mean": 15.975000000000001,
  "ride_wind_mean": 11.5,
  "ride_wind_dir_deg": 303.65536821698504,
  "ride_rain_flag": 0.0,
  "tent_rain_flag": 0.0,
  "daily_precip_sum": 0.1,
  "daily_temp_mean": 12.141666666666666,
  "daily_wind_mean": 7.9875,
  "daily_wind_dir_deg": 276.3902973225104
}