{
  "samples_local": {
    "10": {
      "temp": 18.5,
      "precip": 0.0,
      "wind": 4.2,
      "wind_dir_deg": 115.0
    },
    "12": {
      "temp": 21.0,
      "precip": 0.0,
      "wind": 10.0,
      "wind_dir_deg": 120.0
    },
    "14": {
      "temp": 21.8,
      "precip": 0.0,
      "wind": 13.4,
      "wind_dir_deg": 117.0
    },
    "16": {
      "temp": 22.0,
      "precip": 0.0,
      "wind": 13.1,
      "wind_dir_deg": 115.0
    }
  },
  "ride_temp_mean": 20.825,
  "ride_wind_mean": 10.175,
  "ride_wind_dir_deg": 116.88674645037344,
  "ride_rain_flag": 0.0,
  "tent_rain_flag": 0.0,
  "daily_precip_sum": 0.0,
  "daily_temp_mean": 15.245833333333332,
  "daily_wind_mean": 7.333333333333333,
  "daily_wind_dir_deg": 125.07385176257776
}