{
  "samples_local": {
    "10": {
      "temp": 18.0,
      "precip": 0.0,
      "wind": 1.1,
      "wind_dir_deg": 288.0
    },
    "12": {
      "temp": 19.5,
      "precip": 0.1,
      "wind": 1.8,
      "wind_dir_deg": 225.0
    },
    "14": {
      "temp": 20.6,
      "precip": 0.0,
      "wind": 7.3,
      "wind_dir_deg": 203.0
    },
    "16": {
      "temp": 20.5,
      "precip": 0.0,
      "wind": 9.2,
      "wind_dir_deg": 213.0
    }
  },
  "ride_temp_mean": 19.65,
  "ride_wind_mean": 4.85,
  "ride_wind_dir_deg": 213.52564778226613,
  "ride_rain_flag": 0.0,
  "tent_rain_flag": 0.0,
  "daily_precip_sum": 0.30000000000000004,
  "daily_temp_mean": 15.391666666666666,
  "daily_wind_mean": 4.6875,
  "daily_wind_dir_deg": 205.85460485144168
}