{
  "samples_local": {
    "10": {
      "temp": 18.2,
      "precip": 0.0,
      "wind": 1.4,
      "wind_dir_deg": 220.0
    },
    "12": {
      "temp": 20.5,
      "precip": 0.1,
      "wind": 6.0,
      "wind_dir_deg": 190.0
    },
    "14": {
      "temp": 20.0,
      "precip": 0.5,
      "wind": 5.7,
      "wind_dir_deg": 145.0
    },
    "16": {
      "temp": 19.6,
      "precip": 0.0,
      "wind": 15.0,
      "wind_dir_deg": 206.0
    }
  },
  "ride_temp_mean": 19.575,
  "ride_wind_mean": 7.025,
  "ride_wind_dir_deg": 191.79463545909752,
  "ride_rain_flag": 1.0,
  "tent_rain_flag": 1.0,
  "daily_precip_sum": 3.8000000000000003,
  "daily_temp_mean": 15.3125,
  "daily_wind_mean": 6.116666666666667,
  "daily_wind_dir_deg": 216.87861077488623
}