{
  "samples_local": {
    "10": {
      "temp": 18.4,
      "precip": 0.0,
      "wind": 1.4,
      "wind_dir_deg": 157.0
    },
    "12": {
      "temp": 21.3,
      "precip": 0.0,
      "wind": 3.1,
      "wind_dir_deg": 225.0
    },
    "14": {
      "temp": 22.8,
      "precip": 0.0,
      "wind": 8.7,
      "wind_dir_deg": 223.0
    },
    "16": {
      "temp": 23.0,
      "precip": 0.0,
      "wind": 8.6,
      "wind_dir_deg": 255.0
    }
  },
  "ride_temp_mean": 21.375,
  "ride_wind_mean": 5.449999999999999,
  "ride_wind_dir_deg": 232.77319445883984,
  "ride_rain_flag": 0.0,
  "tent_rain_flag": 1.0,
  "daily_precip_sum": 0.30000000000000004,
  "daily_temp_mean": 16.704166666666666,
  "daily_wind_mean": 3.829166666666667,
  "daily_wind_dir_deg": 206.8918851152549
}