{
  "samples_local": {
    "10": {
      "temp": 19.1,
      "precip": 0.0,
      "wind": 2.9,
      "wind_dir_deg": 7.0
    },
    "12": {
      "temp": 21.5,
      "precip": 0.0,
      "wind": 2.2,
      "wind_dir_deg": 90.0
    },
    "14": {
      "temp": 20.1,
      "precip": 0.1,
      "wind": 9.9,
      "wind_dir_deg": 127.0
    },
    "16": {
      "temp": 21.6,
      "precip": 0.0,
      "wind": 14.2,
      "wind_dir_deg": 168.0
    }
  },
  "ride_temp_mean": 20.575000000000003,
  "ride_wind_mean": 7.3,
  "ride_wind_dir_deg": 141.67769799048858,
  "ride_rain_flag": 0.0,
  "tent_rain_flag": 0.0,
  "daily_precip_sum": 0.2,
  "daily_temp_mean": 16.158333333333335,
  "daily_wind_mean": 6.895833333333333,
  "daily_wind_dir_deg": 199.89345595273167
}