{
  "samples_local": {
    "10": {
      "temp": 17.9,
      "precip": 0.0,
      "wind": 4.2,
      "wind_dir_deg": 265.0
    },
    "12": {
      "temp": 20.4,
      "precip": 0.0,
      "wind": 5.3,
      "wind_dir_deg": 260.0
    },
    "14": {
      "temp": 22.0,
      "precip": 0.0,
      "wind": 8.4,
      "wind_dir_deg": 208.0
    },
    "16": {
      "temp": 21.5,
      "precip": 0.0,
      "wind": 12.8,
      "wind_dir_deg": 202.0
    }
  },
  "ride_temp_mean": 20.45,
  "ride_wind_mean": 7.675000000000001,
  "ride_wind_dir_deg": 221.40964896160628,
  "ride_rain_flag": 0.0,
  "tent_rain_flag": 0.0,
  "daily_precip_sum": 0.0,
  "daily_temp_mean": 15.258333333333333,
  "daily_wind_mean": 5.658333333333334,
  "daily_wind_dir_deg": 225.0337295874647
}