{
  "samples_local": {
    "10": {
      "temp": 18.1,
      "precip": 0.0,
      "wind": 14.0,
      "wind_dir_deg": 119.0
    },
    "12": {
      "temp": 19.9,
      "precip": 0.0,
      "wind": 17.1,
      "wind_dir_deg": 115.0
    },
    "14": {
      "temp": 20.9,
      "precip": 0.0,
      "wind": 18.8,
      "wind_dir_deg": 116.0
    },
    "16": {
      "temp": 20.3,
      "precip": 0.0,
      "wind": 21.1,
      "wind_dir_deg": 127.0
    }
  },
  "ride_temp_mean": 19.8,
  "ride_wind_mean": 17.75,
  "ride_wind_dir_deg": 119.61548709943895,
  "ride_rain_flag": 0.0,
  "tent_rain_flag": 0.0,
  "daily_precip_sum": 0.0,
  "daily_temp_mean": 14.254166666666668,
  "daily_wind_mean": 12.637500000000001,
  "daily_wind_dir_deg": 122.21306410934028
}