{
  "samples_local": {
    "10": {
      "temp": 20.1,
      "precip": 0.0,
      "wind": 17.3,
      "wind_dir_deg": 114.0
    },
    "12": {
      "temp": 21.5,
      "precip": 0.0,
      "wind": 19.1,
      "wind_dir_deg": 122.0
    },
    "14": {
      "temp": 22.5,
      "precip": 0.0,
      "wind": 17.3,
      "wind_dir_deg": 113.0
    },
    "16": {
      "temp": 21.9,
      "precip": 0.0,
      "wind": 21.6,
      "wind_dir_deg": 120.0
    }
  },
  "ride_temp_mean": 21.5,
  "ride_wind_mean": 18.825000000000003,
  "ride_wind_dir_deg": 117.52079181909187,
  "ride_rain_flag": 0.0,
  "tent_rain_flag": 0.0,
  "daily_precip_sum": 0.0,
  "daily_temp_mean": 16.879166666666666,
  "daily_wind_mean": 14.995833333333332,
  "daily_wind_dir_deg": 115.98899396014167
}