{
  "samples_local": {
    "10": {
      "temp": 16.1,
      "precip": 0.0,
      "wind": 17.5,
      "wind_dir_deg": 109.0
    },
    "12": {
      "temp": 16.5,
      "precip": 0.0,
      "wind": 19.4,
      "wind_dir_deg": 110.0
    },
    "14": {
      "temp": 15.9,
      "precip": 0.0,
      "wind": 20.1,
      "wind_dir_deg": 114.0
    },
    "16": {
      "temp": 15.6,
      "precip": 0.0,
      "wind": 18.5,
      "wind_dir_deg": 119.0
    }
  },
  "ride_temp_mean": 16.025,
  "ride_wind_mean": 18.875,
  "ride_wind_dir_deg": 113.0369014517708,
  "ride_rain_flag": 0.0,
  "tent_rain_flag": 0.0,
  "daily_precip_sum": 0.0,
  "daily_temp_mean": 12.904166666666667,
  "daily_wind_mean": 13.383333333333333,
  "daily_wind_dir_deg": 114.21484013247914
}