{
  "samples_local": {
    "10": {
      "temp": 17.9,
      "precip": 0.0,
      "wind": 6.0,
      "wind_dir_deg": 201.0
    },
    "12": {
      "temp": 19.8,
      "precip": 0.0,
      "wind": 11.4,
      "wind_dir_deg": 193.0
    },
    "14": {
      "temp": 20.6,
      "precip": 0.0,
      "wind": 11.9,
      "wind_dir_deg": 175.0
    },
    "16": {
      "temp": 20.8,
      "precip": 0.0,
      "wind": 13.3,
      "wind_dir_deg": 164.0
    }
  },
  "ride_temp_mean": 19.775,
  "ride_wind_mean": 10.65,
  "ride_wind_dir_deg": 180.01596228560112,
  "ride_rain_flag": 0.0,
  "tent_rain_flag": 0.0,
  "daily_precip_sum": 0.0,
  "daily_temp_mean": 14.883333333333333,
  "daily_wind_mean": 10.220833333333333,
  "daily_wind_dir_deg": 181.64090056036292
}