{
  "samples_local": {
    "10": {
      "temp": 16.9,
      "precip": 0.0,
      "wind": 16.0,
      "wind_dir_deg": 120.0
    },
    "12": {
      "temp": 18.5,
      "precip": 0.0,
      "wind": 18.1,
      "wind_dir_deg": 120.0
    },
    "14": {
      "temp": 18.4,
      "precip": 0.0,
      "wind": 21.0,
      "wind_dir_deg": 118.0
    },
    "16": {
      "temp": 16.4,
      "precip": 0.0,
      "wind": 20.2,
      "wind_dir_deg": 122.0
    }
  },
  "ride_temp_mean": 17.549999999999997,
  "ride_wind_mean": 18.825,
  "ride_wind_dir_deg": 119.97874889269684,
  "ride_rain_flag": 0.0,
  "tent_rain_flag": 0.0,
  "daily_precip_sum": 0.0,
  "daily_temp_mean": 13.045833333333334,
  "daily_wind_mean": 13.483333333333334,
  "daily_wind_dir_deg": 124.50938747924607
}