{
  "samples_local": {
    "10": {
      "temp": 15.4,
      "precip": 0.0,
      "wind": 15.8,
      "wind_dir_deg": 107.0
    },
    "12": {
      "temp": 17.4,
      "precip": 0.0,
      "wind": 18.2,
      "wind_dir_deg": 113.0
    },
    "14": {
      "temp": 17.1,
      "precip": 0.0,
      "wind": 19.5,
      "wind_dir_deg": 116.0
    },
    "16": {
      "temp": 17.0,
      "precip": 0.0,
      "wind": 18.1,
      "wind_dir_deg": 123.0
    }
  },
  "ride_temp_mean": 16.725,
  "ride_wind_mean": 17.9,
  "ride_wind_dir_deg": 115.0203024717988,
  "ride_rain_flag": 0.0,
  "tent_rain_flag": 0.0,
  "daily_precip_sum": 0.0,
  "daily_temp_mean": 13.220833333333333,
  "daily_wind_mean": 13.808333333333332,
  "daily_wind_dir_deg": 123.80774148534414
}