{
  "samples_local": {
    "10": {
      "temp": 14.1,
      "precip": 0.0,
      "wind": 19.0,
      "wind_dir_deg": 118.0
    },
    "12": {
      "temp": 15.4,
      "precip": 0.0,
      "wind": 19.4,
      "wind_dir_deg": 123.0
    },
    "14": {
      "temp": 15.8,
      "precip": 0.0,
      "wind": 20.3,
      "wind_dir_deg": 127.0
    },
    "16": {
      "temp": 15.8,
      "precip": 0.0,
      "wind": 18.0,
      "wind_dir_deg": 123.0
    }
  },
  "ride_temp_mean": 15.275,
  "ride_wind_mean": 19.175,
  "ride_wind_dir_deg": 122.82050559976972,
  "ride_rain_flag": 0.0,
  "tent_rain_flag": 0.0,
  "daily_precip_sum": 0.0,
  "daily_temp_mean": 12.637500000000001,
  "daily_wind_mean": 16.337500000000002,
  "daily_wind_dir_deg": 126.85888023389077
}