{
  "samples_local": {
    "10": {
      "temp": 18.5,
      "precip": 0.0,
      "wind": 7.7,
      "wind_dir_deg": 191.0
    },
    "12": {
      "temp": 21.8,
      "precip": 0.0,
      "wind": 10.6,
      "wind_dir_deg": 199.0
    },
    "14": {
      "temp": 22.7,
      "precip": 0.0,
      "wind": 10.4,
      "wind_dir_deg": 190.0
    },
    "16": {
      "temp": 22.9,
      "precip": 0.0,
      "wind": 11.1,
      "wind_dir_deg": 188.0
    }
  },
  "ride_temp_mean": 21.475,
  "ride_wind_mean": 9.95,
  "ride_wind_dir_deg": 192.02913393479935,
  "ride_rain_flag": 0.0,
  "tent_rain_flag": 0.0,
  "daily_precip_sum": 0.0,
  "daily_temp_mean": 16.066666666666666,
  "daily_wind_mean": 9.866666666666665,
  "daily_wind_dir_deg": 196.18797959890622
}