{
  "samples_local": {
    "10": {
      "temp": 18.4,
      "precip": 0.0,
      "wind": 8.0,
      "wind_dir_deg": 98.0
    },
    "12": {
      "temp": 20.4,
      "precip": 0.0,
      "wind": 11.2,
      "wind_dir_deg": 131.0
    },
    "14": {
      "temp": 21.7,
      "precip": 0.0,
      "wind": 16.2,
      "wind_dir_deg": 149.0
    },
    "16": {
      "temp": 20.9,
      "precip": 0.0,
      "wind": 19.8,
      "wind_dir_deg": 152.0
    }
  },
  "ride_temp_mean": 20.349999999999998,
  "ride_wind_mean": 13.8,
  "ride_wind_dir_deg": 139.5031173998301,
  "ride_rain_flag": 0.0,
  "tent_rain_flag": 0.0,
  "daily_precip_sum": 0.0,
  "daily_temp_mean": 15.024999999999999,
  "daily_wind_mean": 12.466666666666667,
  "daily_wind_dir_deg": 130.66662748340354
}