{
  "samples_local": {
    "10": {
      "temp": 14.4,
      "precip": 0.0,
      "wind": 18.8,
      "wind_dir_deg": 131.0
    },
    "12": {
      "temp": 14.6,
      "precip": 0.0,
      "wind": 21.1,
      "wind_dir_deg": 126.0
    },
    "14": {
      "temp": 14.4,
      "precip": 0.0,
      "wind": 23.3,
      "wind_dir_deg": 123.0
    },
    "16": {
      "temp": 13.4,
      "precip": 0.0,
      "wind": 23.6,
      "wind_dir_deg": 132.0
    }
  },
  "ride_temp_mean": 14.2,
  "ride_wind_mean": 21.700000000000003,
  "ride_wind_dir_deg": 127.90941495162963,
  "ride_rain_flag": 0.0,
  "tent_rain_flag": 0.0,
  "daily_precip_sum": 0.0,
  "daily_temp_mean": 12.1,
  "daily_wind_mean": 15.641666666666666,
  "daily_wind_dir_deg": 128.77129757860325
}