{
  "samples_local": {
    "10": {
      "temp": 17.9,
      "precip": 0.0,
      "wind": 5.6,
      "wind_dir_deg": 130.0
    },
    "12": {
      "temp": 20.5,
      "precip": 0.0,
      "wind": 11.5,
      "wind_dir_deg": 135.0
    },
    "14": {
      "temp": 21.6,
      "precip": 0.0,
      "wind": 14.3,
      "wind_dir_deg": 124.0
    },
    "16": {
      "temp": 21.7,
      "precip": 0.0,
      "wind": 17.0,
      "wind_dir_deg": 127.0
    }
  },
  "ride_temp_mean": 20.425,
  "ride_wind_mean": 12.1,
  "ride_wind_dir_deg": 128.35930111866816,
  "ride_rain_flag": 0.0,
  "tent_rain_flag": 0.0,
  "daily_precip_sum": 0.0,
  "daily_temp_mean": 15.079166666666666,
  "daily_wind_mean": 10.895833333333334,
  "daily_wind_dir_deg": 153.2895038166222
}