{
  "samples_local": {
    "10": {
      "temp": 16.5,
      "precip": 0.0,
      "wind": 12.4,
      "wind_dir_deg": 109.0
    },
    "12": {
      "temp": 18.4,
      "precip": 0.0,
      "wind": 16.0,
      "wind_dir_deg": 116.0
    },
    "14": {
      "temp": 19.4,
      "precip": 0.0,
      "wind": 17.5,
      "wind_dir_deg": 116.0
    },
    "16": {
      "temp": 19.3,
      "precip": 0.0,
      "wind": 19.6,
      "wind_dir_deg": 122.0
    }
  },
  "ride_temp_mean": 18.4,
  "ride_wind_mean": 16.375,
  "ride_wind_dir_deg": 116.47167168467325,
  "ride_rain_flag": 0.0,
  "tent_rain_flag": 0.0,
  "daily_precip_sum": 0.0,
  "daily_temp_mean": 12.866666666666667,
  "daily_wind_mean": 12.654166666666667,
  "daily_wind_dir_deg": 115.82558137289158
}