{
  "samples_local": {
    "10": {
      "temp": 18.0,
      "precip": 0.0,
      "wind": 4.0,
      "wind_dir_deg": 175.0
    },
    "12": {
      "temp": 20.8,
      "precip": 0.0,
      "wind": 4.1,
      "wind_dir_deg": 146.0
    },
    "14": {
      "temp": 22.4,
      "precip": 0.0,
      "wind": 9.2,
      "wind_dir_deg": 140.0
    },
    "16": {
      "temp": 22.1,
      "precip": 0.0,
      "wind": 13.0,
      "wind_dir_deg": 143.0
    }
  },
  "ride_temp_mean": 20.825,
  "ride_wind_mean": 7.574999999999999,
  "ride_wind_dir_deg": 146.57275861155432,
  "ride_rain_flag": 0.0,
  "tent_rain_flag": 0.0,
  "daily_precip_sum": 0.0,
  "daily_temp_mean": 15.720833333333333,
  "daily_wind_mean": 6.316666666666666,
  "daily_wind_dir_deg": 143.99395725909056
}