{
  "samples_local": {
    "10": {
      "temp": 19.1,
      "precip": 0.0,
      "wind": 16.4,
      "wind_dir_deg": 107.0
    },
    "12": {
      "temp": 20.1,
      "precip": 0.0,
      "wind": 19.5,
      "wind_dir_deg": 115.0
    },
    "14": {
      "temp": 20.9,
      "precip": 0.0,
      "wind": 17.8,
      "wind_dir_deg": 113.0
    },
    "16": {
      "temp": 20.6,
      "precip": 0.0,
      "wind": 20.8,
      "wind_dir_deg": 122.0
    }
  },
  "ride_temp_mean": 20.175,
  "ride_wind_mean": 18.625,
  "ride_wind_dir_deg": 114.7151494557205,
  "ride_rain_flag": 0.0,
  "tent_rain_flag": 0.0,
  "daily_precip_sum": 0.0,
  "daily_temp_mean": 15.433333333333332,
  "daily_wind_mean": 13.487499999999999,
  "daily_wind_dir_deg": 110.57673790410627
}