{
  "samples_local": {
    "10": {
      "temp": 17.8,
      "precip": 0.0,
      "wind": 8.7,
      "wind_dir_deg": 128.0
    },
    "12": {
      "temp": 19.7,
      "precip": 0.0,
      "wind": 11.6,
      "wind_dir_deg": 129.0
    },
    "14": {
      "temp": 20.4,
      "precip": 0.0,
      "wind": 12.2,
      "wind_dir_deg": 123.0
    },
    "16": {
      "temp": 20.6,
      "precip": 0.0,
      "wind": 15.6,
      "wind_dir_deg": 123.0
    }
  },
  "ride_temp_mean": 19.625,
  "ride_wind_mean": 12.024999999999999,
  "ride_wind_dir_deg": 125.35096712681303,
  "ride_rain_flag": 0.0,
  "tent_rain_flag": 0.0,
  "daily_precip_sum": 0.0,
  "daily_temp_mean": 13.837499999999999,
  "daily_wind_mean": 9.058333333333334,
  "daily_wind_dir_deg": 114.06224287251769
}