{
  "samples_local": {
    "10": {
      "temp": 17.5,
      "precip": 0.0,
      "wind": 15.6,
      "wind_dir_deg": 124.0
    },
    "12": {
      "temp": 19.6,
      "precip": 0.0,
      "wind": 18.0,
      "wind_dir_deg": 122.0
    },
    "14": {
      "temp": 20.5,
      "precip": 0.0,
      "wind": 20.7,
      "wind_dir_deg": 123.0
    },
    "16": {
      "temp": 18.0,
      "precip": 0.0,
      "wind": 21.0,
      "wind_dir_deg": 133.0
    }
  },
  "ride_temp_mean": 18.9,
  "ride_wind_mean": 18.825,
  "ride_wind_dir_deg": 125.75257537056655,
  "ride_rain_flag": 0.0,
  "tent_rain_flag": 0.0,
  "daily_precip_sum": 0.0,
  "daily_temp_mean": 13.966666666666667,
  "daily_wind_mean": 13.799999999999999,
  "daily_wind_dir_deg": 123.58826914777353
}