{
  "samples_local": {
    "10": {
      "temp": 17.6,
      "precip": 0.0,
      "wind": 7.3,
      "wind_dir_deg": 100.0
    },
    "12": {
      "temp": 20.2,
      "precip": 0.0,
      "wind": 10.5,
      "wind_dir_deg": 117.0
    },
    "14": {
      "temp": 21.6,
      "precip": 0.0,
      "wind": 12.8,
      "wind_dir_deg": 121.0
    },
    "16": {
      "temp": 21.5,
      "precip": 0.0,
      "wind": 14.8,
      "wind_dir_deg": 133.0
    }
  },
  "ride_temp_mean": 20.225,
  "ride_wind_mean": 11.35,
  "ride_wind_dir_deg": 120.6510368089672,
  "ride_rain_flag": 0.0,
  "tent_rain_flag": 0.0,
  "daily_precip_sum": 0.0,
  "daily_temp_mean": 14.762500000000001,
  "daily_wind_mean": 8.825000000000001,
  "daily_wind_dir_deg": 138.55649417827306
}