{
  "samples_local": {
    "10": {
      "temp": 17.6,
      "precip": 0.0,
      "wind": 7.9,
      "wind_dir_deg": 107.0
    },
    "12": {
      "temp": 19.8,
      "precip": 0.0,
      "wind": 11.6,
      "wind_dir_deg": 122.0
    },
    "14": {
      "temp": 20.5,
      "precip": 0.0,
      "wind": 13.2,
      "wind_dir_deg": 128.0
    },
    "16": {
      "temp": 20.9,
      "precip": 0.0,
      "wind": 13.9,
      "wind_dir_deg": 89.0
    }
  },
  "ride_temp_mean": 19.7,
  "ride_wind_mean": 11.65,
  "ride_wind_dir_deg": 111.40251237963912,
  "ride_rain_flag": 0.0,
  "tent_rain_flag": 0.0,
  "daily_precip_sum": 0.0,
  "daily_temp_mean": 14.066666666666668,
  "daily_wind_mean": 10.566666666666666,
  "daily_wind_dir_deg": 100.65228518698041
}