{
  "samples_local": {
    "10": {
      "temp": 19.1,
      "precip": 0.0,
      "wind": 13.4,
      "wind_dir_deg": 118.0
    },
    "12": {
      "temp": 20.7,
      "precip": 0.0,
      "wind": 16.4,
      "wind_dir_deg": 121.0
    },
    "14": {
      "temp": 21.7,
      "precip": 0.0,
      "wind": 16.9,
      "wind_dir_deg": 112.0
    },
    "16": {
      "temp": 22.1,
      "precip": 0.0,
      "wind": 21.9,
      "wind_dir_deg": 115.0
    }
  },
  "ride_temp_mean": 20.9,
  "ride_wind_mean": 17.15,
  "ride_wind_dir_deg": 116.28103083597023,
  "ride_rain_flag": 0.0,
  "tent_rain_flag": 0.0,
  "daily_precip_sum": 0.0,
  "daily_temp_mean": 15.829166666666666,
  "daily_wind_mean": 14.045833333333334,
  "daily_wind_dir_deg": 115.84084832600394
}