{
  "samples_local": {
    "10": {
      "temp": 17.4,
      "precip": 0.0,
      "wind": 12.2,
      "wind_dir_deg": 147.0
    },
    "12": {
      "temp": 19.7,
      "precip": 0.0,
      "wind": 14.8,
      "wind_dir_deg": 136.0
    },
    "14": {
      "temp": 20.9,
      "precip": 0.0,
      "wind": 18.0,
      "wind_dir_deg": 133.0
    },
    "16": {
      "temp": 19.4,
      "precip": 0.0,
      "wind": 21.9,
      "wind_dir_deg": 146.0
    }
  },
  "ride_temp_mean": 19.349999999999998,
  "ride_wind_mean": 16.725,
  "ride_wind_dir_deg": 140.4736739469448,
  "ride_rain_flag": 0.0,
  "tent_rain_flag": 0.0,
  "daily_precip_sum": 0.0,
  "daily_temp_mean": 13.9375,
  "daily_wind_mean": 12.758333333333333,
  "daily_wind_dir_deg": 147.58236685811244
}