{
  "ride_temp_mean": -0.4,
  "ride_precip_sum": 0.1,
  "ride_wind_speed": 6.597230301690696,
  "ride_wind_dir": 235.23016814996282,
  "tent_precip_sum": 0.30000000000000004,
  "tent_temp_mean": -1.335
}