{
  "ride_temp_mean": 5.475,
  "ride_precip_sum": 0.0,
  "ride_wind_speed": 12.169601267277065,
  "ride_wind_dir": 230.68114088280709,
  "tent_precip_sum": 0.1,
  "tent_temp_mean": 4.695
}