{
  "ride_temp_mean": 3.0,
  "ride_precip_sum": 0.0,
  "ride_wind_speed": 7.519975628223349,
  "ride_wind_dir": 217.12611193641035,
  "tent_precip_sum": 0.0,
  "tent_temp_mean": -1.925
}