{
  "ride_temp_mean": 7.675,
  "ride_precip_sum": 0.1,
  "ride_wind_speed": 39.194821603649544,
  "ride_wind_dir": 281.06221361923815,
  "tent_precip_sum": 16.4,
  "tent_temp_mean": 7.63
}